customer_first_name,supplier_name,quantity,product_name,customer_email,product_id,line_total,unit_price,customer_last_name,supplier_country,customer_region_head,product_category,customer_phone,order_id,customer_loyalty_tier,customer_country,payment_method,category_tax_rate,order_status,order_date,customer_region,customer_id,customer_city
Тарас,Партнер-Eco ТОВ,5,StarWorks Посуд Pro24,client2715@example.com,2962,171153.9,34230.78,Руденко,Україна,Новак П. Я.,Посуд,+380513300101,1,Bronze,Польща,Готівка,0.2,Відправлено,2023-04-14,Центральна Європа,2715,Варшава
Тарас,Меркурій-Ultra ТОВ #35,2,SolarMark Канцтовари Air78,client2715@example.com,3590,107.68,53.84,Руденко,Польща,Новак П. Я.,Канцтовари,+380513300101,1,Bronze,Польща,Готівка,0.2,Відправлено,2023-04-14,Центральна Європа,2715,Варшава
Тарас,Опт-Max ТОВ,3,PrimeCore Фотоапарати S40,client2715@example.com,1945,67815.0,22605.0,Руденко,Туреччина,Новак П. Я.,Фотоапарати,+380513300101,1,Bronze,Польща,Готівка,0.2,Відправлено,2023-04-14,Центральна Європа,2715,Варшава
Назар,Захід-Solar ТОВ,7,EcoLab Фотоапарати Max58,client2466@example.com,804,199860.92,28551.56,Мороз,Південна Корея,Новак П. Я.,Фотоапарати,+380506733098,2,Gold,Чехія,Картка,0.2,Повернено,2025-03-14,Центральна Європа,2466,Прага
Назар,Імпорт-Zen ТОВ,2,EcoSoft Пральні машини Air62,client2466@example.com,3256,64341.38,32170.69,Мороз,Польща,Новак П. Я.,Пральні машини,+380506733098,2,Gold,Чехія,Картка,0.2,Повернено,2025-03-14,Центральна Європа,2466,Прага
Назар,Трейд-Neo ТОВ #67,2,GrandTrade Іграшки Pro15,client2466@example.com,1094,28262.94,14131.47,Мороз,Китай,Новак П. Я.,Іграшки,+380506733098,2,Gold,Чехія,Картка,0.2,Повернено,2025-03-14,Центральна Європа,2466,Прага
Дмитро,Опт-Prime ТОВ #45,3,GrandLine Канцтовари Lite42,client9733@example.com,1873,40292.61,13430.87,Марченко,Південна Корея,Новак П. Я.,Канцтовари,+380634013040,3,Gold,Чехія,Apple Pay,0.2,Повернено,2025-03-24,Центральна Європа,9733,Прага
Дмитро,Трейд-Apex ТОВ,8,UltraSystems Смартфони X50,client9733@example.com,3696,144519.04,18064.88,Марченко,Україна,Новак П. Я.,Смартфони,+380634013040,3,Gold,Чехія,Apple Pay,0.2,Повернено,2025-03-24,Центральна Європа,9733,Прага
Дмитро,Трейд-Neo ТОВ,4,GrandBrands Іграшки Air35,client9733@example.com,3693,102212.96,25553.24,Марченко,Туреччина,Новак П. Я.,Іграшки,+380634013040,3,Gold,Чехія,Apple Pay,0.2,Повернено,2025-03-24,Центральна Європа,9733,Прага
Дмитро,Опт-Prime ТОВ #45,6,VitaLab Смартфони X59,client9733@example.com,1348,235085.04,39180.84,Марченко,Південна Корея,Новак П. Я.,Смартфони,+380634013040,3,Gold,Чехія,Apple Pay,0.2,Повернено,2025-03-24,Центральна Європа,9733,Прага
Дмитро,Меркурій-Grand ТОВ,7,NeoOne Телевізори Air82,client9733@example.com,2288,261632.0,37376.0,Марченко,Україна,Новак П. Я.,Телевізори,+380634013040,3,Gold,Чехія,Apple Pay,0.2,Повернено,2025-03-24,Центральна Європа,9733,Прага
Максим,Континент-Nova ТОВ,1,VoltLab Посуд Max30,client2935@example.com,132,21242.89,21242.89,Бондаренко,США,Шмідт Г. К.,Посуд,+380985979258,4,Silver,Німеччина,Apple Pay,0.2,Оплачено,2023-07-29,Західна Європа,2935,Берлін
Тетяна,Альфа-Star ТОВ,5,GrandGear Смартфони Lite35,client2977@example.com,2830,20933.2,4186.64,Ткаченко,Польща,Новак П. Я.,Смартфони,+380965164619,5,Silver,Чехія,Готівка,0.2,Створено,2024-04-25,Центральна Європа,2977,Прага
Анна,Альфа-Smart ТОВ,1,EcoWave Косметика Max15,client12367@example.com,3127,39753.11,39753.11,Шевченко,Південна Корея,Россі М. А.,Косметика,+380722188316,6,Gold,Іспанія,Готівка,0.2,Скасовано,2023-11-04,Південна Європа,12367,Мадрид
Анна,Опт-Prime ТОВ #45,2,VoltCore Інструменти Pro88,client12367@example.com,2894,51080.7,25540.35,Шевченко,Південна Корея,Россі М. А.,Інструменти,+380722188316,6,Gold,Іспанія,Готівка,0.2,Скасовано,2023-11-04,Південна Європа,12367,Мадрид
Анна,Опт-Lux ТОВ,2,AeroBrands Фотоапарати Air96,client12367@example.com,451,49555.86,24777.93,Шевченко,Туреччина,Россі М. А.,Фотоапарати,+380722188316,6,Gold,Іспанія,Готівка,0.2,Скасовано,2023-11-04,Південна Європа,12367,Мадрид
Назар,Партнер-Grand ТОВ,6,VoltGear Інструменти Air17,client727@example.com,3580,237459.84,39576.64,Савченко,Китай,Новак П. Я.,Інструменти,+380922922336,7,Platinum,Польща,Картка,0.2,Повернено,2025-04-13,Центральна Європа,727,Вроцлав
Олександр,Імпорт-Tech ТОВ #69,2,SmartWave Посуд Max7,client3389@example.com,2087,48132.86,24066.43,Мельник,Італія,Новак П. Я.,Посуд,+380658306755,8,Platinum,Чехія,Картка,0.2,Доставлено,2024-10-02,Центральна Європа,3389,Прага
Олександр,Опт-Max ТОВ,8,AeroWorks Фотоапарати Pro77,client3389@example.com,2737,145401.36,18175.17,Мельник,Туреччина,Новак П. Я.,Фотоапарати,+380658306755,8,Platinum,Чехія,Картка,0.2,Доставлено,2024-10-02,Центральна Європа,3389,Прага
Олександр,Опт-Apex ТОВ,3,SmartWorks Канцтовари X64,client3389@example.com,1564,114047.49,38015.83,Мельник,Україна,Новак П. Я.,Канцтовари,+380658306755,8,Platinum,Чехія,Картка,0.2,Доставлено,2024-10-02,Центральна Європа,3389,Прага
Олександр,Альфа-Max ТОВ,3,PrimeTrade Смартфони Max77,client3389@example.com,2767,91783.68,30594.56,Мельник,Китай,Новак П. Я.,Смартфони,+380658306755,8,Platinum,Чехія,Картка,0.2,Доставлено,2024-10-02,Центральна Європа,3389,Прага
Олександр,Партнер-Pro ТОВ,4,UltraTrade Меблі S36,client3389@example.com,3817,6917.0,1729.25,Мельник,Туреччина,Новак П. Я.,Меблі,+380658306755,8,Platinum,Чехія,Картка,0.2,Доставлено,2024-10-02,Центральна Європа,3389,Прага
Юлія,Імпорт-Star ТОВ,2,SolarWorks Телевізори X19,client2260@example.com,1023,35593.56,17796.78,Левченко,Південна Корея,Ліндберг Е. С.,Телевізори,+380646353527,9,Platinum,Швеція,Google Pay,0.2,Скасовано,2023-05-15,Північна Європа,2260,Стокгольм
Юлія,Меркурій-Grand ТОВ #47,3,LuxTrade Телевізори Lite70,client2260@example.com,3107,56403.54,18801.18,Левченко,Німеччина,Ліндберг Е. С.,Телевізори,+380646353527,9,Platinum,Швеція,Google Pay,0.2,Скасовано,2023-05-15,Північна Європа,2260,Стокгольм
Юлія,Захід-Max ТОВ,3,UltraSoft Фотоапарати S21,client2260@example.com,2002,53653.56,17884.52,Левченко,Польща,Ліндберг Е. С.,Фотоапарати,+380646353527,9,Platinum,Швеція,Google Pay,0.2,Скасовано,2023-05-15,Північна Європа,2260,Стокгольм
Юлія,Європром-Ultra ТОВ #72,1,ZenPoint Книги S71,client2260@example.com,1212,8759.97,8759.97,Левченко,Чехія,Ліндберг Е. С.,Книги,+380646353527,9,Platinum,Швеція,Google Pay,0.07,Скасовано,2023-05-15,Північна Європа,2260,Стокгольм
Юлія,Меркурій-Lux ТОВ,8,PrimeWorks Пральні машини Air57,client2260@example.com,1722,41100.48,5137.56,Левченко,Китай,Ліндберг Е. С.,Пральні машини,+380646353527,9,Platinum,Швеція,Google Pay,0.2,Скасовано,2023-05-15,Північна Європа,2260,Стокгольм
Богдан,Захід-Max ТОВ,8,UltraSoft Фотоапарати S21,client876@example.com,2002,143076.16,17884.52,Марченко,Польща,Новак П. Я.,Фотоапарати,+380929215901,10,Platinum,Угорщина,Картка,0.2,Оплачено,2024-04-08,Центральна Європа,876,Будапешт
Богдан,Омега-Grand ТОВ,7,ApexHub Ноутбуки Max75,client876@example.com,265,182102.69,26014.67,Марченко,Чехія,Новак П. Я.,Ноутбуки,+380929215901,10,Platinum,Угорщина,Картка,0.2,Оплачено,2024-04-08,Центральна Європа,876,Будапешт
Богдан,Опт-Smart ТОВ,3,GrandTrade Планшети S76,client876@example.com,1959,40450.68,13483.56,Марченко,Україна,Новак П. Я.,Планшети,+380929215901,10,Platinum,Угорщина,Картка,0.2,Оплачено,2024-04-08,Центральна Європа,876,Будапешт
Богдан,Партнер-Max ТОВ,4,VitaTrade Косметика Max61,client876@example.com,1326,35389.68,8847.42,Марченко,Китай,Новак П. Я.,Косметика,+380929215901,10,Platinum,Угорщина,Картка,0.2,Оплачено,2024-04-08,Центральна Європа,876,Будапешт
Богдан,Опт-Lux ТОВ,8,NeoWorks Одяг X2,client876@example.com,2889,353731.12,44216.39,Марченко,Туреччина,Новак П. Я.,Одяг,+380929215901,10,Platinum,Угорщина,Картка,0.2,Оплачено,2024-04-08,Центральна Європа,876,Будапешт
Назар,Опт-Grand ТОВ,7,UltraGear Аудіотехніка Pro86,client9898@example.com,3778,200757.48,28679.64,Кравченко,Італія,Ліндберг Е. С.,Аудіотехніка,+380528109901,11,Platinum,Фінляндія,Apple Pay,0.2,Доставлено,2025-06-06,Північна Європа,9898,Гельсінкі
Назар,Опт-Lux ТОВ,4,NovaGear Телевізори Pro32,client9898@example.com,3666,38577.24,9644.31,Кравченко,Туреччина,Ліндберг Е. С.,Телевізори,+380528109901,11,Platinum,Фінляндія,Apple Pay,0.2,Доставлено,2025-06-06,Північна Європа,9898,Гельсінкі
Назар,Меркурій-Ultra ТОВ #35,8,EcoTrade Смартфони Max3,client9898@example.com,1562,229963.84,28745.48,Кравченко,Польща,Ліндберг Е. С.,Смартфони,+380528109901,11,Platinum,Фінляндія,Apple Pay,0.2,Доставлено,2025-06-06,Північна Європа,9898,Гельсінкі
Тетяна,Трейд-Zen ТОВ,6,NovaSoft Іграшки X7,client6470@example.com,3199,143852.16,23975.36,Мороз,Китай,Коваленко І. О.,Іграшки,+380512075979,12,Platinum,Україна,Apple Pay,0.2,Скасовано,2023-08-30,Східна Європа,6470,Харків
Тетяна,Омега-Max ТОВ #31,5,ZenGear Смартфони Max6,client6470@example.com,798,125593.3,25118.66,Мороз,Туреччина,Коваленко І. О.,Смартфони,+380512075979,12,Platinum,Україна,Apple Pay,0.2,Скасовано,2023-08-30,Східна Європа,6470,Харків
Оксана,Глобал-Aero ТОВ,2,ApexOne Книги S36,client14883@example.com,272,50271.98,25135.99,Мороз,Італія,Шмідт Г. К.,Книги,+380632925878,13,Gold,Німеччина,Накладений платіж,0.07,Оплачено,2024-04-21,Західна Європа,14883,Гамбург
Назар,Холдинг-Max ТОВ,6,SmartWorks Меблі Pro66,client5913@example.com,36,179341.38,29890.23,Бондаренко,Південна Корея,Шмідт Г. К.,Меблі,+380696740763,14,Silver,Німеччина,Google Pay,0.2,Скасовано,2024-09-30,Західна Європа,5913,Берлін
Тарас,Омега-Prime ТОВ,6,PrimeBrands Посуд Air16,client6812@example.com,1563,29178.6,4863.1,Ткаченко,Італія,Россі М. А.,Посуд,+380605360815,15,Gold,Португалія,Google Pay,0.2,Скасовано,2025-02-03,Південна Європа,6812,Лісабон
Тарас,Альфа-Neo ТОВ,6,SmartCore Одяг S23,client6812@example.com,3768,81233.16,13538.86,Ткаченко,Німеччина,Россі М. А.,Одяг,+380605360815,15,Gold,Португалія,Google Pay,0.2,Скасовано,2025-02-03,Південна Європа,6812,Лісабон
Тарас,Опт-Solar ТОВ,4,LuxSoft Пральні машини S74,client6812@example.com,464,152401.6,38100.4,Ткаченко,Німеччина,Россі М. А.,Пральні машини,+380605360815,15,Gold,Португалія,Google Pay,0.2,Скасовано,2025-02-03,Південна Європа,6812,Лісабон
Тарас,Опт-Smart ТОВ,6,NovaCraft Ноутбуки X95,client6812@example.com,1351,88094.16,14682.36,Ткаченко,Україна,Россі М. А.,Ноутбуки,+380605360815,15,Gold,Португалія,Google Pay,0.2,Скасовано,2025-02-03,Південна Європа,6812,Лісабон
Тарас,Імпорт-Neo ТОВ,2,ApexPlus Продукти Air12,client6812@example.com,3422,14489.88,7244.94,Ткаченко,Туреччина,Россі М. А.,Продукти,+380605360815,15,Gold,Португалія,Google Pay,0.07,Скасовано,2025-02-03,Південна Європа,6812,Лісабон
Олександр,Альфа-Smart ТОВ,1,PrimeSystems Спорттовари Air43,client12258@example.com,3582,44018.78,44018.78,Мельник,Південна Корея,Россі М. А.,Спорттовари,+380698071009,16,Gold,Португалія,Google Pay,0.2,Відправлено,2023-08-31,Південна Європа,12258,Лісабон
Олександр,Альфа-Smart ТОВ,8,VitaWorks Косметика Air10,client12258@example.com,3593,283199.36,35399.92,Мельник,Південна Корея,Россі М. А.,Косметика,+380698071009,16,Gold,Португалія,Google Pay,0.2,Відправлено,2023-08-31,Південна Європа,12258,Лісабон
Олена,Альфа-Nova ТОВ,7,LuxPlus Продукти Lite2,client6494@example.com,2841,95602.64,13657.52,Левченко,Південна Корея,Коваленко І. О.,Продукти,+380942856383,17,Silver,Україна,Google Pay,0.07,Доставлено,2024-02-29,Східна Європа,6494,Харків
Олена,Альфа-Neo ТОВ,5,AeroTrade Зоотовари X86,client6494@example.com,2137,44555.4,8911.08,Левченко,Німеччина,Коваленко І. О.,Зоотовари,+380942856383,17,Silver,Україна,Google Pay,0.2,Доставлено,2024-02-29,Східна Європа,6494,Харків
Олена,Європром-Apex ТОВ,3,ZenHub Посуд Max6,client6494@example.com,2558,115397.79,38465.93,Левченко,Туреччина,Коваленко І. О.,Посуд,+380942856383,17,Silver,Україна,Google Pay,0.2,Доставлено,2024-02-29,Східна Європа,6494,Харків
Олена,Трейд-Prime ТОВ,8,ProSystems Взуття Pro50,client6494@example.com,3649,318708.8,39838.6,Левченко,Туреччина,Коваленко І. О.,Взуття,+380942856383,17,Silver,Україна,Google Pay,0.2,Доставлено,2024-02-29,Східна Європа,6494,Харків
Олена,Трейд-Neo ТОВ,6,NeoSystems Фотоапарати X88,client6494@example.com,2424,141346.38,23557.73,Левченко,Туреччина,Коваленко І. О.,Фотоапарати,+380942856383,17,Silver,Україна,Google Pay,0.2,Доставлено,2024-02-29,Східна Європа,6494,Харків
Оксана,Опт-Prime ТОВ #45,5,SmartCore Планшети Air52,client12262@example.com,2599,100843.4,20168.68,Коваленко,Південна Корея,Новак П. Я.,Планшети,+380879977495,18,Gold,Польща,Apple Pay,0.2,Відправлено,2024-07-25,Центральна Європа,12262,Вроцлав
Оксана,Європром-Smart ТОВ,7,TechOne Взуття Pro93,client12262@example.com,523,224811.65,32115.95,Коваленко,Південна Корея,Новак П. Я.,Взуття,+380879977495,18,Gold,Польща,Apple Pay,0.2,Відправлено,2024-07-25,Центральна Європа,12262,Вроцлав
Оксана,Альфа-Volt ТОВ,3,PrimeTrade Канцтовари S1,client12262@example.com,808,84102.27,28034.09,Коваленко,Польща,Новак П. Я.,Канцтовари,+380879977495,18,Gold,Польща,Apple Pay,0.2,Відправлено,2024-07-25,Центральна Європа,12262,Вроцлав
Оксана,Опт-Volt ТОВ,3,MaxLab Ноутбуки X87,client12262@example.com,1245,18657.3,6219.1,Коваленко,Німеччина,Новак П. Я.,Ноутбуки,+380879977495,18,Gold,Польща,Apple Pay,0.2,Відправлено,2024-07-25,Центральна Європа,12262,Вроцлав
Ірина,Трейд-Zen ТОВ,8,NeoHub Телевізори Pro39,client7540@example.com,3165,341909.92,42738.74,Шевченко,Китай,Ліндберг Е. С.,Телевізори,+380825491072,19,Gold,Швеція,Apple Pay,0.2,Доставлено,2024-07-11,Північна Європа,7540,Гетеборг
Софія,Імпорт-Neo ТОВ,4,NeoWave Зоотовари Max19,client115@example.com,3659,8602.8,2150.7,Поліщук,Туреччина,Россі М. А.,Зоотовари,+380926925271,20,Platinum,Португалія,Картка,0.2,Доставлено,2023-12-26,Південна Європа,115,Лісабон
Софія,Опт-Apex ТОВ,5,NeoHub Продукти Air8,client115@example.com,492,34216.6,6843.32,Поліщук,Україна,Россі М. А.,Продукти,+380926925271,20,Platinum,Португалія,Картка,0.07,Доставлено,2023-12-26,Південна Європа,115,Лісабон
Софія,Опт-Apex ТОВ #59,4,PrimeHub Пральні машини Lite32,client115@example.com,250,25529.8,6382.45,Поліщук,Південна Корея,Россі М. А.,Пральні машини,+380926925271,20,Platinum,Португалія,Картка,0.2,Доставлено,2023-12-26,Південна Європа,115,Лісабон
Софія,Імпорт-Zen ТОВ,5,StarOne Телевізори Lite84,client115@example.com,2374,7854.65,1570.93,Поліщук,Польща,Россі М. А.,Телевізори,+380926925271,20,Platinum,Португалія,Картка,0.2,Доставлено,2023-12-26,Південна Європа,115,Лісабон
Софія,Трейд-Tech ТОВ,3,ProWorks Ноутбуки X77,client115@example.com,308,4677.75,1559.25,Поліщук,Італія,Россі М. А.,Ноутбуки,+380926925271,20,Platinum,Португалія,Картка,0.2,Доставлено,2023-12-26,Південна Європа,115,Лісабон
Ірина,Меркурій-Apex ТОВ,2,ZenPoint Взуття Lite88,client9584@example.com,386,44306.16,22153.08,Кузьменко,Польща,Шмідт Г. К.,Взуття,+380822634826,21,Gold,Франція,Накладений платіж,0.2,Доставлено,2024-03-04,Західна Європа,9584,Париж
Ірина,Глобал-Aero ТОВ,6,SmartTrade Пральні машини Lite21,client9584@example.com,629,48615.48,8102.58,Кузьменко,Італія,Шмідт Г. К.,Пральні машини,+380822634826,21,Gold,Франція,Накладений платіж,0.2,Доставлено,2024-03-04,Західна Європа,9584,Париж
Ірина,Омега-Volt ТОВ,1,PrimeCore Продукти Max27,client1841@example.com,1084,8614.96,8614.96,Коваленко,Чехія,Россі М. А.,Продукти,+380721114698,22,Platinum,Португалія,Картка,0.07,Оплачено,2024-06-23,Південна Європа,1841,Лісабон
Ірина,Європром-Star ТОВ,1,VitaBrands Телевізори S40,client1841@example.com,3140,27772.58,27772.58,Коваленко,Італія,Россі М. А.,Телевізори,+380721114698,22,Platinum,Португалія,Картка,0.2,Оплачено,2024-06-23,Південна Європа,1841,Лісабон
Ірина,Опт-Smart ТОВ,1,ZenWorks Холодильники X22,client1841@example.com,602,43724.71,43724.71,Коваленко,Україна,Россі М. А.,Холодильники,+380721114698,22,Platinum,Португалія,Картка,0.2,Оплачено,2024-06-23,Південна Європа,1841,Лісабон
Ірина,Європром-Solar ТОВ,8,ZenSystems Взуття S26,client1841@example.com,200,288532.8,36066.6,Коваленко,Туреччина,Россі М. А.,Взуття,+380721114698,22,Platinum,Португалія,Картка,0.2,Оплачено,2024-06-23,Південна Європа,1841,Лісабон
Іван,Меркурій-Grand ТОВ #47,6,AeroHub Канцтовари Air70,client11010@example.com,1807,173339.34,28889.89,Левченко,Німеччина,Новак П. Я.,Канцтовари,+380998615726,23,Silver,Угорщина,Apple Pay,0.2,Повернено,2024-11-20,Центральна Європа,11010,Будапешт
Іван,Імпорт-Tech ТОВ #69,8,NovaSystems Зоотовари Air54,client11010@example.com,649,133587.76,16698.47,Левченко,Італія,Новак П. Я.,Зоотовари,+380998615726,23,Silver,Угорщина,Apple Pay,0.2,Повернено,2024-11-20,Центральна Європа,11010,Будапешт
Іван,Опт-Lux ТОВ #28,2,ApexSoft Смартфони X29,client11010@example.com,2202,68291.64,34145.82,Левченко,Польща,Новак П. Я.,Смартфони,+380998615726,23,Silver,Угорщина,Apple Pay,0.2,Повернено,2024-11-20,Центральна Європа,11010,Будапешт
Іван,Опт-Solar ТОВ,1,StarBrands Посуд Lite24,client11010@example.com,3277,16943.45,16943.45,Левченко,Німеччина,Новак П. Я.,Посуд,+380998615726,23,Silver,Угорщина,Apple Pay,0.2,Повернено,2024-11-20,Центральна Європа,11010,Будапешт
Іван,Європром-Solar ТОВ,2,ApexHub Книги X12,client11010@example.com,17,57122.18,28561.09,Левченко,Туреччина,Новак П. Я.,Книги,+380998615726,23,Silver,Угорщина,Apple Pay,0.07,Повернено,2024-11-20,Центральна Європа,11010,Будапешт
Наталія,Меркурій-Grand ТОВ,5,MaxSoft Взуття S72,client14319@example.com,3656,207370.45,41474.09,Руденко,Україна,Коваленко І. О.,Взуття,+380565035426,24,Bronze,Україна,Накладений платіж,0.2,Оплачено,2023-01-02,Східна Європа,14319,Львів
Наталія,Захід-Lux ТОВ,5,LuxLine Косметика X56,client14319@example.com,255,30351.9,6070.38,Руденко,Південна Корея,Коваленко І. О.,Косметика,+380565035426,24,Bronze,Україна,Накладений платіж,0.2,Оплачено,2023-01-02,Східна Європа,14319,Львів
Катерина,Опт-Prime ТОВ #45,2,SolarPlus Одяг X95,client7866@example.com,2460,8866.26,4433.13,Поліщук,Південна Корея,Ліндберг Е. С.,Одяг,+380715719054,25,Gold,Швеція,Apple Pay,0.2,Повернено,2024-02-24,Північна Європа,7866,Стокгольм
Катерина,Імпорт-Aero ТОВ,7,LuxCraft Смартфони X42,client7866@example.com,1975,274270.43,39181.49,Поліщук,Туреччина,Ліндберг Е. С.,Смартфони,+380715719054,25,Gold,Швеція,Apple Pay,0.2,Повернено,2024-02-24,Північна Європа,7866,Стокгольм
Богдан,Глобал-Aero ТОВ,8,GrandWave Посуд X71,client4782@example.com,2552,289728.88,36216.11,Поліщук,Італія,Шмідт Г. К.,Посуд,+380728098188,26,Gold,Німеччина,Google Pay,0.2,Повернено,2024-05-11,Західна Європа,4782,Берлін
Іван,Імпорт-Aero ТОВ,1,NeoWave Спорттовари X1,client4671@example.com,3592,31147.68,31147.68,Лисенко,Туреччина,Россі М. А.,Спорттовари,+380532616226,27,Platinum,Італія,Готівка,0.2,Скасовано,2023-05-26,Південна Європа,4671,Мілан
Іван,Глобал-Eco ТОВ,3,UltraPlus Планшети Lite68,client4671@example.com,1480,45303.72,15101.24,Лисенко,Польща,Россі М. А.,Планшети,+380532616226,27,Platinum,Італія,Готівка,0.2,Скасовано,2023-05-26,Південна Європа,4671,Мілан
Юрій,Меркурій-Lux ТОВ,1,NovaWorks Посуд Pro26,client9324@example.com,2673,21534.69,21534.69,Савченко,Китай,Новак П. Я.,Посуд,+380554432739,28,Platinum,Польща,Google Pay,0.2,Оплачено,2023-05-03,Центральна Європа,9324,Краків
Юрій,Опт-Apex ТОВ #59,3,VitaTrade Канцтовари S10,client9324@example.com,2797,15172.77,5057.59,Савченко,Південна Корея,Новак П. Я.,Канцтовари,+380554432739,28,Platinum,Польща,Google Pay,0.2,Оплачено,2023-05-03,Центральна Європа,9324,Краків
Назар,Європром-Pro ТОВ,2,SmartTrade Посуд S29,client13076@example.com,2904,27763.6,13881.8,Бойко,Південна Корея,Шмідт Г. К.,Посуд,+380962173116,29,Gold,Німеччина,Google Pay,0.2,Оплачено,2025-03-02,Західна Європа,13076,Мюнхен
Назар,Трейд-Neo ТОВ,5,StarPoint Телевізори Pro19,client13076@example.com,3336,28468.3,5693.66,Бойко,Туреччина,Шмідт Г. К.,Телевізори,+380962173116,29,Gold,Німеччина,Google Pay,0.2,Оплачено,2025-03-02,Західна Європа,13076,Мюнхен
Олександр,Альфа-Smart ТОВ,1,SolarMark Інструменти Max81,client9303@example.com,3907,5843.73,5843.73,Мороз,Південна Корея,Коваленко І. О.,Інструменти,+380578248488,30,Gold,Україна,Готівка,0.2,Доставлено,2024-03-14,Східна Європа,9303,Харків
Олександр,Опт-Volt ТОВ,7,AeroWave Іграшки Pro95,client9303@example.com,360,219018.45,31288.35,Мороз,Німеччина,Коваленко І. О.,Іграшки,+380578248488,30,Gold,Україна,Готівка,0.2,Доставлено,2024-03-14,Східна Європа,9303,Харків
Наталія,Альфа-Smart ТОВ,5,ApexTrade Планшети Max39,client367@example.com,364,54644.25,10928.85,Мельник,Південна Корея,Россі М. А.,Планшети,+380785087533,31,Silver,Іспанія,Apple Pay,0.2,Повернено,2023-01-14,Південна Європа,367,Барселона
Наталія,Омега-Neo ТОВ,1,PrimeSystems Косметика Max36,client367@example.com,1484,6552.82,6552.82,Мельник,Чехія,Россі М. А.,Косметика,+380785087533,31,Silver,Іспанія,Apple Pay,0.2,Повернено,2023-01-14,Південна Європа,367,Барселона
Марія,Опт-Max ТОВ,6,TechOne Меблі X74,client5254@example.com,2674,112383.12,18730.52,Петренко,Туреччина,Россі М. А.,Меблі,+380915014599,32,Platinum,Італія,Google Pay,0.2,Доставлено,2024-06-14,Південна Європа,5254,Мілан
Михайло,Альфа-Prime ТОВ,1,NeoBrands Ноутбуки X19,client6201@example.com,2688,12432.01,12432.01,Савченко,Туреччина,Ліндберг Е. С.,Ноутбуки,+380892813130,33,Gold,Швеція,Готівка,0.2,Повернено,2023-09-04,Північна Європа,6201,Стокгольм
Михайло,Імпорт-Tech ТОВ,5,NeoMark Планшети Lite80,client6201@example.com,1682,12981.7,2596.34,Савченко,Польща,Ліндберг Е. С.,Планшети,+380892813130,33,Gold,Швеція,Готівка,0.2,Повернено,2023-09-04,Північна Європа,6201,Стокгольм
Михайло,Меркурій-Grand ТОВ #47,7,ZenPlus Холодильники Lite20,client6201@example.com,1399,99892.8,14270.4,Савченко,Німеччина,Ліндберг Е. С.,Холодильники,+380892813130,33,Gold,Швеція,Готівка,0.2,Повернено,2023-09-04,Північна Європа,6201,Стокгольм
Михайло,Опт-Vita ТОВ,2,LuxCraft Ноутбуки Max89,client6201@example.com,439,78960.16,39480.08,Савченко,Китай,Ліндберг Е. С.,Ноутбуки,+380892813130,33,Gold,Швеція,Готівка,0.2,Повернено,2023-09-04,Північна Європа,6201,Стокгольм
Михайло,Омега-Max ТОВ #31,3,ProWorks Інструменти X64,client6201@example.com,1601,8277.0,2759.0,Савченко,Туреччина,Ліндберг Е. С.,Інструменти,+380892813130,33,Gold,Швеція,Готівка,0.2,Повернено,2023-09-04,Північна Європа,6201,Стокгольм
Андрій,Опт-Max ТОВ,4,NovaGear Продукти Pro93,client10038@example.com,731,24424.84,6106.21,Гончар,Туреччина,Коваленко І. О.,Продукти,+380792845073,34,Gold,Україна,Накладений платіж,0.07,Доставлено,2023-02-22,Східна Європа,10038,Дніпро
Андрій,Партнер-Max ТОВ,6,PrimeLine Пральні машини X80,client10038@example.com,2217,13792.56,2298.76,Гончар,Китай,Коваленко І. О.,Пральні машини,+380792845073,34,Gold,Україна,Накладений платіж,0.2,Доставлено,2023-02-22,Східна Європа,10038,Дніпро
Андрій,Імпорт-Aero ТОВ,2,SmartSoft Смартфони S14,client10038@example.com,739,43734.78,21867.39,Гончар,Туреччина,Коваленко І. О.,Смартфони,+380792845073,34,Gold,Україна,Накладений платіж,0.2,Доставлено,2023-02-22,Східна Європа,10038,Дніпро
Андрій,Омега-Max ТОВ #31,7,LuxLine Меблі Lite92,client10038@example.com,460,113344.63,16192.09,Гончар,Туреччина,Коваленко І. О.,Меблі,+380792845073,34,Gold,Україна,Накладений платіж,0.2,Доставлено,2023-02-22,Східна Європа,10038,Дніпро
Андрій,Трейд-Vita ТОВ,2,EcoCraft Одяг Max84,client10038@example.com,405,14980.7,7490.35,Гончар,Польща,Коваленко І. О.,Одяг,+380792845073,34,Gold,Україна,Накладений платіж,0.2,Доставлено,2023-02-22,Східна Європа,10038,Дніпро
Максим,Партнер-Pro ТОВ #51,6,ApexTrade Інструменти S69,client3176@example.com,3796,245890.14,40981.69,Левченко,Німеччина,Коваленко І. О.,Інструменти,+380537502824,35,Platinum,Україна,Apple Pay,0.2,Відправлено,2024-02-19,Східна Європа,3176,Київ
Наталія,Імпорт-Star ТОВ,3,SmartOne Ноутбуки S67,client12492@example.com,2818,117056.07,39018.69,Шевчук,Південна Корея,Новак П. Я.,Ноутбуки,+380785387146,36,Platinum,Чехія,Google Pay,0.2,Відправлено,2024-08-20,Центральна Європа,12492,Прага
Наталія,Трейд-Neo ТОВ,5,ZenMark Книги Air97,client12492@example.com,3203,211326.9,42265.38,Шевчук,Туреччина,Новак П. Я.,Книги,+380785387146,36,Platinum,Чехія,Google Pay,0.07,Відправлено,2024-08-20,Центральна Європа,12492,Прага
Олександр,Меркурій-Vita ТОВ,7,AeroTrade Косметика S5,client7431@example.com,432,174308.89,24901.27,Лисенко,Туреччина,Коваленко І. О.,Косметика,+380509041180,37,Silver,Україна,Накладений платіж,0.2,Оплачено,2024-07-17,Східна Європа,7431,Львів
Оксана,Європром-Nova ТОВ,7,UltraBrands Смартфони Lite92,client9602@example.com,3973,155217.58,22173.94,Кравченко,Італія,Коваленко І. О.,Смартфони,+380754930575,38,Bronze,Україна,Готівка,0.2,Повернено,2023-08-20,Східна Європа,9602,Одеса
Оксана,Опт-Solar ТОВ,2,SolarSoft Спорттовари Air21,client9602@example.com,3291,10642.42,5321.21,Кравченко,Німеччина,Коваленко І. О.,Спорттовари,+380754930575,38,Bronze,Україна,Готівка,0.2,Повернено,2023-08-20,Східна Європа,9602,Одеса
Артем,Глобал-Neo ТОВ,8,TechWave Іграшки Max73,client5275@example.com,1792,215703.36,26962.92,Марченко,США,Новак П. Я.,Іграшки,+380569860912,39,Gold,Угорщина,Apple Pay,0.2,Створено,2024-08-01,Центральна Європа,5275,Будапешт
Артем,Опт-Vita ТОВ,2,UltraCore Спорттовари Lite87,client5275@example.com,1734,52669.5,26334.75,Марченко,Китай,Новак П. Я.,Спорттовари,+380569860912,39,Gold,Угорщина,Apple Pay,0.2,Створено,2024-08-01,Центральна Європа,5275,Будапешт
Анна,Опт-Apex ТОВ #59,6,ZenWorks Аудіотехніка Lite47,client6750@example.com,628,135734.52,22622.42,Мельник,Південна Корея,Шмідт Г. К.,Аудіотехніка,+380884356908,40,Platinum,Франція,Накладений платіж,0.2,Скасовано,2023-05-20,Західна Європа,6750,Ліон
Анна,Альфа-Prime ТОВ,8,SolarSoft Інструменти Max38,client6750@example.com,1548,306673.2,38334.15,Мельник,Туреччина,Шмідт Г. К.,Інструменти,+380884356908,40,Platinum,Франція,Накладений платіж,0.2,Скасовано,2023-05-20,Західна Європа,6750,Ліон
Анна,Холдинг-Max ТОВ,2,VoltCore Планшети Max1,client6750@example.com,3581,40426.44,20213.22,Мельник,Південна Корея,Шмідт Г. К.,Планшети,+380884356908,40,Platinum,Франція,Накладений платіж,0.2,Скасовано,2023-05-20,Західна Європа,6750,Ліон
Анна,Імпорт-Tech ТОВ,7,AeroCore Фотоапарати Pro21,client6750@example.com,1776,286887.23,40983.89,Мельник,Польща,Шмідт Г. К.,Фотоапарати,+380884356908,40,Platinum,Франція,Накладений платіж,0.2,Скасовано,2023-05-20,Західна Європа,6750,Ліон
Катерина,Опт-Solar ТОВ,5,ZenPoint Взуття Lite11,client6043@example.com,90,134658.75,26931.75,Павленко,Німеччина,Россі М. А.,Взуття,+380516615829,41,Gold,Португалія,Накладений платіж,0.2,Відправлено,2024-04-16,Південна Європа,6043,Лісабон
Катерина,Глобал-Aero ТОВ,1,NeoSoft Пральні машини Max42,client6043@example.com,599,17192.7,17192.7,Павленко,Італія,Россі М. А.,Пральні машини,+380516615829,41,Gold,Португалія,Накладений платіж,0.2,Відправлено,2024-04-16,Південна Європа,6043,Лісабон
Катерина,Альфа-Star ТОВ,3,UltraGear Косметика S85,client6043@example.com,2060,61117.26,20372.42,Павленко,Польща,Россі М. А.,Косметика,+380516615829,41,Gold,Португалія,Накладений платіж,0.2,Відправлено,2024-04-16,Південна Європа,6043,Лісабон
Катерина,Опт-Prime ТОВ #45,2,SmartBrands Смартфони Lite79,client6043@example.com,2625,47676.16,23838.08,Павленко,Південна Корея,Россі М. А.,Смартфони,+380516615829,41,Gold,Португалія,Накладений платіж,0.2,Відправлено,2024-04-16,Південна Європа,6043,Лісабон
Катерина,Імпорт-Neo ТОВ,1,ApexWorks Посуд S79,client6043@example.com,533,19545.33,19545.33,Павленко,Туреччина,Россі М. А.,Посуд,+380516615829,41,Gold,Португалія,Накладений платіж,0.2,Відправлено,2024-04-16,Південна Європа,6043,Лісабон
Тарас,Захід-Solar ТОВ,1,EcoCraft Аудіотехніка Max71,client1351@example.com,2971,20126.2,20126.2,Руденко,Південна Корея,Новак П. Я.,Аудіотехніка,+380895877764,42,Platinum,Чехія,Готівка,0.2,Скасовано,2024-08-29,Центральна Європа,1351,Прага
Тарас,Опт-Smart ТОВ,3,UltraMark Холодильники X4,client1351@example.com,1907,28064.94,9354.98,Руденко,Україна,Новак П. Я.,Холодильники,+380895877764,42,Platinum,Чехія,Готівка,0.2,Скасовано,2024-08-29,Центральна Європа,1351,Прага
Сергій,Глобал-Prime ТОВ,2,UltraMark Взуття X46,client14720@example.com,3554,32001.9,16000.95,Мороз,Німеччина,Ліндберг Е. С.,Взуття,+380689582142,43,Platinum,Швеція,Google Pay,0.2,Доставлено,2024-03-06,Північна Європа,14720,Гетеборг
Юлія,Трейд-Neo ТОВ #67,2,GrandCore Смартфони Lite99,client5985@example.com,650,34373.16,17186.58,Коваленко,Китай,Россі М. А.,Смартфони,+380657807448,44,Gold,Іспанія,Apple Pay,0.2,Оплачено,2024-05-13,Південна Європа,5985,Мадрид
Юлія,Трейд-Ultra ТОВ,4,UltraMark Канцтовари Lite86,client5985@example.com,3871,156164.24,39041.06,Коваленко,Туреччина,Россі М. А.,Канцтовари,+380657807448,44,Gold,Іспанія,Apple Pay,0.2,Оплачено,2024-05-13,Південна Європа,5985,Мадрид
Юлія,Глобал-Prime ТОВ,7,SmartSoft Планшети Pro79,client5985@example.com,2720,191924.39,27417.77,Коваленко,Німеччина,Россі М. А.,Планшети,+380657807448,44,Gold,Іспанія,Apple Pay,0.2,Оплачено,2024-05-13,Південна Європа,5985,Мадрид
Олександр,Опт-Grand ТОВ,5,GrandSystems Холодильники Air44,client5643@example.com,856,122632.4,24526.48,Кравченко,Італія,Коваленко І. О.,Холодильники,+380728551495,45,Platinum,Україна,Готівка,0.2,Скасовано,2024-11-30,Східна Європа,5643,Львів
Олександр,Європром-Ultra ТОВ,4,ZenPoint Канцтовари Max97,client5643@example.com,2327,71224.04,17806.01,Кравченко,Німеччина,Коваленко І. О.,Канцтовари,+380728551495,45,Platinum,Україна,Готівка,0.2,Скасовано,2024-11-30,Східна Європа,5643,Львів
Олександр,Трейд-Neo ТОВ #67,6,LuxGear Планшети Lite96,client5643@example.com,3648,252935.94,42155.99,Кравченко,Китай,Коваленко І. О.,Планшети,+380728551495,45,Platinum,Україна,Готівка,0.2,Скасовано,2024-11-30,Східна Європа,5643,Львів
Олена,Трейд-Zen ТОВ,7,StarMark Спорттовари Pro14,client7006@example.com,158,182192.08,26027.44,Павленко,Китай,Коваленко І. О.,Спорттовари,+380822196185,46,Silver,Україна,Накладений платіж,0.2,Повернено,2024-10-22,Східна Європа,7006,Львів
Тетяна,Трейд-Neo ТОВ #67,5,VitaSystems Взуття Lite20,client12527@example.com,314,67649.95,13529.99,Бондаренко,Китай,Шмідт Г. К.,Взуття,+380931861155,47,Bronze,Німеччина,Google Pay,0.2,Відправлено,2024-12-23,Західна Європа,12527,Берлін
Тетяна,Захід-Solar ТОВ,4,ZenWave Смартфони Air56,client12527@example.com,1379,174556.92,43639.23,Бондаренко,Південна Корея,Шмідт Г. К.,Смартфони,+380931861155,47,Bronze,Німеччина,Google Pay,0.2,Відправлено,2024-12-23,Західна Європа,12527,Берлін
Тетяна,Захід-Tech ТОВ,6,TechSystems Косметика Max89,client12527@example.com,3397,8447.52,1407.92,Бондаренко,Туреччина,Шмідт Г. К.,Косметика,+380931861155,47,Bronze,Німеччина,Google Pay,0.2,Відправлено,2024-12-23,Західна Європа,12527,Берлін
Тетяна,Захід-Solar ТОВ,2,StarMark Інструменти X45,client12527@example.com,2076,61504.58,30752.29,Бондаренко,Південна Корея,Шмідт Г. К.,Інструменти,+380931861155,47,Bronze,Німеччина,Google Pay,0.2,Відправлено,2024-12-23,Західна Європа,12527,Берлін
Тетяна,Імпорт-Tech ТОВ #69,7,UltraSystems Взуття Air64,client5033@example.com,2602,226438.52,32348.36,Петренко,Італія,Коваленко І. О.,Взуття,+380813096268,48,Silver,Україна,Google Pay,0.2,Створено,2024-09-25,Східна Європа,5033,Дніпро
Тетяна,Трейд-Zen ТОВ,8,AeroGear Канцтовари Lite88,client5033@example.com,588,112830.4,14103.8,Петренко,Китай,Коваленко І. О.,Канцтовари,+380813096268,48,Silver,Україна,Google Pay,0.2,Створено,2024-09-25,Східна Європа,5033,Дніпро
Тетяна,Європром-Pro ТОВ #62,6,AeroWorks Інструменти Max84,client5033@example.com,1206,21207.96,3534.66,Петренко,США,Коваленко І. О.,Інструменти,+380813096268,48,Silver,Україна,Google Pay,0.2,Створено,2024-09-25,Східна Європа,5033,Дніпро
Тетяна,Меркурій-Ultra ТОВ #35,1,PrimeLine Фотоапарати Air72,client5033@example.com,842,23157.03,23157.03,Петренко,Польща,Коваленко І. О.,Фотоапарати,+380813096268,48,Silver,Україна,Google Pay,0.2,Створено,2024-09-25,Східна Європа,5033,Дніпро
Тетяна,Альфа-Neo ТОВ,1,SmartCore Одяг S23,client5033@example.com,3768,13538.86,13538.86,Петренко,Німеччина,Коваленко І. О.,Одяг,+380813096268,48,Silver,Україна,Google Pay,0.2,Створено,2024-09-25,Східна Європа,5033,Дніпро
Марія,Партнер-Eco ТОВ,2,SolarHub Канцтовари S42,client14090@example.com,2000,38039.68,19019.84,Мороз,Україна,Коваленко І. О.,Канцтовари,+380905268004,49,Platinum,Україна,Готівка,0.2,Доставлено,2024-02-03,Східна Європа,14090,Харків
Марія,Континент-Nova ТОВ,3,ZenGear Посуд X78,client14090@example.com,2031,14686.53,4895.51,Мороз,США,Коваленко І. О.,Посуд,+380905268004,49,Platinum,Україна,Готівка,0.2,Доставлено,2024-02-03,Східна Європа,14090,Харків
Юрій,Омега-Max ТОВ,2,ZenSystems Одяг Max9,client1749@example.com,1247,10752.54,5376.27,Коваленко,Чехія,Новак П. Я.,Одяг,+380947374774,50,Gold,Чехія,Картка,0.2,Оплачено,2023-01-11,Центральна Європа,1749,Прага
Юрій,Європром-Solar ТОВ,1,NeoOne Аудіотехніка Air79,client1749@example.com,1003,31049.89,31049.89,Коваленко,Туреччина,Новак П. Я.,Аудіотехніка,+380947374774,50,Gold,Чехія,Картка,0.2,Оплачено,2023-01-11,Центральна Європа,1749,Прага
Юрій,Глобал-Prime ТОВ,6,VoltSoft Продукти X21,client1749@example.com,2884,232223.58,38703.93,Коваленко,Німеччина,Новак П. Я.,Продукти,+380947374774,50,Gold,Чехія,Картка,0.07,Оплачено,2023-01-11,Центральна Європа,1749,Прага
Юрій,Меркурій-Apex ТОВ,7,StarMark Одяг Max14,client1749@example.com,519,151928.98,21704.14,Коваленко,Польща,Новак П. Я.,Одяг,+380947374774,50,Gold,Чехія,Картка,0.2,Оплачено,2023-01-11,Центральна Європа,1749,Прага
Олександр,Європром-Ultra ТОВ #72,6,SmartCraft Косметика S33,client10052@example.com,430,208866.84,34811.14,Поліщук,Чехія,Коваленко І. О.,Косметика,+380698798447,51,Bronze,Україна,Картка,0.2,Створено,2024-12-22,Східна Європа,10052,Львів
Олександр,Трейд-Zen ТОВ,5,ApexMark Телевізори X56,client10052@example.com,1635,79419.45,15883.89,Поліщук,Китай,Коваленко І. О.,Телевізори,+380698798447,51,Bronze,Україна,Картка,0.2,Створено,2024-12-22,Східна Європа,10052,Львів
Олександр,Партнер-Grand ТОВ,5,VoltGear Інструменти Air17,client10052@example.com,3580,197883.2,39576.64,Поліщук,Китай,Коваленко І. О.,Інструменти,+380698798447,51,Bronze,Україна,Картка,0.2,Створено,2024-12-22,Східна Європа,10052,Львів
Олександр,Омега-Max ТОВ,2,ZenPoint Книги Pro60,client10052@example.com,1093,11959.56,5979.78,Поліщук,Чехія,Коваленко І. О.,Книги,+380698798447,51,Bronze,Україна,Картка,0.07,Створено,2024-12-22,Східна Європа,10052,Львів
Олександр,Європром-Star ТОВ,4,VitaSystems Книги S25,client1543@example.com,1836,49249.32,12312.33,Руденко,Італія,Новак П. Я.,Книги,+380555422235,52,Gold,Польща,Накладений платіж,0.07,Оплачено,2024-12-28,Центральна Європа,1543,Краків
Сергій,Континент-Nova ТОВ,6,EcoMark Посуд S92,client12830@example.com,348,20124.78,3354.13,Бойко,США,Ліндберг Е. С.,Посуд,+380701677046,53,Silver,Фінляндія,Google Pay,0.2,Скасовано,2025-02-07,Північна Європа,12830,Гельсінкі
Сергій,Партнер-Pro ТОВ,1,NovaMark Зоотовари Air12,client12830@example.com,2644,2701.35,2701.35,Бойко,Туреччина,Ліндберг Е. С.,Зоотовари,+380701677046,53,Silver,Фінляндія,Google Pay,0.2,Скасовано,2025-02-07,Північна Європа,12830,Гельсінкі
Сергій,Європром-Solar ТОВ,3,SmartGear Планшети Air25,client12830@example.com,2010,19259.37,6419.79,Бойко,Туреччина,Ліндберг Е. С.,Планшети,+380701677046,53,Silver,Фінляндія,Google Pay,0.2,Скасовано,2025-02-07,Північна Європа,12830,Гельсінкі
Світлана,Глобал-Neo ТОВ,2,ProPoint Телевізори Pro7,client13113@example.com,2724,43703.42,21851.71,Шевчук,США,Коваленко І. О.,Телевізори,+380908014107,54,Silver,Україна,Google Pay,0.2,Доставлено,2023-05-27,Східна Європа,13113,Одеса
Світлана,Альфа-Max ТОВ,7,SolarSoft Спорттовари Pro86,client13113@example.com,425,233723.84,33389.12,Шевчук,Китай,Коваленко І. О.,Спорттовари,+380908014107,54,Silver,Україна,Google Pay,0.2,Доставлено,2023-05-27,Східна Європа,13113,Одеса
Богдан,Опт-Solar ТОВ,4,AeroPoint Смартфони Pro14,client9414@example.com,3001,149015.64,37253.91,Ткаченко,Німеччина,Новак П. Я.,Смартфони,+380664676077,55,Gold,Польща,Готівка,0.2,Оплачено,2023-12-16,Центральна Європа,9414,Краків
Богдан,Опт-Lux ТОВ #28,3,NovaLine Одяг Lite63,client9414@example.com,2900,61975.53,20658.51,Ткаченко,Польща,Новак П. Я.,Одяг,+380664676077,55,Gold,Польща,Готівка,0.2,Оплачено,2023-12-16,Центральна Європа,9414,Краків
Богдан,Партнер-Smart ТОВ,3,AeroMark Ноутбуки Lite99,client9414@example.com,2471,72355.14,24118.38,Ткаченко,Південна Корея,Новак П. Я.,Ноутбуки,+380664676077,55,Gold,Польща,Готівка,0.2,Оплачено,2023-12-16,Центральна Європа,9414,Краків
Богдан,Глобал-Eco ТОВ,1,NovaCore Канцтовари Air10,client902@example.com,3473,2293.11,2293.11,Шевчук,Польща,Новак П. Я.,Канцтовари,+380862924816,56,Platinum,Угорщина,Готівка,0.2,Створено,2024-08-17,Центральна Європа,902,Будапешт
Богдан,Трейд-Apex ТОВ,1,VitaWorks Спорттовари Pro83,client902@example.com,1134,18800.33,18800.33,Шевчук,Україна,Новак П. Я.,Спорттовари,+380862924816,56,Platinum,Угорщина,Готівка,0.2,Створено,2024-08-17,Центральна Європа,902,Будапешт
Іван,Європром-Nova ТОВ,8,VoltPlus Посуд Lite99,client7409@example.com,419,26647.84,3330.98,Бондаренко,Італія,Коваленко І. О.,Посуд,+380918019922,57,Gold,Україна,Картка,0.2,Скасовано,2023-06-18,Східна Європа,7409,Харків
Іван,Європром-Smart ТОВ,6,ZenSystems Фотоапарати S57,client7409@example.com,2124,6728.4,1121.4,Бондаренко,Південна Корея,Коваленко І. О.,Фотоапарати,+380918019922,57,Gold,Україна,Картка,0.2,Скасовано,2023-06-18,Східна Європа,7409,Харків
Богдан,Європром-Pro ТОВ,1,MaxGear Аудіотехніка X70,client4782@example.com,720,21183.1,21183.1,Поліщук,Південна Корея,Шмідт Г. К.,Аудіотехніка,+380728098188,58,Gold,Німеччина,Apple Pay,0.2,Оплачено,2024-10-23,Західна Європа,4782,Берлін
Іван,Європром-Pro ТОВ #62,7,NovaCore Одяг Air23,client9652@example.com,1858,241952.06,34564.58,Павленко,США,Коваленко І. О.,Одяг,+380709631070,59,Bronze,Україна,Накладений платіж,0.2,Відправлено,2025-04-28,Східна Європа,9652,Львів
Іван,Європром-Pro ТОВ,4,AeroHub Меблі Lite76,client9652@example.com,1037,174762.56,43690.64,Павленко,Південна Корея,Коваленко І. О.,Меблі,+380709631070,59,Bronze,Україна,Накладений платіж,0.2,Відправлено,2025-04-28,Східна Європа,9652,Львів
Іван,Омега-Neo ТОВ,1,TechCraft Косметика Air83,client9652@example.com,2857,31425.77,31425.77,Павленко,Чехія,Коваленко І. О.,Косметика,+380709631070,59,Bronze,Україна,Накладений платіж,0.2,Відправлено,2025-04-28,Східна Європа,9652,Львів
Катерина,Трейд-Vita ТОВ,7,VitaLab Смартфони Lite43,client12512@example.com,2756,245701.12,35100.16,Бойко,Польща,Новак П. Я.,Смартфони,+380783564290,60,Bronze,Угорщина,Готівка,0.2,Оплачено,2023-10-26,Центральна Європа,12512,Будапешт
Сергій,Опт-Lux ТОВ,8,ApexWave Меблі S7,client9126@example.com,2140,233926.08,29240.76,Бондаренко,Туреччина,Россі М. А.,Меблі,+380796317124,61,Gold,Італія,Apple Pay,0.2,Створено,2023-05-29,Південна Європа,9126,Мілан
Сергій,Альфа-Prime ТОВ,6,ZenTrade Меблі X76,client9126@example.com,1510,214999.86,35833.31,Бондаренко,Туреччина,Россі М. А.,Меблі,+380796317124,61,Gold,Італія,Apple Pay,0.2,Створено,2023-05-29,Південна Європа,9126,Мілан
Сергій,Партнер-Pro ТОВ #51,4,VitaWorks Планшети Air23,client9126@example.com,674,85884.68,21471.17,Бондаренко,Німеччина,Россі М. А.,Планшети,+380796317124,61,Gold,Італія,Apple Pay,0.2,Створено,2023-05-29,Південна Європа,9126,Мілан
Сергій,Захід-Neo ТОВ,3,SmartSystems Ноутбуки Max81,client9126@example.com,3278,47768.52,15922.84,Бондаренко,Німеччина,Россі М. А.,Ноутбуки,+380796317124,61,Gold,Італія,Apple Pay,0.2,Створено,2023-05-29,Південна Європа,9126,Мілан
Сергій,Імпорт-Aero ТОВ,2,TechBrands Планшети X39,client12174@example.com,1225,55005.4,27502.7,Бойко,Туреччина,Шмідт Г. К.,Планшети,+380805350993,62,Gold,Німеччина,Картка,0.2,Доставлено,2023-02-08,Західна Європа,12174,Гамбург
Сергій,Партнер-Pro ТОВ #51,3,ProWorks Косметика Lite59,client12174@example.com,3441,41817.3,13939.1,Бойко,Німеччина,Шмідт Г. К.,Косметика,+380805350993,62,Gold,Німеччина,Картка,0.2,Доставлено,2023-02-08,Західна Європа,12174,Гамбург
Марія,Захід-Tech ТОВ,5,EcoWorks Холодильники X35,client11551@example.com,2320,183935.85,36787.17,Гончар,Туреччина,Шмідт Г. К.,Холодильники,+380605469387,63,Bronze,Німеччина,Готівка,0.2,Створено,2024-04-13,Західна Європа,11551,Гамбург
Марія,Опт-Vita ТОВ,6,UltraPoint Планшети S6,client11551@example.com,1860,57269.34,9544.89,Гончар,Китай,Шмідт Г. К.,Планшети,+380605469387,63,Bronze,Німеччина,Готівка,0.2,Створено,2024-04-13,Західна Європа,11551,Гамбург
Іван,Партнер-Pro ТОВ,6,VoltMark Смартфони Lite22,client528@example.com,970,167144.58,27857.43,Савченко,Туреччина,Шмідт Г. К.,Смартфони,+380519617888,64,Silver,Німеччина,Накладений платіж,0.2,Створено,2023-06-16,Західна Європа,528,Гамбург
Іван,Меркурій-Grand ТОВ,8,StarCore Холодильники Lite48,client528@example.com,437,213172.08,26646.51,Савченко,Україна,Шмідт Г. К.,Холодильники,+380519617888,64,Silver,Німеччина,Накладений платіж,0.2,Створено,2023-06-16,Західна Європа,528,Гамбург
Іван,Холдинг-Grand ТОВ,5,PrimeTrade Спорттовари Pro40,client528@example.com,371,77354.25,15470.85,Савченко,Італія,Шмідт Г. К.,Спорттовари,+380519617888,64,Silver,Німеччина,Накладений платіж,0.2,Створено,2023-06-16,Західна Європа,528,Гамбург
Світлана,Альфа-Max ТОВ,2,UltraLab Посуд S85,client10050@example.com,3910,55888.8,27944.4,Шевченко,Китай,Коваленко І. О.,Посуд,+380919368971,65,Platinum,Україна,Apple Pay,0.2,Повернено,2024-04-27,Східна Європа,10050,Харків
Світлана,Імпорт-Neo ТОВ #79,4,SolarCraft Зоотовари Max52,client10050@example.com,1159,139617.0,34904.25,Шевченко,Польща,Коваленко І. О.,Зоотовари,+380919368971,65,Platinum,Україна,Apple Pay,0.2,Повернено,2024-04-27,Східна Європа,10050,Харків
Світлана,Меркурій-Ultra ТОВ,3,StarWave Смартфони Pro49,client10050@example.com,816,110762.7,36920.9,Шевченко,Польща,Коваленко І. О.,Смартфони,+380919368971,65,Platinum,Україна,Apple Pay,0.2,Повернено,2024-04-27,Східна Європа,10050,Харків
Світлана,Меркурій-Apex ТОВ,7,ZenPlus Пральні машини Pro43,client10050@example.com,2507,228626.93,32660.99,Шевченко,Польща,Коваленко І. О.,Пральні машини,+380919368971,65,Platinum,Україна,Apple Pay,0.2,Повернено,2024-04-27,Східна Європа,10050,Харків
Світлана,Омега-Grand ТОВ,3,LuxCore Книги X61,client1154@example.com,2457,93061.2,31020.4,Бондаренко,Чехія,Ліндберг Е. С.,Книги,+380574421652,66,Gold,Фінляндія,Накладений платіж,0.07,Відправлено,2023-10-22,Північна Європа,1154,Гельсінкі
Софія,Партнер-Pro ТОВ,6,ApexMark Аудіотехніка Air44,client5134@example.com,1234,78799.92,13133.32,Марченко,Туреччина,Шмідт Г. К.,Аудіотехніка,+380799483345,67,Platinum,Франція,Google Pay,0.2,Створено,2023-10-11,Західна Європа,5134,Ліон
Софія,Імпорт-Star ТОВ,2,AeroMark Смартфони Max62,client5134@example.com,3669,2642.12,1321.06,Марченко,Південна Корея,Шмідт Г. К.,Смартфони,+380799483345,67,Platinum,Франція,Google Pay,0.2,Створено,2023-10-11,Західна Європа,5134,Ліон
Михайло,Меркурій-Ultra ТОВ #35,8,AeroLab Взуття Max96,client2417@example.com,3478,150707.52,18838.44,Гончар,Польща,Новак П. Я.,Взуття,+380631309811,68,Silver,Угорщина,Google Pay,0.2,Створено,2024-07-30,Центральна Європа,2417,Будапешт
Михайло,Імпорт-Star ТОВ,1,SmartPoint Продукти Lite72,client2417@example.com,2216,26873.48,26873.48,Гончар,Південна Корея,Новак П. Я.,Продукти,+380631309811,68,Silver,Угорщина,Google Pay,0.07,Створено,2024-07-30,Центральна Європа,2417,Будапешт
Михайло,Трейд-Zen ТОВ,6,ProWave Фотоапарати Air31,client2417@example.com,2619,72885.36,12147.56,Гончар,Китай,Новак П. Я.,Фотоапарати,+380631309811,68,Silver,Угорщина,Google Pay,0.2,Створено,2024-07-30,Центральна Європа,2417,Будапешт
Тетяна,Глобал-Prime ТОВ,3,ZenWorks Меблі Air28,client2817@example.com,1815,128980.32,42993.44,Ткаченко,Німеччина,Новак П. Я.,Меблі,+380554430633,69,Gold,Угорщина,Apple Pay,0.2,Оплачено,2024-03-17,Центральна Європа,2817,Будапешт
Тетяна,Омега-Prime ТОВ,3,ZenSystems Меблі Lite13,client2817@example.com,1118,62808.93,20936.31,Ткаченко,Італія,Новак П. Я.,Меблі,+380554430633,69,Gold,Угорщина,Apple Pay,0.2,Оплачено,2024-03-17,Центральна Європа,2817,Будапешт
Катерина,Альфа-Star ТОВ,3,LuxSoft Фотоапарати Max40,client5284@example.com,1706,4371.63,1457.21,Павленко,Польща,Ліндберг Е. С.,Фотоапарати,+380605492020,70,Gold,Швеція,Готівка,0.2,Відправлено,2024-07-29,Північна Європа,5284,Гетеборг
Катерина,Європром-Nova ТОВ,4,SmartBrands Книги Max73,client5284@example.com,989,135992.84,33998.21,Павленко,Італія,Ліндберг Е. С.,Книги,+380605492020,70,Gold,Швеція,Готівка,0.07,Відправлено,2024-07-29,Північна Європа,5284,Гетеборг
Катерина,Європром-Pro ТОВ #62,6,LuxHub Посуд Air10,client5284@example.com,3679,69798.3,11633.05,Павленко,США,Ліндберг Е. С.,Посуд,+380605492020,70,Gold,Швеція,Готівка,0.2,Відправлено,2024-07-29,Північна Європа,5284,Гетеборг
Катерина,Меркурій-Grand ТОВ #47,6,ZenPlus Холодильники Lite20,client5284@example.com,1399,85622.4,14270.4,Павленко,Німеччина,Ліндберг Е. С.,Холодильники,+380605492020,70,Gold,Швеція,Готівка,0.2,Відправлено,2024-07-29,Північна Європа,5284,Гетеборг
Катерина,Омега-Solar ТОВ,8,ZenHub Спорттовари X37,client5284@example.com,105,261487.92,32685.99,Павленко,Південна Корея,Ліндберг Е. С.,Спорттовари,+380605492020,70,Gold,Швеція,Готівка,0.2,Відправлено,2024-07-29,Північна Європа,5284,Гетеборг
Світлана,Європром-Nova ТОВ,7,UltraCore Ноутбуки S59,client13838@example.com,3732,228450.11,32635.73,Гончар,Італія,Россі М. А.,Ноутбуки,+380698015510,71,Platinum,Італія,Google Pay,0.2,Скасовано,2023-01-03,Південна Європа,13838,Мілан
Світлана,Захід-Lux ТОВ,6,NovaTrade Зоотовари Lite19,client13838@example.com,3313,9383.7,1563.95,Гончар,Південна Корея,Россі М. А.,Зоотовари,+380698015510,71,Platinum,Італія,Google Pay,0.2,Скасовано,2023-01-03,Південна Європа,13838,Мілан
Світлана,Омега-Grand ТОВ,3,GrandWave Аудіотехніка Lite62,client13838@example.com,1078,117942.27,39314.09,Гончар,Чехія,Россі М. А.,Аудіотехніка,+380698015510,71,Platinum,Італія,Google Pay,0.2,Скасовано,2023-01-03,Південна Європа,13838,Мілан
Світлана,Меркурій-Grand ТОВ #47,7,NovaPoint Інструменти S45,client13838@example.com,1854,31787.77,4541.11,Гончар,Німеччина,Россі М. А.,Інструменти,+380698015510,71,Platinum,Італія,Google Pay,0.2,Скасовано,2023-01-03,Південна Європа,13838,Мілан
Наталія,Партнер-Eco ТОВ,5,SolarSystems Інструменти Max8,client9089@example.com,828,187940.0,37588.0,Лисенко,Україна,Шмідт Г. К.,Інструменти,+380904329514,72,Platinum,Франція,Google Pay,0.2,Скасовано,2023-08-03,Західна Європа,9089,Ліон
Наталія,Імпорт-Tech ТОВ #69,8,NovaSystems Зоотовари Air54,client9089@example.com,649,133587.76,16698.47,Лисенко,Італія,Шмідт Г. К.,Зоотовари,+380904329514,72,Platinum,Франція,Google Pay,0.2,Скасовано,2023-08-03,Західна Європа,9089,Ліон
Наталія,Партнер-Pro ТОВ,7,SmartTrade Продукти X56,client9089@example.com,3902,91368.27,13052.61,Лисенко,Туреччина,Шмідт Г. К.,Продукти,+380904329514,72,Platinum,Франція,Google Pay,0.07,Скасовано,2023-08-03,Західна Європа,9089,Ліон
Юрій,Трейд-Apex ТОВ,4,NovaPoint Взуття Lite56,client1488@example.com,906,72823.52,18205.88,Марченко,Україна,Новак П. Я.,Взуття,+380858132755,73,Bronze,Польща,Готівка,0.2,Відправлено,2023-03-10,Центральна Європа,1488,Краків
Юрій,Омега-Grand ТОВ,6,NeoHub Аудіотехніка Lite88,client1488@example.com,2094,154174.56,25695.76,Марченко,Чехія,Новак П. Я.,Аудіотехніка,+380858132755,73,Bronze,Польща,Готівка,0.2,Відправлено,2023-03-10,Центральна Європа,1488,Краків
Юрій,Трейд-Vita ТОВ,1,SmartWorks Іграшки Pro8,client1488@example.com,900,17256.82,17256.82,Марченко,Польща,Новак П. Я.,Іграшки,+380858132755,73,Bronze,Польща,Готівка,0.2,Відправлено,2023-03-10,Центральна Європа,1488,Краків
Оксана,Трейд-Ultra ТОВ,7,MaxCraft Пральні машини S12,client6673@example.com,1209,257192.74,36741.82,Лисенко,Туреччина,Коваленко І. О.,Пральні машини,+380921994756,74,Silver,Україна,Apple Pay,0.2,Повернено,2024-06-21,Східна Європа,6673,Дніпро
Оксана,Холдинг-Max ТОВ,8,ApexWorks Планшети Air17,client6673@example.com,2760,252190.0,31523.75,Лисенко,Південна Корея,Коваленко І. О.,Планшети,+380921994756,74,Silver,Україна,Apple Pay,0.2,Повернено,2024-06-21,Східна Європа,6673,Дніпро
Оксана,Альфа-Max ТОВ,2,ApexPoint Косметика Lite72,client6673@example.com,1036,76906.2,38453.1,Лисенко,Китай,Коваленко І. О.,Косметика,+380921994756,74,Silver,Україна,Apple Pay,0.2,Повернено,2024-06-21,Східна Європа,6673,Дніпро
Оксана,Глобал-Eco ТОВ,1,GrandTrade Зоотовари Pro51,client7350@example.com,2751,21604.59,21604.59,Левченко,Польща,Новак П. Я.,Зоотовари,+380691896584,75,Platinum,Чехія,Картка,0.2,Повернено,2023-10-10,Центральна Європа,7350,Прага
Оксана,Опт-Lux ТОВ,8,UltraHub Одяг Air59,client7350@example.com,1332,339957.76,42494.72,Левченко,Туреччина,Новак П. Я.,Одяг,+380691896584,75,Platinum,Чехія,Картка,0.2,Повернено,2023-10-10,Центральна Європа,7350,Прага
Оксана,Імпорт-Zen ТОВ,2,EcoCraft Взуття Max39,client7350@example.com,3505,79415.9,39707.95,Левченко,Польща,Новак П. Я.,Взуття,+380691896584,75,Platinum,Чехія,Картка,0.2,Повернено,2023-10-10,Центральна Європа,7350,Прага
Оксана,Імпорт-Neo ТОВ,8,SmartLine Книги Air13,client7350@example.com,1293,64134.32,8016.79,Левченко,Туреччина,Новак П. Я.,Книги,+380691896584,75,Platinum,Чехія,Картка,0.07,Повернено,2023-10-10,Центральна Європа,7350,Прага
Оксана,Імпорт-Tech ТОВ #69,7,NovaSystems Зоотовари Air54,client7350@example.com,649,116889.29,16698.47,Левченко,Італія,Новак П. Я.,Зоотовари,+380691896584,75,Platinum,Чехія,Картка,0.2,Повернено,2023-10-10,Центральна Європа,7350,Прага
Марія,Альфа-Nova ТОВ,1,PrimePlus Фотоапарати S57,client11551@example.com,1796,39145.23,39145.23,Гончар,Південна Корея,Шмідт Г. К.,Фотоапарати,+380605469387,76,Bronze,Німеччина,Готівка,0.2,Оплачено,2024-01-06,Західна Європа,11551,Гамбург
Олена,Трейд-Prime ТОВ,5,SmartLine Посуд Pro24,client9660@example.com,2654,39029.25,7805.85,Руденко,Туреччина,Шмідт Г. К.,Посуд,+380784983190,77,Bronze,Німеччина,Apple Pay,0.2,Створено,2023-04-28,Західна Європа,9660,Гамбург
Олена,Опт-Max ТОВ,7,LuxCore Взуття X80,client9660@example.com,3694,270344.9,38620.7,Руденко,Туреччина,Шмідт Г. К.,Взуття,+380784983190,77,Bronze,Німеччина,Apple Pay,0.2,Створено,2023-04-28,Західна Європа,9660,Гамбург
Олена,Імпорт-Zen ТОВ,5,SmartCore Книги Max91,client9660@example.com,2238,177291.0,35458.2,Руденко,Польща,Шмідт Г. К.,Книги,+380784983190,77,Bronze,Німеччина,Apple Pay,0.07,Створено,2023-04-28,Західна Європа,9660,Гамбург
Олена,Трейд-Apex ТОВ,7,ZenHub Фотоапарати S90,client9660@example.com,1667,102320.68,14617.24,Руденко,Україна,Шмідт Г. К.,Фотоапарати,+380784983190,77,Bronze,Німеччина,Apple Pay,0.2,Створено,2023-04-28,Західна Європа,9660,Гамбург
Іван,Європром-Ultra ТОВ,2,VoltBrands Зоотовари S72,client12103@example.com,3204,81984.4,40992.2,Лисенко,Німеччина,Новак П. Я.,Зоотовари,+380519276921,78,Gold,Польща,Google Pay,0.2,Повернено,2023-11-30,Центральна Європа,12103,Краків
Іван,Партнер-Eco ТОВ,5,ProCraft Книги S56,client12103@example.com,2958,83569.05,16713.81,Лисенко,Україна,Новак П. Я.,Книги,+380519276921,78,Gold,Польща,Google Pay,0.07,Повернено,2023-11-30,Центральна Європа,12103,Краків
Іван,Омега-Prime ТОВ,8,SolarSoft Фотоапарати Lite29,client12103@example.com,1239,331215.28,41401.91,Лисенко,Італія,Новак П. Я.,Фотоапарати,+380519276921,78,Gold,Польща,Google Pay,0.2,Повернено,2023-11-30,Центральна Європа,12103,Краків
Іван,Трейд-Neo ТОВ #67,6,LuxWorks Іграшки Pro34,client12103@example.com,2476,89860.86,14976.81,Лисенко,Китай,Новак П. Я.,Іграшки,+380519276921,78,Gold,Польща,Google Pay,0.2,Повернено,2023-11-30,Центральна Європа,12103,Краків
Іван,Континент-Aero ТОВ,6,ProOne Інструменти Air92,client12103@example.com,581,78669.3,13111.55,Лисенко,США,Новак П. Я.,Інструменти,+380519276921,78,Gold,Польща,Google Pay,0.2,Повернено,2023-11-30,Центральна Європа,12103,Краків
Тетяна,Альфа-Star ТОВ,3,NeoMark Взуття S79,client7276@example.com,2359,108640.8,36213.6,Ткаченко,Польща,Новак П. Я.,Взуття,+380682321027,79,Gold,Польща,Накладений платіж,0.2,Скасовано,2023-03-02,Центральна Європа,7276,Варшава
Ірина,Омега-Solar ТОВ,6,NeoPoint Ноутбуки Lite55,client6496@example.com,2527,117719.64,19619.94,Кравченко,Південна Корея,Новак П. Я.,Ноутбуки,+380991378173,80,Platinum,Угорщина,Готівка,0.2,Скасовано,2023-10-10,Центральна Європа,6496,Будапешт
Ірина,Меркурій-Lux ТОВ,6,NovaWorks Посуд Pro26,client6496@example.com,2673,129208.14,21534.69,Кравченко,Китай,Новак П. Я.,Посуд,+380991378173,80,Platinum,Угорщина,Готівка,0.2,Скасовано,2023-10-10,Центральна Європа,6496,Будапешт
Ірина,Холдинг-Grand ТОВ,6,VitaTrade Планшети X17,client6496@example.com,150,74471.82,12411.97,Кравченко,Італія,Новак П. Я.,Планшети,+380991378173,80,Platinum,Угорщина,Готівка,0.2,Скасовано,2023-10-10,Центральна Європа,6496,Будапешт
Ірина,Холдинг-Max ТОВ,3,TechWorks Телевізори Lite25,client6496@example.com,528,67639.38,22546.46,Кравченко,Південна Корея,Новак П. Я.,Телевізори,+380991378173,80,Platinum,Угорщина,Готівка,0.2,Скасовано,2023-10-10,Центральна Європа,6496,Будапешт
Олена,Опт-Vita ТОВ,6,SolarLab Смартфони Lite14,client5756@example.com,3358,115395.0,19232.5,Бойко,Китай,Россі М. А.,Смартфони,+380986725685,81,Platinum,Іспанія,Картка,0.2,Доставлено,2023-03-06,Південна Європа,5756,Барселона
Олена,Партнер-Smart ТОВ,5,GrandSoft Зоотовари Lite93,client5756@example.com,2384,133071.65,26614.33,Бойко,Південна Корея,Россі М. А.,Зоотовари,+380986725685,81,Platinum,Іспанія,Картка,0.2,Доставлено,2023-03-06,Південна Європа,5756,Барселона
Олександр,Глобал-Neo ТОВ,4,UltraWave Ноутбуки S50,client461@example.com,1483,80515.84,20128.96,Шевчук,США,Коваленко І. О.,Ноутбуки,+380626033367,82,Bronze,Україна,Google Pay,0.2,Доставлено,2023-04-01,Східна Європа,461,Харків
Олександр,Партнер-Pro ТОВ,5,SolarCore Зоотовари X66,client461@example.com,3766,88689.75,17737.95,Шевчук,Туреччина,Коваленко І. О.,Зоотовари,+380626033367,82,Bronze,Україна,Google Pay,0.2,Доставлено,2023-04-01,Східна Європа,461,Харків
Олександр,Європром-Star ТОВ,4,SmartSoft Взуття Lite20,client461@example.com,2324,152407.36,38101.84,Шевчук,Італія,Коваленко І. О.,Взуття,+380626033367,82,Bronze,Україна,Google Pay,0.2,Доставлено,2023-04-01,Східна Європа,461,Харків
Наталія,Партнер-Max ТОВ,6,EcoGear Канцтовари Lite75,client7862@example.com,184,149799.12,24966.52,Бойко,Китай,Шмідт Г. К.,Канцтовари,+380939770842,83,Platinum,Франція,Накладений платіж,0.2,Оплачено,2023-02-15,Західна Європа,7862,Париж
Анна,Європром-Pro ТОВ,1,UltraBrands Планшети S37,client2765@example.com,1695,2015.19,2015.19,Кузьменко,Південна Корея,Новак П. Я.,Планшети,+380886218945,84,Platinum,Угорщина,Накладений платіж,0.2,Оплачено,2024-06-02,Центральна Європа,2765,Будапешт
Анна,Партнер-Eco ТОВ,4,ProCraft Книги S56,client2765@example.com,2958,66855.24,16713.81,Кузьменко,Україна,Новак П. Я.,Книги,+380886218945,84,Platinum,Угорщина,Накладений платіж,0.07,Оплачено,2024-06-02,Центральна Європа,2765,Будапешт
Анна,Захід-Solar ТОВ,8,StarSystems Косметика S63,client2765@example.com,993,326482.8,40810.35,Кузьменко,Південна Корея,Новак П. Я.,Косметика,+380886218945,84,Platinum,Угорщина,Накладений платіж,0.2,Оплачено,2024-06-02,Центральна Європа,2765,Будапешт
Анна,Європром-Ultra ТОВ #72,5,VitaLine Канцтовари S74,client2765@example.com,829,154314.6,30862.92,Кузьменко,Чехія,Новак П. Я.,Канцтовари,+380886218945,84,Platinum,Угорщина,Накладений платіж,0.2,Оплачено,2024-06-02,Центральна Європа,2765,Будапешт
Анна,Опт-Grand ТОВ,2,UltraPlus Фотоапарати Max80,client2765@example.com,243,64884.88,32442.44,Кузьменко,Італія,Новак П. Я.,Фотоапарати,+380886218945,84,Platinum,Угорщина,Накладений платіж,0.2,Оплачено,2024-06-02,Центральна Європа,2765,Будапешт
Катерина,Трейд-Ultra ТОВ,8,EcoPoint Продукти Air79,client8176@example.com,3489,203441.68,25430.21,Коваленко,Туреччина,Россі М. А.,Продукти,+380609417090,85,Silver,Італія,Картка,0.07,Доставлено,2023-06-29,Південна Європа,8176,Рим
Катерина,Глобал-Neo ТОВ #56,1,ZenPoint Косметика S41,client8176@example.com,3111,23459.1,23459.1,Коваленко,Туреччина,Россі М. А.,Косметика,+380609417090,85,Silver,Італія,Картка,0.2,Доставлено,2023-06-29,Південна Європа,8176,Рим
Катерина,Імпорт-Neo ТОВ #79,7,AeroLine Ноутбуки X29,client8176@example.com,1971,101788.19,14541.17,Коваленко,Польща,Россі М. А.,Ноутбуки,+380609417090,85,Silver,Італія,Картка,0.2,Доставлено,2023-06-29,Південна Європа,8176,Рим
Дмитро,Омега-Max ТОВ #31,2,ProLab Смартфони X84,client200@example.com,1459,31336.82,15668.41,Павленко,Туреччина,Россі М. А.,Смартфони,+380982350621,86,Gold,Португалія,Картка,0.2,Скасовано,2023-07-10,Південна Європа,200,Лісабон
Дмитро,Трейд-Vita ТОВ,4,NovaCraft Одяг X45,client12742@example.com,214,43554.44,10888.61,Ткаченко,Польща,Новак П. Я.,Одяг,+380808053280,87,Gold,Польща,Google Pay,0.2,Скасовано,2023-07-10,Центральна Європа,12742,Вроцлав
Дмитро,Меркурій-Apex ТОВ,3,MaxSystems Аудіотехніка S79,client12742@example.com,1202,68225.01,22741.67,Ткаченко,Польща,Новак П. Я.,Аудіотехніка,+380808053280,87,Gold,Польща,Google Pay,0.2,Скасовано,2023-07-10,Центральна Європа,12742,Вроцлав
Дмитро,Захід-Max ТОВ,1,AeroSystems Меблі Max86,client12742@example.com,1828,2813.68,2813.68,Ткаченко,Польща,Новак П. Я.,Меблі,+380808053280,87,Gold,Польща,Google Pay,0.2,Скасовано,2023-07-10,Центральна Європа,12742,Вроцлав
Дмитро,Партнер-Pro ТОВ,1,MaxPlus Пральні машини S39,client12742@example.com,3923,23077.16,23077.16,Ткаченко,Туреччина,Новак П. Я.,Пральні машини,+380808053280,87,Gold,Польща,Google Pay,0.2,Скасовано,2023-07-10,Центральна Європа,12742,Вроцлав
Ірина,Європром-Pro ТОВ #62,4,SolarCore Книги S37,client13950@example.com,1749,169069.04,42267.26,Мороз,США,Шмідт Г. К.,Книги,+380884338865,88,Platinum,Франція,Накладений платіж,0.07,Скасовано,2023-05-15,Західна Європа,13950,Ліон
Ірина,Імпорт-Aero ТОВ,7,VitaOne Аудіотехніка Lite96,client13950@example.com,2603,12363.33,1766.19,Мороз,Туреччина,Шмідт Г. К.,Аудіотехніка,+380884338865,88,Platinum,Франція,Накладений платіж,0.2,Скасовано,2023-05-15,Західна Європа,13950,Ліон
Тетяна,Партнер-Grand ТОВ,1,EcoWave Меблі Lite15,client4020@example.com,1142,27809.45,27809.45,Мельник,Китай,Новак П. Я.,Меблі,+380557602610,89,Silver,Угорщина,Картка,0.2,Доставлено,2023-07-04,Центральна Європа,4020,Будапешт
Тетяна,Опт-Lux ТОВ #28,7,EcoMark Іграшки Max92,client4020@example.com,1886,192071.32,27438.76,Мельник,Польща,Новак П. Я.,Іграшки,+380557602610,89,Silver,Угорщина,Картка,0.2,Доставлено,2023-07-04,Центральна Європа,4020,Будапешт
Тетяна,Імпорт-Apex ТОВ,4,VoltPoint Пральні машини Air14,client4020@example.com,1788,115778.76,28944.69,Мельник,Туреччина,Новак П. Я.,Пральні машини,+380557602610,89,Silver,Угорщина,Картка,0.2,Доставлено,2023-07-04,Центральна Європа,4020,Будапешт
Тетяна,Меркурій-Grand ТОВ #47,8,ProSoft Книги X23,client4020@example.com,3068,327720.56,40965.07,Мельник,Німеччина,Новак П. Я.,Книги,+380557602610,89,Silver,Угорщина,Картка,0.07,Доставлено,2023-07-04,Центральна Європа,4020,Будапешт
Тетяна,Омега-Solar ТОВ,2,SmartLab Пральні машини Max11,client4020@example.com,3201,48673.2,24336.6,Мельник,Південна Корея,Новак П. Я.,Пральні машини,+380557602610,89,Silver,Угорщина,Картка,0.2,Доставлено,2023-07-04,Центральна Європа,4020,Будапешт
Анна,Партнер-Pro ТОВ #51,4,StarOne Пральні машини Air82,client11322@example.com,2243,17566.4,4391.6,Кузьменко,Німеччина,Коваленко І. О.,Пральні машини,+380628577477,90,Silver,Україна,Готівка,0.2,Скасовано,2025-01-07,Східна Європа,11322,Львів
Артем,Партнер-Grand ТОВ,2,EcoWave Меблі Lite15,client13895@example.com,1142,55618.9,27809.45,Поліщук,Китай,Коваленко І. О.,Меблі,+380968458185,91,Silver,Україна,Готівка,0.2,Скасовано,2023-11-21,Східна Європа,13895,Харків
Артем,Партнер-Smart ТОВ,1,UltraWave Зоотовари Max23,client13895@example.com,469,41349.2,41349.2,Поліщук,Південна Корея,Коваленко І. О.,Зоотовари,+380968458185,91,Silver,Україна,Готівка,0.2,Скасовано,2023-11-21,Східна Європа,13895,Харків
Артем,Альфа-Nova ТОВ,7,MaxMark Пральні машини Max96,client13895@example.com,713,167726.23,23960.89,Поліщук,Південна Корея,Коваленко І. О.,Пральні машини,+380968458185,91,Silver,Україна,Готівка,0.2,Скасовано,2023-11-21,Східна Європа,13895,Харків
Артем,Трейд-Vita ТОВ,4,ApexBrands Зоотовари S43,client13895@example.com,1801,166888.92,41722.23,Поліщук,Польща,Коваленко І. О.,Зоотовари,+380968458185,91,Silver,Україна,Готівка,0.2,Скасовано,2023-11-21,Східна Європа,13895,Харків
Артем,Альфа-Star ТОВ,2,ProLab Інструменти Lite92,client13895@example.com,903,23383.76,11691.88,Поліщук,Польща,Коваленко І. О.,Інструменти,+380968458185,91,Silver,Україна,Готівка,0.2,Скасовано,2023-11-21,Східна Європа,13895,Харків
Юрій,Європром-Pro ТОВ,5,SmartTrade Посуд S29,client12547@example.com,2904,69409.0,13881.8,Кузьменко,Південна Корея,Россі М. А.,Посуд,+380522940894,92,Gold,Іспанія,Google Pay,0.2,Створено,2023-12-05,Південна Європа,12547,Барселона
Дмитро,Опт-Apex ТОВ #59,8,SolarTrade Книги Max43,client9645@example.com,1969,26660.08,3332.51,Савченко,Південна Корея,Россі М. А.,Книги,+380571696237,93,Silver,Іспанія,Готівка,0.07,Доставлено,2024-11-23,Південна Європа,9645,Мадрид
Дмитро,Європром-Pro ТОВ,1,NovaOne Зоотовари Pro28,client9645@example.com,170,34542.36,34542.36,Савченко,Південна Корея,Россі М. А.,Зоотовари,+380571696237,93,Silver,Іспанія,Готівка,0.2,Доставлено,2024-11-23,Південна Європа,9645,Мадрид
Дмитро,Трейд-Apex ТОВ,1,ZenBrands Зоотовари S15,client9645@example.com,2731,3803.36,3803.36,Савченко,Україна,Россі М. А.,Зоотовари,+380571696237,93,Silver,Іспанія,Готівка,0.2,Доставлено,2024-11-23,Південна Європа,9645,Мадрид
Дмитро,Європром-Pro ТОВ #62,3,StarHub Іграшки Air73,client9645@example.com,690,6583.59,2194.53,Савченко,США,Россі М. А.,Іграшки,+380571696237,93,Silver,Іспанія,Готівка,0.2,Доставлено,2024-11-23,Південна Європа,9645,Мадрид
Світлана,Імпорт-Tech ТОВ,3,PrimeSystems Взуття Max76,client1927@example.com,2249,83788.26,27929.42,Бондаренко,Польща,Новак П. Я.,Взуття,+380801954111,94,Bronze,Польща,Картка,0.2,Створено,2025-03-04,Центральна Європа,1927,Вроцлав
Світлана,Захід-Tech ТОВ,7,ApexMark Смартфони S78,client1927@example.com,124,252677.88,36096.84,Бондаренко,Туреччина,Новак П. Я.,Смартфони,+380801954111,94,Bronze,Польща,Картка,0.2,Створено,2025-03-04,Центральна Європа,1927,Вроцлав
Світлана,Захід-Lux ТОВ,3,PrimeCore Інструменти Lite72,client1927@example.com,2392,98013.51,32671.17,Бондаренко,Південна Корея,Новак П. Я.,Інструменти,+380801954111,94,Bronze,Польща,Картка,0.2,Створено,2025-03-04,Центральна Європа,1927,Вроцлав
Марія,Опт-Grand ТОВ,6,VitaLine Пральні машини S34,client7013@example.com,145,14432.04,2405.34,Савченко,Італія,Новак П. Я.,Пральні машини,+380723782599,95,Gold,Польща,Apple Pay,0.2,Відправлено,2024-02-21,Центральна Європа,7013,Краків
Марія,Глобал-Eco ТОВ,1,PrimePoint Продукти X77,client7013@example.com,3537,43980.83,43980.83,Савченко,Польща,Новак П. Я.,Продукти,+380723782599,95,Gold,Польща,Apple Pay,0.07,Відправлено,2024-02-21,Центральна Європа,7013,Краків
Марія,Європром-Star ТОВ,4,AeroCore Посуд X42,client7013@example.com,1167,93058.04,23264.51,Савченко,Італія,Новак П. Я.,Посуд,+380723782599,95,Gold,Польща,Apple Pay,0.2,Відправлено,2024-02-21,Центральна Європа,7013,Краків
Марія,Меркурій-Apex ТОВ,6,VitaCore Канцтовари Pro3,client7013@example.com,3684,1401.42,233.57,Савченко,Польща,Новак П. Я.,Канцтовари,+380723782599,95,Gold,Польща,Apple Pay,0.2,Відправлено,2024-02-21,Центральна Європа,7013,Краків
Марія,Омега-Grand ТОВ,4,TechMark Іграшки Lite74,client7013@example.com,594,99118.8,24779.7,Савченко,Чехія,Новак П. Я.,Іграшки,+380723782599,95,Gold,Польща,Apple Pay,0.2,Відправлено,2024-02-21,Центральна Європа,7013,Краків
Олена,Альфа-Neo ТОВ,8,ApexLab Спорттовари Max69,client7121@example.com,1305,284937.04,35617.13,Мельник,Німеччина,Россі М. А.,Спорттовари,+380727029324,96,Silver,Італія,Apple Pay,0.2,Створено,2024-04-28,Південна Європа,7121,Мілан
Олена,Партнер-Pro ТОВ #51,4,UltraMark Меблі X48,client7121@example.com,864,162213.4,40553.35,Мельник,Німеччина,Россі М. А.,Меблі,+380727029324,96,Silver,Італія,Apple Pay,0.2,Створено,2024-04-28,Південна Європа,7121,Мілан
Олена,Опт-Apex ТОВ #59,4,SolarTrade Спорттовари X46,client7121@example.com,3385,11825.48,2956.37,Мельник,Південна Корея,Россі М. А.,Спорттовари,+380727029324,96,Silver,Італія,Apple Pay,0.2,Створено,2024-04-28,Південна Європа,7121,Мілан
Олена,Континент-Nova ТОВ #54,6,EcoSystems Зоотовари Pro79,client7121@example.com,1113,50560.14,8426.69,Мельник,Туреччина,Россі М. А.,Зоотовари,+380727029324,96,Silver,Італія,Apple Pay,0.2,Створено,2024-04-28,Південна Європа,7121,Мілан
Назар,Імпорт-Tech ТОВ #69,1,StarSystems Продукти Pro8,client2911@example.com,3460,39759.75,39759.75,Кузьменко,Італія,Новак П. Я.,Продукти,+380638131185,97,Bronze,Чехія,Накладений платіж,0.07,Створено,2024-11-02,Центральна Європа,2911,Прага
Михайло,Альфа-Volt ТОВ,4,ProWave Пральні машини Max93,client13005@example.com,2107,79109.12,19777.28,Руденко,Польща,Россі М. А.,Пральні машини,+380585507460,98,Gold,Іспанія,Apple Pay,0.2,Відправлено,2024-11-02,Південна Європа,13005,Барселона
Софія,Трейд-Apex ТОВ,2,VoltLab Планшети Air87,client400@example.com,434,81184.5,40592.25,Савченко,Україна,Коваленко І. О.,Планшети,+380917384324,99,Bronze,Україна,Картка,0.2,Скасовано,2023-08-27,Східна Європа,400,Київ
Світлана,Європром-Pro ТОВ #62,6,StarCore Фотоапарати Air14,client12791@example.com,2025,24188.1,4031.35,Бойко,США,Россі М. А.,Фотоапарати,+380814019544,100,Platinum,Італія,Apple Pay,0.2,Оплачено,2025-02-26,Південна Європа,12791,Рим
Світлана,Опт-Prime ТОВ,5,MaxTrade Зоотовари S70,client12791@example.com,143,56584.55,11316.91,Бойко,Китай,Россі М. А.,Зоотовари,+380814019544,100,Platinum,Італія,Apple Pay,0.2,Оплачено,2025-02-26,Південна Європа,12791,Рим
Світлана,Альфа-Neo ТОВ,1,ProGear Косметика S15,client12791@example.com,2708,31697.71,31697.71,Бойко,Німеччина,Россі М. А.,Косметика,+380814019544,100,Platinum,Італія,Apple Pay,0.2,Оплачено,2025-02-26,Південна Європа,12791,Рим
Олександр,Омега-Max ТОВ #31,3,SmartWorks Взуття Air13,client10988@example.com,1875,17148.48,5716.16,Ткаченко,Туреччина,Ліндберг Е. С.,Взуття,+380518748057,101,Platinum,Швеція,Накладений платіж,0.2,Повернено,2024-09-08,Північна Європа,10988,Стокгольм
Олександр,Опт-Lux ТОВ,2,SmartHub Книги Max98,client10988@example.com,162,27877.72,13938.86,Ткаченко,Туреччина,Ліндберг Е. С.,Книги,+380518748057,101,Platinum,Швеція,Накладений платіж,0.07,Повернено,2024-09-08,Північна Європа,10988,Стокгольм
Олександр,Європром-Solar ТОВ,6,PrimeGear Аудіотехніка Max34,client10988@example.com,1557,226130.04,37688.34,Ткаченко,Туреччина,Ліндберг Е. С.,Аудіотехніка,+380518748057,101,Platinum,Швеція,Накладений платіж,0.2,Повернено,2024-09-08,Північна Європа,10988,Стокгольм
Олександр,Партнер-Pro ТОВ #51,5,SolarBrands Зоотовари Lite5,client10988@example.com,3014,127547.2,25509.44,Ткаченко,Німеччина,Ліндберг Е. С.,Зоотовари,+380518748057,101,Platinum,Швеція,Накладений платіж,0.2,Повернено,2024-09-08,Північна Європа,10988,Стокгольм
Олег,Омега-Grand ТОВ,7,LuxPoint Аудіотехніка Pro63,client4121@example.com,2485,164667.23,23523.89,Коваленко,Чехія,Шмідт Г. К.,Аудіотехніка,+380531901788,102,Silver,Німеччина,Накладений платіж,0.2,Скасовано,2024-02-06,Західна Європа,4121,Гамбург
Олег,Глобал-Aero ТОВ,2,SmartSoft Спорттовари X58,client4121@example.com,3124,35889.88,17944.94,Коваленко,Італія,Шмідт Г. К.,Спорттовари,+380531901788,102,Silver,Німеччина,Накладений платіж,0.2,Скасовано,2024-02-06,Західна Європа,4121,Гамбург
Олег,Захід-Tech ТОВ,6,StarSystems Книги Air18,client4121@example.com,3990,6780.06,1130.01,Коваленко,Туреччина,Шмідт Г. К.,Книги,+380531901788,102,Silver,Німеччина,Накладений платіж,0.07,Скасовано,2024-02-06,Західна Європа,4121,Гамбург
Олег,Європром-Nova ТОВ,8,MaxLab Планшети Max78,client4121@example.com,1911,233093.36,29136.67,Коваленко,Італія,Шмідт Г. К.,Планшети,+380531901788,102,Silver,Німеччина,Накладений платіж,0.2,Скасовано,2024-02-06,Західна Європа,4121,Гамбург
Максим,Омега-Volt ТОВ,1,ProOne Меблі Air61,client10352@example.com,1677,22563.22,22563.22,Петренко,Чехія,Шмідт Г. К.,Меблі,+380814895367,103,Bronze,Австрія,Google Pay,0.2,Оплачено,2023-10-27,Західна Європа,10352,Відень
Максим,Меркурій-Ultra ТОВ,3,NovaCore Продукти X64,client10352@example.com,3844,108893.46,36297.82,Петренко,Польща,Шмідт Г. К.,Продукти,+380814895367,103,Bronze,Австрія,Google Pay,0.07,Оплачено,2023-10-27,Західна Європа,10352,Відень
Максим,Меркурій-Grand ТОВ,5,PrimePoint Фотоапарати S95,client10352@example.com,525,58382.0,11676.4,Петренко,Україна,Шмідт Г. К.,Фотоапарати,+380814895367,103,Bronze,Австрія,Google Pay,0.2,Оплачено,2023-10-27,Західна Європа,10352,Відень
Максим,Опт-Max ТОВ,6,ApexPlus Фотоапарати Max37,client10352@example.com,1467,5976.48,996.08,Петренко,Туреччина,Шмідт Г. К.,Фотоапарати,+380814895367,103,Bronze,Австрія,Google Pay,0.2,Оплачено,2023-10-27,Західна Європа,10352,Відень
Олег,Імпорт-Tech ТОВ,3,ProWorks Аудіотехніка Max94,client1425@example.com,1398,36478.56,12159.52,Ткаченко,Польща,Коваленко І. О.,Аудіотехніка,+380672260050,104,Gold,Україна,Картка,0.2,Скасовано,2024-07-13,Східна Європа,1425,Київ
Олег,Омега-Solar ТОВ,5,StarPlus Пральні машини Max9,client1425@example.com,3343,118970.85,23794.17,Ткаченко,Південна Корея,Коваленко І. О.,Пральні машини,+380672260050,104,Gold,Україна,Картка,0.2,Скасовано,2024-07-13,Східна Європа,1425,Київ
Олег,Трейд-Neo ТОВ,4,TechCraft Зоотовари Lite19,client1425@example.com,983,128930.28,32232.57,Ткаченко,Туреччина,Коваленко І. О.,Зоотовари,+380672260050,104,Gold,Україна,Картка,0.2,Скасовано,2024-07-13,Східна Європа,1425,Київ
Олег,Омега-Neo ТОВ,4,NeoMark Продукти Air21,client1425@example.com,2108,25976.76,6494.19,Ткаченко,Чехія,Коваленко І. О.,Продукти,+380672260050,104,Gold,Україна,Картка,0.07,Скасовано,2024-07-13,Східна Європа,1425,Київ
Олег,Меркурій-Lux ТОВ,2,SolarHub Планшети Max62,client1425@example.com,276,19337.42,9668.71,Ткаченко,Китай,Коваленко І. О.,Планшети,+380672260050,104,Gold,Україна,Картка,0.2,Скасовано,2024-07-13,Східна Європа,1425,Київ
Михайло,Глобал-Prime ТОВ,6,GrandGear Планшети Max82,client13433@example.com,174,112952.04,18825.34,Марченко,Німеччина,Новак П. Я.,Планшети,+380906615224,105,Platinum,Угорщина,Картка,0.2,Відправлено,2023-04-17,Центральна Європа,13433,Будапешт
Тарас,Європром-Ultra ТОВ #72,8,MaxGear Аудіотехніка Air7,client7629@example.com,3057,55415.44,6926.93,Мороз,Чехія,Новак П. Я.,Аудіотехніка,+380955288766,106,Silver,Польща,Google Pay,0.2,Оплачено,2024-06-26,Центральна Європа,7629,Варшава
Тарас,Опт-Vita ТОВ,7,LuxGear Смартфони S54,client7629@example.com,2770,99272.18,14181.74,Мороз,Китай,Новак П. Я.,Смартфони,+380955288766,106,Silver,Польща,Google Pay,0.2,Оплачено,2024-06-26,Центральна Європа,7629,Варшава
Тарас,Континент-Nova ТОВ #54,6,AeroWorks Аудіотехніка Lite77,client7629@example.com,365,129549.6,21591.6,Мороз,Туреччина,Новак П. Я.,Аудіотехніка,+380955288766,106,Silver,Польща,Google Pay,0.2,Оплачено,2024-06-26,Центральна Європа,7629,Варшава
Артем,Омега-Neo ТОВ,6,AeroCore Книги Max90,client11384@example.com,672,62312.16,10385.36,Гончар,Чехія,Новак П. Я.,Книги,+380888810752,107,Silver,Польща,Накладений платіж,0.07,Створено,2023-08-29,Центральна Європа,11384,Краків
Артем,Європром-Apex ТОВ,6,AeroPoint Канцтовари X34,client11384@example.com,1862,258810.9,43135.15,Гончар,Туреччина,Новак П. Я.,Канцтовари,+380888810752,107,Silver,Польща,Накладений платіж,0.2,Створено,2023-08-29,Центральна Європа,11384,Краків
Артем,Альфа-Nova ТОВ,1,LuxPlus Продукти Lite2,client11384@example.com,2841,13657.52,13657.52,Гончар,Південна Корея,Новак П. Я.,Продукти,+380888810752,107,Silver,Польща,Накладений платіж,0.07,Створено,2023-08-29,Центральна Європа,11384,Краків
Артем,Альфа-Prime ТОВ,4,GrandCore Зоотовари Lite45,client11384@example.com,561,119535.16,29883.79,Гончар,Туреччина,Новак П. Я.,Зоотовари,+380888810752,107,Silver,Польща,Накладений платіж,0.2,Створено,2023-08-29,Центральна Європа,11384,Краків
Артем,Глобал-Aero ТОВ,7,TechGear Фотоапарати Pro56,client11384@example.com,368,33685.47,4812.21,Гончар,Італія,Новак П. Я.,Фотоапарати,+380888810752,107,Silver,Польща,Накладений платіж,0.2,Створено,2023-08-29,Центральна Європа,11384,Краків
Тетяна,Захід-Max ТОВ,7,VitaMark Фотоапарати Air87,client11495@example.com,287,238629.02,34089.86,Марченко,Польща,Россі М. А.,Фотоапарати,+380923299491,108,Silver,Іспанія,Картка,0.2,Скасовано,2024-05-30,Південна Європа,11495,Барселона
Назар,Трейд-Tech ТОВ,5,StarWorks Пральні машини Max9,client9103@example.com,1041,195544.25,39108.85,Руденко,Італія,Новак П. Я.,Пральні машини,+380598544389,109,Bronze,Чехія,Google Pay,0.2,Створено,2023-05-31,Центральна Європа,9103,Прага
Назар,Партнер-Pro ТОВ #51,3,GrandLab Косметика Lite92,client9103@example.com,149,122823.15,40941.05,Руденко,Німеччина,Новак П. Я.,Косметика,+380598544389,109,Bronze,Чехія,Google Pay,0.2,Створено,2023-05-31,Центральна Європа,9103,Прага
Назар,Європром-Pro ТОВ,3,ZenPlus Аудіотехніка S44,client9103@example.com,3577,112298.1,37432.7,Руденко,Південна Корея,Новак П. Я.,Аудіотехніка,+380598544389,109,Bronze,Чехія,Google Pay,0.2,Створено,2023-05-31,Центральна Європа,9103,Прага
Назар,Омега-Max ТОВ,1,EcoOne Пральні машини Max48,client9103@example.com,1594,36735.84,36735.84,Руденко,Чехія,Новак П. Я.,Пральні машини,+380598544389,109,Bronze,Чехія,Google Pay,0.2,Створено,2023-05-31,Центральна Європа,9103,Прага
Олександр,Європром-Smart ТОВ,3,TechOne Взуття Pro93,client7396@example.com,523,96347.85,32115.95,Левченко,Південна Корея,Коваленко І. О.,Взуття,+380539354013,110,Gold,Україна,Накладений платіж,0.2,Відправлено,2023-09-12,Східна Європа,7396,Львів
Олександр,Меркурій-Grand ТОВ #47,5,UltraPoint Книги X12,client7396@example.com,155,187190.75,37438.15,Левченко,Німеччина,Коваленко І. О.,Книги,+380539354013,110,Gold,Україна,Накладений платіж,0.07,Відправлено,2023-09-12,Східна Європа,7396,Львів
Олександр,Європром-Ultra ТОВ,5,ZenWave Канцтовари Lite88,client7396@example.com,538,223982.4,44796.48,Левченко,Німеччина,Коваленко І. О.,Канцтовари,+380539354013,110,Gold,Україна,Накладений платіж,0.2,Відправлено,2023-09-12,Східна Європа,7396,Львів
Олександр,Імпорт-Tech ТОВ,6,SolarHub Аудіотехніка Air95,client7396@example.com,2811,104403.3,17400.55,Левченко,Польща,Коваленко І. О.,Аудіотехніка,+380539354013,110,Gold,Україна,Накладений платіж,0.2,Відправлено,2023-09-12,Східна Європа,7396,Львів
Максим,Європром-Ultra ТОВ,5,GrandOne Фотоапарати Max81,client1570@example.com,3838,123200.0,24640.0,Олійник,Німеччина,Россі М. А.,Фотоапарати,+380631633577,111,Silver,Італія,Картка,0.2,Скасовано,2023-07-18,Південна Європа,1570,Мілан
Максим,Захід-Solar ТОВ,8,NovaPoint Холодильники S2,client1570@example.com,2222,40886.24,5110.78,Олійник,Південна Корея,Россі М. А.,Холодильники,+380631633577,111,Silver,Італія,Картка,0.2,Скасовано,2023-07-18,Південна Європа,1570,Мілан
Максим,Меркурій-Lux ТОВ,1,NovaMark Іграшки Max51,client1570@example.com,3319,5193.28,5193.28,Олійник,Китай,Россі М. А.,Іграшки,+380631633577,111,Silver,Італія,Картка,0.2,Скасовано,2023-07-18,Південна Європа,1570,Мілан
Максим,Імпорт-Star ТОВ,8,ProCraft Фотоапарати X7,client1570@example.com,2375,11684.08,1460.51,Олійник,Південна Корея,Россі М. А.,Фотоапарати,+380631633577,111,Silver,Італія,Картка,0.2,Скасовано,2023-07-18,Південна Європа,1570,Мілан
Максим,Європром-Pro ТОВ #62,2,StarCraft Зоотовари Max87,client1570@example.com,1125,86686.44,43343.22,Олійник,США,Россі М. А.,Зоотовари,+380631633577,111,Silver,Італія,Картка,0.2,Скасовано,2023-07-18,Південна Європа,1570,Мілан
Світлана,Альфа-Smart ТОВ,7,PrimeLine Меблі X46,client11564@example.com,352,174735.26,24962.18,Поліщук,Південна Корея,Новак П. Я.,Меблі,+380845579036,112,Gold,Чехія,Картка,0.2,Оплачено,2024-05-22,Центральна Європа,11564,Брно
Світлана,Меркурій-Grand ТОВ #47,1,VitaWorks Зоотовари Max71,client11564@example.com,1460,11918.52,11918.52,Поліщук,Німеччина,Новак П. Я.,Зоотовари,+380845579036,112,Gold,Чехія,Картка,0.2,Оплачено,2024-05-22,Центральна Європа,11564,Брно
Назар,Омега-Max ТОВ,7,StarCraft Іграшки Lite26,client1711@example.com,1046,156715.86,22387.98,Петренко,Чехія,Шмідт Г. К.,Іграшки,+380532867625,113,Silver,Німеччина,Google Pay,0.2,Скасовано,2023-07-29,Західна Європа,1711,Гамбург
Назар,Трейд-Neo ТОВ #67,6,LuxGear Планшети Lite96,client1711@example.com,3648,252935.94,42155.99,Петренко,Китай,Шмідт Г. К.,Планшети,+380532867625,113,Silver,Німеччина,Google Pay,0.2,Скасовано,2023-07-29,Західна Європа,1711,Гамбург
Назар,Опт-Vita ТОВ,5,SolarLab Смартфони Lite14,client1711@example.com,3358,96162.5,19232.5,Петренко,Китай,Шмідт Г. К.,Смартфони,+380532867625,113,Silver,Німеччина,Google Pay,0.2,Скасовано,2023-07-29,Західна Європа,1711,Гамбург
Назар,Меркурій-Grand ТОВ #47,6,TechOne Інструменти Pro24,client1711@example.com,3052,51676.14,8612.69,Петренко,Німеччина,Шмідт Г. К.,Інструменти,+380532867625,113,Silver,Німеччина,Google Pay,0.2,Скасовано,2023-07-29,Західна Європа,1711,Гамбург
Назар,Глобал-Prime ТОВ,8,EcoOne Смартфони Lite15,client1711@example.com,1936,159306.56,19913.32,Петренко,Німеччина,Шмідт Г. К.,Смартфони,+380532867625,113,Silver,Німеччина,Google Pay,0.2,Скасовано,2023-07-29,Західна Європа,1711,Гамбург
Сергій,Трейд-Neo ТОВ #67,2,GrandCore Смартфони Lite99,client6567@example.com,650,34373.16,17186.58,Шевченко,Китай,Новак П. Я.,Смартфони,+380858295010,114,Platinum,Чехія,Картка,0.2,Створено,2023-06-14,Центральна Європа,6567,Брно
Сергій,Європром-Apex ТОВ,1,SolarSoft Смартфони Air47,client6567@example.com,126,32969.57,32969.57,Шевченко,Туреччина,Новак П. Я.,Смартфони,+380858295010,114,Platinum,Чехія,Картка,0.2,Створено,2023-06-14,Центральна Європа,6567,Брно
Сергій,Континент-Nova ТОВ,7,EcoWave Ноутбуки Pro99,client6567@example.com,1774,241375.96,34482.28,Шевченко,США,Новак П. Я.,Ноутбуки,+380858295010,114,Platinum,Чехія,Картка,0.2,Створено,2023-06-14,Центральна Європа,6567,Брно
Максим,Імпорт-Aero ТОВ,8,NovaBrands Ноутбуки X65,client9661@example.com,2254,65571.52,8196.44,Олійник,Туреччина,Ліндберг Е. С.,Ноутбуки,+380705527685,115,Bronze,Швеція,Картка,0.2,Доставлено,2025-04-19,Північна Європа,9661,Гетеборг
Максим,Альфа-Prime ТОВ,4,ApexOne Телевізори Air71,client9661@example.com,3341,14639.36,3659.84,Олійник,Туреччина,Ліндберг Е. С.,Телевізори,+380705527685,115,Bronze,Швеція,Картка,0.2,Доставлено,2025-04-19,Північна Європа,9661,Гетеборг
Ірина,Партнер-Max ТОВ,8,VitaTrade Косметика Max61,client11093@example.com,1326,70779.36,8847.42,Павленко,Китай,Коваленко І. О.,Косметика,+380512821244,116,Platinum,Україна,Накладений платіж,0.2,Скасовано,2025-01-09,Східна Європа,11093,Харків
Ірина,Омега-Solar ТОВ,2,GrandLab Меблі X74,client11093@example.com,3212,22193.98,11096.99,Павленко,Південна Корея,Коваленко І. О.,Меблі,+380512821244,116,Platinum,Україна,Накладений платіж,0.2,Скасовано,2025-01-09,Східна Європа,11093,Харків
Артем,Імпорт-Star ТОВ,8,SmartLab Спорттовари S69,client11404@example.com,1278,150861.36,18857.67,Марченко,Південна Корея,Коваленко І. О.,Спорттовари,+380676331203,117,Silver,Україна,Готівка,0.2,Створено,2023-04-06,Східна Європа,11404,Одеса
Артем,Омега-Prime ТОВ,1,GrandWorks Планшети Lite17,client11404@example.com,1795,34072.06,34072.06,Марченко,Італія,Коваленко І. О.,Планшети,+380676331203,117,Silver,Україна,Готівка,0.2,Створено,2023-04-06,Східна Європа,11404,Одеса
Максим,Партнер-Pro ТОВ,2,UltraSoft Іграшки Pro61,client4597@example.com,206,62676.88,31338.44,Коваленко,Туреччина,Коваленко І. О.,Іграшки,+380535003433,118,Silver,Україна,Готівка,0.2,Скасовано,2024-04-26,Східна Європа,4597,Одеса
Максим,Імпорт-Star ТОВ,4,GrandTrade Пральні машини X74,client4597@example.com,3265,64998.28,16249.57,Коваленко,Південна Корея,Коваленко І. О.,Пральні машини,+380535003433,118,Silver,Україна,Готівка,0.2,Скасовано,2024-04-26,Східна Європа,4597,Одеса
Максим,Меркурій-Apex ТОВ,4,EcoMark Телевізори Pro15,client4597@example.com,669,144569.0,36142.25,Коваленко,Польща,Коваленко І. О.,Телевізори,+380535003433,118,Silver,Україна,Готівка,0.2,Скасовано,2024-04-26,Східна Європа,4597,Одеса
Максим,Меркурій-Grand ТОВ #47,8,SmartGear Косметика Lite61,client4597@example.com,792,49849.6,6231.2,Коваленко,Німеччина,Коваленко І. О.,Косметика,+380535003433,118,Silver,Україна,Готівка,0.2,Скасовано,2024-04-26,Східна Європа,4597,Одеса
Максим,Імпорт-Aero ТОВ,3,ApexMark Інструменти S83,client4597@example.com,3219,116948.91,38982.97,Коваленко,Туреччина,Коваленко І. О.,Інструменти,+380535003433,118,Silver,Україна,Готівка,0.2,Скасовано,2024-04-26,Східна Європа,4597,Одеса
Оксана,Європром-Solar ТОВ,3,SmartGear Планшети Air25,client9255@example.com,2010,19259.37,6419.79,Руденко,Туреччина,Ліндберг Е. С.,Планшети,+380799118233,119,Bronze,Фінляндія,Картка,0.2,Повернено,2024-09-06,Північна Європа,9255,Гельсінкі
Оксана,Опт-Max ТОВ,2,StarOne Спорттовари Lite23,client9255@example.com,1611,53505.02,26752.51,Руденко,Туреччина,Ліндберг Е. С.,Спорттовари,+380799118233,119,Bronze,Фінляндія,Картка,0.2,Повернено,2024-09-06,Північна Європа,9255,Гельсінкі
Оксана,Імпорт-Star ТОВ,1,SolarWorks Телевізори X19,client9255@example.com,1023,17796.78,17796.78,Руденко,Південна Корея,Ліндберг Е. С.,Телевізори,+380799118233,119,Bronze,Фінляндія,Картка,0.2,Повернено,2024-09-06,Північна Європа,9255,Гельсінкі
Оксана,Імпорт-Star ТОВ,2,SmartBrands Одяг X90,client9255@example.com,682,46686.64,23343.32,Руденко,Південна Корея,Ліндберг Е. С.,Одяг,+380799118233,119,Bronze,Фінляндія,Картка,0.2,Повернено,2024-09-06,Північна Європа,9255,Гельсінкі
Оксана,Альфа-Max ТОВ,5,AeroLab Посуд S61,client9255@example.com,3544,91531.0,18306.2,Руденко,Китай,Ліндберг Е. С.,Посуд,+380799118233,119,Bronze,Фінляндія,Картка,0.2,Повернено,2024-09-06,Північна Європа,9255,Гельсінкі
Артем,Альфа-Star ТОВ,5,GrandTrade Аудіотехніка X57,client4300@example.com,1691,26768.85,5353.77,Олійник,Польща,Коваленко І. О.,Аудіотехніка,+380512381525,120,Platinum,Україна,Готівка,0.2,Повернено,2023-02-15,Східна Європа,4300,Дніпро
Софія,Європром-Pro ТОВ #62,5,PrimeOne Телевізори Pro64,client8930@example.com,1045,113247.25,22649.45,Петренко,США,Коваленко І. О.,Телевізори,+380921138336,121,Silver,Україна,Готівка,0.2,Доставлено,2023-06-27,Східна Європа,8930,Дніпро
Юлія,Опт-Vita ТОВ,8,ZenLab Смартфони Lite55,client6356@example.com,1848,278756.48,34844.56,Савченко,Китай,Шмідт Г. К.,Смартфони,+380564012314,122,Platinum,Німеччина,Apple Pay,0.2,Відправлено,2023-09-04,Західна Європа,6356,Гамбург
Юлія,Омега-Solar ТОВ,2,GrandLab Меблі X74,client6356@example.com,3212,22193.98,11096.99,Савченко,Південна Корея,Шмідт Г. К.,Меблі,+380564012314,122,Platinum,Німеччина,Apple Pay,0.2,Відправлено,2023-09-04,Західна Європа,6356,Гамбург
Наталія,Альфа-Smart ТОВ,4,MaxWave Меблі Lite86,client4175@example.com,3698,166836.68,41709.17,Коваленко,Південна Корея,Россі М. А.,Меблі,+380987275474,123,Platinum,Іспанія,Накладений платіж,0.2,Оплачено,2025-03-04,Південна Європа,4175,Барселона
Наталія,Меркурій-Apex ТОВ,4,AeroCraft Спорттовари S39,client4175@example.com,3167,169211.72,42302.93,Коваленко,Польща,Россі М. А.,Спорттовари,+380987275474,123,Platinum,Іспанія,Накладений платіж,0.2,Оплачено,2025-03-04,Південна Європа,4175,Барселона
Наталія,Омега-Neo ТОВ,1,AeroMark Інструменти Air28,client4175@example.com,1583,23750.44,23750.44,Коваленко,Чехія,Россі М. А.,Інструменти,+380987275474,123,Platinum,Іспанія,Накладений платіж,0.2,Оплачено,2025-03-04,Південна Європа,4175,Барселона
Ірина,Опт-Apex ТОВ,6,SolarSoft Канцтовари X23,client8103@example.com,551,236055.66,39342.61,Мельник,Україна,Шмідт Г. К.,Канцтовари,+380832668598,124,Gold,Німеччина,Готівка,0.2,Доставлено,2023-05-10,Західна Європа,8103,Мюнхен
Тарас,Омега-Grand ТОВ,5,UltraLine Ноутбуки Lite15,client7102@example.com,2914,20664.95,4132.99,Руденко,Чехія,Новак П. Я.,Ноутбуки,+380874381142,125,Bronze,Чехія,Apple Pay,0.2,Доставлено,2024-08-05,Центральна Європа,7102,Прага
Світлана,Опт-Solar ТОВ,3,StarPlus Спорттовари Pro88,client6406@example.com,1056,81226.17,27075.39,Павленко,Німеччина,Коваленко І. О.,Спорттовари,+380555404818,126,Gold,Україна,Apple Pay,0.2,Відправлено,2024-09-12,Східна Європа,6406,Дніпро
Тарас,Європром-Star ТОВ,3,SolarOne Одяг Max46,client11136@example.com,940,131703.72,43901.24,Коваленко,Італія,Шмідт Г. К.,Одяг,+380533571355,127,Platinum,Австрія,Картка,0.2,Доставлено,2024-02-06,Західна Європа,11136,Відень
Тарас,Європром-Apex ТОВ,1,SolarPoint Телевізори X43,client11136@example.com,772,9444.98,9444.98,Коваленко,Туреччина,Шмідт Г. К.,Телевізори,+380533571355,127,Platinum,Австрія,Картка,0.2,Доставлено,2024-02-06,Західна Європа,11136,Відень
Тарас,Імпорт-Star ТОВ,4,ProWave Зоотовари Air44,client11136@example.com,3048,113115.2,28278.8,Коваленко,Південна Корея,Шмідт Г. К.,Зоотовари,+380533571355,127,Platinum,Австрія,Картка,0.2,Доставлено,2024-02-06,Західна Європа,11136,Відень
Назар,Меркурій-Vita ТОВ,4,TechPoint Аудіотехніка S29,client3612@example.com,2184,114025.96,28506.49,Лисенко,Туреччина,Шмідт Г. К.,Аудіотехніка,+380996470553,128,Bronze,Німеччина,Картка,0.2,Створено,2025-01-07,Західна Європа,3612,Мюнхен
Назар,Трейд-Ultra ТОВ,7,ZenPlus Взуття Max70,client3612@example.com,3988,190792.56,27256.08,Лисенко,Туреччина,Шмідт Г. К.,Взуття,+380996470553,128,Bronze,Німеччина,Картка,0.2,Створено,2025-01-07,Західна Європа,3612,Мюнхен
Назар,Опт-Prime ТОВ,2,GrandBrands Книги S8,client3612@example.com,2436,70347.24,35173.62,Лисенко,Китай,Шмідт Г. К.,Книги,+380996470553,128,Bronze,Німеччина,Картка,0.07,Створено,2025-01-07,Західна Європа,3612,Мюнхен
Назар,Захід-Solar ТОВ,6,NeoSystems Одяг X74,client3612@example.com,3220,16231.38,2705.23,Лисенко,Південна Корея,Шмідт Г. К.,Одяг,+380996470553,128,Bronze,Німеччина,Картка,0.2,Створено,2025-01-07,Західна Європа,3612,Мюнхен
Назар,Меркурій-Ultra ТОВ #35,8,AeroPoint Канцтовари X95,client3612@example.com,3196,172717.04,21589.63,Лисенко,Польща,Шмідт Г. К.,Канцтовари,+380996470553,128,Bronze,Німеччина,Картка,0.2,Створено,2025-01-07,Західна Європа,3612,Мюнхен
Дмитро,Омега-Volt ТОВ,2,NeoBrands Посуд Max15,client5090@example.com,2260,9228.24,4614.12,Мельник,Чехія,Коваленко І. О.,Посуд,+380907701739,129,Bronze,Україна,Накладений платіж,0.2,Оплачено,2023-10-24,Східна Європа,5090,Одеса
Дмитро,Меркурій-Grand ТОВ #47,2,ApexMark Косметика Lite41,client5090@example.com,2164,49177.92,24588.96,Мельник,Німеччина,Коваленко І. О.,Косметика,+380907701739,129,Bronze,Україна,Накладений платіж,0.2,Оплачено,2023-10-24,Східна Європа,5090,Одеса
Ірина,Опт-Prime ТОВ #45,1,SmartSystems Канцтовари Pro64,client8354@example.com,2067,4128.52,4128.52,Мельник,Південна Корея,Ліндберг Е. С.,Канцтовари,+380992800224,130,Gold,Фінляндія,Готівка,0.2,Доставлено,2023-11-12,Північна Європа,8354,Гельсінкі
Ірина,Партнер-Pro ТОВ #51,2,UltraSoft Канцтовари Pro43,client8354@example.com,2875,4871.26,2435.63,Мельник,Німеччина,Ліндберг Е. С.,Канцтовари,+380992800224,130,Gold,Фінляндія,Готівка,0.2,Доставлено,2023-11-12,Північна Європа,8354,Гельсінкі
Ірина,Опт-Prime ТОВ #45,1,ProCore Зоотовари S22,client8354@example.com,2986,6827.39,6827.39,Мельник,Південна Корея,Ліндберг Е. С.,Зоотовари,+380992800224,130,Gold,Фінляндія,Готівка,0.2,Доставлено,2023-11-12,Північна Європа,8354,Гельсінкі
Ірина,Альфа-Volt ТОВ,8,TechLab Аудіотехніка Air93,client8354@example.com,2679,11877.52,1484.69,Мельник,Польща,Ліндберг Е. С.,Аудіотехніка,+380992800224,130,Gold,Фінляндія,Готівка,0.2,Доставлено,2023-11-12,Північна Європа,8354,Гельсінкі
Ірина,Захід-Lux ТОВ,3,MaxTrade Телевізори Max57,client8354@example.com,717,98200.38,32733.46,Мельник,Південна Корея,Ліндберг Е. С.,Телевізори,+380992800224,130,Gold,Фінляндія,Готівка,0.2,Доставлено,2023-11-12,Північна Європа,8354,Гельсінкі
Олег,Імпорт-Aero ТОВ,2,TechTrade Книги Air38,client2926@example.com,3070,41314.9,20657.45,Мельник,Туреччина,Ліндберг Е. С.,Книги,+380515621998,131,Platinum,Швеція,Apple Pay,0.07,Повернено,2024-11-06,Північна Європа,2926,Стокгольм
Олег,Європром-Ultra ТОВ,4,AeroWave Телевізори S78,client6782@example.com,2252,177123.24,44280.81,Савченко,Німеччина,Шмідт Г. К.,Телевізори,+380501309845,132,Platinum,Франція,Google Pay,0.2,Повернено,2023-10-20,Західна Європа,6782,Париж
Олег,Континент-Nova ТОВ #54,4,ApexPoint Продукти Pro52,client6782@example.com,2783,24353.72,6088.43,Савченко,Туреччина,Шмідт Г. К.,Продукти,+380501309845,132,Platinum,Франція,Google Pay,0.07,Повернено,2023-10-20,Західна Європа,6782,Париж
Олег,Континент-Nova ТОВ,8,ApexSoft Іграшки Air56,client6782@example.com,2487,168445.68,21055.71,Савченко,США,Шмідт Г. К.,Іграшки,+380501309845,132,Platinum,Франція,Google Pay,0.2,Повернено,2023-10-20,Західна Європа,6782,Париж
Олег,Омега-Neo ТОВ,4,NovaBrands Косметика Pro54,client6782@example.com,2177,44450.56,11112.64,Савченко,Чехія,Шмідт Г. К.,Косметика,+380501309845,132,Platinum,Франція,Google Pay,0.2,Повернено,2023-10-20,Західна Європа,6782,Париж
Андрій,Партнер-Pro ТОВ,7,UltraBrands Ноутбуки Air38,client12630@example.com,861,123058.04,17579.72,Шевчук,Туреччина,Новак П. Я.,Ноутбуки,+380749560051,133,Platinum,Польща,Готівка,0.2,Створено,2023-07-06,Центральна Європа,12630,Вроцлав
Андрій,Європром-Pro ТОВ #62,6,EcoWave Інструменти S74,client12630@example.com,1359,206981.22,34496.87,Шевчук,США,Новак П. Я.,Інструменти,+380749560051,133,Platinum,Польща,Готівка,0.2,Створено,2023-07-06,Центральна Європа,12630,Вроцлав
Андрій,Глобал-Eco ТОВ,5,ApexSoft Смартфони Lite68,client12630@example.com,947,88873.45,17774.69,Шевчук,Польща,Новак П. Я.,Смартфони,+380749560051,133,Platinum,Польща,Готівка,0.2,Створено,2023-07-06,Центральна Європа,12630,Вроцлав
Оксана,Імпорт-Zen ТОВ,7,ApexTrade Планшети Pro93,client104@example.com,1687,13483.82,1926.26,Шевченко,Польща,Коваленко І. О.,Планшети,+380743821058,134,Bronze,Україна,Apple Pay,0.2,Скасовано,2023-06-27,Східна Європа,104,Київ
Оксана,Імпорт-Neo ТОВ,1,StarOne Книги Max96,client104@example.com,3371,31282.97,31282.97,Шевченко,Туреччина,Коваленко І. О.,Книги,+380743821058,134,Bronze,Україна,Apple Pay,0.07,Скасовано,2023-06-27,Східна Європа,104,Київ
Оксана,Європром-Solar ТОВ,8,VoltOne Іграшки Max70,client104@example.com,3461,62177.92,7772.24,Шевченко,Туреччина,Коваленко І. О.,Іграшки,+380743821058,134,Bronze,Україна,Apple Pay,0.2,Скасовано,2023-06-27,Східна Європа,104,Київ
Оксана,Європром-Star ТОВ,5,NovaLab Взуття Air36,client104@example.com,1349,214001.15,42800.23,Шевченко,Італія,Коваленко І. О.,Взуття,+380743821058,134,Bronze,Україна,Apple Pay,0.2,Скасовано,2023-06-27,Східна Європа,104,Київ
Оксана,Опт-Apex ТОВ,2,SmartSystems Спорттовари X19,client104@example.com,2790,65767.18,32883.59,Шевченко,Україна,Коваленко І. О.,Спорттовари,+380743821058,134,Bronze,Україна,Apple Pay,0.2,Скасовано,2023-06-27,Східна Європа,104,Київ
Дмитро,Альфа-Max ТОВ,5,SolarBrands Аудіотехніка Lite22,client6851@example.com,942,171136.3,34227.26,Поліщук,Китай,Новак П. Я.,Аудіотехніка,+380994054352,135,Platinum,Польща,Картка,0.2,Повернено,2024-07-02,Центральна Європа,6851,Краків
Тарас,Імпорт-Zen ТОВ,6,SolarWorks Канцтовари Air38,client6711@example.com,2542,39455.34,6575.89,Бойко,Польща,Шмідт Г. К.,Канцтовари,+380989032352,136,Gold,Франція,Накладений платіж,0.2,Повернено,2024-07-30,Західна Європа,6711,Париж
Максим,Опт-Apex ТОВ #59,8,NeoCraft Аудіотехніка Max25,client6026@example.com,3315,148406.24,18550.78,Левченко,Південна Корея,Россі М. А.,Аудіотехніка,+380624157649,137,Bronze,Іспанія,Google Pay,0.2,Повернено,2023-07-20,Південна Європа,6026,Мадрид
Максим,Партнер-Smart ТОВ,6,UltraMark Спорттовари S36,client6026@example.com,404,25473.78,4245.63,Левченко,Південна Корея,Россі М. А.,Спорттовари,+380624157649,137,Bronze,Іспанія,Google Pay,0.2,Повернено,2023-07-20,Південна Європа,6026,Мадрид
Олександр,Партнер-Grand ТОВ #61,5,ProPoint Посуд Pro91,client10441@example.com,1369,217469.9,43493.98,Руденко,Польща,Коваленко І. О.,Посуд,+380714801482,138,Bronze,Україна,Картка,0.2,Скасовано,2023-02-27,Східна Європа,10441,Дніпро
Олександр,Опт-Lux ТОВ #28,1,ProPlus Канцтовари Lite68,client10441@example.com,1674,36399.82,36399.82,Руденко,Польща,Коваленко І. О.,Канцтовари,+380714801482,138,Bronze,Україна,Картка,0.2,Скасовано,2023-02-27,Східна Європа,10441,Дніпро
Олександр,Імпорт-Tech ТОВ #69,2,UltraWorks Взуття Max22,client10441@example.com,2589,16322.36,8161.18,Руденко,Італія,Коваленко І. О.,Взуття,+380714801482,138,Bronze,Україна,Картка,0.2,Скасовано,2023-02-27,Східна Європа,10441,Дніпро
Олександр,Континент-Aero ТОВ,4,ProLab Ноутбуки Max97,client10441@example.com,321,86309.96,21577.49,Руденко,США,Коваленко І. О.,Ноутбуки,+380714801482,138,Bronze,Україна,Картка,0.2,Скасовано,2023-02-27,Східна Європа,10441,Дніпро
Олександр,Європром-Nova ТОВ,5,ProHub Фотоапарати Pro35,client10441@example.com,3547,49322.35,9864.47,Руденко,Італія,Коваленко І. О.,Фотоапарати,+380714801482,138,Bronze,Україна,Картка,0.2,Скасовано,2023-02-27,Східна Європа,10441,Дніпро
Олександр,Партнер-Grand ТОВ,4,NeoLine Аудіотехніка X39,client3325@example.com,3044,50209.16,12552.29,Павленко,Китай,Новак П. Я.,Аудіотехніка,+380592857991,139,Gold,Польща,Готівка,0.2,Повернено,2023-10-24,Центральна Європа,3325,Варшава
Олександр,Опт-Solar ТОВ,5,GrandPlus Взуття Lite57,client3325@example.com,3028,18022.8,3604.56,Павленко,Німеччина,Новак П. Я.,Взуття,+380592857991,139,Gold,Польща,Готівка,0.2,Повернено,2023-10-24,Центральна Європа,3325,Варшава
Олександр,Захід-Tech ТОВ,5,AeroSoft Книги X8,client3325@example.com,1957,144006.55,28801.31,Павленко,Туреччина,Новак П. Я.,Книги,+380592857991,139,Gold,Польща,Готівка,0.07,Повернено,2023-10-24,Центральна Європа,3325,Варшава
Олександр,Меркурій-Lux ТОВ,4,VoltMark Телевізори Max11,client3325@example.com,3772,165899.76,41474.94,Павленко,Китай,Новак П. Я.,Телевізори,+380592857991,139,Gold,Польща,Готівка,0.2,Повернено,2023-10-24,Центральна Європа,3325,Варшава
Олександр,Трейд-Vita ТОВ,2,ApexPoint Іграшки Lite22,client3325@example.com,328,65976.22,32988.11,Павленко,Польща,Новак П. Я.,Іграшки,+380592857991,139,Gold,Польща,Готівка,0.2,Повернено,2023-10-24,Центральна Європа,3325,Варшава
Олег,Меркурій-Apex ТОВ,5,StarPlus Меблі Lite80,client5597@example.com,2044,156594.2,31318.84,Мельник,Польща,Шмідт Г. К.,Меблі,+380818442808,140,Bronze,Франція,Готівка,0.2,Повернено,2024-11-08,Західна Європа,5597,Париж
Олег,Опт-Grand ТОВ,7,ZenCraft Одяг S84,client5597@example.com,1445,87176.74,12453.82,Мельник,Італія,Шмідт Г. К.,Одяг,+380818442808,140,Bronze,Франція,Готівка,0.2,Повернено,2024-11-08,Західна Європа,5597,Париж
Олег,Меркурій-Apex ТОВ,5,ProTrade Планшети Pro31,client5597@example.com,957,121532.7,24306.54,Мельник,Польща,Шмідт Г. К.,Планшети,+380818442808,140,Bronze,Франція,Готівка,0.2,Повернено,2024-11-08,Західна Європа,5597,Париж
Олег,Імпорт-Tech ТОВ,6,UltraSoft Холодильники S25,client5597@example.com,1449,113091.9,18848.65,Мельник,Польща,Шмідт Г. К.,Холодильники,+380818442808,140,Bronze,Франція,Готівка,0.2,Повернено,2024-11-08,Західна Європа,5597,Париж
Тарас,Континент-Nova ТОВ,2,MaxCraft Смартфони S13,client7833@example.com,3646,61232.84,30616.42,Руденко,США,Новак П. Я.,Смартфони,+380514417734,141,Platinum,Польща,Apple Pay,0.2,Оплачено,2023-12-31,Центральна Європа,7833,Краків
Тарас,Захід-Neo ТОВ,4,SmartSystems Ноутбуки Max81,client7833@example.com,3278,63691.36,15922.84,Руденко,Німеччина,Новак П. Я.,Ноутбуки,+380514417734,141,Platinum,Польща,Apple Pay,0.2,Оплачено,2023-12-31,Центральна Європа,7833,Краків
Назар,Глобал-Neo ТОВ #56,2,AeroSoft Меблі X39,client3457@example.com,1655,36469.7,18234.85,Шевченко,Туреччина,Коваленко І. О.,Меблі,+380903463285,142,Gold,Україна,Apple Pay,0.2,Повернено,2025-02-20,Східна Європа,3457,Львів
Назар,Європром-Smart ТОВ,6,ProHub Телевізори X91,client3457@example.com,30,117904.74,19650.79,Шевченко,Південна Корея,Коваленко І. О.,Телевізори,+380903463285,142,Gold,Україна,Apple Pay,0.2,Повернено,2025-02-20,Східна Європа,3457,Львів
Назар,Трейд-Zen ТОВ,6,NovaHub Інструменти S80,client3457@example.com,589,234628.86,39104.81,Шевченко,Китай,Коваленко І. О.,Інструменти,+380903463285,142,Gold,Україна,Apple Pay,0.2,Повернено,2025-02-20,Східна Європа,3457,Львів
Назар,Холдинг-Grand ТОВ,4,UltraTrade Інструменти S50,client3457@example.com,46,124972.16,31243.04,Шевченко,Італія,Коваленко І. О.,Інструменти,+380903463285,142,Gold,Україна,Apple Pay,0.2,Повернено,2025-02-20,Східна Європа,3457,Львів
Назар,Опт-Max ТОВ,1,UltraHub Книги X99,client3457@example.com,1263,13511.36,13511.36,Шевченко,Туреччина,Коваленко І. О.,Книги,+380903463285,142,Gold,Україна,Apple Pay,0.07,Повернено,2025-02-20,Східна Європа,3457,Львів
Андрій,Глобал-Aero ТОВ,4,MaxBrands Інструменти X55,client1837@example.com,1215,115445.72,28861.43,Бойко,Італія,Новак П. Я.,Інструменти,+380614896493,143,Gold,Чехія,Картка,0.2,Повернено,2024-11-17,Центральна Європа,1837,Брно
Андрій,Трейд-Neo ТОВ #67,2,GrandWave Посуд Pro56,client1837@example.com,3292,16955.5,8477.75,Бойко,Китай,Новак П. Я.,Посуд,+380614896493,143,Gold,Чехія,Картка,0.2,Повернено,2024-11-17,Центральна Європа,1837,Брно
Андрій,Омега-Solar ТОВ,3,AeroGear Посуд Air37,client1837@example.com,3078,96245.67,32081.89,Бойко,Південна Корея,Новак П. Я.,Посуд,+380614896493,143,Gold,Чехія,Картка,0.2,Повернено,2024-11-17,Центральна Європа,1837,Брно
Андрій,Глобал-Neo ТОВ,2,TechWave Іграшки Max73,client1837@example.com,1792,53925.84,26962.92,Бойко,США,Новак П. Я.,Іграшки,+380614896493,143,Gold,Чехія,Картка,0.2,Повернено,2024-11-17,Центральна Європа,1837,Брно
Ірина,Глобал-Neo ТОВ,2,NovaPoint Меблі Pro42,client12160@example.com,3663,77595.4,38797.7,Кузьменко,США,Новак П. Я.,Меблі,+380545435833,144,Silver,Чехія,Готівка,0.2,Повернено,2023-06-03,Центральна Європа,12160,Прага
Ірина,Трейд-Neo ТОВ #67,1,GrandWave Ноутбуки Max19,client12160@example.com,2975,10054.27,10054.27,Кузьменко,Китай,Новак П. Я.,Ноутбуки,+380545435833,144,Silver,Чехія,Готівка,0.2,Повернено,2023-06-03,Центральна Європа,12160,Прага
Юлія,Опт-Apex ТОВ,3,GrandGear Пральні машини Lite81,client11566@example.com,607,54689.82,18229.94,Мороз,Україна,Шмідт Г. К.,Пральні машини,+380555892366,145,Silver,Німеччина,Apple Pay,0.2,Створено,2024-09-19,Західна Європа,11566,Гамбург
Юлія,Альфа-Nova ТОВ,5,LuxOne Фотоапарати Lite97,client11566@example.com,2402,142195.4,28439.08,Мороз,Південна Корея,Шмідт Г. К.,Фотоапарати,+380555892366,145,Silver,Німеччина,Apple Pay,0.2,Створено,2024-09-19,Західна Європа,11566,Гамбург
Юлія,Омега-Prime ТОВ,1,ZenWave Планшети Lite58,client11566@example.com,1288,7459.52,7459.52,Мороз,Італія,Шмідт Г. К.,Планшети,+380555892366,145,Silver,Німеччина,Apple Pay,0.2,Створено,2024-09-19,Західна Європа,11566,Гамбург
Юлія,Континент-Nova ТОВ,3,AeroOne Меблі S62,client11566@example.com,3961,101957.13,33985.71,Мороз,США,Шмідт Г. К.,Меблі,+380555892366,145,Silver,Німеччина,Apple Pay,0.2,Створено,2024-09-19,Західна Європа,11566,Гамбург
Юлія,Омега-Volt ТОВ,2,UltraWave Телевізори Max10,client11566@example.com,477,21495.84,10747.92,Мороз,Чехія,Шмідт Г. К.,Телевізори,+380555892366,145,Silver,Німеччина,Apple Pay,0.2,Створено,2024-09-19,Західна Європа,11566,Гамбург
Наталія,Опт-Vita ТОВ,2,MaxGear Смартфони Pro1,client8561@example.com,2388,47813.78,23906.89,Бондаренко,Китай,Ліндберг Е. С.,Смартфони,+380847493529,146,Gold,Швеція,Картка,0.2,Створено,2024-09-11,Північна Європа,8561,Стокгольм
Назар,Омега-Neo ТОВ,2,ApexSoft Смартфони Pro53,client4014@example.com,302,16280.32,8140.16,Шевченко,Чехія,Ліндберг Е. С.,Смартфони,+380896921316,147,Bronze,Швеція,Накладений платіж,0.2,Оплачено,2025-03-01,Північна Європа,4014,Стокгольм
Назар,Альфа-Smart ТОВ,3,MaxPoint Інструменти Air55,client4014@example.com,3284,106838.43,35612.81,Шевченко,Південна Корея,Ліндберг Е. С.,Інструменти,+380896921316,147,Bronze,Швеція,Накладений платіж,0.2,Оплачено,2025-03-01,Північна Європа,4014,Стокгольм
Назар,Імпорт-Zen ТОВ,3,GrandCraft Взуття S54,client14023@example.com,1897,121576.89,40525.63,Бондаренко,Польща,Новак П. Я.,Взуття,+380707567016,148,Bronze,Угорщина,Картка,0.2,Скасовано,2024-08-25,Центральна Європа,14023,Будапешт
Назар,Опт-Smart ТОВ,8,GrandWorks Продукти S71,client14023@example.com,3665,345399.6,43174.95,Бондаренко,Україна,Новак П. Я.,Продукти,+380707567016,148,Bronze,Угорщина,Картка,0.07,Скасовано,2024-08-25,Центральна Європа,14023,Будапешт
Назар,Європром-Pro ТОВ,1,NeoMark Канцтовари Pro84,client14023@example.com,2824,11016.39,11016.39,Бондаренко,Південна Корея,Новак П. Я.,Канцтовари,+380707567016,148,Bronze,Угорщина,Картка,0.2,Скасовано,2024-08-25,Центральна Європа,14023,Будапешт
Олена,Глобал-Neo ТОВ,6,SolarCore Взуття Max93,client217@example.com,1465,117323.82,19553.97,Бойко,США,Шмідт Г. К.,Взуття,+380801456560,149,Gold,Франція,Картка,0.2,Скасовано,2023-09-02,Західна Європа,217,Ліон
Олена,Партнер-Max ТОВ,1,TechSystems Посуд Pro90,client217@example.com,301,2916.01,2916.01,Бойко,Китай,Шмідт Г. К.,Посуд,+380801456560,149,Gold,Франція,Картка,0.2,Скасовано,2023-09-02,Західна Європа,217,Ліон
Олена,Омега-Neo ТОВ,6,LuxLab Іграшки S41,client217@example.com,787,226719.24,37786.54,Бойко,Чехія,Шмідт Г. К.,Іграшки,+380801456560,149,Gold,Франція,Картка,0.2,Скасовано,2023-09-02,Західна Європа,217,Ліон
Олена,Захід-Neo ТОВ,4,NeoBrands Іграшки X59,client217@example.com,3524,132809.28,33202.32,Бойко,Німеччина,Шмідт Г. К.,Іграшки,+380801456560,149,Gold,Франція,Картка,0.2,Скасовано,2023-09-02,Західна Європа,217,Ліон
Олена,Омега-Prime ТОВ,1,MaxTrade Планшети X84,client217@example.com,702,41924.95,41924.95,Бойко,Італія,Шмідт Г. К.,Планшети,+380801456560,149,Gold,Франція,Картка,0.2,Скасовано,2023-09-02,Західна Європа,217,Ліон
Назар,Глобал-Neo ТОВ #56,3,VitaTrade Зоотовари Pro41,client3608@example.com,1313,86939.73,28979.91,Поліщук,Туреччина,Ліндберг Е. С.,Зоотовари,+380663428420,150,Bronze,Фінляндія,Накладений платіж,0.2,Доставлено,2023-09-22,Північна Європа,3608,Гельсінкі
Назар,Трейд-Prime ТОВ,5,EcoPoint Телевізори Air21,client3608@example.com,1493,7034.25,1406.85,Поліщук,Туреччина,Ліндберг Е. С.,Телевізори,+380663428420,150,Bronze,Фінляндія,Накладений платіж,0.2,Доставлено,2023-09-22,Північна Європа,3608,Гельсінкі
Назар,Омега-Neo ТОВ,4,PrimeSystems Косметика Max36,client3608@example.com,1484,26211.28,6552.82,Поліщук,Чехія,Ліндберг Е. С.,Косметика,+380663428420,150,Bronze,Фінляндія,Накладений платіж,0.2,Доставлено,2023-09-22,Північна Європа,3608,Гельсінкі
Назар,Альфа-Smart ТОВ,7,SolarBrands Книги X94,client3608@example.com,3065,218169.0,31167.0,Поліщук,Південна Корея,Ліндберг Е. С.,Книги,+380663428420,150,Bronze,Фінляндія,Накладений платіж,0.07,Доставлено,2023-09-22,Північна Європа,3608,Гельсінкі
Назар,Партнер-Pro ТОВ #51,1,ZenLine Телевізори Max70,client3608@example.com,97,20815.84,20815.84,Поліщук,Німеччина,Ліндберг Е. С.,Телевізори,+380663428420,150,Bronze,Фінляндія,Накладений платіж,0.2,Доставлено,2023-09-22,Північна Європа,3608,Гельсінкі
Тетяна,Опт-Smart ТОВ,5,EcoSoft Ноутбуки S66,client5045@example.com,1812,181675.95,36335.19,Бойко,Україна,Шмідт Г. К.,Ноутбуки,+380966111749,151,Platinum,Франція,Картка,0.2,Створено,2023-04-15,Західна Європа,5045,Париж
Тетяна,Європром-Smart ТОВ,1,StarGear Інструменти Max32,client5045@example.com,3376,10437.42,10437.42,Бойко,Південна Корея,Шмідт Г. К.,Інструменти,+380966111749,151,Platinum,Франція,Картка,0.2,Створено,2023-04-15,Західна Європа,5045,Париж
Марія,Меркурій-Grand ТОВ #47,2,TechHub Пральні машини X85,client9212@example.com,2605,80535.04,40267.52,Руденко,Німеччина,Коваленко І. О.,Пральні машини,+380938490505,152,Silver,Україна,Картка,0.2,Створено,2024-03-14,Східна Європа,9212,Одеса
Марія,Захід-Max ТОВ,3,PrimePlus Одяг Pro94,client9212@example.com,3466,107465.58,35821.86,Руденко,Польща,Коваленко І. О.,Одяг,+380938490505,152,Silver,Україна,Картка,0.2,Створено,2024-03-14,Східна Європа,9212,Одеса
Марія,Омега-Prime ТОВ,7,VoltTrade Планшети Pro96,client9212@example.com,1336,66277.19,9468.17,Руденко,Італія,Коваленко І. О.,Планшети,+380938490505,152,Silver,Україна,Картка,0.2,Створено,2024-03-14,Східна Європа,9212,Одеса
Тетяна,Меркурій-Ultra ТОВ,4,SolarOne Меблі X99,client14864@example.com,1968,123174.76,30793.69,Павленко,Польща,Коваленко І. О.,Меблі,+380729661895,153,Gold,Україна,Накладений платіж,0.2,Доставлено,2024-12-25,Східна Європа,14864,Дніпро
Тетяна,Опт-Smart ТОВ,8,AeroLine Смартфони S86,client14864@example.com,2275,261647.68,32705.96,Павленко,Україна,Коваленко І. О.,Смартфони,+380729661895,153,Gold,Україна,Накладений платіж,0.2,Доставлено,2024-12-25,Східна Європа,14864,Дніпро
Тетяна,Опт-Max ТОВ,7,StarMark Холодильники Air90,client14864@example.com,2899,303414.65,43344.95,Павленко,Туреччина,Коваленко І. О.,Холодильники,+380729661895,153,Gold,Україна,Накладений платіж,0.2,Доставлено,2024-12-25,Східна Європа,14864,Дніпро
Тетяна,Альфа-Neo ТОВ,2,UltraTrade Косметика Max39,client14864@example.com,1116,75754.26,37877.13,Павленко,Німеччина,Коваленко І. О.,Косметика,+380729661895,153,Gold,Україна,Накладений платіж,0.2,Доставлено,2024-12-25,Східна Європа,14864,Дніпро
Тетяна,Опт-Volt ТОВ,1,MaxLab Ноутбуки X87,client14864@example.com,1245,6219.1,6219.1,Павленко,Німеччина,Коваленко І. О.,Ноутбуки,+380729661895,153,Gold,Україна,Накладений платіж,0.2,Доставлено,2024-12-25,Східна Європа,14864,Дніпро
Катерина,Європром-Nova ТОВ,8,ApexMark Телевізори S27,client9517@example.com,1140,200636.24,25079.53,Гончар,Італія,Шмідт Г. К.,Телевізори,+380899449101,154,Silver,Австрія,Накладений платіж,0.2,Оплачено,2025-03-04,Західна Європа,9517,Відень
Катерина,Опт-Apex ТОВ,2,ApexSystems Взуття Lite89,client9517@example.com,1171,83800.1,41900.05,Гончар,Україна,Шмідт Г. К.,Взуття,+380899449101,154,Silver,Австрія,Накладений платіж,0.2,Оплачено,2025-03-04,Західна Європа,9517,Відень
Катерина,Омега-Prime ТОВ,5,EcoPlus Продукти Max14,client9517@example.com,1526,206449.2,41289.84,Гончар,Італія,Шмідт Г. К.,Продукти,+380899449101,154,Silver,Австрія,Накладений платіж,0.07,Оплачено,2025-03-04,Західна Європа,9517,Відень
Катерина,Холдинг-Grand ТОВ,2,ProBrands Канцтовари Air61,client9517@example.com,643,78070.48,39035.24,Гончар,Італія,Шмідт Г. К.,Канцтовари,+380899449101,154,Silver,Австрія,Накладений платіж,0.2,Оплачено,2025-03-04,Західна Європа,9517,Відень
Катерина,Омега-Neo ТОВ,4,SolarGear Книги S99,client9517@example.com,2183,49862.64,12465.66,Гончар,Чехія,Шмідт Г. К.,Книги,+380899449101,154,Silver,Австрія,Накладений платіж,0.07,Оплачено,2025-03-04,Західна Європа,9517,Відень
Дмитро,Опт-Apex ТОВ #59,3,SolarTrade Продукти Air56,client4882@example.com,2976,54131.13,18043.71,Коваленко,Південна Корея,Россі М. А.,Продукти,+380683369465,155,Gold,Італія,Накладений платіж,0.07,Створено,2025-03-14,Південна Європа,4882,Мілан
Дмитро,Імпорт-Aero ТОВ,2,TechCore Пральні машини S96,client4882@example.com,2430,4286.12,2143.06,Коваленко,Туреччина,Россі М. А.,Пральні машини,+380683369465,155,Gold,Італія,Накладений платіж,0.2,Створено,2025-03-14,Південна Європа,4882,Мілан
Дмитро,Континент-Nova ТОВ #54,3,VitaTrade Одяг S36,client4882@example.com,414,87077.07,29025.69,Коваленко,Туреччина,Россі М. А.,Одяг,+380683369465,155,Gold,Італія,Накладений платіж,0.2,Створено,2025-03-14,Південна Європа,4882,Мілан
Дмитро,Опт-Max ТОВ,7,ZenHub Одяг Air41,client4882@example.com,2510,278337.08,39762.44,Коваленко,Туреччина,Россі М. А.,Одяг,+380683369465,155,Gold,Італія,Накладений платіж,0.2,Створено,2025-03-14,Південна Європа,4882,Мілан
Анна,Трейд-Neo ТОВ,1,SmartWave Телевізори Lite4,client9115@example.com,2585,15264.28,15264.28,Кузьменко,Туреччина,Шмідт Г. К.,Телевізори,+380604602382,156,Bronze,Німеччина,Картка,0.2,Доставлено,2023-10-02,Західна Європа,9115,Мюнхен
Анна,Омега-Max ТОВ,1,VoltPlus Меблі X88,client9115@example.com,2013,7495.32,7495.32,Кузьменко,Чехія,Шмідт Г. К.,Меблі,+380604602382,156,Bronze,Німеччина,Картка,0.2,Доставлено,2023-10-02,Західна Європа,9115,Мюнхен
Анна,Альфа-Max ТОВ,8,SolarSoft Спорттовари Pro86,client9115@example.com,425,267112.96,33389.12,Кузьменко,Китай,Шмідт Г. К.,Спорттовари,+380604602382,156,Bronze,Німеччина,Картка,0.2,Доставлено,2023-10-02,Західна Європа,9115,Мюнхен
Анна,Омега-Neo ТОВ,6,ApexSoft Смартфони Pro53,client9115@example.com,302,48840.96,8140.16,Кузьменко,Чехія,Шмідт Г. К.,Смартфони,+380604602382,156,Bronze,Німеччина,Картка,0.2,Доставлено,2023-10-02,Західна Європа,9115,Мюнхен
Марія,Меркурій-Lux ТОВ,7,ZenMark Пральні машини X33,client1257@example.com,241,62116.39,8873.77,Левченко,Китай,Шмідт Г. К.,Пральні машини,+380513741808,157,Silver,Франція,Картка,0.2,Оплачено,2024-08-12,Західна Європа,1257,Ліон
Марія,Меркурій-Lux ТОВ,3,EcoOne Телевізори Pro24,client1257@example.com,1101,112743.51,37581.17,Левченко,Китай,Шмідт Г. К.,Телевізори,+380513741808,157,Silver,Франція,Картка,0.2,Оплачено,2024-08-12,Західна Європа,1257,Ліон
Марія,Опт-Solar ТОВ,8,VoltSystems Пральні машини Pro26,client1257@example.com,3492,180553.52,22569.19,Левченко,Німеччина,Шмідт Г. К.,Пральні машини,+380513741808,157,Silver,Франція,Картка,0.2,Оплачено,2024-08-12,Західна Європа,1257,Ліон
Марія,Глобал-Neo ТОВ #56,2,VitaLab Посуд Max62,client1257@example.com,978,81025.68,40512.84,Левченко,Туреччина,Шмідт Г. К.,Посуд,+380513741808,157,Silver,Франція,Картка,0.2,Оплачено,2024-08-12,Західна Європа,1257,Ліон
Марія,Імпорт-Apex ТОВ,8,UltraWave Іграшки Max91,client1257@example.com,2377,152276.48,19034.56,Левченко,Туреччина,Шмідт Г. К.,Іграшки,+380513741808,157,Silver,Франція,Картка,0.2,Оплачено,2024-08-12,Західна Європа,1257,Ліон
Михайло,Омега-Max ТОВ #31,8,LuxLine Меблі Lite92,client7139@example.com,460,129536.72,16192.09,Кузьменко,Туреччина,Новак П. Я.,Меблі,+380706949692,158,Platinum,Польща,Накладений платіж,0.2,Оплачено,2024-08-15,Центральна Європа,7139,Вроцлав
Михайло,Меркурій-Grand ТОВ,6,AeroWorks Планшети Air74,client7139@example.com,3617,91717.08,15286.18,Кузьменко,Україна,Новак П. Я.,Планшети,+380706949692,158,Platinum,Польща,Накладений платіж,0.2,Оплачено,2024-08-15,Центральна Європа,7139,Вроцлав
Олександр,Трейд-Prime ТОВ,1,AeroPlus Продукти Pro82,client2335@example.com,2744,2080.28,2080.28,Коваленко,Туреччина,Шмідт Г. К.,Продукти,+380855399459,159,Bronze,Німеччина,Готівка,0.07,Створено,2023-08-19,Західна Європа,2335,Гамбург
Олександр,Глобал-Aero ТОВ,3,SmartTrade Пральні машини Lite21,client2335@example.com,629,24307.74,8102.58,Коваленко,Італія,Шмідт Г. К.,Пральні машини,+380855399459,159,Bronze,Німеччина,Готівка,0.2,Створено,2023-08-19,Західна Європа,2335,Гамбург
Олександр,Альфа-Star ТОВ,5,LuxSoft Фотоапарати Max40,client2335@example.com,1706,7286.05,1457.21,Коваленко,Польща,Шмідт Г. К.,Фотоапарати,+380855399459,159,Bronze,Німеччина,Готівка,0.2,Створено,2023-08-19,Західна Європа,2335,Гамбург
Олег,Омега-Neo ТОВ,8,VoltWorks Меблі Pro64,client8252@example.com,3739,217069.12,27133.64,Шевченко,Чехія,Россі М. А.,Меблі,+380989063349,160,Bronze,Італія,Apple Pay,0.2,Повернено,2024-03-17,Південна Європа,8252,Мілан
Олег,Меркурій-Grand ТОВ,4,ApexMark Іграшки Air86,client8252@example.com,977,26645.6,6661.4,Шевченко,Україна,Россі М. А.,Іграшки,+380989063349,160,Bronze,Італія,Apple Pay,0.2,Повернено,2024-03-17,Південна Європа,8252,Мілан
Олег,Холдинг-Grand ТОВ,5,TechMark Іграшки Pro68,client8252@example.com,2707,214636.2,42927.24,Шевченко,Італія,Россі М. А.,Іграшки,+380989063349,160,Bronze,Італія,Apple Pay,0.2,Повернено,2024-03-17,Південна Європа,8252,Мілан
Олег,Партнер-Grand ТОВ,7,SolarPoint Меблі X46,client8252@example.com,1421,2203.67,314.81,Шевченко,Китай,Россі М. А.,Меблі,+380989063349,160,Bronze,Італія,Apple Pay,0.2,Повернено,2024-03-17,Південна Європа,8252,Мілан
Катерина,Опт-Vita ТОВ,5,SmartSoft Холодильники Max46,client2339@example.com,2165,92337.35,18467.47,Поліщук,Китай,Новак П. Я.,Холодильники,+380713701550,161,Gold,Чехія,Картка,0.2,Оплачено,2023-08-28,Центральна Європа,2339,Прага
Катерина,Захід-Lux ТОВ,2,TechWorks Одяг Max31,client2339@example.com,3878,7507.86,3753.93,Поліщук,Південна Корея,Новак П. Я.,Одяг,+380713701550,161,Gold,Чехія,Картка,0.2,Оплачено,2023-08-28,Центральна Європа,2339,Прага
Катерина,Омега-Solar ТОВ,8,GrandLab Меблі X74,client2339@example.com,3212,88775.92,11096.99,Поліщук,Південна Корея,Новак П. Я.,Меблі,+380713701550,161,Gold,Чехія,Картка,0.2,Оплачено,2023-08-28,Центральна Європа,2339,Прага
Катерина,Партнер-Smart ТОВ,6,LuxPlus Зоотовари Pro46,client2339@example.com,694,87976.86,14662.81,Поліщук,Південна Корея,Новак П. Я.,Зоотовари,+380713701550,161,Gold,Чехія,Картка,0.2,Оплачено,2023-08-28,Центральна Європа,2339,Прага
Артем,Омега-Volt ТОВ,4,PrimeLab Канцтовари S69,client4085@example.com,135,24592.4,6148.1,Шевчук,Чехія,Новак П. Я.,Канцтовари,+380919651004,162,Bronze,Чехія,Google Pay,0.2,Оплачено,2023-08-06,Центральна Європа,4085,Прага
Артем,Опт-Apex ТОВ #59,5,ZenLab Інструменти Lite86,client4085@example.com,2399,138328.75,27665.75,Шевчук,Південна Корея,Новак П. Я.,Інструменти,+380919651004,162,Bronze,Чехія,Google Pay,0.2,Оплачено,2023-08-06,Центральна Європа,4085,Прага
Артем,Захід-Tech ТОВ,3,ProSystems Планшети Lite66,client4085@example.com,3874,49842.54,16614.18,Шевчук,Туреччина,Новак П. Я.,Планшети,+380919651004,162,Bronze,Чехія,Google Pay,0.2,Оплачено,2023-08-06,Центральна Європа,4085,Прага
Оксана,Партнер-Eco ТОВ,7,UltraSoft Холодильники Max73,client12911@example.com,941,19119.38,2731.34,Мороз,Україна,Коваленко І. О.,Холодильники,+380686311682,163,Platinum,Україна,Картка,0.2,Відправлено,2023-09-07,Східна Європа,12911,Харків
Оксана,Європром-Apex ТОВ,6,SolarPoint Телевізори X43,client12911@example.com,772,56669.88,9444.98,Мороз,Туреччина,Коваленко І. О.,Телевізори,+380686311682,163,Platinum,Україна,Картка,0.2,Відправлено,2023-09-07,Східна Європа,12911,Харків
Іван,Партнер-Eco ТОВ,2,ProPoint Фотоапарати Max50,client14574@example.com,2215,64825.24,32412.62,Марченко,Україна,Ліндберг Е. С.,Фотоапарати,+380831987197,164,Silver,Фінляндія,Накладений платіж,0.2,Доставлено,2025-05-28,Північна Європа,14574,Гельсінкі
Наталія,Опт-Vita ТОВ,7,ProCore Холодильники Air46,client6295@example.com,677,49434.0,7062.0,Бойко,Китай,Новак П. Я.,Холодильники,+380549131384,165,Bronze,Польща,Картка,0.2,Оплачено,2023-06-07,Центральна Європа,6295,Краків
Наталія,Меркурій-Ultra ТОВ,2,StarTrade Смартфони Pro59,client6295@example.com,1851,35699.84,17849.92,Бойко,Польща,Новак П. Я.,Смартфони,+380549131384,165,Bronze,Польща,Картка,0.2,Оплачено,2023-06-07,Центральна Європа,6295,Краків
Наталія,Європром-Nova ТОВ,1,MaxOne Продукти Air15,client6295@example.com,168,15565.52,15565.52,Бойко,Італія,Новак П. Я.,Продукти,+380549131384,165,Bronze,Польща,Картка,0.07,Оплачено,2023-06-07,Центральна Європа,6295,Краків
Наталія,Партнер-Pro ТОВ #51,1,VitaPoint Планшети Max24,client6295@example.com,2041,34057.57,34057.57,Бойко,Німеччина,Новак П. Я.,Планшети,+380549131384,165,Bronze,Польща,Картка,0.2,Оплачено,2023-06-07,Центральна Європа,6295,Краків
Наталія,Омега-Grand ТОВ,8,NeoHub Аудіотехніка Lite88,client6295@example.com,2094,205566.08,25695.76,Бойко,Чехія,Новак П. Я.,Аудіотехніка,+380549131384,165,Bronze,Польща,Картка,0.2,Оплачено,2023-06-07,Центральна Європа,6295,Краків
Богдан,Європром-Nova ТОВ,1,NeoMark Взуття Max42,client2623@example.com,2370,9514.1,9514.1,Павленко,Італія,Россі М. А.,Взуття,+380808561822,166,Silver,Італія,Накладений платіж,0.2,Оплачено,2024-09-09,Південна Європа,2623,Мілан
Богдан,Імпорт-Neo ТОВ,7,ApexWorks Пральні машини Pro8,client2623@example.com,2356,137418.89,19631.27,Павленко,Туреччина,Россі М. А.,Пральні машини,+380808561822,166,Silver,Італія,Накладений платіж,0.2,Оплачено,2024-09-09,Південна Європа,2623,Мілан
Богдан,Меркурій-Grand ТОВ #47,3,NovaPoint Інструменти S45,client3295@example.com,1854,13623.33,4541.11,Бойко,Німеччина,Коваленко І. О.,Інструменти,+380826574849,167,Platinum,Україна,Apple Pay,0.2,Повернено,2025-01-13,Східна Європа,3295,Дніпро
Богдан,Трейд-Zen ТОВ,4,StarLab Фотоапарати Lite79,client3295@example.com,918,30889.96,7722.49,Бойко,Китай,Коваленко І. О.,Фотоапарати,+380826574849,167,Platinum,Україна,Apple Pay,0.2,Повернено,2025-01-13,Східна Європа,3295,Дніпро
Богдан,Опт-Smart ТОВ,3,TechWave Пральні машини Pro61,client3295@example.com,2450,102491.25,34163.75,Бойко,Україна,Коваленко І. О.,Пральні машини,+380826574849,167,Platinum,Україна,Apple Pay,0.2,Повернено,2025-01-13,Східна Європа,3295,Дніпро
Богдан,Трейд-Neo ТОВ #67,6,SmartHub Зоотовари S72,client3295@example.com,3531,246391.2,41065.2,Бойко,Китай,Коваленко І. О.,Зоотовари,+380826574849,167,Platinum,Україна,Apple Pay,0.2,Повернено,2025-01-13,Східна Європа,3295,Дніпро
Сергій,Опт-Vita ТОВ,8,LuxGear Смартфони S54,client1924@example.com,2770,113453.92,14181.74,Кузьменко,Китай,Коваленко І. О.,Смартфони,+380775838756,168,Silver,Україна,Apple Pay,0.2,Оплачено,2023-05-07,Східна Європа,1924,Дніпро
Сергій,Омега-Volt ТОВ,5,NeoHub Посуд Lite70,client1924@example.com,873,129785.2,25957.04,Кузьменко,Чехія,Коваленко І. О.,Посуд,+380775838756,168,Silver,Україна,Apple Pay,0.2,Оплачено,2023-05-07,Східна Європа,1924,Дніпро
Сергій,Глобал-Neo ТОВ #56,4,StarPlus Спорттовари Max55,client1924@example.com,986,131203.28,32800.82,Кузьменко,Туреччина,Коваленко І. О.,Спорттовари,+380775838756,168,Silver,Україна,Apple Pay,0.2,Оплачено,2023-05-07,Східна Європа,1924,Дніпро
Сергій,Захід-Tech ТОВ,1,SolarWorks Холодильники Lite2,client1924@example.com,3208,41684.05,41684.05,Кузьменко,Туреччина,Коваленко І. О.,Холодильники,+380775838756,168,Silver,Україна,Apple Pay,0.2,Оплачено,2023-05-07,Східна Європа,1924,Дніпро
Сергій,Альфа-Max ТОВ,2,VoltCraft Посуд Lite80,client1924@example.com,380,15610.22,7805.11,Кузьменко,Китай,Коваленко І. О.,Посуд,+380775838756,168,Silver,Україна,Apple Pay,0.2,Оплачено,2023-05-07,Східна Європа,1924,Дніпро
Андрій,Опт-Max ТОВ,1,SmartMark Пральні машини S51,client7993@example.com,3436,41365.18,41365.18,Коваленко,Туреччина,Россі М. А.,Пральні машини,+380628452467,169,Bronze,Іспанія,Google Pay,0.2,Повернено,2023-03-16,Південна Європа,7993,Барселона
Марія,Європром-Star ТОВ,1,LuxOne Холодильники Air46,client6670@example.com,1395,12518.94,12518.94,Бойко,Італія,Новак П. Я.,Холодильники,+380995029961,170,Platinum,Польща,Apple Pay,0.2,Створено,2023-11-26,Центральна Європа,6670,Краків
Марія,Захід-Neo ТОВ,8,ApexHub Одяг Air96,client6670@example.com,3426,225726.0,28215.75,Бойко,Німеччина,Новак П. Я.,Одяг,+380995029961,170,Platinum,Польща,Apple Pay,0.2,Створено,2023-11-26,Центральна Європа,6670,Краків
Марія,Імпорт-Apex ТОВ,5,SolarLine Планшети S11,client6670@example.com,3414,90163.95,18032.79,Бойко,Туреччина,Новак П. Я.,Планшети,+380995029961,170,Platinum,Польща,Apple Pay,0.2,Створено,2023-11-26,Центральна Європа,6670,Краків
Тетяна,Омега-Volt ТОВ,6,VoltBrands Канцтовари Max5,client14243@example.com,719,89368.08,14894.68,Бойко,Чехія,Новак П. Я.,Канцтовари,+380529096465,171,Bronze,Угорщина,Накладений платіж,0.2,Доставлено,2023-03-28,Центральна Європа,14243,Будапешт
Тетяна,Партнер-Grand ТОВ,4,AeroTrade Фотоапарати Air73,client14243@example.com,1839,38077.16,9519.29,Бойко,Китай,Новак П. Я.,Фотоапарати,+380529096465,171,Bronze,Угорщина,Накладений платіж,0.2,Доставлено,2023-03-28,Центральна Європа,14243,Будапешт
Тетяна,Меркурій-Vita ТОВ,2,LuxCore Зоотовари Lite99,client14243@example.com,930,56419.14,28209.57,Бойко,Туреччина,Новак П. Я.,Зоотовари,+380529096465,171,Bronze,Угорщина,Накладений платіж,0.2,Доставлено,2023-03-28,Центральна Європа,14243,Будапешт
Тетяна,Трейд-Zen ТОВ,5,ProHub Продукти Air17,client14243@example.com,99,208744.45,41748.89,Бойко,Китай,Новак П. Я.,Продукти,+380529096465,171,Bronze,Угорщина,Накладений платіж,0.07,Доставлено,2023-03-28,Центральна Європа,14243,Будапешт
Тетяна,Опт-Solar ТОВ,3,UltraCore Іграшки Pro2,client14243@example.com,1402,13358.13,4452.71,Бойко,Німеччина,Новак П. Я.,Іграшки,+380529096465,171,Bronze,Угорщина,Накладений платіж,0.2,Доставлено,2023-03-28,Центральна Європа,14243,Будапешт
Андрій,Імпорт-Apex ТОВ,2,LuxCraft Холодильники Air34,client14868@example.com,2266,43061.38,21530.69,Кузьменко,Туреччина,Шмідт Г. К.,Холодильники,+380995183363,172,Silver,Німеччина,Готівка,0.2,Створено,2024-02-25,Західна Європа,14868,Гамбург
Олександр,Омега-Solar ТОВ,6,ZenBrands Аудіотехніка S26,client11893@example.com,2680,249902.76,41650.46,Ткаченко,Південна Корея,Ліндберг Е. С.,Аудіотехніка,+380559483280,173,Bronze,Швеція,Google Pay,0.2,Повернено,2023-07-03,Північна Європа,11893,Гетеборг
Олександр,Європром-Ultra ТОВ,1,VoltCore Фотоапарати S61,client11893@example.com,1906,42174.48,42174.48,Ткаченко,Німеччина,Ліндберг Е. С.,Фотоапарати,+380559483280,173,Bronze,Швеція,Google Pay,0.2,Повернено,2023-07-03,Північна Європа,11893,Гетеборг
Олександр,Імпорт-Tech ТОВ,1,SolarOne Іграшки X48,client11893@example.com,3530,11667.94,11667.94,Ткаченко,Польща,Ліндберг Е. С.,Іграшки,+380559483280,173,Bronze,Швеція,Google Pay,0.2,Повернено,2023-07-03,Північна Європа,11893,Гетеборг
Світлана,Опт-Apex ТОВ #59,6,AeroWave Пральні машини X64,client11192@example.com,66,229801.98,38300.33,Кравченко,Південна Корея,Ліндберг Е. С.,Пральні машини,+380992440226,174,Bronze,Швеція,Apple Pay,0.2,Доставлено,2023-03-18,Північна Європа,11192,Гетеборг
Світлана,Омега-Solar ТОВ,7,NeoGear Іграшки Air14,client11192@example.com,3925,103438.23,14776.89,Кравченко,Південна Корея,Ліндберг Е. С.,Іграшки,+380992440226,174,Bronze,Швеція,Apple Pay,0.2,Доставлено,2023-03-18,Північна Європа,11192,Гетеборг
Світлана,Глобал-Neo ТОВ,3,VoltSoft Взуття Max65,client11192@example.com,3353,34991.25,11663.75,Кравченко,США,Ліндберг Е. С.,Взуття,+380992440226,174,Bronze,Швеція,Apple Pay,0.2,Доставлено,2023-03-18,Північна Європа,11192,Гетеборг
Світлана,Омега-Max ТОВ,4,ZenPoint Аудіотехніка X41,client11192@example.com,1802,75051.28,18762.82,Кравченко,Чехія,Ліндберг Е. С.,Аудіотехніка,+380992440226,174,Bronze,Швеція,Apple Pay,0.2,Доставлено,2023-03-18,Північна Європа,11192,Гетеборг
Світлана,Опт-Apex ТОВ #59,2,TechLab Іграшки Air99,client11192@example.com,839,59342.68,29671.34,Кравченко,Південна Корея,Ліндберг Е. С.,Іграшки,+380992440226,174,Bronze,Швеція,Apple Pay,0.2,Доставлено,2023-03-18,Північна Європа,11192,Гетеборг
Назар,Імпорт-Star ТОВ,7,ProGear Іграшки Max55,client12769@example.com,1089,231965.16,33137.88,Кузьменко,Південна Корея,Новак П. Я.,Іграшки,+380599425278,175,Bronze,Польща,Apple Pay,0.2,Доставлено,2023-06-20,Центральна Європа,12769,Краків
Назар,Трейд-Ultra ТОВ,8,TechLine Холодильники Max32,client12769@example.com,3958,163498.72,20437.34,Кузьменко,Туреччина,Новак П. Я.,Холодильники,+380599425278,175,Bronze,Польща,Apple Pay,0.2,Доставлено,2023-06-20,Центральна Європа,12769,Краків
Назар,Опт-Apex ТОВ #59,3,VitaOne Зоотовари Pro69,client12769@example.com,3234,117765.15,39255.05,Кузьменко,Південна Корея,Новак П. Я.,Зоотовари,+380599425278,175,Bronze,Польща,Apple Pay,0.2,Доставлено,2023-06-20,Центральна Європа,12769,Краків
Назар,Холдинг-Max ТОВ,8,SolarLine Аудіотехніка X3,client12769@example.com,207,92430.24,11553.78,Кузьменко,Південна Корея,Новак П. Я.,Аудіотехніка,+380599425278,175,Bronze,Польща,Apple Pay,0.2,Доставлено,2023-06-20,Центральна Європа,12769,Краків
Назар,Опт-Volt ТОВ,5,VoltOne Спорттовари S36,client12769@example.com,457,63147.3,12629.46,Кузьменко,Німеччина,Новак П. Я.,Спорттовари,+380599425278,175,Bronze,Польща,Apple Pay,0.2,Доставлено,2023-06-20,Центральна Європа,12769,Краків
Сергій,Омега-Volt ТОВ,3,PrimeCraft Продукти Air14,client8811@example.com,1592,4099.5,1366.5,Бондаренко,Чехія,Россі М. А.,Продукти,+380734702995,176,Bronze,Італія,Картка,0.07,Доставлено,2023-12-31,Південна Європа,8811,Мілан
Сергій,Імпорт-Star ТОВ,7,PrimeMark Книги S27,client8811@example.com,1575,300451.27,42921.61,Бондаренко,Південна Корея,Россі М. А.,Книги,+380734702995,176,Bronze,Італія,Картка,0.07,Доставлено,2023-12-31,Південна Європа,8811,Мілан
Олена,Захід-Max ТОВ,8,VitaPoint Меблі Max82,client2887@example.com,3715,343221.36,42902.67,Шевченко,Польща,Россі М. А.,Меблі,+380869380527,177,Platinum,Іспанія,Готівка,0.2,Доставлено,2024-07-29,Південна Європа,2887,Мадрид
Олена,Альфа-Star ТОВ,7,TechGear Фотоапарати X85,client2887@example.com,1155,290620.54,41517.22,Шевченко,Польща,Россі М. А.,Фотоапарати,+380869380527,177,Platinum,Іспанія,Готівка,0.2,Доставлено,2024-07-29,Південна Європа,2887,Мадрид
Олена,Захід-Tech ТОВ,3,MaxWave Холодильники S42,client2887@example.com,2209,121235.61,40411.87,Шевченко,Туреччина,Россі М. А.,Холодильники,+380869380527,177,Platinum,Іспанія,Готівка,0.2,Доставлено,2024-07-29,Південна Європа,2887,Мадрид
Олександр,Меркурій-Apex ТОВ,2,AeroCraft Спорттовари S39,client1438@example.com,3167,84605.86,42302.93,Лисенко,Польща,Шмідт Г. К.,Спорттовари,+380525186385,178,Gold,Німеччина,Google Pay,0.2,Скасовано,2024-08-01,Західна Європа,1438,Гамбург
Олександр,Трейд-Tech ТОВ,3,ProWorks Ноутбуки X77,client1438@example.com,308,4677.75,1559.25,Лисенко,Італія,Шмідт Г. К.,Ноутбуки,+380525186385,178,Gold,Німеччина,Google Pay,0.2,Скасовано,2024-08-01,Західна Європа,1438,Гамбург
Ірина,Глобал-Neo ТОВ #56,3,SolarBrands Пральні машини Pro51,client1637@example.com,2934,121932.15,40644.05,Левченко,Туреччина,Россі М. А.,Пральні машини,+380623792630,179,Platinum,Італія,Накладений платіж,0.2,Повернено,2024-05-20,Південна Європа,1637,Мілан
Ірина,Континент-Nova ТОВ #54,7,LuxBrands Меблі S96,client1637@example.com,43,271419.4,38774.2,Левченко,Туреччина,Россі М. А.,Меблі,+380623792630,179,Platinum,Італія,Накладений платіж,0.2,Повернено,2024-05-20,Південна Європа,1637,Мілан
Ірина,Омега-Max ТОВ,1,PrimeWorks Інструменти Lite8,client1637@example.com,2729,37854.18,37854.18,Левченко,Чехія,Россі М. А.,Інструменти,+380623792630,179,Platinum,Італія,Накладений платіж,0.2,Повернено,2024-05-20,Південна Європа,1637,Мілан
Ірина,Глобал-Aero ТОВ,3,AeroCore Інструменти Max24,client1637@example.com,2869,9417.0,3139.0,Левченко,Італія,Россі М. А.,Інструменти,+380623792630,179,Platinum,Італія,Накладений платіж,0.2,Повернено,2024-05-20,Південна Європа,1637,Мілан
Ірина,Захід-Max ТОВ,6,NovaWave Продукти X55,client1637@example.com,408,187480.14,31246.69,Левченко,Польща,Россі М. А.,Продукти,+380623792630,179,Platinum,Італія,Накладений платіж,0.07,Повернено,2024-05-20,Південна Європа,1637,Мілан
Оксана,Опт-Apex ТОВ #59,2,AeroWave Пральні машини X64,client3574@example.com,66,76600.66,38300.33,Бондаренко,Південна Корея,Шмідт Г. К.,Пральні машини,+380642982431,180,Bronze,Франція,Google Pay,0.2,Відправлено,2023-06-11,Західна Європа,3574,Париж
Оксана,Альфа-Max ТОВ,5,MaxCore Книги Max55,client3574@example.com,1435,44843.2,8968.64,Бондаренко,Китай,Шмідт Г. К.,Книги,+380642982431,180,Bronze,Франція,Google Pay,0.07,Відправлено,2023-06-11,Західна Європа,3574,Париж
Оксана,Опт-Volt ТОВ,8,PrimeBrands Книги Pro16,client3574@example.com,2398,180366.56,22545.82,Бондаренко,Німеччина,Шмідт Г. К.,Книги,+380642982431,180,Bronze,Франція,Google Pay,0.07,Відправлено,2023-06-11,Західна Європа,3574,Париж
Дмитро,Омега-Max ТОВ #31,5,EcoCraft Холодильники Pro23,client14557@example.com,3810,159087.3,31817.46,Кузьменко,Туреччина,Шмідт Г. К.,Холодильники,+380603817374,181,Silver,Німеччина,Готівка,0.2,Повернено,2023-01-29,Західна Європа,14557,Берлін
Дмитро,Меркурій-Ultra ТОВ,3,GrandWave Смартфони Pro22,client14557@example.com,1534,26931.93,8977.31,Кузьменко,Польща,Шмідт Г. К.,Смартфони,+380603817374,181,Silver,Німеччина,Готівка,0.2,Повернено,2023-01-29,Західна Європа,14557,Берлін
Дмитро,Меркурій-Grand ТОВ #47,4,SolarWorks Одяг Air18,client14557@example.com,228,95396.88,23849.22,Кузьменко,Німеччина,Шмідт Г. К.,Одяг,+380603817374,181,Silver,Німеччина,Готівка,0.2,Повернено,2023-01-29,Західна Європа,14557,Берлін
Дмитро,Альфа-Prime ТОВ,8,SolarSoft Інструменти Max38,client14557@example.com,1548,306673.2,38334.15,Кузьменко,Туреччина,Шмідт Г. К.,Інструменти,+380603817374,181,Silver,Німеччина,Готівка,0.2,Повернено,2023-01-29,Західна Європа,14557,Берлін
Максим,Опт-Prime ТОВ,7,EcoHub Канцтовари Max72,client9921@example.com,2016,210574.0,30082.0,Мороз,Китай,Россі М. А.,Канцтовари,+380925325007,182,Bronze,Італія,Готівка,0.2,Створено,2024-01-20,Південна Європа,9921,Рим
Максим,Європром-Ultra ТОВ,2,SolarBrands Спорттовари Lite60,client9921@example.com,2119,32784.06,16392.03,Мороз,Німеччина,Россі М. А.,Спорттовари,+380925325007,182,Bronze,Італія,Готівка,0.2,Створено,2024-01-20,Південна Європа,9921,Рим
Максим,Партнер-Grand ТОВ,4,AeroPoint Телевізори Air80,client9921@example.com,740,126296.28,31574.07,Мороз,Китай,Россі М. А.,Телевізори,+380925325007,182,Bronze,Італія,Готівка,0.2,Створено,2024-01-20,Південна Європа,9921,Рим
Наталія,Омега-Prime ТОВ,7,SmartCore Іграшки Air23,client2636@example.com,374,174008.59,24858.37,Левченко,Італія,Россі М. А.,Іграшки,+380899959503,183,Gold,Португалія,Картка,0.2,Відправлено,2024-08-14,Південна Європа,2636,Лісабон
Максим,Опт-Apex ТОВ #59,6,SolarTrade Продукти Air56,client8666@example.com,2976,108262.26,18043.71,Левченко,Південна Корея,Ліндберг Е. С.,Продукти,+380826673246,184,Bronze,Фінляндія,Google Pay,0.07,Доставлено,2024-03-08,Північна Європа,8666,Гельсінкі
Максим,Опт-Lux ТОВ,2,TechLine Іграшки X86,client8666@example.com,2480,62210.44,31105.22,Левченко,Туреччина,Ліндберг Е. С.,Іграшки,+380826673246,184,Bronze,Фінляндія,Google Pay,0.2,Доставлено,2024-03-08,Північна Європа,8666,Гельсінкі
Максим,Імпорт-Zen ТОВ,7,LuxGear Іграшки Lite42,client8666@example.com,107,273970.2,39138.6,Левченко,Польща,Ліндберг Е. С.,Іграшки,+380826673246,184,Bronze,Фінляндія,Google Pay,0.2,Доставлено,2024-03-08,Північна Європа,8666,Гельсінкі
Максим,Холдинг-Grand ТОВ,1,ZenHub Книги Lite20,client8666@example.com,2316,13227.22,13227.22,Левченко,Італія,Ліндберг Е. С.,Книги,+380826673246,184,Bronze,Фінляндія,Google Pay,0.07,Доставлено,2024-03-08,Північна Європа,8666,Гельсінкі
Максим,Імпорт-Star ТОВ,5,NeoCore Аудіотехніка Max96,client8666@example.com,1265,47419.4,9483.88,Левченко,Південна Корея,Ліндберг Е. С.,Аудіотехніка,+380826673246,184,Bronze,Фінляндія,Google Pay,0.2,Доставлено,2024-03-08,Північна Європа,8666,Гельсінкі
Наталія,Альфа-Volt ТОВ,8,StarLab Взуття Lite69,client367@example.com,2903,92015.68,11501.96,Мельник,Польща,Россі М. А.,Взуття,+380785087533,185,Silver,Іспанія,Google Pay,0.2,Створено,2023-12-19,Південна Європа,367,Барселона
Наталія,Захід-Neo ТОВ,8,GrandPoint Взуття S48,client367@example.com,656,201450.16,25181.27,Мельник,Німеччина,Россі М. А.,Взуття,+380785087533,185,Silver,Іспанія,Google Pay,0.2,Створено,2023-12-19,Південна Європа,367,Барселона
Катерина,Омега-Max ТОВ,5,StarBrands Взуття S71,client2762@example.com,3467,92664.75,18532.95,Савченко,Чехія,Россі М. А.,Взуття,+380629912808,186,Silver,Італія,Apple Pay,0.2,Доставлено,2024-07-01,Південна Європа,2762,Рим
Катерина,Опт-Prime ТОВ,6,VoltCore Взуття X18,client2762@example.com,3620,202316.16,33719.36,Савченко,Китай,Россі М. А.,Взуття,+380629912808,186,Silver,Італія,Apple Pay,0.2,Доставлено,2024-07-01,Південна Європа,2762,Рим
Олег,Меркурій-Vita ТОВ,5,VoltBrands Інструменти Air5,client14617@example.com,3363,3560.65,712.13,Мельник,Туреччина,Коваленко І. О.,Інструменти,+380608015338,187,Platinum,Україна,Картка,0.2,Оплачено,2024-10-16,Східна Європа,14617,Дніпро
Богдан,Альфа-Neo ТОВ,5,VitaCraft Інструменти X36,client8078@example.com,1157,202571.85,40514.37,Коваленко,Німеччина,Россі М. А.,Інструменти,+380542904751,188,Silver,Іспанія,Картка,0.2,Оплачено,2023-02-16,Південна Європа,8078,Мадрид
Богдан,Європром-Ultra ТОВ,5,AeroLine Посуд Max77,client8078@example.com,2839,53459.0,10691.8,Коваленко,Німеччина,Россі М. А.,Посуд,+380542904751,188,Silver,Іспанія,Картка,0.2,Оплачено,2023-02-16,Південна Європа,8078,Мадрид
Богдан,Трейд-Prime ТОВ,5,GrandGear Пральні машини X60,client8078@example.com,3770,204858.35,40971.67,Коваленко,Туреччина,Россі М. А.,Пральні машини,+380542904751,188,Silver,Іспанія,Картка,0.2,Оплачено,2023-02-16,Південна Європа,8078,Мадрид
Богдан,Європром-Apex ТОВ,4,VitaWorks Канцтовари Air59,client8078@example.com,436,1632.84,408.21,Коваленко,Туреччина,Россі М. А.,Канцтовари,+380542904751,188,Silver,Іспанія,Картка,0.2,Оплачено,2023-02-16,Південна Європа,8078,Мадрид
Богдан,Глобал-Neo ТОВ,4,NovaWorks Посуд Air49,client8078@example.com,1559,4747.12,1186.78,Коваленко,США,Россі М. А.,Посуд,+380542904751,188,Silver,Іспанія,Картка,0.2,Оплачено,2023-02-16,Південна Європа,8078,Мадрид
Катерина,Партнер-Pro ТОВ,8,UltraWave Взуття X61,client13701@example.com,763,205890.0,25736.25,Павленко,Туреччина,Новак П. Я.,Взуття,+380968416607,189,Gold,Угорщина,Google Pay,0.2,Відправлено,2025-04-28,Центральна Європа,13701,Будапешт
Катерина,Трейд-Prime ТОВ,1,GrandCraft Канцтовари Pro75,client13701@example.com,1233,39840.72,39840.72,Павленко,Туреччина,Новак П. Я.,Канцтовари,+380968416607,189,Gold,Угорщина,Google Pay,0.2,Відправлено,2025-04-28,Центральна Європа,13701,Будапешт
Катерина,Омега-Grand ТОВ,5,VoltPoint Взуття Pro13,client13701@example.com,1765,49454.65,9890.93,Павленко,Чехія,Новак П. Я.,Взуття,+380968416607,189,Gold,Угорщина,Google Pay,0.2,Відправлено,2025-04-28,Центральна Європа,13701,Будапешт
Світлана,Партнер-Eco ТОВ,4,SolarHub Канцтовари S42,client11538@example.com,2000,76079.36,19019.84,Мороз,Україна,Россі М. А.,Канцтовари,+380879257238,190,Platinum,Іспанія,Накладений платіж,0.2,Створено,2023-11-17,Південна Європа,11538,Мадрид
Світлана,Опт-Lux ТОВ,8,TechWorks Спорттовари S72,client11538@example.com,3321,87532.16,10941.52,Мороз,Туреччина,Россі М. А.,Спорттовари,+380879257238,190,Platinum,Іспанія,Накладений платіж,0.2,Створено,2023-11-17,Південна Європа,11538,Мадрид
Богдан,Партнер-Grand ТОВ,2,VitaSoft Спорттовари S91,client1134@example.com,3509,22393.28,11196.64,Павленко,Китай,Коваленко І. О.,Спорттовари,+380717221890,191,Gold,Україна,Накладений платіж,0.2,Оплачено,2024-11-04,Східна Європа,1134,Київ
Богдан,Трейд-Neo ТОВ #67,2,ProCraft Аудіотехніка Air76,client1134@example.com,3898,53635.04,26817.52,Павленко,Китай,Коваленко І. О.,Аудіотехніка,+380717221890,191,Gold,Україна,Накладений платіж,0.2,Оплачено,2024-11-04,Східна Європа,1134,Київ
Богдан,Альфа-Star ТОВ,1,NeoMark Взуття S79,client1134@example.com,2359,36213.6,36213.6,Павленко,Польща,Коваленко І. О.,Взуття,+380717221890,191,Gold,Україна,Накладений платіж,0.2,Оплачено,2024-11-04,Східна Європа,1134,Київ
Богдан,Європром-Star ТОВ,5,NeoCraft Книги Max76,client1134@example.com,2965,222145.5,44429.1,Павленко,Італія,Коваленко І. О.,Книги,+380717221890,191,Gold,Україна,Накладений платіж,0.07,Оплачено,2024-11-04,Східна Європа,1134,Київ
Катерина,Європром-Solar ТОВ,2,VitaPlus Меблі Max83,client7696@example.com,3542,42076.7,21038.35,Поліщук,Туреччина,Новак П. Я.,Меблі,+380674521956,192,Gold,Чехія,Google Pay,0.2,Відправлено,2024-10-17,Центральна Європа,7696,Прага
Катерина,Опт-Prime ТОВ,3,ProCraft Продукти X31,client7696@example.com,3670,51184.26,17061.42,Поліщук,Китай,Новак П. Я.,Продукти,+380674521956,192,Gold,Чехія,Google Pay,0.07,Відправлено,2024-10-17,Центральна Європа,7696,Прага
Катерина,Імпорт-Neo ТОВ,5,NeoLab Аудіотехніка X41,client7696@example.com,972,129374.55,25874.91,Поліщук,Туреччина,Новак П. Я.,Аудіотехніка,+380674521956,192,Gold,Чехія,Google Pay,0.2,Відправлено,2024-10-17,Центральна Європа,7696,Прага
Юлія,Трейд-Neo ТОВ #67,8,NovaCraft Планшети Pro17,client11403@example.com,418,139507.04,17438.38,Павленко,Китай,Новак П. Я.,Планшети,+380951115757,193,Silver,Польща,Apple Pay,0.2,Скасовано,2024-03-01,Центральна Європа,11403,Краків
Олег,Омега-Neo ТОВ,3,MaxLine Зоотовари Lite68,client8244@example.com,2570,91124.19,30374.73,Поліщук,Чехія,Новак П. Я.,Зоотовари,+380737634815,194,Silver,Угорщина,Готівка,0.2,Створено,2024-07-28,Центральна Європа,8244,Будапешт
Олег,Трейд-Zen ТОВ,2,AeroSystems Фотоапарати Air34,client8244@example.com,1082,13517.68,6758.84,Поліщук,Китай,Новак П. Я.,Фотоапарати,+380737634815,194,Silver,Угорщина,Готівка,0.2,Створено,2024-07-28,Центральна Європа,8244,Будапешт
Олег,Глобал-Eco ТОВ,2,PrimeCraft Меблі Lite79,client8244@example.com,891,82631.98,41315.99,Поліщук,Польща,Новак П. Я.,Меблі,+380737634815,194,Silver,Угорщина,Готівка,0.2,Створено,2024-07-28,Центральна Європа,8244,Будапешт
Іван,Партнер-Pro ТОВ #51,1,VoltLine Фотоапарати X56,client13478@example.com,1423,22167.47,22167.47,Шевченко,Німеччина,Ліндберг Е. С.,Фотоапарати,+380719059410,195,Gold,Швеція,Накладений платіж,0.2,Доставлено,2023-05-16,Північна Європа,13478,Стокгольм
Наталія,Імпорт-Zen ТОВ,6,SolarLab Косметика Max44,client14657@example.com,2006,206153.76,34358.96,Шевченко,Польща,Россі М. А.,Косметика,+380525577461,196,Bronze,Іспанія,Накладений платіж,0.2,Повернено,2024-04-11,Південна Європа,14657,Барселона
Наталія,Глобал-Neo ТОВ #56,8,NovaSystems Взуття Lite27,client14657@example.com,3520,67580.16,8447.52,Шевченко,Туреччина,Россі М. А.,Взуття,+380525577461,196,Bronze,Іспанія,Накладений платіж,0.2,Повернено,2024-04-11,Південна Європа,14657,Барселона
Наталія,Трейд-Neo ТОВ,7,NeoCraft Інструменти S60,client14657@example.com,3131,232301.51,33185.93,Шевченко,Туреччина,Россі М. А.,Інструменти,+380525577461,196,Bronze,Іспанія,Накладений платіж,0.2,Повернено,2024-04-11,Південна Європа,14657,Барселона
Наталія,Опт-Volt ТОВ,2,PrimeCraft Інструменти Max31,client14657@example.com,3934,53171.6,26585.8,Шевченко,Німеччина,Россі М. А.,Інструменти,+380525577461,196,Bronze,Іспанія,Накладений платіж,0.2,Повернено,2024-04-11,Південна Європа,14657,Барселона
Михайло,Опт-Volt ТОВ,6,VitaWorks Посуд X36,client13644@example.com,922,38391.54,6398.59,Бойко,Німеччина,Шмідт Г. К.,Посуд,+380839868317,197,Bronze,Австрія,Картка,0.2,Оплачено,2024-12-06,Західна Європа,13644,Відень
Оксана,Глобал-Prime ТОВ,3,AeroLab Зоотовари X7,client8331@example.com,3585,67062.66,22354.22,Марченко,Німеччина,Новак П. Я.,Зоотовари,+380685625504,198,Bronze,Чехія,Готівка,0.2,Відправлено,2023-08-09,Центральна Європа,8331,Прага
Оксана,Партнер-Grand ТОВ,7,LuxWorks Меблі S49,client8331@example.com,2343,104232.38,14890.34,Марченко,Китай,Новак П. Я.,Меблі,+380685625504,198,Bronze,Чехія,Готівка,0.2,Відправлено,2023-08-09,Центральна Європа,8331,Прага
Ірина,Імпорт-Star ТОВ,6,UltraOne Планшети Pro15,client12817@example.com,2431,155262.78,25877.13,Бойко,Південна Корея,Россі М. А.,Планшети,+380573916849,199,Platinum,Португалія,Apple Pay,0.2,Повернено,2024-11-27,Південна Європа,12817,Лісабон
Олена,Партнер-Grand ТОВ #61,8,ApexPlus Спорттовари Max56,client14103@example.com,1535,127947.36,15993.42,Руденко,Польща,Новак П. Я.,Спорттовари,+380628178828,200,Silver,Чехія,Накладений платіж,0.2,Оплачено,2024-10-03,Центральна Європа,14103,Брно
Олена,Імпорт-Zen ТОВ,3,VitaCore Посуд S38,client14103@example.com,3836,27463.59,9154.53,Руденко,Польща,Новак П. Я.,Посуд,+380628178828,200,Silver,Чехія,Накладений платіж,0.2,Оплачено,2024-10-03,Центральна Європа,14103,Брно
Олена,Альфа-Volt ТОВ,2,EcoWorks Планшети X56,client14103@example.com,2152,71264.18,35632.09,Руденко,Польща,Новак П. Я.,Планшети,+380628178828,200,Silver,Чехія,Накладений платіж,0.2,Оплачено,2024-10-03,Центральна Європа,14103,Брно
Наталія,Континент-Nova ТОВ #54,3,AeroMark Одяг Air73,client3156@example.com,3884,132569.31,44189.77,Гончар,Туреччина,Коваленко І. О.,Одяг,+380892294766,201,Platinum,Україна,Готівка,0.2,Оплачено,2024-03-17,Східна Європа,3156,Київ
Наталія,Альфа-Volt ТОВ,8,SolarLine Холодильники S16,client3156@example.com,1737,150937.76,18867.22,Гончар,Польща,Коваленко І. О.,Холодильники,+380892294766,201,Platinum,Україна,Готівка,0.2,Оплачено,2024-03-17,Східна Європа,3156,Київ
Наталія,Опт-Lux ТОВ,1,SolarPoint Інструменти Max8,client3156@example.com,1912,13218.69,13218.69,Гончар,Туреччина,Коваленко І. О.,Інструменти,+380892294766,201,Platinum,Україна,Готівка,0.2,Оплачено,2024-03-17,Східна Європа,3156,Київ
Наталія,Трейд-Zen ТОВ,6,NovaPoint Аудіотехніка S5,client3156@example.com,2362,36300.42,6050.07,Гончар,Китай,Коваленко І. О.,Аудіотехніка,+380892294766,201,Platinum,Україна,Готівка,0.2,Оплачено,2024-03-17,Східна Європа,3156,Київ
Ірина,Партнер-Pro ТОВ,5,StarOne Фотоапарати Air92,client4211@example.com,1800,83689.2,16737.84,Петренко,Туреччина,Новак П. Я.,Фотоапарати,+380624058567,202,Gold,Польща,Готівка,0.2,Оплачено,2023-03-16,Центральна Європа,4211,Краків
Артем,Партнер-Smart ТОВ,7,SmartGear Аудіотехніка Pro71,client12229@example.com,990,154712.74,22101.82,Гончар,Південна Корея,Ліндберг Е. С.,Аудіотехніка,+380621328411,203,Bronze,Фінляндія,Готівка,0.2,Оплачено,2024-03-15,Північна Європа,12229,Гельсінкі
Артем,Імпорт-Tech ТОВ #69,1,TechWorks Ноутбуки Air50,client12229@example.com,2802,43306.11,43306.11,Гончар,Італія,Ліндберг Е. С.,Ноутбуки,+380621328411,203,Bronze,Фінляндія,Готівка,0.2,Оплачено,2024-03-15,Північна Європа,12229,Гельсінкі
Артем,Глобал-Neo ТОВ #56,6,VoltLine Планшети S42,client12229@example.com,1672,29336.16,4889.36,Гончар,Туреччина,Ліндберг Е. С.,Планшети,+380621328411,203,Bronze,Фінляндія,Готівка,0.2,Оплачено,2024-03-15,Північна Європа,12229,Гельсінкі
Артем,Глобал-Neo ТОВ,1,EcoPlus Посуд X74,client12229@example.com,2592,6286.55,6286.55,Гончар,США,Ліндберг Е. С.,Посуд,+380621328411,203,Bronze,Фінляндія,Готівка,0.2,Оплачено,2024-03-15,Північна Європа,12229,Гельсінкі
Артем,Трейд-Ultra ТОВ,8,StarOne Канцтовари Pro26,client12229@example.com,840,69639.44,8704.93,Гончар,Туреччина,Ліндберг Е. С.,Канцтовари,+380621328411,203,Bronze,Фінляндія,Готівка,0.2,Оплачено,2024-03-15,Північна Європа,12229,Гельсінкі
Юрій,Омега-Max ТОВ #31,1,MaxGear Зоотовари Pro38,client3595@example.com,579,20405.41,20405.41,Олійник,Туреччина,Коваленко І. О.,Зоотовари,+380732263044,204,Bronze,Україна,Накладений платіж,0.2,Відправлено,2023-03-10,Східна Європа,3595,Харків
Сергій,Європром-Ultra ТОВ,3,ZenMark Смартфони S53,client4778@example.com,2437,15039.66,5013.22,Кузьменко,Німеччина,Ліндберг Е. С.,Смартфони,+380748739424,205,Bronze,Швеція,Apple Pay,0.2,Відправлено,2024-03-25,Північна Європа,4778,Стокгольм
Сергій,Опт-Smart ТОВ,5,NovaCraft Ноутбуки X95,client4778@example.com,1351,73411.8,14682.36,Кузьменко,Україна,Ліндберг Е. С.,Ноутбуки,+380748739424,205,Bronze,Швеція,Apple Pay,0.2,Відправлено,2024-03-25,Північна Європа,4778,Стокгольм
Олена,Імпорт-Tech ТОВ #69,2,ProCore Книги S54,client13891@example.com,2967,73510.36,36755.18,Бондаренко,Італія,Новак П. Я.,Книги,+380775476683,206,Bronze,Угорщина,Apple Pay,0.07,Скасовано,2024-02-18,Центральна Європа,13891,Будапешт
Олена,Партнер-Max ТОВ,7,SmartPlus Фотоапарати Max66,client13891@example.com,591,37904.65,5414.95,Бондаренко,Китай,Новак П. Я.,Фотоапарати,+380775476683,206,Bronze,Угорщина,Apple Pay,0.2,Скасовано,2024-02-18,Центральна Європа,13891,Будапешт
Оксана,Омега-Solar ТОВ,7,LuxSoft Інструменти Pro21,client322@example.com,3612,252177.8,36025.4,Павленко,Південна Корея,Россі М. А.,Інструменти,+380746594589,207,Bronze,Італія,Картка,0.2,Повернено,2023-08-02,Південна Європа,322,Мілан
Оксана,Європром-Pro ТОВ,6,SmartGear Взуття X50,client322@example.com,4,71825.28,11970.88,Павленко,Південна Корея,Россі М. А.,Взуття,+380746594589,207,Bronze,Італія,Картка,0.2,Повернено,2023-08-02,Південна Європа,322,Мілан
Оксана,Партнер-Eco ТОВ,2,VitaPlus Ноутбуки Air93,client322@example.com,1827,84992.66,42496.33,Павленко,Україна,Россі М. А.,Ноутбуки,+380746594589,207,Bronze,Італія,Картка,0.2,Повернено,2023-08-02,Південна Європа,322,Мілан
Оксана,Опт-Vita ТОВ,2,AeroGear Інструменти Lite34,client322@example.com,889,13148.96,6574.48,Павленко,Китай,Россі М. А.,Інструменти,+380746594589,207,Bronze,Італія,Картка,0.2,Повернено,2023-08-02,Південна Європа,322,Мілан
Оксана,Омега-Max ТОВ,4,GrandGear Планшети Max37,client322@example.com,3283,131904.72,32976.18,Павленко,Чехія,Россі М. А.,Планшети,+380746594589,207,Bronze,Італія,Картка,0.2,Повернено,2023-08-02,Південна Європа,322,Мілан
Олександр,Опт-Lux ТОВ,6,TechLine Іграшки X86,client3204@example.com,2480,186631.32,31105.22,Гончар,Туреччина,Шмідт Г. К.,Іграшки,+380985092045,208,Platinum,Франція,Накладений платіж,0.2,Доставлено,2023-06-13,Західна Європа,3204,Ліон
Олександр,Омега-Max ТОВ,1,ZenPoint Косметика S62,client3204@example.com,1926,40376.16,40376.16,Гончар,Чехія,Шмідт Г. К.,Косметика,+380985092045,208,Platinum,Франція,Накладений платіж,0.2,Доставлено,2023-06-13,Західна Європа,3204,Ліон
Олександр,Європром-Ultra ТОВ,2,PrimeWave Канцтовари Pro26,client3204@example.com,2621,9739.28,4869.64,Гончар,Німеччина,Шмідт Г. К.,Канцтовари,+380985092045,208,Platinum,Франція,Накладений платіж,0.2,Доставлено,2023-06-13,Західна Європа,3204,Ліон
Оксана,Альфа-Smart ТОВ,1,SolarBrands Книги X94,client14857@example.com,3065,31167.0,31167.0,Поліщук,Південна Корея,Россі М. А.,Книги,+380662629287,209,Gold,Іспанія,Готівка,0.07,Повернено,2023-11-09,Південна Європа,14857,Мадрид
Ірина,Альфа-Max ТОВ,4,NovaTrade Фотоапарати X46,client11406@example.com,144,142239.24,35559.81,Павленко,Китай,Шмідт Г. К.,Фотоапарати,+380807216670,210,Platinum,Німеччина,Apple Pay,0.2,Повернено,2025-06-19,Західна Європа,11406,Мюнхен
Ірина,Партнер-Max ТОВ,8,EcoBrands Взуття Lite79,client11406@example.com,2601,191778.16,23972.27,Павленко,Китай,Шмідт Г. К.,Взуття,+380807216670,210,Platinum,Німеччина,Apple Pay,0.2,Повернено,2025-06-19,Західна Європа,11406,Мюнхен
Ірина,Континент-Nova ТОВ,4,AeroCraft Інструменти S38,client11406@example.com,275,7763.56,1940.89,Павленко,США,Шмідт Г. К.,Інструменти,+380807216670,210,Platinum,Німеччина,Apple Pay,0.2,Повернено,2025-06-19,Західна Європа,11406,Мюнхен
Ірина,Європром-Ultra ТОВ,6,MaxLine Косметика Pro6,client11406@example.com,1106,177269.82,29544.97,Павленко,Німеччина,Шмідт Г. К.,Косметика,+380807216670,210,Platinum,Німеччина,Apple Pay,0.2,Повернено,2025-06-19,Західна Європа,11406,Мюнхен
Ірина,Альфа-Smart ТОВ,8,AeroLine Аудіотехніка Pro44,client11406@example.com,3471,298160.0,37270.0,Павленко,Південна Корея,Шмідт Г. К.,Аудіотехніка,+380807216670,210,Platinum,Німеччина,Apple Pay,0.2,Повернено,2025-06-19,Західна Європа,11406,Мюнхен
Михайло,Трейд-Ultra ТОВ,4,NeoSoft Спорттовари S74,client4416@example.com,640,106704.12,26676.03,Гончар,Туреччина,Новак П. Я.,Спорттовари,+380606156346,211,Platinum,Чехія,Картка,0.2,Створено,2023-01-14,Центральна Європа,4416,Брно
Михайло,Партнер-Max ТОВ,4,VitaSoft Меблі Lite13,client4416@example.com,1757,167839.76,41959.94,Гончар,Китай,Новак П. Я.,Меблі,+380606156346,211,Platinum,Чехія,Картка,0.2,Створено,2023-01-14,Центральна Європа,4416,Брно
Михайло,Меркурій-Apex ТОВ,3,ZenWave Меблі Lite21,client13002@example.com,2468,111910.38,37303.46,Мельник,Польща,Ліндберг Е. С.,Меблі,+380873978311,212,Platinum,Швеція,Картка,0.2,Створено,2024-11-15,Північна Європа,13002,Стокгольм
Артем,Партнер-Pro ТОВ #51,3,NovaWave Телевізори S80,client9671@example.com,175,62194.08,20731.36,Ткаченко,Німеччина,Коваленко І. О.,Телевізори,+380824085192,213,Bronze,Україна,Google Pay,0.2,Скасовано,2025-01-28,Східна Європа,9671,Харків
Артем,Партнер-Pro ТОВ #51,1,VoltTrade Аудіотехніка Lite85,client9671@example.com,2553,12008.43,12008.43,Ткаченко,Німеччина,Коваленко І. О.,Аудіотехніка,+380824085192,213,Bronze,Україна,Google Pay,0.2,Скасовано,2025-01-28,Східна Європа,9671,Харків
Артем,Партнер-Grand ТОВ #61,1,AeroLine Меблі Max41,client9671@example.com,3517,35956.96,35956.96,Ткаченко,Польща,Коваленко І. О.,Меблі,+380824085192,213,Bronze,Україна,Google Pay,0.2,Скасовано,2025-01-28,Східна Європа,9671,Харків
Артем,Імпорт-Tech ТОВ #69,6,TechCraft Холодильники Lite14,client9671@example.com,586,166464.54,27744.09,Ткаченко,Італія,Коваленко І. О.,Холодильники,+380824085192,213,Bronze,Україна,Google Pay,0.2,Скасовано,2025-01-28,Східна Європа,9671,Харків
Артем,Партнер-Eco ТОВ,6,GrandLab Зоотовари Max20,client9671@example.com,2257,261521.94,43586.99,Ткаченко,Україна,Коваленко І. О.,Зоотовари,+380824085192,213,Bronze,Україна,Google Pay,0.2,Скасовано,2025-01-28,Східна Європа,9671,Харків
Юлія,Омега-Prime ТОВ,6,SmartCore Іграшки Air23,client397@example.com,374,149150.22,24858.37,Ткаченко,Італія,Шмідт Г. К.,Іграшки,+380597821777,214,Gold,Німеччина,Apple Pay,0.2,Відправлено,2024-07-10,Західна Європа,397,Гамбург
Юлія,Європром-Smart ТОВ,5,MaxCraft Посуд Pro56,client397@example.com,2052,83458.85,16691.77,Ткаченко,Південна Корея,Шмідт Г. К.,Посуд,+380597821777,214,Gold,Німеччина,Apple Pay,0.2,Відправлено,2024-07-10,Західна Європа,397,Гамбург
Юлія,Омега-Prime ТОВ,7,GrandWorks Планшети Lite17,client397@example.com,1795,238504.42,34072.06,Ткаченко,Італія,Шмідт Г. К.,Планшети,+380597821777,214,Gold,Німеччина,Apple Pay,0.2,Відправлено,2024-07-10,Західна Європа,397,Гамбург
Юлія,Меркурій-Lux ТОВ,3,PrimeLab Ноутбуки X24,client397@example.com,3345,12435.93,4145.31,Ткаченко,Китай,Шмідт Г. К.,Ноутбуки,+380597821777,214,Gold,Німеччина,Apple Pay,0.2,Відправлено,2024-07-10,Західна Європа,397,Гамбург
Юлія,Опт-Lux ТОВ,7,PrimeCore Канцтовари X11,client397@example.com,2879,313987.24,44855.32,Ткаченко,Туреччина,Шмідт Г. К.,Канцтовари,+380597821777,214,Gold,Німеччина,Apple Pay,0.2,Відправлено,2024-07-10,Західна Європа,397,Гамбург
Артем,Опт-Max ТОВ,3,StarWave Взуття Lite66,client1187@example.com,1782,100408.74,33469.58,Лисенко,Туреччина,Шмідт Г. К.,Взуття,+380849236272,215,Gold,Німеччина,Готівка,0.2,Оплачено,2023-08-09,Західна Європа,1187,Мюнхен
Тарас,Партнер-Pro ТОВ #51,3,VitaPlus Фотоапарати Lite30,client8706@example.com,1556,13578.09,4526.03,Бондаренко,Німеччина,Новак П. Я.,Фотоапарати,+380678946989,216,Platinum,Чехія,Google Pay,0.2,Скасовано,2023-01-15,Центральна Європа,8706,Брно
Андрій,Глобал-Prime ТОВ,8,GrandCraft Холодильники X20,client1562@example.com,654,153615.36,19201.92,Мороз,Німеччина,Новак П. Я.,Холодильники,+380504173279,217,Bronze,Чехія,Картка,0.2,Оплачено,2024-04-28,Центральна Європа,1562,Брно
Юрій,Альфа-Volt ТОВ,5,VitaWorks Інструменти S46,client1144@example.com,526,50442.95,10088.59,Шевченко,Польща,Коваленко І. О.,Інструменти,+380823373918,218,Gold,Україна,Накладений платіж,0.2,Оплачено,2025-04-15,Східна Європа,1144,Львів
Юрій,Опт-Solar ТОВ,5,AeroPoint Смартфони Pro14,client1144@example.com,3001,186269.55,37253.91,Шевченко,Німеччина,Коваленко І. О.,Смартфони,+380823373918,218,Gold,Україна,Накладений платіж,0.2,Оплачено,2025-04-15,Східна Європа,1144,Львів
Юрій,Трейд-Ultra ТОВ,4,LuxGear Фотоапарати Pro55,client1144@example.com,1372,122086.2,30521.55,Шевченко,Туреччина,Коваленко І. О.,Фотоапарати,+380823373918,218,Gold,Україна,Накладений платіж,0.2,Оплачено,2025-04-15,Східна Європа,1144,Львів
Юрій,Альфа-Prime ТОВ,7,LuxCraft Одяг S2,client1144@example.com,1001,43441.16,6205.88,Шевченко,Туреччина,Коваленко І. О.,Одяг,+380823373918,218,Gold,Україна,Накладений платіж,0.2,Оплачено,2025-04-15,Східна Європа,1144,Львів
Ірина,Опт-Lux ТОВ #28,3,ZenSoft Фотоапарати Lite9,client7080@example.com,435,118412.28,39470.76,Кравченко,Польща,Новак П. Я.,Фотоапарати,+380869715459,219,Platinum,Польща,Картка,0.2,Оплачено,2023-12-06,Центральна Європа,7080,Варшава
Ірина,Омега-Prime ТОВ,7,VoltSystems Пральні машини Air96,client7080@example.com,22,48980.19,6997.17,Кравченко,Італія,Новак П. Я.,Пральні машини,+380869715459,219,Platinum,Польща,Картка,0.2,Оплачено,2023-12-06,Центральна Європа,7080,Варшава
Ірина,Омега-Solar ТОВ,1,AeroGear Посуд Air37,client7080@example.com,3078,32081.89,32081.89,Кравченко,Південна Корея,Новак П. Я.,Посуд,+380869715459,219,Platinum,Польща,Картка,0.2,Оплачено,2023-12-06,Центральна Європа,7080,Варшава
Назар,Трейд-Vita ТОВ,1,ProSystems Аудіотехніка Max18,client3650@example.com,2948,41387.6,41387.6,Шевчук,Польща,Новак П. Я.,Аудіотехніка,+380813253696,220,Bronze,Польща,Apple Pay,0.2,Створено,2023-09-11,Центральна Європа,3650,Краків
Назар,Імпорт-Neo ТОВ,8,VoltCraft Взуття Pro6,client3650@example.com,2503,67497.44,8437.18,Шевчук,Туреччина,Новак П. Я.,Взуття,+380813253696,220,Bronze,Польща,Apple Pay,0.2,Створено,2023-09-11,Центральна Європа,3650,Краків
Назар,Меркурій-Apex ТОВ,3,VoltCraft Книги Lite81,client3650@example.com,1450,96881.4,32293.8,Шевчук,Польща,Новак П. Я.,Книги,+380813253696,220,Bronze,Польща,Apple Pay,0.07,Створено,2023-09-11,Центральна Європа,3650,Краків
Назар,Європром-Ultra ТОВ #72,4,SolarWave Продукти Max41,client3650@example.com,181,27342.16,6835.54,Шевчук,Чехія,Новак П. Я.,Продукти,+380813253696,220,Bronze,Польща,Apple Pay,0.07,Створено,2023-09-11,Центральна Європа,3650,Краків
Тетяна,Захід-Solar ТОВ,1,NovaWave Книги Lite35,client3366@example.com,428,23597.25,23597.25,Шевченко,Південна Корея,Коваленко І. О.,Книги,+380722553370,221,Gold,Україна,Google Pay,0.07,Скасовано,2025-05-04,Східна Європа,3366,Одеса
Тетяна,Трейд-Apex ТОВ,2,UltraWave Холодильники S25,client3366@example.com,1947,68999.12,34499.56,Шевченко,Україна,Коваленко І. О.,Холодильники,+380722553370,221,Gold,Україна,Google Pay,0.2,Скасовано,2025-05-04,Східна Європа,3366,Одеса
Тетяна,Континент-Nova ТОВ,5,LuxLine Іграшки Max56,client3366@example.com,2194,145512.3,29102.46,Шевченко,США,Коваленко І. О.,Іграшки,+380722553370,221,Gold,Україна,Google Pay,0.2,Скасовано,2025-05-04,Східна Європа,3366,Одеса
Михайло,Опт-Lux ТОВ,2,UltraPoint Зоотовари Lite15,client13951@example.com,558,79894.7,39947.35,Марченко,Туреччина,Коваленко І. О.,Зоотовари,+380699453591,222,Bronze,Україна,Готівка,0.2,Створено,2023-07-28,Східна Європа,13951,Одеса
Михайло,Меркурій-Apex ТОВ,3,PrimeLine Спорттовари S37,client13951@example.com,3362,73916.97,24638.99,Марченко,Польща,Коваленко І. О.,Спорттовари,+380699453591,222,Bronze,Україна,Готівка,0.2,Створено,2023-07-28,Східна Європа,13951,Одеса
Ірина,Альфа-Smart ТОВ,3,VitaTrade Спорттовари Pro93,client12744@example.com,2145,35425.14,11808.38,Марченко,Південна Корея,Ліндберг Е. С.,Спорттовари,+380585430691,223,Platinum,Швеція,Готівка,0.2,Відправлено,2024-02-11,Північна Європа,12744,Гетеборг
Ірина,Холдинг-Max ТОВ,5,SmartCore Ноутбуки S96,client12744@example.com,611,88125.6,17625.12,Марченко,Південна Корея,Ліндберг Е. С.,Ноутбуки,+380585430691,223,Platinum,Швеція,Готівка,0.2,Відправлено,2024-02-11,Північна Європа,12744,Гетеборг
Ірина,Опт-Grand ТОВ,5,AeroCore Аудіотехніка Max26,client12744@example.com,1759,59873.05,11974.61,Марченко,Італія,Ліндберг Е. С.,Аудіотехніка,+380585430691,223,Platinum,Швеція,Готівка,0.2,Відправлено,2024-02-11,Північна Європа,12744,Гетеборг
Богдан,Омега-Max ТОВ,8,NovaPoint Інструменти S53,client10800@example.com,2458,319533.6,39941.7,Кузьменко,Чехія,Россі М. А.,Інструменти,+380643482523,224,Platinum,Португалія,Apple Pay,0.2,Повернено,2025-03-10,Південна Європа,10800,Лісабон
Богдан,Імпорт-Tech ТОВ #69,8,UltraWorks Взуття Max22,client10800@example.com,2589,65289.44,8161.18,Кузьменко,Італія,Россі М. А.,Взуття,+380643482523,224,Platinum,Португалія,Apple Pay,0.2,Повернено,2025-03-10,Південна Європа,10800,Лісабон
Оксана,Опт-Solar ТОВ,1,GrandWorks Іграшки S57,client11664@example.com,506,9552.0,9552.0,Мороз,Німеччина,Шмідт Г. К.,Іграшки,+380935951922,225,Platinum,Німеччина,Apple Pay,0.2,Відправлено,2023-04-10,Західна Європа,11664,Берлін
Оксана,Меркурій-Vita ТОВ,2,AeroCraft Книги X52,client11664@example.com,256,4699.08,2349.54,Мороз,Туреччина,Шмідт Г. К.,Книги,+380935951922,225,Platinum,Німеччина,Apple Pay,0.07,Відправлено,2023-04-10,Західна Європа,11664,Берлін
Оксана,Партнер-Smart ТОВ,1,SmartWave Одяг S70,client11664@example.com,3121,17851.53,17851.53,Мороз,Південна Корея,Шмідт Г. К.,Одяг,+380935951922,225,Platinum,Німеччина,Apple Pay,0.2,Відправлено,2023-04-10,Західна Європа,11664,Берлін
Софія,Захід-Tech ТОВ,3,PrimeOne Книги Pro64,client12590@example.com,1928,62089.53,20696.51,Поліщук,Туреччина,Новак П. Я.,Книги,+380719198195,226,Platinum,Польща,Накладений платіж,0.07,Оплачено,2025-01-14,Центральна Європа,12590,Вроцлав
Софія,Європром-Pro ТОВ,2,NeoMark Канцтовари Pro84,client12590@example.com,2824,22032.78,11016.39,Поліщук,Південна Корея,Новак П. Я.,Канцтовари,+380719198195,226,Platinum,Польща,Накладений платіж,0.2,Оплачено,2025-01-14,Центральна Європа,12590,Вроцлав
Софія,Альфа-Volt ТОВ,6,PrimeCore Продукти X59,client12590@example.com,2964,234970.2,39161.7,Поліщук,Польща,Новак П. Я.,Продукти,+380719198195,226,Platinum,Польща,Накладений платіж,0.07,Оплачено,2025-01-14,Центральна Європа,12590,Вроцлав
Софія,Опт-Grand ТОВ,3,SolarLine Одяг S48,client12590@example.com,3030,47315.76,15771.92,Поліщук,Італія,Новак П. Я.,Одяг,+380719198195,226,Platinum,Польща,Накладений платіж,0.2,Оплачено,2025-01-14,Центральна Європа,12590,Вроцлав
Ірина,Глобал-Neo ТОВ,6,ProLine Косметика Pro54,client4567@example.com,964,261794.28,43632.38,Левченко,США,Россі М. А.,Косметика,+380816811566,227,Bronze,Іспанія,Готівка,0.2,Повернено,2023-01-24,Південна Європа,4567,Мадрид
Ірина,Глобал-Eco ТОВ,7,NovaCore Канцтовари Air10,client4567@example.com,3473,16051.77,2293.11,Левченко,Польща,Россі М. А.,Канцтовари,+380816811566,227,Bronze,Іспанія,Готівка,0.2,Повернено,2023-01-24,Південна Європа,4567,Мадрид
Ірина,Альфа-Smart ТОВ,2,StarWave Аудіотехніка X81,client4567@example.com,1461,73451.4,36725.7,Левченко,Південна Корея,Россі М. А.,Аудіотехніка,+380816811566,227,Bronze,Іспанія,Готівка,0.2,Повернено,2023-01-24,Південна Європа,4567,Мадрид
Ірина,Альфа-Max ТОВ,8,PrimePoint Канцтовари S78,client4567@example.com,546,72229.84,9028.73,Левченко,Китай,Россі М. А.,Канцтовари,+380816811566,227,Bronze,Іспанія,Готівка,0.2,Повернено,2023-01-24,Південна Європа,4567,Мадрид
Ірина,Опт-Prime ТОВ #45,2,LuxCore Іграшки Pro40,client4567@example.com,2040,9206.7,4603.35,Левченко,Південна Корея,Россі М. А.,Іграшки,+380816811566,227,Bronze,Іспанія,Готівка,0.2,Повернено,2023-01-24,Південна Європа,4567,Мадрид
Анна,Європром-Ultra ТОВ,8,AeroLine Посуд Max77,client10795@example.com,2839,85534.4,10691.8,Савченко,Німеччина,Ліндберг Е. С.,Посуд,+380772039032,228,Platinum,Швеція,Apple Pay,0.2,Повернено,2023-07-26,Північна Європа,10795,Гетеборг
Анна,Імпорт-Neo ТОВ #79,8,PrimeWorks Канцтовари X12,client10795@example.com,1546,234005.04,29250.63,Савченко,Польща,Ліндберг Е. С.,Канцтовари,+380772039032,228,Platinum,Швеція,Apple Pay,0.2,Повернено,2023-07-26,Північна Європа,10795,Гетеборг
Анна,Партнер-Pro ТОВ #51,1,SolarOne Посуд Lite80,client10795@example.com,2004,11863.07,11863.07,Савченко,Німеччина,Ліндберг Е. С.,Посуд,+380772039032,228,Platinum,Швеція,Apple Pay,0.2,Повернено,2023-07-26,Північна Європа,10795,Гетеборг
Анна,Імпорт-Aero ТОВ,5,ProLine Пральні машини Air65,client10795@example.com,540,38229.3,7645.86,Савченко,Туреччина,Ліндберг Е. С.,Пральні машини,+380772039032,228,Platinum,Швеція,Apple Pay,0.2,Повернено,2023-07-26,Північна Європа,10795,Гетеборг
Анна,Імпорт-Neo ТОВ,2,VoltTrade Фотоапарати X54,client10795@example.com,3096,7341.76,3670.88,Савченко,Туреччина,Ліндберг Е. С.,Фотоапарати,+380772039032,228,Platinum,Швеція,Apple Pay,0.2,Повернено,2023-07-26,Північна Європа,10795,Гетеборг
Світлана,Омега-Max ТОВ #31,8,EcoTrade Книги Lite78,client14698@example.com,3135,160276.24,20034.53,Шевчук,Туреччина,Новак П. Я.,Книги,+380828907805,229,Bronze,Польща,Apple Pay,0.07,Відправлено,2023-07-07,Центральна Європа,14698,Варшава
Світлана,Омега-Max ТОВ,2,PrimeLine Одяг Max68,client14698@example.com,1083,39220.78,19610.39,Шевчук,Чехія,Новак П. Я.,Одяг,+380828907805,229,Bronze,Польща,Apple Pay,0.2,Відправлено,2023-07-07,Центральна Європа,14698,Варшава
Олена,Європром-Ultra ТОВ #72,3,PrimeCraft Меблі Lite88,client14841@example.com,3195,64657.68,21552.56,Павленко,Чехія,Россі М. А.,Меблі,+380646762081,230,Bronze,Іспанія,Готівка,0.2,Повернено,2024-08-31,Південна Європа,14841,Барселона
Олена,Альфа-Prime ТОВ,6,SolarWave Канцтовари Max88,client14841@example.com,1944,145557.72,24259.62,Павленко,Туреччина,Россі М. А.,Канцтовари,+380646762081,230,Bronze,Іспанія,Готівка,0.2,Повернено,2024-08-31,Південна Європа,14841,Барселона
Олена,Континент-Nova ТОВ #54,7,MaxLine Планшети Air70,client14841@example.com,3625,185291.33,26470.19,Павленко,Туреччина,Россі М. А.,Планшети,+380646762081,230,Bronze,Іспанія,Готівка,0.2,Повернено,2024-08-31,Південна Європа,14841,Барселона
Світлана,Опт-Max ТОВ,3,AeroSoft Косметика Pro8,client10817@example.com,2080,123754.92,41251.64,Бондаренко,Туреччина,Новак П. Я.,Косметика,+380908832596,231,Bronze,Угорщина,Картка,0.2,Доставлено,2023-09-07,Центральна Європа,10817,Будапешт
Михайло,Опт-Solar ТОВ,3,PrimeOne Посуд S35,client5230@example.com,3255,50210.55,16736.85,Бондаренко,Німеччина,Шмідт Г. К.,Посуд,+380864271049,232,Bronze,Австрія,Готівка,0.2,Оплачено,2023-05-02,Західна Європа,5230,Відень
Михайло,Опт-Max ТОВ,7,VoltMark Інструменти X50,client5230@example.com,257,159014.03,22716.29,Бондаренко,Туреччина,Шмідт Г. К.,Інструменти,+380864271049,232,Bronze,Австрія,Готівка,0.2,Оплачено,2023-05-02,Західна Європа,5230,Відень
Михайло,Альфа-Smart ТОВ,4,SolarBrands Книги X94,client5230@example.com,3065,124668.0,31167.0,Бондаренко,Південна Корея,Шмідт Г. К.,Книги,+380864271049,232,Bronze,Австрія,Готівка,0.07,Оплачено,2023-05-02,Західна Європа,5230,Відень
Михайло,Глобал-Aero ТОВ,4,AeroOne Холодильники Air38,client5230@example.com,2426,62099.36,15524.84,Бондаренко,Італія,Шмідт Г. К.,Холодильники,+380864271049,232,Bronze,Австрія,Готівка,0.2,Оплачено,2023-05-02,Західна Європа,5230,Відень
Михайло,Імпорт-Neo ТОВ #79,7,ZenOne Продукти Lite25,client5230@example.com,1605,21947.38,3135.34,Бондаренко,Польща,Шмідт Г. К.,Продукти,+380864271049,232,Bronze,Австрія,Готівка,0.07,Оплачено,2023-05-02,Західна Європа,5230,Відень
Ірина,Континент-Aero ТОВ,4,VitaCore Іграшки Lite66,client5754@example.com,3194,9190.44,2297.61,Руденко,США,Ліндберг Е. С.,Іграшки,+380804961440,233,Bronze,Фінляндія,Готівка,0.2,Скасовано,2025-03-09,Північна Європа,5754,Гельсінкі
Ірина,Європром-Pro ТОВ #62,4,ApexLine Продукти Lite75,client5754@example.com,1130,43824.8,10956.2,Руденко,США,Ліндберг Е. С.,Продукти,+380804961440,233,Bronze,Фінляндія,Готівка,0.07,Скасовано,2025-03-09,Північна Європа,5754,Гельсінкі
Ірина,Альфа-Nova ТОВ,7,UltraTrade Аудіотехніка Max61,client5754@example.com,1987,240203.88,34314.84,Руденко,Південна Корея,Ліндберг Е. С.,Аудіотехніка,+380804961440,233,Bronze,Фінляндія,Готівка,0.2,Скасовано,2025-03-09,Північна Європа,5754,Гельсінкі
Ірина,Меркурій-Apex ТОВ,3,VoltWorks Косметика S96,client5754@example.com,1891,132959.52,44319.84,Руденко,Польща,Ліндберг Е. С.,Косметика,+380804961440,233,Bronze,Фінляндія,Готівка,0.2,Скасовано,2025-03-09,Північна Європа,5754,Гельсінкі
Ірина,Захід-Max ТОВ,4,AeroSystems Меблі Max86,client5754@example.com,1828,11254.72,2813.68,Руденко,Польща,Ліндберг Е. С.,Меблі,+380804961440,233,Bronze,Фінляндія,Готівка,0.2,Скасовано,2025-03-09,Північна Європа,5754,Гельсінкі
Наталія,Трейд-Ultra ТОВ,7,ZenMark Взуття Lite4,client4645@example.com,2204,211052.87,30150.41,Олійник,Туреччина,Россі М. А.,Взуття,+380605334456,234,Gold,Іспанія,Накладений платіж,0.2,Скасовано,2023-07-02,Південна Європа,4645,Мадрид
Наталія,Меркурій-Apex ТОВ,7,ZenPlus Пральні машини Max64,client4645@example.com,2445,307905.22,43986.46,Олійник,Польща,Россі М. А.,Пральні машини,+380605334456,234,Gold,Іспанія,Накладений платіж,0.2,Скасовано,2023-07-02,Південна Європа,4645,Мадрид
Юлія,Європром-Pro ТОВ #62,3,PrimeTrade Ноутбуки Lite13,client12112@example.com,2992,47916.66,15972.22,Ткаченко,США,Россі М. А.,Ноутбуки,+380586171380,235,Platinum,Італія,Накладений платіж,0.2,Доставлено,2023-01-01,Південна Європа,12112,Рим
Юлія,Альфа-Volt ТОВ,6,AeroPoint Посуд Max90,client12112@example.com,1384,117257.16,19542.86,Ткаченко,Польща,Россі М. А.,Посуд,+380586171380,235,Platinum,Італія,Накладений платіж,0.2,Доставлено,2023-01-01,Південна Європа,12112,Рим
Юлія,Партнер-Pro ТОВ #51,6,ApexTrade Інструменти S69,client12112@example.com,3796,245890.14,40981.69,Ткаченко,Німеччина,Россі М. А.,Інструменти,+380586171380,235,Platinum,Італія,Накладений платіж,0.2,Доставлено,2023-01-01,Південна Європа,12112,Рим
Юлія,Альфа-Smart ТОВ,8,PrimeLab Ноутбуки Max58,client12112@example.com,895,126805.28,15850.66,Ткаченко,Південна Корея,Россі М. А.,Ноутбуки,+380586171380,235,Platinum,Італія,Накладений платіж,0.2,Доставлено,2023-01-01,Південна Європа,12112,Рим
Оксана,Європром-Smart ТОВ,8,SolarCraft Ноутбуки X56,client3356@example.com,3367,223259.84,27907.48,Лисенко,Південна Корея,Шмідт Г. К.,Ноутбуки,+380816509692,236,Gold,Австрія,Накладений платіж,0.2,Оплачено,2024-07-23,Західна Європа,3356,Відень
Артем,Партнер-Pro ТОВ,6,UltraWave Взуття X61,client9671@example.com,763,154417.5,25736.25,Ткаченко,Туреччина,Коваленко І. О.,Взуття,+380824085192,237,Bronze,Україна,Apple Pay,0.2,Оплачено,2024-12-14,Східна Європа,9671,Харків
Артем,Трейд-Neo ТОВ,6,NeoCraft Інструменти S60,client9671@example.com,3131,199115.58,33185.93,Ткаченко,Туреччина,Коваленко І. О.,Інструменти,+380824085192,237,Bronze,Україна,Apple Pay,0.2,Оплачено,2024-12-14,Східна Європа,9671,Харків
Артем,Меркурій-Vita ТОВ,1,StarOne Фотоапарати Max41,client9671@example.com,3464,33183.27,33183.27,Ткаченко,Туреччина,Коваленко І. О.,Фотоапарати,+380824085192,237,Bronze,Україна,Apple Pay,0.2,Оплачено,2024-12-14,Східна Європа,9671,Харків
Юлія,Холдинг-Max ТОВ,4,PrimeSoft Пральні машини X73,client14360@example.com,1622,122472.32,30618.08,Поліщук,Південна Корея,Новак П. Я.,Пральні машини,+380963469964,238,Platinum,Польща,Готівка,0.2,Повернено,2024-01-04,Центральна Європа,14360,Краків
Світлана,Глобал-Eco ТОВ,5,ProSoft Ноутбуки Air27,client4041@example.com,2529,81457.15,16291.43,Савченко,Польща,Новак П. Я.,Ноутбуки,+380836554474,239,Bronze,Чехія,Apple Pay,0.2,Створено,2024-05-13,Центральна Європа,4041,Прага
Світлана,Меркурій-Grand ТОВ,3,ProTrade Книги S51,client4041@example.com,3364,130146.57,43382.19,Савченко,Україна,Новак П. Я.,Книги,+380836554474,239,Bronze,Чехія,Apple Pay,0.07,Створено,2024-05-13,Центральна Європа,4041,Прага
Світлана,Опт-Prime ТОВ #45,6,NeoPlus Зоотовари Lite40,client4041@example.com,474,198258.42,33043.07,Савченко,Південна Корея,Новак П. Я.,Зоотовари,+380836554474,239,Bronze,Чехія,Apple Pay,0.2,Створено,2024-05-13,Центральна Європа,4041,Прага
Світлана,Європром-Ultra ТОВ,6,MaxLine Книги Lite37,client4041@example.com,119,183051.66,30508.61,Савченко,Німеччина,Новак П. Я.,Книги,+380836554474,239,Bronze,Чехія,Apple Pay,0.07,Створено,2024-05-13,Центральна Європа,4041,Прага
Андрій,Меркурій-Grand ТОВ,2,ProLine Пральні машини X4,client13259@example.com,822,41893.22,20946.61,Ткаченко,Україна,Шмідт Г. К.,Пральні машини,+380599472514,240,Silver,Австрія,Google Pay,0.2,Повернено,2024-05-12,Західна Європа,13259,Відень
Андрій,Меркурій-Vita ТОВ,7,VoltSoft Взуття Pro75,client13259@example.com,2943,90635.58,12947.94,Ткаченко,Туреччина,Шмідт Г. К.,Взуття,+380599472514,240,Silver,Австрія,Google Pay,0.2,Повернено,2024-05-12,Західна Європа,13259,Відень
Андрій,Опт-Smart ТОВ,3,GrandWorks Продукти S71,client13259@example.com,3665,129524.85,43174.95,Ткаченко,Україна,Шмідт Г. К.,Продукти,+380599472514,240,Silver,Австрія,Google Pay,0.07,Повернено,2024-05-12,Західна Європа,13259,Відень
Андрій,Імпорт-Zen ТОВ,3,LuxTrade Ноутбуки X6,client13259@example.com,613,828.27,276.09,Ткаченко,Польща,Шмідт Г. К.,Ноутбуки,+380599472514,240,Silver,Австрія,Google Pay,0.2,Повернено,2024-05-12,Західна Європа,13259,Відень
Юлія,Альфа-Volt ТОВ,4,SolarSystems Планшети Max90,client3482@example.com,3685,177790.32,44447.58,Бондаренко,Польща,Шмідт Г. К.,Планшети,+380506744306,241,Gold,Австрія,Google Pay,0.2,Повернено,2023-01-31,Західна Європа,3482,Відень
Юрій,Європром-Ultra ТОВ #72,3,SolarWorks Планшети X12,client6004@example.com,1832,24760.26,8253.42,Поліщук,Чехія,Шмідт Г. К.,Планшети,+380757542924,242,Platinum,Німеччина,Google Pay,0.2,Повернено,2024-01-13,Західна Європа,6004,Мюнхен
Юрій,Партнер-Eco ТОВ,2,AeroWave Взуття Lite43,client6004@example.com,358,38812.4,19406.2,Поліщук,Україна,Шмідт Г. К.,Взуття,+380757542924,242,Platinum,Німеччина,Google Pay,0.2,Повернено,2024-01-13,Західна Європа,6004,Мюнхен
Юрій,Меркурій-Apex ТОВ,3,NeoWorks Ноутбуки Lite26,client6004@example.com,1081,35451.45,11817.15,Поліщук,Польща,Шмідт Г. К.,Ноутбуки,+380757542924,242,Platinum,Німеччина,Google Pay,0.2,Повернено,2024-01-13,Західна Європа,6004,Мюнхен
Юрій,Глобал-Prime ТОВ,4,PrimeGear Аудіотехніка X65,client6004@example.com,3181,59118.96,14779.74,Поліщук,Німеччина,Шмідт Г. К.,Аудіотехніка,+380757542924,242,Platinum,Німеччина,Google Pay,0.2,Повернено,2024-01-13,Західна Європа,6004,Мюнхен
Юрій,Європром-Smart ТОВ,7,AeroHub Ноутбуки Max29,client6004@example.com,3534,213620.05,30517.15,Поліщук,Південна Корея,Шмідт Г. К.,Ноутбуки,+380757542924,242,Platinum,Німеччина,Google Pay,0.2,Повернено,2024-01-13,Західна Європа,6004,Мюнхен
Світлана,Холдинг-Grand ТОВ,6,TechWave Канцтовари Lite93,client4285@example.com,1160,194182.08,32363.68,Кузьменко,Італія,Ліндберг Е. С.,Канцтовари,+380573763893,243,Platinum,Швеція,Apple Pay,0.2,Доставлено,2024-02-01,Північна Європа,4285,Гетеборг
Анна,Омега-Neo ТОВ,5,VoltOne Ноутбуки Pro98,client9067@example.com,3307,54004.25,10800.85,Шевчук,Чехія,Новак П. Я.,Ноутбуки,+380545795281,244,Bronze,Чехія,Накладений платіж,0.2,Відправлено,2024-09-02,Центральна Європа,9067,Брно
Анна,Меркурій-Ultra ТОВ #35,4,VoltTrade Спорттовари Max94,client9067@example.com,622,59815.0,14953.75,Шевчук,Польща,Новак П. Я.,Спорттовари,+380545795281,244,Bronze,Чехія,Накладений платіж,0.2,Відправлено,2024-09-02,Центральна Європа,9067,Брно
Богдан,Європром-Apex ТОВ,2,AeroPoint Канцтовари X34,client5988@example.com,1862,86270.3,43135.15,Мороз,Туреччина,Россі М. А.,Канцтовари,+380868148323,245,Gold,Іспанія,Google Pay,0.2,Повернено,2024-04-02,Південна Європа,5988,Мадрид
Богдан,Партнер-Grand ТОВ #61,6,NovaLab Меблі Air61,client5988@example.com,3163,43990.2,7331.7,Мороз,Польща,Россі М. А.,Меблі,+380868148323,245,Gold,Іспанія,Google Pay,0.2,Повернено,2024-04-02,Південна Європа,5988,Мадрид
Богдан,Альфа-Volt ТОВ,5,MaxSystems Канцтовари S84,client5988@example.com,3054,24473.9,4894.78,Мороз,Польща,Россі М. А.,Канцтовари,+380868148323,245,Gold,Іспанія,Google Pay,0.2,Повернено,2024-04-02,Південна Європа,5988,Мадрид
Катерина,Трейд-Apex ТОВ,6,VitaHub Ноутбуки Pro74,client1825@example.com,2660,218962.92,36493.82,Руденко,Україна,Шмідт Г. К.,Ноутбуки,+380957629333,246,Platinum,Німеччина,Apple Pay,0.2,Повернено,2024-01-04,Західна Європа,1825,Мюнхен
Олександр,Захід-Neo ТОВ,4,EcoPoint Косметика Max79,client14157@example.com,1251,11864.16,2966.04,Левченко,Німеччина,Коваленко І. О.,Косметика,+380886878195,247,Gold,Україна,Картка,0.2,Відправлено,2025-06-02,Східна Європа,14157,Харків
Олександр,Захід-Solar ТОВ,1,UltraGear Пральні машини X36,client14157@example.com,1437,44568.43,44568.43,Левченко,Південна Корея,Коваленко І. О.,Пральні машини,+380886878195,247,Gold,Україна,Картка,0.2,Відправлено,2025-06-02,Східна Європа,14157,Харків
Михайло,Меркурій-Ultra ТОВ #35,6,NovaCore Одяг Lite90,client4888@example.com,3556,73652.28,12275.38,Лисенко,Польща,Новак П. Я.,Одяг,+380952524730,248,Platinum,Польща,Готівка,0.2,Відправлено,2025-01-06,Центральна Європа,4888,Вроцлав
Михайло,Омега-Grand ТОВ,7,TechGear Іграшки Lite97,client4888@example.com,3515,64930.74,9275.82,Лисенко,Чехія,Новак П. Я.,Іграшки,+380952524730,248,Platinum,Польща,Готівка,0.2,Відправлено,2025-01-06,Центральна Європа,4888,Вроцлав
Назар,Меркурій-Ultra ТОВ #35,3,PrimeCore Посуд Pro64,client6891@example.com,1745,46149.66,15383.22,Мельник,Польща,Коваленко І. О.,Посуд,+380919628054,249,Gold,Україна,Apple Pay,0.2,Відправлено,2024-12-25,Східна Європа,6891,Київ
Назар,Холдинг-Grand ТОВ,6,TechCraft Пральні машини Lite60,client6891@example.com,3253,36426.48,6071.08,Мельник,Італія,Коваленко І. О.,Пральні машини,+380919628054,249,Gold,Україна,Apple Pay,0.2,Відправлено,2024-12-25,Східна Європа,6891,Київ
Андрій,Трейд-Ultra ТОВ,7,ZenMark Взуття Lite4,client12483@example.com,2204,211052.87,30150.41,Гончар,Туреччина,Новак П. Я.,Взуття,+380669959149,250,Gold,Польща,Apple Pay,0.2,Оплачено,2024-02-27,Центральна Європа,12483,Варшава
Андрій,Трейд-Apex ТОВ,3,VoltTrade Телевізори Pro49,client12483@example.com,1363,77947.23,25982.41,Гончар,Україна,Новак П. Я.,Телевізори,+380669959149,250,Gold,Польща,Apple Pay,0.2,Оплачено,2024-02-27,Центральна Європа,12483,Варшава
Андрій,Партнер-Pro ТОВ #51,6,VitaBrands Продукти Pro80,client12483@example.com,2341,88369.08,14728.18,Гончар,Німеччина,Новак П. Я.,Продукти,+380669959149,250,Gold,Польща,Apple Pay,0.07,Оплачено,2024-02-27,Центральна Європа,12483,Варшава
Олександр,Глобал-Eco ТОВ,6,NovaWave Книги S82,client6435@example.com,18,264551.52,44091.92,Поліщук,Польща,Ліндберг Е. С.,Книги,+380831942823,251,Gold,Фінляндія,Google Pay,0.07,Створено,2024-11-05,Північна Європа,6435,Гельсінкі
Андрій,Омега-Max ТОВ #31,5,UltraLine Взуття X55,client7234@example.com,40,49434.55,9886.91,Марченко,Туреччина,Ліндберг Е. С.,Взуття,+380562543109,252,Platinum,Швеція,Google Pay,0.2,Повернено,2025-04-17,Північна Європа,7234,Стокгольм
Андрій,Меркурій-Ultra ТОВ,7,StarWave Смартфони Pro49,client5762@example.com,816,258446.3,36920.9,Петренко,Польща,Шмідт Г. К.,Смартфони,+380814128270,253,Gold,Німеччина,Google Pay,0.2,Повернено,2024-08-25,Західна Європа,5762,Берлін
Андрій,Опт-Max ТОВ,2,NovaOne Ноутбуки Lite84,client5762@example.com,1127,13149.36,6574.68,Петренко,Туреччина,Шмідт Г. К.,Ноутбуки,+380814128270,253,Gold,Німеччина,Google Pay,0.2,Повернено,2024-08-25,Західна Європа,5762,Берлін
Андрій,Омега-Max ТОВ,8,UltraPoint Одяг S70,client5762@example.com,329,356520.32,44565.04,Петренко,Чехія,Шмідт Г. К.,Одяг,+380814128270,253,Gold,Німеччина,Google Pay,0.2,Повернено,2024-08-25,Західна Європа,5762,Берлін
Андрій,Європром-Ultra ТОВ #72,7,VoltLab Зоотовари Lite61,client5762@example.com,2449,196886.41,28126.63,Петренко,Чехія,Шмідт Г. К.,Зоотовари,+380814128270,253,Gold,Німеччина,Google Pay,0.2,Повернено,2024-08-25,Західна Європа,5762,Берлін
Андрій,Омега-Prime ТОВ,5,UltraCore Планшети Lite6,client5762@example.com,2452,46314.6,9262.92,Петренко,Італія,Шмідт Г. К.,Планшети,+380814128270,253,Gold,Німеччина,Google Pay,0.2,Повернено,2024-08-25,Західна Європа,5762,Берлін
Юрій,Омега-Max ТОВ,7,ZenPoint Косметика S62,client4377@example.com,1926,282633.12,40376.16,Мороз,Чехія,Новак П. Я.,Косметика,+380721999420,254,Bronze,Чехія,Google Pay,0.2,Оплачено,2023-08-31,Центральна Європа,4377,Брно
Софія,Партнер-Max ТОВ,8,ProCore Канцтовари Max56,client5302@example.com,3013,326174.96,40771.87,Левченко,Китай,Новак П. Я.,Канцтовари,+380896186523,255,Gold,Угорщина,Накладений платіж,0.2,Оплачено,2024-07-27,Центральна Європа,5302,Будапешт
Софія,Опт-Grand ТОВ,8,NeoCore Пральні машини Lite73,client5302@example.com,2180,169323.04,21165.38,Левченко,Італія,Новак П. Я.,Пральні машини,+380896186523,255,Gold,Угорщина,Накладений платіж,0.2,Оплачено,2024-07-27,Центральна Європа,5302,Будапешт
Софія,Опт-Grand ТОВ,5,GrandMark Взуття Pro32,client5302@example.com,2427,138782.5,27756.5,Левченко,Італія,Новак П. Я.,Взуття,+380896186523,255,Gold,Угорщина,Накладений платіж,0.2,Оплачено,2024-07-27,Центральна Європа,5302,Будапешт
Андрій,Альфа-Star ТОВ,2,SmartHub Телевізори Lite47,client9298@example.com,1443,30151.96,15075.98,Шевченко,Польща,Ліндберг Е. С.,Телевізори,+380968131254,256,Silver,Фінляндія,Накладений платіж,0.2,Відправлено,2024-07-29,Північна Європа,9298,Гельсінкі
Андрій,Омега-Volt ТОВ,5,NovaCraft Пральні машини Air74,client9298@example.com,235,83162.8,16632.56,Шевченко,Чехія,Ліндберг Е. С.,Пральні машини,+380968131254,256,Silver,Фінляндія,Накладений платіж,0.2,Відправлено,2024-07-29,Північна Європа,9298,Гельсінкі
Андрій,Альфа-Nova ТОВ,5,StarPlus Аудіотехніка Pro63,client9298@example.com,1633,65036.4,13007.28,Шевченко,Південна Корея,Ліндберг Е. С.,Аудіотехніка,+380968131254,256,Silver,Фінляндія,Накладений платіж,0.2,Відправлено,2024-07-29,Північна Європа,9298,Гельсінкі
Андрій,Опт-Apex ТОВ,7,PrimePoint Інструменти Max71,client9298@example.com,3962,63816.62,9116.66,Шевченко,Україна,Ліндберг Е. С.,Інструменти,+380968131254,256,Silver,Фінляндія,Накладений платіж,0.2,Відправлено,2024-07-29,Північна Європа,9298,Гельсінкі
Андрій,Європром-Nova ТОВ,5,GrandOne Спорттовари Max4,client9298@example.com,1902,139342.35,27868.47,Шевченко,Італія,Ліндберг Е. С.,Спорттовари,+380968131254,256,Silver,Фінляндія,Накладений платіж,0.2,Відправлено,2024-07-29,Північна Європа,9298,Гельсінкі
Максим,Європром-Solar ТОВ,3,ZenHub Ноутбуки Pro59,client13731@example.com,3286,35051.58,11683.86,Поліщук,Туреччина,Новак П. Я.,Ноутбуки,+380584042676,257,Platinum,Чехія,Накладений платіж,0.2,Повернено,2024-11-25,Центральна Європа,13731,Прага
Максим,Холдинг-Grand ТОВ,5,LuxMark Інструменти Air85,client13731@example.com,2418,67123.5,13424.7,Поліщук,Італія,Новак П. Я.,Інструменти,+380584042676,257,Platinum,Чехія,Накладений платіж,0.2,Повернено,2024-11-25,Центральна Європа,13731,Прага
Максим,Європром-Ultra ТОВ,6,ZenMark Смартфони S53,client13731@example.com,2437,30079.32,5013.22,Поліщук,Німеччина,Новак П. Я.,Смартфони,+380584042676,257,Platinum,Чехія,Накладений платіж,0.2,Повернено,2024-11-25,Центральна Європа,13731,Прага
Ірина,Меркурій-Ultra ТОВ #35,2,SolarOne Канцтовари X34,client9756@example.com,1783,87236.68,43618.34,Лисенко,Польща,Шмідт Г. К.,Канцтовари,+380692568081,258,Gold,Німеччина,Картка,0.2,Скасовано,2025-02-07,Західна Європа,9756,Мюнхен
Катерина,Трейд-Prime ТОВ,7,NovaBrands Посуд Lite99,client5634@example.com,951,43967.98,6281.14,Поліщук,Туреччина,Россі М. А.,Посуд,+380626825338,259,Gold,Іспанія,Накладений платіж,0.2,Оплачено,2024-11-09,Південна Європа,5634,Барселона
Катерина,Імпорт-Neo ТОВ,7,AeroMark Зоотовари Pro39,client5634@example.com,3921,145036.15,20719.45,Поліщук,Туреччина,Россі М. А.,Зоотовари,+380626825338,259,Gold,Іспанія,Накладений платіж,0.2,Оплачено,2024-11-09,Південна Європа,5634,Барселона
Дмитро,Опт-Volt ТОВ,2,AeroSoft Взуття Air37,client7781@example.com,3004,59790.92,29895.46,Мороз,Німеччина,Коваленко І. О.,Взуття,+380981299839,260,Platinum,Україна,Готівка,0.2,Створено,2025-05-19,Східна Європа,7781,Київ
Дмитро,Глобал-Eco ТОВ,1,VoltTrade Смартфони Lite69,client7781@example.com,2978,2876.54,2876.54,Мороз,Польща,Коваленко І. О.,Смартфони,+380981299839,260,Platinum,Україна,Готівка,0.2,Створено,2025-05-19,Східна Європа,7781,Київ
Дмитро,Альфа-Star ТОВ,8,GrandPlus Косметика Lite86,client7781@example.com,2172,21889.84,2736.23,Мороз,Польща,Коваленко І. О.,Косметика,+380981299839,260,Platinum,Україна,Готівка,0.2,Створено,2025-05-19,Східна Європа,7781,Київ
Дмитро,Трейд-Ultra ТОВ,2,EcoGear Ноутбуки Air97,client7781@example.com,3298,66750.28,33375.14,Мороз,Туреччина,Коваленко І. О.,Ноутбуки,+380981299839,260,Platinum,Україна,Готівка,0.2,Створено,2025-05-19,Східна Європа,7781,Київ
Дмитро,Меркурій-Ultra ТОВ,1,UltraCore Посуд Lite47,client7781@example.com,3551,11226.55,11226.55,Мороз,Польща,Коваленко І. О.,Посуд,+380981299839,260,Platinum,Україна,Готівка,0.2,Створено,2025-05-19,Східна Європа,7781,Київ
Михайло,Омега-Volt ТОВ,5,GrandLine Книги Lite96,client13094@example.com,3591,215733.35,43146.67,Мороз,Чехія,Россі М. А.,Книги,+380822219717,261,Platinum,Іспанія,Накладений платіж,0.07,Повернено,2025-03-24,Південна Європа,13094,Мадрид
Михайло,Опт-Solar ТОВ,7,EcoCraft Зоотовари Pro24,client13094@example.com,554,36167.25,5166.75,Мороз,Німеччина,Россі М. А.,Зоотовари,+380822219717,261,Platinum,Іспанія,Накладений платіж,0.2,Повернено,2025-03-24,Південна Європа,13094,Мадрид
Михайло,Омега-Prime ТОВ,6,SolarSoft Фотоапарати Lite29,client13094@example.com,1239,248411.46,41401.91,Мороз,Італія,Россі М. А.,Фотоапарати,+380822219717,261,Platinum,Іспанія,Накладений платіж,0.2,Повернено,2025-03-24,Південна Європа,13094,Мадрид
Михайло,Опт-Vita ТОВ,3,ZenSystems Смартфони Max48,client13094@example.com,442,61973.07,20657.69,Мороз,Китай,Россі М. А.,Смартфони,+380822219717,261,Platinum,Іспанія,Накладений платіж,0.2,Повернено,2025-03-24,Південна Європа,13094,Мадрид
Михайло,Меркурій-Grand ТОВ,3,GrandLine Телевізори Max59,client13094@example.com,2036,114695.64,38231.88,Мороз,Україна,Россі М. А.,Телевізори,+380822219717,261,Platinum,Іспанія,Накладений платіж,0.2,Повернено,2025-03-24,Південна Європа,13094,Мадрид
Анна,Холдинг-Max ТОВ,1,GrandWave Канцтовари Lite83,client5758@example.com,1496,31301.35,31301.35,Бондаренко,Південна Корея,Россі М. А.,Канцтовари,+380596967877,262,Gold,Іспанія,Готівка,0.2,Доставлено,2024-01-28,Південна Європа,5758,Мадрид
Анна,Меркурій-Lux ТОВ,6,ApexCore Канцтовари X57,client5758@example.com,707,83332.02,13888.67,Бондаренко,Китай,Россі М. А.,Канцтовари,+380596967877,262,Gold,Іспанія,Готівка,0.2,Доставлено,2024-01-28,Південна Європа,5758,Мадрид
Анна,Альфа-Star ТОВ,4,SolarCraft Іграшки Max52,client5758@example.com,3886,37635.64,9408.91,Бондаренко,Польща,Россі М. А.,Іграшки,+380596967877,262,Gold,Іспанія,Готівка,0.2,Доставлено,2024-01-28,Південна Європа,5758,Мадрид
Анна,Опт-Vita ТОВ,1,LuxGear Смартфони S54,client5758@example.com,2770,14181.74,14181.74,Бондаренко,Китай,Россі М. А.,Смартфони,+380596967877,262,Gold,Іспанія,Готівка,0.2,Доставлено,2024-01-28,Південна Європа,5758,Мадрид
Анна,Опт-Apex ТОВ,6,VoltGear Зоотовари S90,client5758@example.com,850,247686.24,41281.04,Бондаренко,Україна,Россі М. А.,Зоотовари,+380596967877,262,Gold,Іспанія,Готівка,0.2,Доставлено,2024-01-28,Південна Європа,5758,Мадрид
Артем,Глобал-Neo ТОВ #56,3,EcoMark Книги S35,client1404@example.com,45,45439.05,15146.35,Савченко,Туреччина,Новак П. Я.,Книги,+380882435715,263,Gold,Польща,Готівка,0.07,Оплачено,2025-04-02,Центральна Європа,1404,Краків
Артем,Європром-Smart ТОВ,6,MaxCraft Посуд Pro56,client1404@example.com,2052,100150.62,16691.77,Савченко,Південна Корея,Новак П. Я.,Посуд,+380882435715,263,Gold,Польща,Готівка,0.2,Оплачено,2025-04-02,Центральна Європа,1404,Краків
Артем,Альфа-Prime ТОВ,5,NeoBrands Аудіотехніка X16,client1404@example.com,2008,123966.95,24793.39,Савченко,Туреччина,Новак П. Я.,Аудіотехніка,+380882435715,263,Gold,Польща,Готівка,0.2,Оплачено,2025-04-02,Центральна Європа,1404,Краків
Артем,Європром-Ultra ТОВ #72,7,SmartWave Фотоапарати Pro99,client1404@example.com,3391,236885.25,33840.75,Савченко,Чехія,Новак П. Я.,Фотоапарати,+380882435715,263,Gold,Польща,Готівка,0.2,Оплачено,2025-04-02,Центральна Європа,1404,Краків
Софія,Меркурій-Grand ТОВ #47,7,EcoHub Спорттовари Lite84,client6505@example.com,2220,7396.41,1056.63,Бойко,Німеччина,Коваленко І. О.,Спорттовари,+380684353788,264,Platinum,Україна,Готівка,0.2,Оплачено,2023-06-09,Східна Європа,6505,Одеса
Тетяна,Імпорт-Zen ТОВ,4,TechPlus Іграшки Lite82,client12842@example.com,659,1151.24,287.81,Левченко,Польща,Россі М. А.,Іграшки,+380525694759,265,Bronze,Італія,Google Pay,0.2,Відправлено,2023-04-29,Південна Європа,12842,Мілан
Тетяна,Омега-Prime ТОВ,4,GrandLine Планшети S42,client12842@example.com,1357,162496.2,40624.05,Левченко,Італія,Россі М. А.,Планшети,+380525694759,265,Bronze,Італія,Google Pay,0.2,Відправлено,2023-04-29,Південна Європа,12842,Мілан
Тетяна,Меркурій-Ultra ТОВ,4,GrandCraft Меблі X47,client12842@example.com,193,55734.12,13933.53,Левченко,Польща,Россі М. А.,Меблі,+380525694759,265,Bronze,Італія,Google Pay,0.2,Відправлено,2023-04-29,Південна Європа,12842,Мілан
Тетяна,Партнер-Eco ТОВ,6,VoltWave Канцтовари Lite40,client12842@example.com,1950,115002.84,19167.14,Левченко,Україна,Россі М. А.,Канцтовари,+380525694759,265,Bronze,Італія,Google Pay,0.2,Відправлено,2023-04-29,Південна Європа,12842,Мілан
Тетяна,Омега-Prime ТОВ,8,SmartCore Іграшки Air23,client12842@example.com,374,198866.96,24858.37,Левченко,Італія,Россі М. А.,Іграшки,+380525694759,265,Bronze,Італія,Google Pay,0.2,Відправлено,2023-04-29,Південна Європа,12842,Мілан
Наталія,Імпорт-Star ТОВ,4,ProCraft Фотоапарати X7,client5208@example.com,2375,5842.04,1460.51,Савченко,Південна Корея,Шмідт Г. К.,Фотоапарати,+380592904788,266,Silver,Німеччина,Накладений платіж,0.2,Оплачено,2023-05-12,Західна Європа,5208,Гамбург
Наталія,Імпорт-Zen ТОВ,2,StarBrands Одяг Max64,client5208@example.com,1573,39301.98,19650.99,Савченко,Польща,Шмідт Г. К.,Одяг,+380592904788,266,Silver,Німеччина,Накладений платіж,0.2,Оплачено,2023-05-12,Західна Європа,5208,Гамбург
Наталія,Опт-Max ТОВ,5,LuxOne Канцтовари Max5,client5208@example.com,1506,54265.35,10853.07,Савченко,Туреччина,Шмідт Г. К.,Канцтовари,+380592904788,266,Silver,Німеччина,Накладений платіж,0.2,Оплачено,2023-05-12,Західна Європа,5208,Гамбург
Наталія,Партнер-Smart ТОВ,2,ProTrade Меблі Pro88,client5208@example.com,2382,59314.04,29657.02,Савченко,Південна Корея,Шмідт Г. К.,Меблі,+380592904788,266,Silver,Німеччина,Накладений платіж,0.2,Оплачено,2023-05-12,Західна Європа,5208,Гамбург
Олег,Опт-Volt ТОВ,5,AeroOne Фотоапарати X19,client12256@example.com,1468,16442.95,3288.59,Мороз,Німеччина,Россі М. А.,Фотоапарати,+380639943983,267,Bronze,Португалія,Apple Pay,0.2,Створено,2024-04-16,Південна Європа,12256,Лісабон
Олег,Трейд-Prime ТОВ,1,SmartLine Посуд Pro24,client12256@example.com,2654,7805.85,7805.85,Мороз,Туреччина,Россі М. А.,Посуд,+380639943983,267,Bronze,Португалія,Apple Pay,0.2,Створено,2024-04-16,Південна Європа,12256,Лісабон
Олег,Європром-Ultra ТОВ,4,ApexCore Планшети Pro44,client12256@example.com,1917,53293.52,13323.38,Мороз,Німеччина,Россі М. А.,Планшети,+380639943983,267,Bronze,Португалія,Apple Pay,0.2,Створено,2024-04-16,Південна Європа,12256,Лісабон
Олег,Захід-Solar ТОВ,7,GrandLine Холодильники Air39,client12256@example.com,2981,71684.06,10240.58,Мороз,Південна Корея,Россі М. А.,Холодильники,+380639943983,267,Bronze,Португалія,Apple Pay,0.2,Створено,2024-04-16,Південна Європа,12256,Лісабон
Олена,Європром-Star ТОВ,2,GrandMark Аудіотехніка Max71,client14425@example.com,580,77477.6,38738.8,Павленко,Італія,Новак П. Я.,Аудіотехніка,+380728015003,268,Gold,Чехія,Готівка,0.2,Створено,2024-12-28,Центральна Європа,14425,Прага
Олена,Омега-Volt ТОВ,8,PrimeLab Канцтовари S69,client14425@example.com,135,49184.8,6148.1,Павленко,Чехія,Новак П. Я.,Канцтовари,+380728015003,268,Gold,Чехія,Готівка,0.2,Створено,2024-12-28,Центральна Європа,14425,Прага
Олена,Континент-Nova ТОВ #54,1,LuxGear Інструменти S32,client14425@example.com,306,20755.11,20755.11,Павленко,Туреччина,Новак П. Я.,Інструменти,+380728015003,268,Gold,Чехія,Готівка,0.2,Створено,2024-12-28,Центральна Європа,14425,Прага
Софія,Трейд-Apex ТОВ,1,GrandTrade Смартфони Max50,client2206@example.com,1555,43982.14,43982.14,Шевчук,Україна,Новак П. Я.,Смартфони,+380682913141,269,Silver,Польща,Готівка,0.2,Доставлено,2023-11-23,Центральна Європа,2206,Краків
Софія,Меркурій-Grand ТОВ #47,7,ZenPoint Іграшки Max64,client2206@example.com,1253,149418.01,21345.43,Шевчук,Німеччина,Новак П. Я.,Іграшки,+380682913141,269,Silver,Польща,Готівка,0.2,Доставлено,2023-11-23,Центральна Європа,2206,Краків
Катерина,Альфа-Nova ТОВ,6,LuxWorks Фотоапарати Pro12,client12093@example.com,3872,32456.64,5409.44,Савченко,Південна Корея,Коваленко І. О.,Фотоапарати,+380853507938,270,Gold,Україна,Google Pay,0.2,Оплачено,2025-04-22,Східна Європа,12093,Львів
Катерина,Імпорт-Tech ТОВ #69,8,SolarSoft Іграшки S4,client12093@example.com,845,169676.48,21209.56,Савченко,Італія,Коваленко І. О.,Іграшки,+380853507938,270,Gold,Україна,Google Pay,0.2,Оплачено,2025-04-22,Східна Європа,12093,Львів
Катерина,Альфа-Volt ТОВ,5,SolarLine Холодильники S16,client12093@example.com,1737,94336.1,18867.22,Савченко,Польща,Коваленко І. О.,Холодильники,+380853507938,270,Gold,Україна,Google Pay,0.2,Оплачено,2025-04-22,Східна Європа,12093,Львів
Катерина,Трейд-Neo ТОВ #67,8,LuxWave Продукти Lite79,client12093@example.com,42,293476.32,36684.54,Савченко,Китай,Коваленко І. О.,Продукти,+380853507938,270,Gold,Україна,Google Pay,0.07,Оплачено,2025-04-22,Східна Європа,12093,Львів
Марія,Меркурій-Grand ТОВ #47,1,NeoLine Планшети Pro13,client13822@example.com,205,37770.97,37770.97,Левченко,Німеччина,Россі М. А.,Планшети,+380865651415,271,Platinum,Італія,Apple Pay,0.2,Доставлено,2023-02-11,Південна Європа,13822,Рим
Марія,Континент-Aero ТОВ,6,ZenPoint Телевізори Pro90,client13822@example.com,1016,159255.96,26542.66,Левченко,США,Россі М. А.,Телевізори,+380865651415,271,Platinum,Італія,Apple Pay,0.2,Доставлено,2023-02-11,Південна Європа,13822,Рим
Марія,Альфа-Smart ТОВ,2,PrimeLine Меблі X46,client13822@example.com,352,49924.36,24962.18,Левченко,Південна Корея,Россі М. А.,Меблі,+380865651415,271,Platinum,Італія,Apple Pay,0.2,Доставлено,2023-02-11,Південна Європа,13822,Рим
Марія,Опт-Lux ТОВ,2,SmartHub Книги Max98,client13822@example.com,162,27877.72,13938.86,Левченко,Туреччина,Россі М. А.,Книги,+380865651415,271,Platinum,Італія,Apple Pay,0.07,Доставлено,2023-02-11,Південна Європа,13822,Рим
Андрій,Холдинг-Max ТОВ,7,AeroMark Посуд Lite12,client1376@example.com,1784,70281.89,10040.27,Шевчук,Південна Корея,Шмідт Г. К.,Посуд,+380802225437,272,Platinum,Австрія,Apple Pay,0.2,Оплачено,2024-11-13,Західна Європа,1376,Відень
Андрій,Глобал-Neo ТОВ,8,AeroGear Ноутбуки Pro90,client1376@example.com,3138,343221.44,42902.68,Шевчук,США,Шмідт Г. К.,Ноутбуки,+380802225437,272,Platinum,Австрія,Apple Pay,0.2,Оплачено,2024-11-13,Західна Європа,1376,Відень
Андрій,Меркурій-Grand ТОВ,3,StarCore Холодильники Lite48,client1376@example.com,437,79939.53,26646.51,Шевчук,Україна,Шмідт Г. К.,Холодильники,+380802225437,272,Platinum,Австрія,Apple Pay,0.2,Оплачено,2024-11-13,Західна Європа,1376,Відень
Андрій,Глобал-Prime ТОВ,4,TechHub Канцтовари Lite12,client1376@example.com,832,89570.4,22392.6,Шевчук,Німеччина,Шмідт Г. К.,Канцтовари,+380802225437,272,Platinum,Австрія,Apple Pay,0.2,Оплачено,2024-11-13,Західна Європа,1376,Відень
Олександр,Імпорт-Apex ТОВ,6,LuxCraft Холодильники Air34,client10429@example.com,2266,129184.14,21530.69,Коваленко,Туреччина,Шмідт Г. К.,Холодильники,+380743314438,273,Silver,Німеччина,Готівка,0.2,Скасовано,2024-07-25,Західна Європа,10429,Берлін
Олександр,Захід-Lux ТОВ,6,EcoSoft Аудіотехніка Max61,client10429@example.com,3672,213655.74,35609.29,Коваленко,Південна Корея,Шмідт Г. К.,Аудіотехніка,+380743314438,273,Silver,Німеччина,Готівка,0.2,Скасовано,2024-07-25,Західна Європа,10429,Берлін
Олександр,Захід-Neo ТОВ,2,SmartSoft Зоотовари Lite89,client10429@example.com,1762,23750.34,11875.17,Коваленко,Німеччина,Шмідт Г. К.,Зоотовари,+380743314438,273,Silver,Німеччина,Готівка,0.2,Скасовано,2024-07-25,Західна Європа,10429,Берлін
Софія,Глобал-Eco ТОВ,6,ZenSoft Посуд Max92,client12935@example.com,2196,192775.2,32129.2,Кузьменко,Польща,Шмідт Г. К.,Посуд,+380919912127,274,Silver,Німеччина,Google Pay,0.2,Оплачено,2025-04-20,Західна Європа,12935,Берлін
Софія,Партнер-Grand ТОВ #61,6,TechLab Канцтовари S30,client12935@example.com,3757,264006.42,44001.07,Кузьменко,Польща,Шмідт Г. К.,Канцтовари,+380919912127,274,Silver,Німеччина,Google Pay,0.2,Оплачено,2025-04-20,Західна Європа,12935,Берлін
Софія,Глобал-Neo ТОВ #56,1,EcoSystems Меблі X80,client12935@example.com,2752,37494.28,37494.28,Кузьменко,Туреччина,Шмідт Г. К.,Меблі,+380919912127,274,Silver,Німеччина,Google Pay,0.2,Оплачено,2025-04-20,Західна Європа,12935,Берлін
Ірина,Європром-Nova ТОВ,4,SolarTrade Книги Max50,client14637@example.com,3504,135952.32,33988.08,Поліщук,Італія,Россі М. А.,Книги,+380628673849,275,Bronze,Іспанія,Готівка,0.07,Доставлено,2023-11-30,Південна Європа,14637,Мадрид
Ірина,Омега-Max ТОВ,1,PrimeWorks Холодильники Pro89,client14637@example.com,3450,10400.71,10400.71,Поліщук,Чехія,Россі М. А.,Холодильники,+380628673849,275,Bronze,Іспанія,Готівка,0.2,Доставлено,2023-11-30,Південна Європа,14637,Мадрид
Ірина,Опт-Prime ТОВ #45,7,VoltCore Інструменти Pro88,client14637@example.com,2894,178782.45,25540.35,Поліщук,Південна Корея,Россі М. А.,Інструменти,+380628673849,275,Bronze,Іспанія,Готівка,0.2,Доставлено,2023-11-30,Південна Європа,14637,Мадрид
Тетяна,Опт-Prime ТОВ,8,ApexLine Аудіотехніка X87,client7238@example.com,1205,62803.52,7850.44,Коваленко,Китай,Шмідт Г. К.,Аудіотехніка,+380533997684,276,Platinum,Німеччина,Готівка,0.2,Доставлено,2024-06-19,Західна Європа,7238,Берлін
Тетяна,Європром-Ultra ТОВ,4,UltraSystems Смартфони Lite73,client7238@example.com,299,10581.08,2645.27,Коваленко,Німеччина,Шмідт Г. К.,Смартфони,+380533997684,276,Platinum,Німеччина,Готівка,0.2,Доставлено,2024-06-19,Західна Європа,7238,Берлін
Тетяна,Опт-Apex ТОВ #59,5,TechSystems Аудіотехніка Lite72,client7238@example.com,316,119365.65,23873.13,Коваленко,Південна Корея,Шмідт Г. К.,Аудіотехніка,+380533997684,276,Platinum,Німеччина,Готівка,0.2,Доставлено,2024-06-19,Західна Європа,7238,Берлін
Тетяна,Партнер-Pro ТОВ #51,3,ZenLine Телевізори Max70,client7238@example.com,97,62447.52,20815.84,Коваленко,Німеччина,Шмідт Г. К.,Телевізори,+380533997684,276,Platinum,Німеччина,Готівка,0.2,Доставлено,2024-06-19,Західна Європа,7238,Берлін
Тетяна,Меркурій-Ultra ТОВ,5,SmartSoft Спорттовари S89,client7238@example.com,3587,75209.95,15041.99,Коваленко,Польща,Шмідт Г. К.,Спорттовари,+380533997684,276,Platinum,Німеччина,Готівка,0.2,Доставлено,2024-06-19,Західна Європа,7238,Берлін
Андрій,Трейд-Vita ТОВ,8,VoltPlus Спорттовари Pro33,client12816@example.com,3339,207109.6,25888.7,Поліщук,Польща,Новак П. Я.,Спорттовари,+380942841308,277,Bronze,Угорщина,Картка,0.2,Відправлено,2024-01-23,Центральна Європа,12816,Будапешт
Тарас,Меркурій-Apex ТОВ,4,ApexCore Спорттовари Max96,client13432@example.com,2229,8703.56,2175.89,Поліщук,Польща,Коваленко І. О.,Спорттовари,+380862684867,278,Silver,Україна,Google Pay,0.2,Оплачено,2023-04-27,Східна Європа,13432,Дніпро
Тарас,Омега-Max ТОВ #31,1,ProWorks Інструменти X64,client13432@example.com,1601,2759.0,2759.0,Поліщук,Туреччина,Коваленко І. О.,Інструменти,+380862684867,278,Silver,Україна,Google Pay,0.2,Оплачено,2023-04-27,Східна Європа,13432,Дніпро
Світлана,Опт-Lux ТОВ,3,UltraPoint Зоотовари Lite15,client12651@example.com,558,119842.05,39947.35,Кузьменко,Туреччина,Новак П. Я.,Зоотовари,+380637186766,279,Platinum,Чехія,Накладений платіж,0.2,Скасовано,2024-05-30,Центральна Європа,12651,Брно
Світлана,Партнер-Smart ТОВ,3,ProTrade Фотоапарати Air20,client12651@example.com,3062,84243.6,28081.2,Кузьменко,Південна Корея,Новак П. Я.,Фотоапарати,+380637186766,279,Platinum,Чехія,Накладений платіж,0.2,Скасовано,2024-05-30,Центральна Європа,12651,Брно
Світлана,Партнер-Grand ТОВ,2,SolarPlus Холодильники S12,client12651@example.com,3269,9913.22,4956.61,Кузьменко,Китай,Новак П. Я.,Холодильники,+380637186766,279,Platinum,Чехія,Накладений платіж,0.2,Скасовано,2024-05-30,Центральна Європа,12651,Брно
Світлана,Альфа-Max ТОВ,3,MaxCore Книги Max55,client12651@example.com,1435,26905.92,8968.64,Кузьменко,Китай,Новак П. Я.,Книги,+380637186766,279,Platinum,Чехія,Накладений платіж,0.07,Скасовано,2024-05-30,Центральна Європа,12651,Брно
Світлана,Трейд-Neo ТОВ #67,3,EcoMark Зоотовари S9,client12651@example.com,2366,62496.09,20832.03,Кузьменко,Китай,Новак П. Я.,Зоотовари,+380637186766,279,Platinum,Чехія,Накладений платіж,0.2,Скасовано,2024-05-30,Центральна Європа,12651,Брно
Олена,Омега-Volt ТОВ,3,ProCore Холодильники Max31,client8532@example.com,676,117839.34,39279.78,Лисенко,Чехія,Новак П. Я.,Холодильники,+380877114567,280,Bronze,Польща,Картка,0.2,Доставлено,2023-03-08,Центральна Європа,8532,Краків
Олена,Імпорт-Neo ТОВ,5,ProLine Меблі Air67,client8532@example.com,3723,169849.65,33969.93,Лисенко,Туреччина,Новак П. Я.,Меблі,+380877114567,280,Bronze,Польща,Картка,0.2,Доставлено,2023-03-08,Центральна Європа,8532,Краків
Олена,Омега-Neo ТОВ,2,PrimeSoft Ноутбуки Lite76,client8532@example.com,2716,43760.26,21880.13,Лисенко,Чехія,Новак П. Я.,Ноутбуки,+380877114567,280,Bronze,Польща,Картка,0.2,Доставлено,2023-03-08,Центральна Європа,8532,Краків
Олена,Холдинг-Grand ТОВ,5,UltraSystems Аудіотехніка Lite90,client8532@example.com,870,136095.55,27219.11,Лисенко,Італія,Новак П. Я.,Аудіотехніка,+380877114567,280,Bronze,Польща,Картка,0.2,Доставлено,2023-03-08,Центральна Європа,8532,Краків
Олена,Меркурій-Ultra ТОВ #35,7,PrimeLine Фотоапарати Air72,client8532@example.com,842,162099.21,23157.03,Лисенко,Польща,Новак П. Я.,Фотоапарати,+380877114567,280,Bronze,Польща,Картка,0.2,Доставлено,2023-03-08,Центральна Європа,8532,Краків
Назар,Альфа-Max ТОВ,2,ZenHub Ноутбуки Air68,client13698@example.com,2269,896.28,448.14,Бойко,Китай,Коваленко І. О.,Ноутбуки,+380953968617,281,Silver,Україна,Картка,0.2,Скасовано,2023-01-03,Східна Європа,13698,Одеса
Назар,Захід-Neo ТОВ,6,EcoLine Фотоапарати S83,client13698@example.com,2672,155967.72,25994.62,Бойко,Німеччина,Коваленко І. О.,Фотоапарати,+380953968617,281,Silver,Україна,Картка,0.2,Скасовано,2023-01-03,Східна Європа,13698,Одеса
Назар,Трейд-Tech ТОВ,8,NeoOne Інструменти S97,client13698@example.com,1356,339937.84,42492.23,Бойко,Італія,Коваленко І. О.,Інструменти,+380953968617,281,Silver,Україна,Картка,0.2,Скасовано,2023-01-03,Східна Європа,13698,Одеса
Назар,Європром-Star ТОВ,8,PrimeTrade Холодильники X22,client13698@example.com,446,162064.24,20258.03,Бойко,Італія,Коваленко І. О.,Холодильники,+380953968617,281,Silver,Україна,Картка,0.2,Скасовано,2023-01-03,Східна Європа,13698,Одеса
Артем,Омега-Prime ТОВ,1,ApexPoint Посуд Lite98,client5917@example.com,2533,25283.62,25283.62,Шевчук,Італія,Россі М. А.,Посуд,+380883573901,282,Gold,Португалія,Картка,0.2,Відправлено,2023-02-05,Південна Європа,5917,Лісабон
Ірина,Глобал-Neo ТОВ #56,7,GrandPlus Взуття Lite64,client5353@example.com,480,277799.13,39685.59,Бондаренко,Туреччина,Шмідт Г. К.,Взуття,+380521062560,283,Platinum,Франція,Google Pay,0.2,Доставлено,2023-01-07,Західна Європа,5353,Париж
Ірина,Європром-Apex ТОВ,3,NeoCore Взуття Max37,client5353@example.com,703,59910.18,19970.06,Бондаренко,Туреччина,Шмідт Г. К.,Взуття,+380521062560,283,Platinum,Франція,Google Pay,0.2,Доставлено,2023-01-07,Західна Європа,5353,Париж
Софія,Імпорт-Neo ТОВ #79,3,LuxTrade Одяг X57,client2241@example.com,1678,57799.95,19266.65,Мороз,Польща,Россі М. А.,Одяг,+380516165798,284,Gold,Іспанія,Google Pay,0.2,Оплачено,2025-01-10,Південна Європа,2241,Барселона
Софія,Опт-Lux ТОВ #28,4,VoltSystems Взуття Max97,client2241@example.com,2240,177833.52,44458.38,Мороз,Польща,Россі М. А.,Взуття,+380516165798,284,Gold,Іспанія,Google Pay,0.2,Оплачено,2025-01-10,Південна Європа,2241,Барселона
Софія,Трейд-Prime ТОВ,7,TechWorks Книги S29,client2241@example.com,3858,73230.43,10461.49,Мороз,Туреччина,Россі М. А.,Книги,+380516165798,284,Gold,Іспанія,Google Pay,0.07,Оплачено,2025-01-10,Південна Європа,2241,Барселона
Софія,Трейд-Apex ТОВ,4,VoltTrade Холодильники S99,client2241@example.com,1973,26861.44,6715.36,Мороз,Україна,Россі М. А.,Холодильники,+380516165798,284,Gold,Іспанія,Google Pay,0.2,Оплачено,2025-01-10,Південна Європа,2241,Барселона
Марія,Глобал-Neo ТОВ,3,TechWave Іграшки Max73,client12345@example.com,1792,80888.76,26962.92,Бойко,США,Новак П. Я.,Іграшки,+380716234946,285,Silver,Угорщина,Apple Pay,0.2,Скасовано,2023-05-08,Центральна Європа,12345,Будапешт
Марія,Трейд-Prime ТОВ,4,EcoLine Канцтовари X40,client12345@example.com,3863,118177.08,29544.27,Бойко,Туреччина,Новак П. Я.,Канцтовари,+380716234946,285,Silver,Угорщина,Apple Pay,0.2,Скасовано,2023-05-08,Центральна Європа,12345,Будапешт
Марія,Альфа-Max ТОВ,1,ZenSoft Спорттовари Air14,client12345@example.com,2237,25917.13,25917.13,Бойко,Китай,Новак П. Я.,Спорттовари,+380716234946,285,Silver,Угорщина,Apple Pay,0.2,Скасовано,2023-05-08,Центральна Європа,12345,Будапешт
Марія,Меркурій-Vita ТОВ,1,ZenCore Фотоапарати X26,client12345@example.com,234,35653.35,35653.35,Бойко,Туреччина,Новак П. Я.,Фотоапарати,+380716234946,285,Silver,Угорщина,Apple Pay,0.2,Скасовано,2023-05-08,Центральна Європа,12345,Будапешт
Марія,Холдинг-Max ТОВ,6,MaxWorks Планшети X32,client12345@example.com,2251,195637.92,32606.32,Бойко,Південна Корея,Новак П. Я.,Планшети,+380716234946,285,Silver,Угорщина,Apple Pay,0.2,Скасовано,2023-05-08,Центральна Європа,12345,Будапешт
Богдан,Трейд-Apex ТОВ,3,ZenLab Ноутбуки Air1,client2389@example.com,653,50722.77,16907.59,Олійник,Україна,Россі М. А.,Ноутбуки,+380816793356,286,Gold,Португалія,Google Pay,0.2,Оплачено,2023-06-10,Південна Європа,2389,Лісабон
Богдан,Омега-Neo ТОВ,6,AeroSoft Канцтовари Lite90,client2389@example.com,3690,21076.32,3512.72,Олійник,Чехія,Россі М. А.,Канцтовари,+380816793356,286,Gold,Португалія,Google Pay,0.2,Оплачено,2023-06-10,Південна Європа,2389,Лісабон
Богдан,Європром-Pro ТОВ #62,7,AeroWorks Інструменти Max84,client2389@example.com,1206,24742.62,3534.66,Олійник,США,Россі М. А.,Інструменти,+380816793356,286,Gold,Португалія,Google Pay,0.2,Оплачено,2023-06-10,Південна Європа,2389,Лісабон
Богдан,Європром-Ultra ТОВ,4,UltraSystems Смартфони Lite73,client2389@example.com,299,10581.08,2645.27,Олійник,Німеччина,Россі М. А.,Смартфони,+380816793356,286,Gold,Португалія,Google Pay,0.2,Оплачено,2023-06-10,Південна Європа,2389,Лісабон
Богдан,Партнер-Grand ТОВ #61,8,TechWave Інструменти Max70,client2389@example.com,3689,350122.16,43765.27,Олійник,Польща,Россі М. А.,Інструменти,+380816793356,286,Gold,Португалія,Google Pay,0.2,Оплачено,2023-06-10,Південна Європа,2389,Лісабон
Олег,Європром-Apex ТОВ,1,VitaHub Телевізори S57,client4150@example.com,1714,20849.46,20849.46,Петренко,Туреччина,Шмідт Г. К.,Телевізори,+380632831998,287,Silver,Франція,Готівка,0.2,Доставлено,2024-05-09,Західна Європа,4150,Париж
Олег,Меркурій-Lux ТОВ,8,SolarHub Планшети Max62,client4150@example.com,276,77349.68,9668.71,Петренко,Китай,Шмідт Г. К.,Планшети,+380632831998,287,Silver,Франція,Готівка,0.2,Доставлено,2024-05-09,Західна Європа,4150,Париж
Олег,Захід-Neo ТОВ,1,ApexOne Планшети Air82,client4150@example.com,2091,27605.12,27605.12,Петренко,Німеччина,Шмідт Г. К.,Планшети,+380632831998,287,Silver,Франція,Готівка,0.2,Доставлено,2024-05-09,Західна Європа,4150,Париж
Олег,Захід-Max ТОВ,8,SolarGear Зоотовари Lite55,client4150@example.com,1228,316825.76,39603.22,Петренко,Польща,Шмідт Г. К.,Зоотовари,+380632831998,287,Silver,Франція,Готівка,0.2,Доставлено,2024-05-09,Західна Європа,4150,Париж
Софія,Імпорт-Star ТОВ,2,PrimePoint Холодильники X53,client10956@example.com,1565,6714.48,3357.24,Лисенко,Південна Корея,Россі М. А.,Холодильники,+380817447872,288,Gold,Італія,Картка,0.2,Доставлено,2023-07-18,Південна Європа,10956,Рим
Назар,Меркурій-Apex ТОВ,8,ProSystems Одяг Lite71,client8025@example.com,2834,73147.84,9143.48,Мельник,Польща,Новак П. Я.,Одяг,+380678991068,289,Bronze,Польща,Готівка,0.2,Створено,2023-09-20,Центральна Європа,8025,Варшава
Назар,Європром-Ultra ТОВ #72,1,ProSystems Посуд S13,client8025@example.com,2655,32989.59,32989.59,Мельник,Чехія,Новак П. Я.,Посуд,+380678991068,289,Bronze,Польща,Готівка,0.2,Створено,2023-09-20,Центральна Європа,8025,Варшава
Назар,Альфа-Nova ТОВ,1,MaxGear Планшети S67,client8025@example.com,635,18292.61,18292.61,Мельник,Південна Корея,Новак П. Я.,Планшети,+380678991068,289,Bronze,Польща,Готівка,0.2,Створено,2023-09-20,Центральна Європа,8025,Варшава
Максим,Континент-Nova ТОВ #54,4,ZenCore Книги S4,client8643@example.com,3510,71465.16,17866.29,Марченко,Туреччина,Шмідт Г. К.,Книги,+380863336732,290,Silver,Австрія,Google Pay,0.07,Доставлено,2025-06-11,Західна Європа,8643,Відень
Наталія,Омега-Neo ТОВ,3,ProHub Книги Max75,client3001@example.com,3710,1783.83,594.61,Левченко,Чехія,Шмідт Г. К.,Книги,+380903211698,291,Silver,Німеччина,Google Pay,0.07,Створено,2023-10-17,Західна Європа,3001,Гамбург
Наталія,Континент-Aero ТОВ,4,TechPoint Взуття X20,client3001@example.com,3263,98398.72,24599.68,Левченко,США,Шмідт Г. К.,Взуття,+380903211698,291,Silver,Німеччина,Google Pay,0.2,Створено,2023-10-17,Західна Європа,3001,Гамбург
Наталія,Захід-Solar ТОВ,5,EcoPlus Книги Max39,client3001@example.com,448,185980.4,37196.08,Левченко,Південна Корея,Шмідт Г. К.,Книги,+380903211698,291,Silver,Німеччина,Google Pay,0.07,Створено,2023-10-17,Західна Європа,3001,Гамбург
Наталія,Імпорт-Zen ТОВ,8,VitaWorks Зоотовари Lite24,client3001@example.com,1717,93179.28,11647.41,Левченко,Польща,Шмідт Г. К.,Зоотовари,+380903211698,291,Silver,Німеччина,Google Pay,0.2,Створено,2023-10-17,Західна Європа,3001,Гамбург
Софія,Партнер-Smart ТОВ,3,MaxSystems Фотоапарати X57,client5543@example.com,3481,111558.0,37186.0,Коваленко,Південна Корея,Ліндберг Е. С.,Фотоапарати,+380635750667,292,Gold,Швеція,Картка,0.2,Повернено,2023-11-15,Північна Європа,5543,Гетеборг
Дмитро,Омега-Volt ТОВ,7,ProCore Холодильники Max31,client9987@example.com,676,274958.46,39279.78,Поліщук,Чехія,Новак П. Я.,Холодильники,+380621992415,293,Gold,Польща,Apple Pay,0.2,Відправлено,2023-04-05,Центральна Європа,9987,Вроцлав
Дмитро,Глобал-Neo ТОВ #56,1,VoltLine Планшети S42,client9987@example.com,1672,4889.36,4889.36,Поліщук,Туреччина,Новак П. Я.,Планшети,+380621992415,293,Gold,Польща,Apple Pay,0.2,Відправлено,2023-04-05,Центральна Європа,9987,Вроцлав
Дмитро,Імпорт-Zen ТОВ,2,VitaCraft Іграшки Lite48,client9987@example.com,3912,53352.84,26676.42,Поліщук,Польща,Новак П. Я.,Іграшки,+380621992415,293,Gold,Польща,Apple Pay,0.2,Відправлено,2023-04-05,Центральна Європа,9987,Вроцлав
Дмитро,Меркурій-Grand ТОВ #47,7,EcoWave Спорттовари X54,client9987@example.com,62,259096.39,37013.77,Поліщук,Німеччина,Новак П. Я.,Спорттовари,+380621992415,293,Gold,Польща,Apple Pay,0.2,Відправлено,2023-04-05,Центральна Європа,9987,Вроцлав
Світлана,Трейд-Tech ТОВ,8,GrandCraft Планшети Lite95,client413@example.com,2103,51736.0,6467.0,Марченко,Італія,Новак П. Я.,Планшети,+380555953331,294,Gold,Польща,Готівка,0.2,Оплачено,2024-05-05,Центральна Європа,413,Варшава
Світлана,Імпорт-Zen ТОВ,1,NeoPoint Інструменти Pro96,client413@example.com,3157,44768.21,44768.21,Марченко,Польща,Новак П. Я.,Інструменти,+380555953331,294,Gold,Польща,Готівка,0.2,Оплачено,2024-05-05,Центральна Європа,413,Варшава
Юлія,Опт-Lux ТОВ #28,1,SolarCore Спорттовари X88,client8927@example.com,2969,40669.83,40669.83,Шевченко,Польща,Новак П. Я.,Спорттовари,+380805599364,295,Gold,Польща,Накладений платіж,0.2,Повернено,2025-03-26,Центральна Європа,8927,Вроцлав
Юлія,Омега-Prime ТОВ,2,EcoBrands Телевізори Pro84,client8927@example.com,3407,79841.94,39920.97,Шевченко,Італія,Новак П. Я.,Телевізори,+380805599364,295,Gold,Польща,Накладений платіж,0.2,Повернено,2025-03-26,Центральна Європа,8927,Вроцлав
Максим,Імпорт-Zen ТОВ,2,ZenSystems Аудіотехніка X37,client12277@example.com,208,21463.86,10731.93,Петренко,Польща,Коваленко І. О.,Аудіотехніка,+380715527909,296,Bronze,Україна,Накладений платіж,0.2,Скасовано,2023-04-29,Східна Європа,12277,Київ
Максим,Європром-Pro ТОВ,8,ZenPlus Аудіотехніка S44,client12277@example.com,3577,299461.6,37432.7,Петренко,Південна Корея,Коваленко І. О.,Аудіотехніка,+380715527909,296,Bronze,Україна,Накладений платіж,0.2,Скасовано,2023-04-29,Східна Європа,12277,Київ
Максим,Партнер-Pro ТОВ,2,ApexCore Косметика Lite58,client12277@example.com,2640,80908.3,40454.15,Петренко,Туреччина,Коваленко І. О.,Косметика,+380715527909,296,Bronze,Україна,Накладений платіж,0.2,Скасовано,2023-04-29,Східна Європа,12277,Київ
Максим,Глобал-Eco ТОВ,1,NeoBrands Фотоапарати Lite68,client12277@example.com,187,23547.52,23547.52,Петренко,Польща,Коваленко І. О.,Фотоапарати,+380715527909,296,Bronze,Україна,Накладений платіж,0.2,Скасовано,2023-04-29,Східна Європа,12277,Київ
Максим,Альфа-Volt ТОВ,2,ProWorks Взуття Pro12,client12277@example.com,3729,88357.16,44178.58,Петренко,Польща,Коваленко І. О.,Взуття,+380715527909,296,Bronze,Україна,Накладений платіж,0.2,Скасовано,2023-04-29,Східна Європа,12277,Київ
Тетяна,Європром-Ultra ТОВ,2,UltraSystems Смартфони Lite73,client2977@example.com,299,5290.54,2645.27,Ткаченко,Німеччина,Новак П. Я.,Смартфони,+380965164619,297,Silver,Чехія,Apple Pay,0.2,Доставлено,2024-10-10,Центральна Європа,2977,Прага
Тетяна,Захід-Max ТОВ,3,VoltSoft Спорттовари S94,client2977@example.com,3624,71742.12,23914.04,Ткаченко,Польща,Новак П. Я.,Спорттовари,+380965164619,297,Silver,Чехія,Apple Pay,0.2,Доставлено,2024-10-10,Центральна Європа,2977,Прага
Тетяна,Меркурій-Vita ТОВ,4,ZenCraft Планшети X10,client2977@example.com,3641,67527.68,16881.92,Ткаченко,Туреччина,Новак П. Я.,Планшети,+380965164619,297,Silver,Чехія,Apple Pay,0.2,Доставлено,2024-10-10,Центральна Європа,2977,Прага
Тетяна,Опт-Volt ТОВ,2,AeroCraft Спорттовари Lite45,client2977@example.com,2232,69081.46,34540.73,Ткаченко,Німеччина,Новак П. Я.,Спорттовари,+380965164619,297,Silver,Чехія,Apple Pay,0.2,Доставлено,2024-10-10,Центральна Європа,2977,Прага
Назар,Імпорт-Tech ТОВ #69,2,VoltWave Холодильники Pro19,client249@example.com,843,84900.68,42450.34,Шевчук,Італія,Шмідт Г. К.,Холодильники,+380883585824,298,Silver,Німеччина,Картка,0.2,Оплачено,2024-12-12,Західна Європа,249,Гамбург
Назар,Глобал-Neo ТОВ,1,NovaWave Ноутбуки Max99,client249@example.com,2446,24946.56,24946.56,Шевчук,США,Шмідт Г. К.,Ноутбуки,+380883585824,298,Silver,Німеччина,Картка,0.2,Оплачено,2024-12-12,Західна Європа,249,Гамбург
Назар,Опт-Solar ТОВ,4,GrandPlus Взуття Lite57,client249@example.com,3028,14418.24,3604.56,Шевчук,Німеччина,Шмідт Г. К.,Взуття,+380883585824,298,Silver,Німеччина,Картка,0.2,Оплачено,2024-12-12,Західна Європа,249,Гамбург
Назар,Європром-Star ТОВ,6,StarOne Зоотовари Max88,client249@example.com,2286,97793.04,16298.84,Шевчук,Італія,Шмідт Г. К.,Зоотовари,+380883585824,298,Silver,Німеччина,Картка,0.2,Оплачено,2024-12-12,Західна Європа,249,Гамбург
Назар,Європром-Solar ТОВ,8,ProWorks Взуття X86,client249@example.com,2561,69922.48,8740.31,Шевчук,Туреччина,Шмідт Г. К.,Взуття,+380883585824,298,Silver,Німеччина,Картка,0.2,Оплачено,2024-12-12,Західна Європа,249,Гамбург
Іван,Європром-Pro ТОВ #62,8,ApexWave Книги Air55,client5111@example.com,1346,121423.44,15177.93,Шевченко,США,Ліндберг Е. С.,Книги,+380913368935,299,Platinum,Швеція,Готівка,0.07,Оплачено,2023-04-28,Північна Європа,5111,Стокгольм
Дмитро,Трейд-Zen ТОВ,2,GrandLine Продукти S55,client7320@example.com,3809,73994.94,36997.47,Шевченко,Китай,Новак П. Я.,Продукти,+380967034246,300,Silver,Польща,Готівка,0.07,Доставлено,2023-01-01,Центральна Європа,7320,Варшава
Дмитро,Імпорт-Aero ТОВ,3,VoltWorks Книги S48,client7320@example.com,13,38580.54,12860.18,Шевченко,Туреччина,Новак П. Я.,Книги,+380967034246,300,Silver,Польща,Готівка,0.07,Доставлено,2023-01-01,Центральна Європа,7320,Варшава
Іван,Альфа-Volt ТОВ,1,UltraPoint Телевізори Pro32,client9039@example.com,289,357.01,357.01,Ткаченко,Польща,Россі М. А.,Телевізори,+380744662840,301,Gold,Іспанія,Готівка,0.2,Скасовано,2024-05-16,Південна Європа,9039,Мадрид
Іван,Трейд-Tech ТОВ,4,ZenWorks Зоотовари X75,client9039@example.com,1014,137431.28,34357.82,Ткаченко,Італія,Россі М. А.,Зоотовари,+380744662840,301,Gold,Іспанія,Готівка,0.2,Скасовано,2024-05-16,Південна Європа,9039,Мадрид
Іван,Меркурій-Ultra ТОВ #35,2,ZenOne Телевізори Lite40,client9039@example.com,3998,41281.52,20640.76,Ткаченко,Польща,Россі М. А.,Телевізори,+380744662840,301,Gold,Іспанія,Готівка,0.2,Скасовано,2024-05-16,Південна Європа,9039,Мадрид
Іван,Опт-Apex ТОВ #59,7,PrimeTrade Телевізори X2,client9039@example.com,452,19754.21,2822.03,Ткаченко,Південна Корея,Россі М. А.,Телевізори,+380744662840,301,Gold,Іспанія,Готівка,0.2,Скасовано,2024-05-16,Південна Європа,9039,Мадрид
Іван,Опт-Prime ТОВ #45,4,ProCore Зоотовари S22,client9039@example.com,2986,27309.56,6827.39,Ткаченко,Південна Корея,Россі М. А.,Зоотовари,+380744662840,301,Gold,Іспанія,Готівка,0.2,Скасовано,2024-05-16,Південна Європа,9039,Мадрид
Світлана,Альфа-Nova ТОВ,4,VitaPlus Канцтовари X4,client14707@example.com,1162,160279.4,40069.85,Мельник,Південна Корея,Новак П. Я.,Канцтовари,+380655413474,302,Silver,Угорщина,Google Pay,0.2,Скасовано,2023-01-25,Центральна Європа,14707,Будапешт
Світлана,Опт-Grand ТОВ,1,SolarLine Одяг S48,client14707@example.com,3030,15771.92,15771.92,Мельник,Італія,Новак П. Я.,Одяг,+380655413474,302,Silver,Угорщина,Google Pay,0.2,Скасовано,2023-01-25,Центральна Європа,14707,Будапешт
Світлана,Глобал-Eco ТОВ,4,VoltSystems Продукти Pro82,client14707@example.com,224,176408.92,44102.23,Мельник,Польща,Новак П. Я.,Продукти,+380655413474,302,Silver,Угорщина,Google Pay,0.07,Скасовано,2023-01-25,Центральна Європа,14707,Будапешт
Світлана,Імпорт-Tech ТОВ,7,UltraLab Пральні машини Air91,client14707@example.com,2054,150040.87,21434.41,Мельник,Польща,Новак П. Я.,Пральні машини,+380655413474,302,Silver,Угорщина,Google Pay,0.2,Скасовано,2023-01-25,Центральна Європа,14707,Будапешт
Світлана,Партнер-Max ТОВ,5,VoltPoint Меблі Air30,client14707@example.com,1733,101155.55,20231.11,Мельник,Китай,Новак П. Я.,Меблі,+380655413474,302,Silver,Угорщина,Google Pay,0.2,Скасовано,2023-01-25,Центральна Європа,14707,Будапешт
Назар,Меркурій-Ultra ТОВ #35,5,PrimeCraft Аудіотехніка X96,client10886@example.com,1755,178548.75,35709.75,Петренко,Польща,Шмідт Г. К.,Аудіотехніка,+380783808004,303,Bronze,Німеччина,Google Pay,0.2,Повернено,2023-11-19,Західна Європа,10886,Берлін
Назар,Омега-Prime ТОВ,5,NovaPoint Посуд S94,client10886@example.com,2423,159409.3,31881.86,Петренко,Італія,Шмідт Г. К.,Посуд,+380783808004,303,Bronze,Німеччина,Google Pay,0.2,Повернено,2023-11-19,Західна Європа,10886,Берлін
Назар,Континент-Nova ТОВ,1,VitaGear Зоотовари Air96,client10886@example.com,796,25758.45,25758.45,Петренко,США,Шмідт Г. К.,Зоотовари,+380783808004,303,Bronze,Німеччина,Google Pay,0.2,Повернено,2023-11-19,Західна Європа,10886,Берлін
Назар,Опт-Apex ТОВ,4,ApexTrade Книги S81,client7188@example.com,1718,31574.24,7893.56,Ткаченко,Україна,Коваленко І. О.,Книги,+380685163179,304,Platinum,Україна,Накладений платіж,0.07,Повернено,2024-05-30,Східна Європа,7188,Львів
Назар,Партнер-Grand ТОВ #61,2,TechHub Посуд X76,client7188@example.com,2740,31982.24,15991.12,Ткаченко,Польща,Коваленко І. О.,Посуд,+380685163179,304,Platinum,Україна,Накладений платіж,0.2,Повернено,2024-05-30,Східна Європа,7188,Львів
Назар,Трейд-Prime ТОВ,3,PrimeTrade Планшети Max51,client7188@example.com,443,10240.89,3413.63,Ткаченко,Туреччина,Коваленко І. О.,Планшети,+380685163179,304,Platinum,Україна,Накладений платіж,0.2,Повернено,2024-05-30,Східна Європа,7188,Львів
Назар,Трейд-Ultra ТОВ,4,TechWorks Посуд Max52,client7188@example.com,2851,39676.4,9919.1,Ткаченко,Туреччина,Коваленко І. О.,Посуд,+380685163179,304,Platinum,Україна,Накладений платіж,0.2,Повернено,2024-05-30,Східна Європа,7188,Львів
Назар,Омега-Neo ТОВ,2,NovaSoft Телевізори Air6,client7188@example.com,2905,57919.28,28959.64,Ткаченко,Чехія,Коваленко І. О.,Телевізори,+380685163179,304,Platinum,Україна,Накладений платіж,0.2,Повернено,2024-05-30,Східна Європа,7188,Львів
Катерина,Імпорт-Tech ТОВ,4,ProLine Інструменти Lite4,client9503@example.com,1752,66643.4,16660.85,Поліщук,Польща,Коваленко І. О.,Інструменти,+380979409415,305,Silver,Україна,Google Pay,0.2,Скасовано,2025-05-25,Східна Європа,9503,Одеса
Катерина,Опт-Max ТОВ,1,SmartSoft Інструменти X34,client9503@example.com,2667,34256.8,34256.8,Поліщук,Туреччина,Коваленко І. О.,Інструменти,+380979409415,305,Silver,Україна,Google Pay,0.2,Скасовано,2025-05-25,Східна Європа,9503,Одеса
Дмитро,Меркурій-Grand ТОВ,2,SmartPoint Пральні машини S4,client3096@example.com,2800,17327.38,8663.69,Кузьменко,Україна,Шмідт Г. К.,Пральні машини,+380707674448,306,Platinum,Німеччина,Google Pay,0.2,Повернено,2023-12-14,Західна Європа,3096,Берлін
Дмитро,Омега-Prime ТОВ,3,VoltSystems Пральні машини Air96,client3096@example.com,22,20991.51,6997.17,Кузьменко,Італія,Шмідт Г. К.,Пральні машини,+380707674448,306,Platinum,Німеччина,Google Pay,0.2,Повернено,2023-12-14,Західна Європа,3096,Берлін
Дмитро,Омега-Volt ТОВ,4,UltraMark Взуття X44,client3096@example.com,3837,85572.84,21393.21,Кузьменко,Чехія,Шмідт Г. К.,Взуття,+380707674448,306,Platinum,Німеччина,Google Pay,0.2,Повернено,2023-12-14,Західна Європа,3096,Берлін
Олег,Трейд-Ultra ТОВ,4,StarOne Канцтовари Pro26,client7119@example.com,840,34819.72,8704.93,Павленко,Туреччина,Коваленко І. О.,Канцтовари,+380813025718,307,Gold,Україна,Apple Pay,0.2,Доставлено,2023-04-10,Східна Європа,7119,Дніпро
Богдан,Омега-Prime ТОВ,6,AeroMark Інструменти Air69,client4091@example.com,3150,7839.3,1306.55,Бойко,Італія,Россі М. А.,Інструменти,+380842356894,308,Bronze,Іспанія,Google Pay,0.2,Доставлено,2024-08-01,Південна Європа,4091,Барселона
Катерина,Меркурій-Vita ТОВ,6,ApexOne Ноутбуки Max40,client11019@example.com,3328,132943.32,22157.22,Бондаренко,Туреччина,Россі М. А.,Ноутбуки,+380846622867,309,Bronze,Португалія,Apple Pay,0.2,Повернено,2024-06-24,Південна Європа,11019,Лісабон
Тетяна,Європром-Pro ТОВ,3,VitaCore Фотоапарати Max77,client6858@example.com,2663,63328.71,21109.57,Петренко,Південна Корея,Коваленко І. О.,Фотоапарати,+380625603536,310,Gold,Україна,Накладений платіж,0.2,Скасовано,2024-12-21,Східна Європа,6858,Одеса
Тетяна,Континент-Nova ТОВ #54,4,VitaTrade Одяг S36,client6858@example.com,414,116102.76,29025.69,Петренко,Туреччина,Коваленко І. О.,Одяг,+380625603536,310,Gold,Україна,Накладений платіж,0.2,Скасовано,2024-12-21,Східна Європа,6858,Одеса
Дмитро,Омега-Max ТОВ,1,GrandLine Інструменти S39,client4846@example.com,1391,2125.17,2125.17,Мороз,Чехія,Коваленко І. О.,Інструменти,+380918588068,311,Gold,Україна,Apple Pay,0.2,Відправлено,2023-03-20,Східна Європа,4846,Львів
Дмитро,Глобал-Eco ТОВ,2,NovaCore Канцтовари Air10,client4846@example.com,3473,4586.22,2293.11,Мороз,Польща,Коваленко І. О.,Канцтовари,+380918588068,311,Gold,Україна,Apple Pay,0.2,Відправлено,2023-03-20,Східна Європа,4846,Львів
Дмитро,Трейд-Zen ТОВ,5,NovaTrade Посуд Max46,client4846@example.com,3046,24216.45,4843.29,Мороз,Китай,Коваленко І. О.,Посуд,+380918588068,311,Gold,Україна,Apple Pay,0.2,Відправлено,2023-03-20,Східна Європа,4846,Львів
Дмитро,Меркурій-Ultra ТОВ #35,5,NovaCore Одяг Lite90,client4846@example.com,3556,61376.9,12275.38,Мороз,Польща,Коваленко І. О.,Одяг,+380918588068,311,Gold,Україна,Apple Pay,0.2,Відправлено,2023-03-20,Східна Європа,4846,Львів
Світлана,Трейд-Apex ТОВ,8,NovaPoint Взуття Lite56,client2023@example.com,906,145647.04,18205.88,Лисенко,Україна,Коваленко І. О.,Взуття,+380638625480,312,Platinum,Україна,Google Pay,0.2,Доставлено,2025-05-10,Східна Європа,2023,Львів
Світлана,Глобал-Neo ТОВ,8,ApexCore Холодильники X45,client2023@example.com,159,304396.32,38049.54,Лисенко,США,Коваленко І. О.,Холодильники,+380638625480,312,Platinum,Україна,Google Pay,0.2,Доставлено,2025-05-10,Східна Європа,2023,Львів
Світлана,Імпорт-Tech ТОВ #69,2,NeoSoft Ноутбуки Max51,client2023@example.com,3419,68085.26,34042.63,Лисенко,Італія,Коваленко І. О.,Ноутбуки,+380638625480,312,Platinum,Україна,Google Pay,0.2,Доставлено,2025-05-10,Східна Європа,2023,Львів
Світлана,Трейд-Apex ТОВ,3,PrimeLine Фотоапарати Air40,client2023@example.com,3507,45260.22,15086.74,Лисенко,Україна,Коваленко І. О.,Фотоапарати,+380638625480,312,Platinum,Україна,Google Pay,0.2,Доставлено,2025-05-10,Східна Європа,2023,Львів
Світлана,Омега-Grand ТОВ,4,LuxHub Посуд Lite4,client2023@example.com,3692,135596.28,33899.07,Лисенко,Чехія,Коваленко І. О.,Посуд,+380638625480,312,Platinum,Україна,Google Pay,0.2,Доставлено,2025-05-10,Східна Європа,2023,Львів
Катерина,Глобал-Neo ТОВ #56,3,NeoSystems Зоотовари S70,client2836@example.com,2584,32922.51,10974.17,Олійник,Туреччина,Шмідт Г. К.,Зоотовари,+380884737912,313,Silver,Франція,Apple Pay,0.2,Оплачено,2023-05-01,Західна Європа,2836,Париж
Катерина,Альфа-Nova ТОВ,5,ZenGear Книги Air87,client2836@example.com,3398,52786.65,10557.33,Олійник,Південна Корея,Шмідт Г. К.,Книги,+380884737912,313,Silver,Франція,Apple Pay,0.07,Оплачено,2023-05-01,Західна Європа,2836,Париж
Катерина,Меркурій-Apex ТОВ,5,VitaLab Інструменти Lite46,client2836@example.com,157,196593.25,39318.65,Олійник,Польща,Шмідт Г. К.,Інструменти,+380884737912,313,Silver,Франція,Apple Pay,0.2,Оплачено,2023-05-01,Західна Європа,2836,Париж
Ірина,Континент-Nova ТОВ,8,EcoSoft Посуд Pro45,client8288@example.com,758,316773.36,39596.67,Марченко,США,Шмідт Г. К.,Посуд,+380525584291,314,Gold,Німеччина,Готівка,0.2,Скасовано,2024-05-26,Західна Європа,8288,Берлін
Ірина,Глобал-Eco ТОВ,1,PrimeLab Аудіотехніка Pro86,client8288@example.com,3964,39192.38,39192.38,Марченко,Польща,Шмідт Г. К.,Аудіотехніка,+380525584291,314,Gold,Німеччина,Готівка,0.2,Скасовано,2024-05-26,Західна Європа,8288,Берлін
Ірина,Партнер-Max ТОВ,2,TechPlus Планшети Pro72,client8288@example.com,606,6432.74,3216.37,Марченко,Китай,Шмідт Г. К.,Планшети,+380525584291,314,Gold,Німеччина,Готівка,0.2,Скасовано,2024-05-26,Західна Європа,8288,Берлін
Ірина,Омега-Volt ТОВ,6,GrandHub Аудіотехніка Pro59,client8288@example.com,1876,186121.14,31020.19,Марченко,Чехія,Шмідт Г. К.,Аудіотехніка,+380525584291,314,Gold,Німеччина,Готівка,0.2,Скасовано,2024-05-26,Західна Європа,8288,Берлін
Катерина,Партнер-Eco ТОВ,7,ZenSystems Книги Air27,client5953@example.com,818,219292.78,31327.54,Лисенко,Україна,Новак П. Я.,Книги,+380616868554,315,Silver,Польща,Картка,0.07,Створено,2024-09-24,Центральна Європа,5953,Варшава
Катерина,Партнер-Pro ТОВ #51,2,StarGear Взуття Max40,client5953@example.com,3112,69778.86,34889.43,Лисенко,Німеччина,Новак П. Я.,Взуття,+380616868554,315,Silver,Польща,Картка,0.2,Створено,2024-09-24,Центральна Європа,5953,Варшава
Катерина,Омега-Max ТОВ,4,VoltPlus Меблі X88,client5953@example.com,2013,29981.28,7495.32,Лисенко,Чехія,Новак П. Я.,Меблі,+380616868554,315,Silver,Польща,Картка,0.2,Створено,2024-09-24,Центральна Європа,5953,Варшава
Сергій,Континент-Nova ТОВ #54,7,ZenCore Книги S4,client525@example.com,3510,125064.03,17866.29,Бойко,Туреччина,Ліндберг Е. С.,Книги,+380831374915,316,Silver,Швеція,Google Pay,0.07,Скасовано,2025-01-22,Північна Європа,525,Гетеборг
Софія,Європром-Pro ТОВ,1,EcoGear Інструменти Max57,client7186@example.com,2897,21513.65,21513.65,Марченко,Південна Корея,Новак П. Я.,Інструменти,+380606384438,317,Gold,Польща,Готівка,0.2,Скасовано,2024-05-15,Центральна Європа,7186,Вроцлав
Максим,Меркурій-Apex ТОВ,8,NeoBrands Холодильники S67,client10163@example.com,2816,85073.52,10634.19,Бойко,Польща,Ліндберг Е. С.,Холодильники,+380844501668,318,Silver,Швеція,Google Pay,0.2,Відправлено,2024-02-02,Північна Європа,10163,Стокгольм
Максим,Європром-Star ТОВ,2,GrandLine Смартфони S92,client10163@example.com,3717,55567.52,27783.76,Бойко,Італія,Ліндберг Е. С.,Смартфони,+380844501668,318,Silver,Швеція,Google Pay,0.2,Відправлено,2024-02-02,Північна Європа,10163,Стокгольм
Іван,Трейд-Zen ТОВ,7,StarHub Взуття X19,client6238@example.com,2353,174985.16,24997.88,Коваленко,Китай,Ліндберг Е. С.,Взуття,+380981875987,319,Platinum,Швеція,Google Pay,0.2,Оплачено,2024-04-20,Північна Європа,6238,Стокгольм
Іван,Опт-Apex ТОВ,1,NeoHub Продукти Air8,client6238@example.com,492,6843.32,6843.32,Коваленко,Україна,Ліндберг Е. С.,Продукти,+380981875987,319,Platinum,Швеція,Google Pay,0.07,Оплачено,2024-04-20,Північна Європа,6238,Стокгольм
Іван,Партнер-Pro ТОВ #51,6,PrimeOne Смартфони Max86,client6238@example.com,915,141385.38,23564.23,Коваленко,Німеччина,Ліндберг Е. С.,Смартфони,+380981875987,319,Platinum,Швеція,Google Pay,0.2,Оплачено,2024-04-20,Північна Європа,6238,Стокгольм
Іван,Глобал-Aero ТОВ,4,UltraSystems Телевізори S23,client6238@example.com,3114,13703.64,3425.91,Коваленко,Італія,Ліндберг Е. С.,Телевізори,+380981875987,319,Platinum,Швеція,Google Pay,0.2,Оплачено,2024-04-20,Північна Європа,6238,Стокгольм
Тарас,Омега-Volt ТОВ,7,NeoHub Посуд Lite70,client10031@example.com,873,181699.28,25957.04,Савченко,Чехія,Россі М. А.,Посуд,+380881709897,320,Gold,Іспанія,Google Pay,0.2,Відправлено,2023-08-03,Південна Європа,10031,Мадрид
Тарас,Омега-Prime ТОВ,8,VoltSystems Пральні машини Air96,client10031@example.com,22,55977.36,6997.17,Савченко,Італія,Россі М. А.,Пральні машини,+380881709897,320,Gold,Іспанія,Google Pay,0.2,Відправлено,2023-08-03,Південна Європа,10031,Мадрид
Іван,Континент-Nova ТОВ #54,7,VitaHub Канцтовари Air74,client9837@example.com,820,313434.38,44776.34,Шевчук,Туреччина,Ліндберг Е. С.,Канцтовари,+380694160475,321,Bronze,Фінляндія,Apple Pay,0.2,Доставлено,2023-10-24,Північна Європа,9837,Гельсінкі
Іван,Меркурій-Grand ТОВ #47,8,VitaLab Ноутбуки Lite75,client9837@example.com,264,111040.96,13880.12,Шевчук,Німеччина,Ліндберг Е. С.,Ноутбуки,+380694160475,321,Bronze,Фінляндія,Apple Pay,0.2,Доставлено,2023-10-24,Північна Європа,9837,Гельсінкі
Назар,Глобал-Aero ТОВ,7,UltraSystems Телевізори S23,client14169@example.com,3114,23981.37,3425.91,Петренко,Італія,Шмідт Г. К.,Телевізори,+380505560361,322,Gold,Німеччина,Google Pay,0.2,Скасовано,2023-03-18,Західна Європа,14169,Мюнхен
Назар,Імпорт-Neo ТОВ,7,SmartWorks Ноутбуки Air86,client14169@example.com,3774,29940.75,4277.25,Петренко,Туреччина,Шмідт Г. К.,Ноутбуки,+380505560361,322,Gold,Німеччина,Google Pay,0.2,Скасовано,2023-03-18,Західна Європа,14169,Мюнхен
Назар,Опт-Lux ТОВ #28,2,VoltSystems Взуття Max97,client14169@example.com,2240,88916.76,44458.38,Петренко,Польща,Шмідт Г. К.,Взуття,+380505560361,322,Gold,Німеччина,Google Pay,0.2,Скасовано,2023-03-18,Західна Європа,14169,Мюнхен
Назар,Трейд-Vita ТОВ,4,ApexSystems Фотоапарати Pro1,client14169@example.com,3700,1431.36,357.84,Петренко,Польща,Шмідт Г. К.,Фотоапарати,+380505560361,322,Gold,Німеччина,Google Pay,0.2,Скасовано,2023-03-18,Західна Європа,14169,Мюнхен
Назар,Трейд-Vita ТОВ,4,LuxWorks Одяг S97,client14169@example.com,1256,15308.28,3827.07,Петренко,Польща,Шмідт Г. К.,Одяг,+380505560361,322,Gold,Німеччина,Google Pay,0.2,Скасовано,2023-03-18,Західна Європа,14169,Мюнхен
Софія,Холдинг-Grand ТОВ,2,VitaSoft Продукти S80,client12095@example.com,2142,1059.94,529.97,Руденко,Італія,Шмідт Г. К.,Продукти,+380772111696,323,Bronze,Австрія,Apple Pay,0.07,Оплачено,2024-08-11,Західна Європа,12095,Відень
Софія,Європром-Ultra ТОВ #72,4,VoltLab Зоотовари Lite61,client12095@example.com,2449,112506.52,28126.63,Руденко,Чехія,Шмідт Г. К.,Зоотовари,+380772111696,323,Bronze,Австрія,Apple Pay,0.2,Оплачено,2024-08-11,Західна Європа,12095,Відень
Тетяна,Опт-Max ТОВ,3,VitaCraft Одяг Air84,client12025@example.com,768,3414.3,1138.1,Лисенко,Туреччина,Новак П. Я.,Одяг,+380843760142,324,Silver,Чехія,Google Pay,0.2,Повернено,2024-05-04,Центральна Європа,12025,Брно
Тетяна,Європром-Solar ТОВ,6,PrimeGear Аудіотехніка Max34,client12025@example.com,1557,226130.04,37688.34,Лисенко,Туреччина,Новак П. Я.,Аудіотехніка,+380843760142,324,Silver,Чехія,Google Pay,0.2,Повернено,2024-05-04,Центральна Європа,12025,Брно
Тетяна,Омега-Volt ТОВ,5,PrimeTrade Меблі Max47,client12025@example.com,1148,75453.05,15090.61,Лисенко,Чехія,Новак П. Я.,Меблі,+380843760142,324,Silver,Чехія,Google Pay,0.2,Повернено,2024-05-04,Центральна Європа,12025,Брно
Анна,Трейд-Tech ТОВ,7,StarWorks Пральні машини Max9,client6047@example.com,1041,273761.95,39108.85,Коваленко,Італія,Ліндберг Е. С.,Пральні машини,+380797772946,325,Platinum,Фінляндія,Накладений платіж,0.2,Оплачено,2025-01-27,Північна Європа,6047,Гельсінкі
Анна,Європром-Ultra ТОВ,2,UltraSystems Смартфони Lite73,client6047@example.com,299,5290.54,2645.27,Коваленко,Німеччина,Ліндберг Е. С.,Смартфони,+380797772946,325,Platinum,Фінляндія,Накладений платіж,0.2,Оплачено,2025-01-27,Північна Європа,6047,Гельсінкі
Софія,Імпорт-Tech ТОВ,6,SolarTrade Спорттовари Air82,client6341@example.com,1995,494.64,82.44,Ткаченко,Польща,Россі М. А.,Спорттовари,+380817545959,326,Gold,Іспанія,Готівка,0.2,Доставлено,2025-03-10,Південна Європа,6341,Барселона
Софія,Меркурій-Apex ТОВ,2,UltraLab Меблі X59,client6341@example.com,754,32073.46,16036.73,Ткаченко,Польща,Россі М. А.,Меблі,+380817545959,326,Gold,Іспанія,Готівка,0.2,Доставлено,2025-03-10,Південна Європа,6341,Барселона
Софія,Глобал-Prime ТОВ,8,UltraSystems Одяг Lite75,client6341@example.com,3215,75098.24,9387.28,Ткаченко,Німеччина,Россі М. А.,Одяг,+380817545959,326,Gold,Іспанія,Готівка,0.2,Доставлено,2025-03-10,Південна Європа,6341,Барселона
Софія,Партнер-Max ТОВ,5,PrimePlus Канцтовари Pro15,client6341@example.com,963,156919.2,31383.84,Ткаченко,Китай,Россі М. А.,Канцтовари,+380817545959,326,Gold,Іспанія,Готівка,0.2,Доставлено,2025-03-10,Південна Європа,6341,Барселона
Софія,Імпорт-Apex ТОВ,6,UltraMark Аудіотехніка Lite32,client6341@example.com,2333,38682.42,6447.07,Ткаченко,Туреччина,Россі М. А.,Аудіотехніка,+380817545959,326,Gold,Іспанія,Готівка,0.2,Доставлено,2025-03-10,Південна Європа,6341,Барселона
Назар,Партнер-Smart ТОВ,7,SmartWorks Косметика Lite45,client10260@example.com,3586,19892.88,2841.84,Поліщук,Південна Корея,Коваленко І. О.,Косметика,+380995859143,327,Silver,Україна,Накладений платіж,0.2,Повернено,2023-03-12,Східна Європа,10260,Львів
Назар,Омега-Max ТОВ #31,8,MaxOne Взуття Pro83,client10260@example.com,317,28833.76,3604.22,Поліщук,Туреччина,Коваленко І. О.,Взуття,+380995859143,327,Silver,Україна,Накладений платіж,0.2,Повернено,2023-03-12,Східна Європа,10260,Львів
Назар,Глобал-Neo ТОВ,4,ProLine Косметика Pro54,client10260@example.com,964,174529.52,43632.38,Поліщук,США,Коваленко І. О.,Косметика,+380995859143,327,Silver,Україна,Накладений платіж,0.2,Повернено,2023-03-12,Східна Європа,10260,Львів
Назар,Трейд-Neo ТОВ,4,ZenBrands Одяг Lite6,client10260@example.com,601,53498.84,13374.71,Поліщук,Туреччина,Коваленко І. О.,Одяг,+380995859143,327,Silver,Україна,Накладений платіж,0.2,Повернено,2023-03-12,Східна Європа,10260,Львів
Назар,Опт-Prime ТОВ,5,LuxSystems Косметика X74,client10260@example.com,3049,137231.5,27446.3,Поліщук,Китай,Коваленко І. О.,Косметика,+380995859143,327,Silver,Україна,Накладений платіж,0.2,Повернено,2023-03-12,Східна Європа,10260,Львів
Олена,Опт-Smart ТОВ,3,SolarPoint Іграшки X9,client4699@example.com,851,64248.84,21416.28,Шевчук,Україна,Коваленко І. О.,Іграшки,+380935945200,328,Silver,Україна,Apple Pay,0.2,Створено,2025-05-31,Східна Європа,4699,Харків
Олена,Меркурій-Apex ТОВ,7,GrandCraft Телевізори S4,client4699@example.com,1817,272880.44,38982.92,Шевчук,Польща,Коваленко І. О.,Телевізори,+380935945200,328,Silver,Україна,Apple Pay,0.2,Створено,2025-05-31,Східна Європа,4699,Харків
Олена,Європром-Ultra ТОВ,6,LuxWave Посуд S33,client4699@example.com,2290,163733.82,27288.97,Шевчук,Німеччина,Коваленко І. О.,Посуд,+380935945200,328,Silver,Україна,Apple Pay,0.2,Створено,2025-05-31,Східна Європа,4699,Харків
Олена,Омега-Max ТОВ #31,5,ProPlus Холодильники X22,client4699@example.com,3432,55241.5,11048.3,Шевчук,Туреччина,Коваленко І. О.,Холодильники,+380935945200,328,Silver,Україна,Apple Pay,0.2,Створено,2025-05-31,Східна Європа,4699,Харків
Олена,Партнер-Grand ТОВ #61,6,MaxPlus Іграшки X51,client4699@example.com,3498,196132.68,32688.78,Шевчук,Польща,Коваленко І. О.,Іграшки,+380935945200,328,Silver,Україна,Apple Pay,0.2,Створено,2025-05-31,Східна Європа,4699,Харків
Анна,Омега-Grand ТОВ,4,NeoLine Іграшки Pro8,client14605@example.com,462,145595.96,36398.99,Шевченко,Чехія,Коваленко І. О.,Іграшки,+380825348201,329,Platinum,Україна,Google Pay,0.2,Доставлено,2023-06-12,Східна Європа,14605,Львів
Анна,Опт-Apex ТОВ #59,3,VitaTrade Канцтовари S10,client14605@example.com,2797,15172.77,5057.59,Шевченко,Південна Корея,Коваленко І. О.,Канцтовари,+380825348201,329,Platinum,Україна,Google Pay,0.2,Доставлено,2023-06-12,Східна Європа,14605,Львів
Анна,Європром-Smart ТОВ,1,SmartPlus Іграшки Lite76,client14605@example.com,2613,10013.26,10013.26,Шевченко,Південна Корея,Коваленко І. О.,Іграшки,+380825348201,329,Platinum,Україна,Google Pay,0.2,Доставлено,2023-06-12,Східна Європа,14605,Львів
Анна,Трейд-Vita ТОВ,4,UltraCraft Канцтовари Air86,client14605@example.com,2997,154479.96,38619.99,Шевченко,Польща,Коваленко І. О.,Канцтовари,+380825348201,329,Platinum,Україна,Google Pay,0.2,Доставлено,2023-06-12,Східна Європа,14605,Львів
Артем,Глобал-Neo ТОВ #56,4,ZenWave Аудіотехніка S91,client1116@example.com,1006,54982.24,13745.56,Лисенко,Туреччина,Шмідт Г. К.,Аудіотехніка,+380741170443,330,Gold,Німеччина,Картка,0.2,Оплачено,2023-08-18,Західна Європа,1116,Берлін
Тарас,Континент-Nova ТОВ #54,4,AeroWorks Аудіотехніка Lite77,client7410@example.com,365,86366.4,21591.6,Левченко,Туреччина,Шмідт Г. К.,Аудіотехніка,+380572060295,331,Bronze,Німеччина,Готівка,0.2,Скасовано,2023-09-11,Західна Європа,7410,Мюнхен
Тарас,Опт-Prime ТОВ #45,5,NovaCraft Посуд Max44,client7410@example.com,2407,93641.2,18728.24,Левченко,Південна Корея,Шмідт Г. К.,Посуд,+380572060295,331,Bronze,Німеччина,Готівка,0.2,Скасовано,2023-09-11,Західна Європа,7410,Мюнхен
Тарас,Меркурій-Grand ТОВ #47,4,EcoOne Продукти X35,client7410@example.com,318,68014.8,17003.7,Левченко,Німеччина,Шмідт Г. К.,Продукти,+380572060295,331,Bronze,Німеччина,Готівка,0.07,Скасовано,2023-09-11,Західна Європа,7410,Мюнхен
Тарас,Опт-Lux ТОВ,2,TechLab Іграшки Lite32,client7410@example.com,3267,12376.88,6188.44,Левченко,Туреччина,Шмідт Г. К.,Іграшки,+380572060295,331,Bronze,Німеччина,Готівка,0.2,Скасовано,2023-09-11,Західна Європа,7410,Мюнхен
Тарас,Меркурій-Ultra ТОВ #35,4,TechHub Меблі Lite4,client7051@example.com,781,169955.76,42488.94,Ткаченко,Польща,Россі М. А.,Меблі,+380532609536,332,Gold,Італія,Apple Pay,0.2,Створено,2024-09-07,Південна Європа,7051,Рим
Тарас,Опт-Prime ТОВ #45,3,EcoCraft Планшети S50,client7051@example.com,2400,108920.28,36306.76,Ткаченко,Південна Корея,Россі М. А.,Планшети,+380532609536,332,Gold,Італія,Apple Pay,0.2,Створено,2024-09-07,Південна Європа,7051,Рим
Богдан,Омега-Volt ТОВ,6,NeoBrands Посуд Max15,client5656@example.com,2260,27684.72,4614.12,Коваленко,Чехія,Шмідт Г. К.,Посуд,+380708213476,333,Silver,Німеччина,Картка,0.2,Створено,2023-11-25,Західна Європа,5656,Берлін
Анна,Альфа-Neo ТОВ,6,EcoOne Планшети X76,client2525@example.com,2753,241967.28,40327.88,Кузьменко,Німеччина,Ліндберг Е. С.,Планшети,+380977537807,334,Silver,Швеція,Apple Pay,0.2,Доставлено,2024-07-12,Північна Європа,2525,Гетеборг
Анна,Глобал-Neo ТОВ,4,ProLine Косметика Pro54,client2525@example.com,964,174529.52,43632.38,Кузьменко,США,Ліндберг Е. С.,Косметика,+380977537807,334,Silver,Швеція,Apple Pay,0.2,Доставлено,2024-07-12,Північна Європа,2525,Гетеборг
Анна,Імпорт-Tech ТОВ,1,UltraLab Пральні машини Air91,client2525@example.com,2054,21434.41,21434.41,Кузьменко,Польща,Ліндберг Е. С.,Пральні машини,+380977537807,334,Silver,Швеція,Apple Pay,0.2,Доставлено,2024-07-12,Північна Європа,2525,Гетеборг
Анна,Трейд-Apex ТОВ,8,NeoWave Меблі Air67,client2525@example.com,560,247891.68,30986.46,Кузьменко,Україна,Ліндберг Е. С.,Меблі,+380977537807,334,Silver,Швеція,Apple Pay,0.2,Доставлено,2024-07-12,Північна Європа,2525,Гетеборг
Юлія,Континент-Aero ТОВ,4,ApexHub Спорттовари Pro37,client12682@example.com,401,60928.36,15232.09,Левченко,США,Шмідт Г. К.,Спорттовари,+380529387837,335,Gold,Німеччина,Apple Pay,0.2,Скасовано,2024-04-22,Західна Європа,12682,Гамбург
Олександр,Трейд-Neo ТОВ,5,VoltSoft Смартфони X50,client2753@example.com,955,82416.55,16483.31,Бондаренко,Туреччина,Ліндберг Е. С.,Смартфони,+380918498835,336,Platinum,Швеція,Google Pay,0.2,Скасовано,2024-03-01,Північна Європа,2753,Гетеборг
Олександр,Європром-Apex ТОВ,1,VitaWorks Канцтовари Air59,client2753@example.com,436,408.21,408.21,Бондаренко,Туреччина,Ліндберг Е. С.,Канцтовари,+380918498835,336,Platinum,Швеція,Google Pay,0.2,Скасовано,2024-03-01,Північна Європа,2753,Гетеборг
Олександр,Опт-Apex ТОВ #59,7,PrimePoint Косметика Pro27,client2753@example.com,324,116992.33,16713.19,Бондаренко,Південна Корея,Ліндберг Е. С.,Косметика,+380918498835,336,Platinum,Швеція,Google Pay,0.2,Скасовано,2024-03-01,Північна Європа,2753,Гетеборг
Олег,Опт-Lux ТОВ #28,3,UltraPoint Телевізори Lite11,client12890@example.com,3279,88010.94,29336.98,Левченко,Польща,Новак П. Я.,Телевізори,+380692602224,337,Bronze,Угорщина,Apple Pay,0.2,Відправлено,2023-02-14,Центральна Європа,12890,Будапешт
Олег,Опт-Prime ТОВ,4,SmartPlus Зоотовари Air69,client12890@example.com,3241,137482.96,34370.74,Левченко,Китай,Новак П. Я.,Зоотовари,+380692602224,337,Bronze,Угорщина,Apple Pay,0.2,Відправлено,2023-02-14,Центральна Європа,12890,Будапешт
Олег,Глобал-Aero ТОВ,7,GrandWave Посуд X71,client12890@example.com,2552,253512.77,36216.11,Левченко,Італія,Новак П. Я.,Посуд,+380692602224,337,Bronze,Угорщина,Apple Pay,0.2,Відправлено,2023-02-14,Центральна Європа,12890,Будапешт
Олег,Імпорт-Aero ТОВ,8,NovaPoint Телевізори Pro40,client12890@example.com,1005,248901.84,31112.73,Левченко,Туреччина,Новак П. Я.,Телевізори,+380692602224,337,Bronze,Угорщина,Apple Pay,0.2,Відправлено,2023-02-14,Центральна Європа,12890,Будапешт
Світлана,Європром-Pro ТОВ,1,NeoOne Продукти S85,client328@example.com,3928,6540.73,6540.73,Савченко,Південна Корея,Коваленко І. О.,Продукти,+380975103793,338,Silver,Україна,Apple Pay,0.07,Оплачено,2024-01-15,Східна Європа,328,Одеса
Наталія,Захід-Solar ТОВ,4,GrandLine Холодильники Air39,client5504@example.com,2981,40962.32,10240.58,Марченко,Південна Корея,Новак П. Я.,Холодильники,+380858730250,339,Silver,Угорщина,Накладений платіж,0.2,Скасовано,2023-04-28,Центральна Європа,5504,Будапешт
Михайло,Альфа-Star ТОВ,3,GrandPlus Косметика Lite86,client4278@example.com,2172,8208.69,2736.23,Кравченко,Польща,Шмідт Г. К.,Косметика,+380508360358,340,Silver,Німеччина,Apple Pay,0.2,Створено,2024-09-23,Західна Європа,4278,Гамбург
Михайло,Захід-Neo ТОВ,6,PrimeBrands Меблі S90,client4278@example.com,3728,970.98,161.83,Кравченко,Німеччина,Шмідт Г. К.,Меблі,+380508360358,340,Silver,Німеччина,Apple Pay,0.2,Створено,2024-09-23,Західна Європа,4278,Гамбург
Катерина,Трейд-Zen ТОВ,7,ProWave Фотоапарати Air31,client5454@example.com,2619,85032.92,12147.56,Савченко,Китай,Коваленко І. О.,Фотоапарати,+380974158767,341,Bronze,Україна,Накладений платіж,0.2,Створено,2024-11-24,Східна Європа,5454,Львів
