id,customer_id,account_number,account_type,currency,balance,status,opened_at
1,1,SE9383935761296,checking,SEK,6444.5,active,2025-03-31T07:16:30
2,1,SE3142667830531,savings,SEK,24796.87,active,2026-04-01T19:38:16
3,1,SE3537728798662,savings,SEK,20970.33,active,2025-01-17T12:09:08
4,1,SE9297860848952,savings,SEK,24138.97,active,2024-03-23T12:00:35
5,2,US4543352818211,checking,USD,1755.57,active,2026-03-13T12:45:44
6,2,US7795774139162,savings,USD,39291.72,active,2025-02-25T19:04:19
7,2,US5973590997212,savings,USD,14270.52,active,2025-04-21T04:01:46
8,3,GB5951542654358,savings,GBP,12076.42,active,2025-07-21T10:03:59
9,3,GB8840094267636,checking,GBP,3364.28,active,2026-03-22T00:20:08
10,4,US1997970980353,checking,USD,1355.3,active,2025-12-22T22:50:56
11,4,US6598904715824,credit,USD,-2880.45,frozen,2025-07-20T23:25:26
12,4,US4961612633341,savings,USD,29878.65,frozen,2025-03-21T23:10:55
13,5,DE1791437255682,checking,EUR,6431.79,active,2026-04-18T11:08:58
14,6,PL5946613451208,checking,PLN,5575.76,active,2025-10-05T19:57:18
15,6,PL5159251344259,savings,PLN,36238.66,active,2025-09-05T06:28:34
16,7,NL2334908688349,checking,EUR,1654.04,closed,2022-12-30T19:52:33
17,7,NL5147506369085,savings,EUR,13544.67,active,2023-09-18T16:12:12
18,7,NL9709106291327,credit,EUR,-3637.11,active,2025-03-02T13:00:22
19,7,NL1483258063113,checking,EUR,3491.47,frozen,2022-07-30T11:52:44
20,8,GB3444135038390,checking,GBP,1038.7,frozen,2023-10-07T18:01:45
21,8,GB5627185158307,checking,GBP,3900.77,active,2025-10-02T23:16:19
22,8,GB4329024726535,checking,GBP,1325.12,active,2025-04-13T14:39:06
23,9,PL7900967318353,checking,PLN,3643.03,closed,2022-07-24T02:36:40
24,10,US7112851919871,checking,USD,851.77,frozen,2025-07-13T14:18:59
25,10,US6712819416682,savings,USD,28179.53,active,2026-03-12T10:21:27
26,11,US7501242517002,checking,USD,6979.54,active,2026-05-13T19:07:10
27,11,US9750539076398,checking,USD,5192.96,active,2026-05-08T06:04:08
28,12,GB3195013647486,savings,GBP,39747.64,closed,2025-02-21T12:09:29
29,13,US2592000222445,checking,USD,28.34,active,2023-10-23T01:53:17
30,14,DE7718713539500,checking,EUR,4113.91,active,2026-03-21T06:34:21
31,15,JP9074223720655,savings,JPY,612195.12,active,2025-11-08T13:37:18
32,15,JP1291787953034,savings,JPY,883023.33,closed,2025-12-21T08:39:54
33,16,FR4178456390188,checking,EUR,7530.98,closed,2023-09-17T03:12:29
34,16,FR1762160671003,savings,EUR,5069.24,active,2025-04-23T14:04:42
35,16,FR9517224213700,checking,EUR,5434.38,active,2023-11-08T19:30:19
36,17,US9702435919796,savings,USD,25249.9,active,2026-04-27T08:42:23
37,17,US8930661017713,credit,USD,-3817.83,active,2026-04-12T08:32:25
38,17,US1078405683406,checking,USD,1180.7,active,2026-05-04T12:06:32
39,18,TR8719710234531,checking,TRY,215292.07,active,2025-07-25T12:46:09
40,18,TR2499118662795,savings,TRY,107532.46,frozen,2025-03-21T04:09:18
41,19,DE9360446323693,savings,EUR,17764.47,closed,2024-05-18T00:56:51
42,20,AT7976546918104,savings,EUR,14088.13,frozen,2025-12-13T15:57:35
43,21,NO1120226988988,checking,NOK,5104.55,active,2025-08-12T13:52:17
44,21,NO6763991820473,savings,NOK,37155.11,closed,2024-12-21T00:06:59
45,21,NO2934952617354,checking,NOK,6097.51,active,2025-09-11T13:57:59
46,22,IT2457791737175,checking,EUR,199.36,frozen,2026-03-18T02:50:03
47,23,US1485247939438,credit,USD,-4774.71,closed,2025-11-17T06:57:33
48,23,US5107445898155,checking,USD,7848.7,frozen,2025-09-21T04:13:26
49,23,US7747008912387,savings,USD,17969.93,frozen,2025-10-25T16:02:06
50,23,US5759765297154,checking,USD,357.81,active,2025-01-29T16:28:56
51,24,MX4401249637800,checking,MXN,131691.31,closed,2023-08-23T10:47:01
52,24,MX9630997786182,savings,MXN,305653.12,frozen,2025-07-10T15:30:18
53,25,CA5819167570167,checking,CAD,4189.66,active,2022-07-24T15:44:02
54,25,CA3676306242163,checking,CAD,6768.42,active,2024-10-08T12:44:21
55,26,GB9345032533234,savings,GBP,24201.76,closed,2026-04-19T21:09:18
56,26,GB1476461519751,savings,GBP,86.94,closed,2026-05-02T20:25:33
57,27,IE8011730188639,savings,EUR,36569.25,active,2025-06-25T19:36:27
58,27,IE4700177680079,checking,EUR,5456.31,frozen,2025-06-30T00:37:02
59,27,IE8759829560835,checking,EUR,2224.03,closed,2026-01-06T00:37:28
60,28,SG7029160980253,checking,SGD,2601.34,active,2025-01-08T15:32:22
61,29,DE8084862188886,credit,EUR,-1678,active,2026-04-26T00:22:46
62,30,IT8563459482430,savings,EUR,16164.98,active,2025-02-01T20:20:56
63,30,IT8435382297976,credit,EUR,-2463.3,active,2025-08-19T00:17:34
64,31,FR6296660294896,savings,EUR,15.88,active,2025-03-26T22:44:13
65,31,FR7219038580356,credit,EUR,-1037.86,active,2024-07-14T03:59:08
66,32,NL6676265127948,checking,EUR,7588.05,closed,2023-06-16T13:57:02
67,33,DE3519589570653,checking,EUR,7896.2,frozen,2026-03-30T06:38:24
68,33,DE3248591267854,credit,EUR,-3743.71,active,2026-04-10T19:04:46
69,33,DE7647493685541,checking,EUR,6236.49,active,2026-03-23T09:37:41
70,34,FR8713606228820,credit,EUR,-3989.59,frozen,2026-04-18T18:40:59
71,34,FR6928184340032,checking,EUR,4037.27,active,2026-02-18T06:53:28
72,34,FR4558075063282,checking,EUR,5561.48,active,2026-01-09T20:44:31
73,35,IT2554865638201,checking,EUR,6025.06,active,2024-07-03T05:00:46
74,36,DE6611843040961,checking,EUR,2444.09,active,2026-01-18T10:17:55
75,36,DE7728101439941,savings,EUR,38364.06,active,2025-11-13T20:31:13
76,36,DE9365843045072,checking,EUR,2024.49,active,2026-01-27T20:58:01
77,37,US8113011731515,checking,USD,4044.77,active,2026-03-16T09:31:23
78,38,FR6472200499578,savings,EUR,59.44,active,2026-02-10T01:47:01
79,38,FR8749955139725,savings,EUR,4338.64,frozen,2024-10-15T18:29:24
80,39,DE7483761473631,checking,EUR,1559.49,active,2025-02-06T10:39:47
81,40,JP8188040115793,checking,JPY,739522.61,frozen,2026-02-26T12:23:55
82,40,JP2970585219927,savings,JPY,764786.82,active,2025-12-06T05:50:03
83,41,US3773061532022,checking,USD,4238.5,closed,2026-05-11T16:33:08
84,41,US1070354429905,savings,USD,36730.87,closed,2026-02-07T23:50:07
85,42,KR8533428748452,checking,KRW,680951.9,active,2025-01-05T01:35:02
86,42,KR7756460486388,checking,KRW,605963.8,frozen,2025-12-26T18:08:45
87,43,NL2947423632495,savings,EUR,28806.65,frozen,2022-11-15T23:33:34
88,44,ZA3666035112500,checking,ZAR,7380.95,closed,2025-04-07T14:33:16
89,44,ZA6761708852959,savings,ZAR,31712.52,closed,2026-03-22T03:54:34
90,45,AE2490158754480,checking,AED,100.66,active,2024-08-31T14:27:59
91,45,AE3058467972247,savings,AED,15223.24,active,2025-09-22T04:57:34
92,46,US7254273281683,savings,USD,26833.08,closed,2025-09-25T01:32:06
93,46,US3412986476357,checking,USD,1815.24,active,2024-12-15T13:20:47
94,46,US7246728497264,checking,USD,5400.71,frozen,2023-06-18T11:28:59
95,47,ES8050332193456,savings,EUR,17968.52,frozen,2025-04-25T15:56:39
96,47,ES9515100182552,savings,EUR,18543.54,active,2024-06-27T05:02:59
97,47,ES6961057368317,checking,EUR,1341.69,frozen,2026-02-27T14:04:55
98,48,US9947045799590,checking,USD,5821.85,closed,2026-01-16T00:01:50
99,48,US1655613543780,savings,USD,32164.14,frozen,2026-03-01T04:40:12
100,49,IT8195708095338,checking,EUR,3716.75,active,2023-09-30T22:59:26
101,49,IT7830719496163,credit,EUR,-802.44,closed,2023-10-27T06:00:56
102,50,SE1463043763169,credit,SEK,-2339.72,frozen,2025-06-14T06:10:19
103,50,SE6477298367244,checking,SEK,4552.25,frozen,2024-05-06T08:17:25
104,50,SE1463558617877,savings,SEK,19760.51,active,2025-07-23T14:27:34
105,51,IN5179950773418,checking,INR,57430.99,active,2023-08-09T23:38:00
106,51,IN3274860221327,credit,INR,-348121.38,active,2024-11-05T23:49:33
107,52,GB4960143030213,checking,GBP,4625.67,active,2025-07-17T02:29:43
108,52,GB4750414710531,savings,GBP,37924.55,frozen,2025-07-07T15:24:24
109,53,AT8944440089650,checking,EUR,2335.84,closed,2025-05-30T08:51:18
110,54,FR6902696242465,savings,EUR,9089.58,active,2026-01-18T07:06:57
111,54,FR1039213464405,credit,EUR,-104.48,closed,2026-04-29T06:54:45
112,55,ZA7836080317762,checking,ZAR,1533.15,closed,2024-10-22T08:09:43
113,56,GB1578796344390,savings,GBP,37016.6,closed,2025-04-27T18:20:06
114,56,GB7007634911734,checking,GBP,58.55,active,2024-09-12T18:00:44
115,56,GB2266205596529,checking,GBP,2906,active,2023-12-05T20:29:28
116,56,GB7039068173858,savings,GBP,18767.89,active,2025-05-22T23:57:10
117,57,PL7265768222032,checking,PLN,2921.46,closed,2022-05-29T05:21:37
118,57,PL9231841794661,checking,PLN,2725.69,active,2025-10-14T18:53:49
119,58,DE2925511112885,savings,EUR,9639.87,closed,2024-06-06T07:49:19
120,59,BR8108790076179,checking,BRL,11386.06,active,2023-04-19T22:59:47
121,60,IT2533701842243,checking,EUR,5536.27,active,2026-05-12T08:09:22
122,61,JP6231704428789,checking,JPY,572375.59,active,2024-06-04T02:19:32
123,61,JP9360351711126,checking,JPY,452064.93,active,2022-12-07T13:00:59
124,61,JP5424699186491,savings,JPY,1330302.14,active,2021-08-23T02:12:52
125,62,PL7309489031210,checking,PLN,4682.2,active,2025-08-17T05:54:17
126,62,PL8404321636906,checking,PLN,2933.51,active,2026-04-13T19:15:10
127,63,PL8896399711890,checking,PLN,7473.89,active,2022-03-22T16:36:30
128,64,CN7684604127820,checking,CNY,7993.48,active,2026-03-15T07:26:28
129,65,IT3735600815367,checking,EUR,1053.15,frozen,2026-04-26T10:34:43
130,65,IT3486258630495,credit,EUR,-2943.3,active,2026-03-19T23:02:01
131,65,IT1319194684784,checking,EUR,3764.18,closed,2026-03-31T23:57:48
132,65,IT7641728075502,checking,EUR,2250.97,active,2026-05-15T00:48:17
133,66,IN8813417833759,checking,INR,133997.62,active,2026-02-16T19:53:59
134,66,IN7057119717212,checking,INR,25303.72,active,2025-03-01T07:26:33
135,66,IN9515846872457,checking,INR,495728.29,active,2025-11-01T17:04:30
136,67,FR5892688880800,savings,EUR,15969.75,active,2023-01-26T22:48:07
137,67,FR1648611546756,savings,EUR,17857.8,active,2026-04-23T11:23:55
138,68,SG5244538196981,savings,SGD,66.37,frozen,2025-09-20T21:31:41
139,68,SG9975285741029,checking,SGD,2867.58,active,2023-04-19T04:02:20
140,69,AT8077945011623,credit,EUR,-2043.11,active,2026-03-10T13:09:31
141,70,NL9381583835532,checking,EUR,3407.78,active,2026-01-31T20:09:27
142,71,AT8077336642728,checking,EUR,5384.27,active,2025-03-31T12:29:46
143,72,DE5817194810634,savings,EUR,81.48,active,2023-01-16T00:29:39
144,73,GB9858208633678,checking,GBP,2610.45,frozen,2026-02-26T16:49:58
145,73,GB2470445498639,checking,GBP,4357.37,active,2026-01-27T10:08:19
146,74,US5955163730635,savings,USD,2820.93,active,2026-01-01T08:12:05
147,74,US8473034517277,checking,USD,6120.26,active,2026-03-08T10:03:11
148,74,US6171929964502,credit,USD,-2131.08,active,2026-03-18T18:15:40
149,75,CH2476615642006,checking,CHF,435.71,active,2025-06-22T12:44:17
150,75,CH6846629965277,checking,CHF,2530.78,active,2026-05-14T23:49:19
151,76,GB2085043424108,credit,GBP,-1290.47,active,2024-11-24T18:03:46
152,76,GB6520556048415,checking,GBP,2692.49,closed,2024-10-21T03:23:02
153,77,IT4277408282010,checking,EUR,121.16,active,2025-02-20T02:42:00
154,78,GB3996027445787,savings,GBP,18532.99,active,2023-05-31T13:39:23
155,79,CA1806757354151,savings,CAD,10790.91,active,2026-02-15T22:20:24
156,79,CA7480632113351,checking,CAD,31.58,frozen,2026-05-02T08:09:55
157,79,CA2018150874561,checking,CAD,6057.94,active,2026-03-05T23:55:43
158,79,CA6482185315030,checking,CAD,5855.79,active,2026-04-12T15:26:47
159,80,CA1805171469431,checking,CAD,954.17,active,2026-05-06T12:07:01
160,81,US3945901917887,savings,USD,24613.79,frozen,2025-11-24T21:16:20
161,81,US5250204880703,checking,USD,3669.61,closed,2026-05-12T09:20:09
162,82,FR6806008195908,savings,EUR,38318.1,active,2026-03-08T13:37:54
163,82,FR7049043042786,checking,EUR,6908.9,frozen,2026-03-13T07:59:55
164,83,BR1443186083317,savings,BRL,137390.75,active,2025-03-12T14:37:45
165,83,BR3313869648289,checking,BRL,31588.31,active,2026-01-24T11:12:22
166,84,US2863989683154,checking,USD,7922.31,closed,2023-03-08T15:02:50
167,84,US5809459558255,checking,USD,7668.58,closed,2021-11-06T20:52:21
168,85,IE7102202277120,checking,EUR,7235.87,active,2026-03-27T01:55:25
169,85,IE4515157270469,savings,EUR,24982.05,active,2024-08-10T02:10:31
170,86,TR8591404445733,checking,TRY,176960.56,frozen,2024-11-08T13:32:15
171,87,AE4590223883685,checking,AED,2442,active,2026-03-26T06:53:10
172,87,AE9590337287072,savings,AED,37394.47,active,2025-07-05T03:43:24
173,87,AE7781030768288,checking,AED,4211.88,active,2025-08-07T09:56:34
174,88,UA4594529693685,checking,UAH,2489.72,active,2026-01-19T00:12:02
175,88,UA7660074583453,credit,UAH,-72023.72,active,2025-06-21T11:38:59
176,89,US9678027535238,checking,USD,7634.89,closed,2025-12-21T06:45:43
177,90,ES4602987971121,savings,EUR,21833.87,frozen,2025-10-11T05:29:23
178,90,ES3250249375059,savings,EUR,14801.47,active,2024-12-04T17:12:38
179,91,IE8758175775879,checking,EUR,6165.98,active,2025-08-04T22:35:26
180,91,IE9547318140232,credit,EUR,-3650.35,active,2024-12-19T19:30:43
181,92,UA4250874580600,savings,UAH,1532825.38,active,2025-05-16T08:42:56
182,92,UA7201050152125,checking,UAH,169544.86,active,2024-02-05T05:16:43
183,92,UA9740907838488,checking,UAH,138452.37,frozen,2024-09-22T06:25:34
184,93,CA1489730127750,checking,CAD,2504.17,active,2026-04-01T02:41:11
185,93,CA8945633677782,savings,CAD,24.71,active,2026-01-14T17:08:15
186,93,CA2667702674877,checking,CAD,6613.37,active,2026-04-15T15:27:36
187,93,CA1944029855221,checking,CAD,3730.1,active,2025-09-12T11:54:04
188,94,IN6953489671349,checking,INR,349194.79,active,2026-05-05T02:18:32
189,94,IN5004499424096,savings,INR,2324792.99,active,2026-05-13T22:03:15
190,95,IN3618776644618,checking,INR,635261.61,active,2024-06-19T21:57:42
191,95,IN7104409031566,credit,INR,-48549.26,active,2023-08-09T17:12:00
192,95,IN3695966238176,savings,INR,1680902.54,closed,2023-05-01T05:06:45
193,96,GB5801988422567,checking,GBP,2564.59,active,2026-01-17T17:35:18
194,96,GB4097290682654,checking,GBP,2605.18,frozen,2024-08-29T00:56:48
195,96,GB4634384823967,checking,GBP,5078.5,active,2024-06-14T10:09:48
196,97,CH7240103754968,checking,CHF,2315.84,active,2024-04-26T21:26:38
197,98,US1774216474665,checking,USD,595.6,active,2025-12-30T20:49:13
198,98,US2580564770465,savings,USD,17861.08,active,2024-09-20T21:14:56
199,99,IN8930235416820,checking,INR,347684.06,active,2022-01-14T01:06:51
200,99,IN5872366163867,checking,INR,493726.91,frozen,2022-09-20T06:35:31
201,100,GB4707164688531,savings,GBP,38200.49,active,2024-03-07T07:27:58
202,100,GB9273885928197,savings,GBP,37611.43,active,2024-01-24T00:27:25
203,101,FR6127930436570,credit,EUR,-3611.22,active,2026-04-23T23:51:08
204,101,FR8050568760206,checking,EUR,1045.24,active,2025-11-10T14:18:53
205,101,FR9432490129845,savings,EUR,38784.77,active,2025-12-21T08:45:23
206,102,JP6850879545417,savings,JPY,4121304.46,active,2024-11-14T18:29:46
207,102,JP7950411162832,checking,JPY,411967.18,closed,2026-03-14T15:13:29
208,102,JP1464310137345,checking,JPY,164612.41,active,2026-01-29T05:05:17
209,103,US4451648228633,savings,USD,20512.54,active,2026-02-09T05:22:15
210,103,US3986426033560,checking,USD,404.93,active,2025-09-09T10:59:35
211,103,US5234079913504,checking,USD,7415.05,active,2026-03-20T21:51:24
212,104,AU6886871461424,savings,AUD,26856.82,active,2024-08-07T20:10:46
213,105,ES5378887025864,savings,EUR,33775.33,active,2023-03-26T16:42:22
214,105,ES3049280169440,checking,EUR,5141.88,active,2025-02-20T00:51:44
215,106,PL4461086879518,checking,PLN,4546.3,active,2026-04-06T02:43:14
216,106,PL4321543482628,checking,PLN,5726.96,active,2025-10-23T15:59:55
217,107,SE4507226662761,checking,SEK,1114.73,active,2026-01-31T22:18:38
218,108,SE6196594593630,savings,SEK,83.66,active,2022-06-15T06:14:37
219,108,SE8690038817664,checking,SEK,7957.9,active,2025-11-02T02:29:00
220,108,SE3465182387571,checking,SEK,5501.34,active,2022-09-09T00:21:42
221,109,US3636715676870,checking,USD,3338.88,active,2026-01-03T08:09:57
222,110,TR9035343538653,savings,TRY,1309401.28,active,2023-02-02T08:15:14
223,111,ZA5447959439847,checking,ZAR,5950.37,active,2025-03-02T03:39:39
224,111,ZA4949096646232,savings,ZAR,48.72,active,2025-11-17T05:25:43
225,112,US2111617278116,checking,USD,7753.86,closed,2026-05-05T17:49:00
226,112,US2923479390386,savings,USD,28603.19,active,2026-04-21T11:01:10
227,112,US6447502210898,savings,USD,31554.88,closed,2026-05-15T02:57:55
228,112,US3838906555457,savings,USD,55.47,active,2026-04-19T10:54:34
229,113,IN6730739129083,checking,INR,462140.23,active,2025-11-16T15:21:43
230,113,IN8372072149720,checking,INR,68990.58,frozen,2025-03-05T14:15:41
231,114,IT3462761116550,credit,EUR,-575.87,active,2023-03-28T02:19:24
232,114,IT5588447465416,savings,EUR,36757.97,active,2023-10-18T02:33:54
233,114,IT2491857839606,checking,EUR,5805.82,active,2025-09-16T07:01:34
234,115,CA1037315060172,savings,CAD,25239.25,closed,2025-03-07T22:18:27
235,115,CA6243153832603,checking,CAD,5837.48,closed,2024-11-30T23:10:42
236,116,JP5786372520027,checking,JPY,978522.98,active,2026-03-14T12:39:27
237,117,AE6318479585875,checking,AED,6312.85,active,2025-06-13T14:26:09
238,118,FR7640555259830,savings,EUR,30680.35,active,2025-03-07T18:14:50
239,119,MX2585875443727,checking,MXN,98032.17,active,2025-03-01T13:58:09
240,119,MX7790805942578,credit,MXN,-15922.4,active,2025-05-01T19:42:13
241,119,MX9498427953631,checking,MXN,104247.73,active,2025-07-02T04:33:43
242,120,US3356486638790,checking,USD,3743.07,closed,2025-09-29T10:47:38
243,121,DE9626586162114,checking,EUR,6998.81,frozen,2025-12-06T23:31:55
244,121,DE2966727383593,credit,EUR,-1238.82,active,2025-11-14T13:31:05
245,121,DE5945139244064,savings,EUR,17716.65,active,2026-04-24T00:26:36
246,122,AE2697526240841,checking,AED,3788.98,active,2025-03-22T08:07:41
247,123,CA3965878990942,savings,CAD,5302.37,active,2026-05-06T17:15:05
248,124,DE8635046367423,checking,EUR,1805.15,closed,2024-06-24T17:52:03
249,125,US6443952279489,checking,USD,7611.06,active,2023-03-01T22:25:18
250,126,US6150916721318,credit,USD,-861.98,active,2026-03-30T02:24:23
251,127,SE5417550958379,savings,SEK,36463.06,closed,2025-05-12T07:56:24
252,128,FI7572417470011,savings,EUR,8353.29,active,2022-02-20T04:07:05
253,129,MX6726184232869,checking,MXN,112958.02,active,2023-10-06T16:03:09
254,130,BR1349608836185,savings,BRL,41274.02,active,2024-11-08T09:09:30
255,130,BR9990356148697,checking,BRL,31785.51,active,2024-03-12T14:24:51
256,130,BR4339423736325,checking,BRL,27402.96,closed,2025-08-31T03:30:59
257,131,IN5242436357994,savings,INR,2894579.27,active,2026-04-07T13:03:28
258,131,IN3265052952412,checking,INR,4442.63,frozen,2024-02-16T09:15:58
259,132,BR1526665776380,savings,BRL,163936.92,active,2025-07-08T16:06:57
260,132,BR1501589644486,credit,BRL,-21968.42,active,2025-07-24T09:22:10
261,133,AU9966828622242,checking,AUD,5189.27,active,2024-05-03T08:16:08
262,134,GB3682865840286,checking,GBP,5476.15,active,2025-05-06T04:25:15
263,134,GB3346977324414,checking,GBP,7518.04,closed,2026-03-15T03:20:24
264,135,SG4740184963530,checking,SGD,277.75,closed,2026-04-12T03:55:51
265,135,SG2464520321283,checking,SGD,4157.85,closed,2024-08-25T21:13:18
266,135,SG2969769828028,savings,SGD,39146.73,active,2025-03-08T15:29:29
267,135,SG3824033313707,checking,SGD,5495.52,active,2024-09-10T12:50:10
268,136,BR8226160146202,credit,BRL,-4464.91,closed,2025-12-08T22:31:22
269,136,BR7973151282994,checking,BRL,23075.43,active,2026-03-28T14:51:57
270,137,UA6713390040245,savings,UAH,550418.63,closed,2026-04-08T01:34:48
271,138,IE5783825645270,checking,EUR,6153.62,active,2025-09-14T17:29:06
272,138,IE8635983588756,checking,EUR,5384.62,active,2025-10-23T10:43:57
273,139,NL2084563296297,checking,EUR,518.05,active,2025-12-20T17:15:28
274,140,CA2738880277111,savings,CAD,24829.81,closed,2023-06-24T13:02:52
275,140,CA7852964636074,savings,CAD,17004.96,active,2022-09-21T19:31:28
276,141,FR4396041920977,credit,EUR,-1009.05,active,2024-10-11T17:30:33
277,142,SG9233897816315,checking,SGD,1466.17,closed,2026-04-25T22:59:59
278,143,DE1703891295122,checking,EUR,1478.55,active,2026-03-06T09:06:38
279,144,FR4975719832386,credit,EUR,-4374.67,active,2026-03-03T01:55:26
280,145,NL7227923687222,checking,EUR,6220,active,2026-03-16T00:50:56
281,145,NL3819753078077,savings,EUR,29867.64,active,2023-11-08T16:53:17
282,146,US8646507339458,savings,USD,7317.66,active,2025-09-03T09:26:11
283,147,CA3683892971285,savings,CAD,13074.68,frozen,2026-05-01T02:31:47
284,147,CA3145657047943,checking,CAD,4180.84,active,2026-04-11T01:44:53
285,148,DE8630651136962,checking,EUR,731.45,frozen,2025-02-20T13:40:52
286,148,DE6740965236655,savings,EUR,36079.74,active,2023-11-16T18:28:52
287,149,SG4268899780398,checking,SGD,6256.06,closed,2025-09-23T14:19:36
288,150,US3547045479133,savings,USD,15316.99,frozen,2025-04-18T11:34:23
289,150,US4824403239801,checking,USD,7907.5,active,2024-04-26T03:17:47
290,151,ES5694173789135,savings,EUR,21946.41,active,2026-04-09T08:43:27
291,151,ES4018919648570,credit,EUR,-2537.14,frozen,2025-12-05T08:05:14
292,152,US5307437533699,checking,USD,6055.26,frozen,2024-10-17T23:58:49
293,153,MX1056099732220,checking,MXN,27773.9,active,2025-12-22T14:31:48
294,153,MX7550078487700,savings,MXN,78587.12,closed,2024-11-15T22:13:40
295,153,MX8086111313554,checking,MXN,7749.68,active,2022-10-23T18:12:37
296,154,DE1968972672039,checking,EUR,7598.93,active,2024-10-30T22:03:04
297,155,US9405832554881,checking,USD,3638.84,active,2026-05-09T14:03:30
298,155,US1510353048041,savings,USD,34355.99,active,2025-11-19T03:23:58
299,155,US6399128828826,checking,USD,1125.92,active,2025-12-18T23:19:06
300,155,US7881516165932,checking,USD,2665.16,active,2026-02-12T07:12:41
301,156,SE5739602551003,checking,SEK,1232.55,active,2026-01-10T04:56:43
302,156,SE8752833532893,checking,SEK,2883.53,active,2025-11-12T19:36:45
303,156,SE3050400222614,credit,SEK,-2983.1,active,2025-11-01T09:12:30
304,157,FR4557136323185,checking,EUR,3989.92,active,2026-05-07T20:09:05
305,157,FR2410184952133,checking,EUR,1846.4,frozen,2026-05-13T14:21:45
306,158,US4783618695852,savings,USD,39361.44,frozen,2025-05-17T10:57:07
307,158,US3098901418981,savings,USD,4851.19,active,2026-03-06T09:07:29
308,159,IT4292087180012,checking,EUR,5246.44,active,2025-12-01T05:20:42
309,159,IT7622210796254,savings,EUR,30657.37,active,2025-02-15T01:09:20
310,160,GB1608635228079,checking,GBP,1220.3,closed,2025-12-30T22:07:05
311,160,GB1510340798653,checking,GBP,4219.16,active,2026-01-16T13:29:03
312,160,GB9508449524740,checking,GBP,7766.4,closed,2026-04-19T05:09:48
313,161,IN7565740534462,checking,INR,456091.65,active,2024-10-03T09:08:53
314,161,IN4435275658168,checking,INR,36383.28,active,2024-12-21T20:56:31
315,162,JP6892635933696,credit,JPY,-103447.32,active,2026-04-14T23:18:09
316,162,JP5800549539945,checking,JPY,69148.82,active,2024-03-17T12:13:21
317,163,TR5673547072833,savings,TRY,119812.43,active,2025-10-19T12:14:35
318,164,US6150273822222,checking,USD,3010.87,active,2026-04-07T22:17:00
319,164,US3026873722762,savings,USD,37398.38,frozen,2026-04-28T08:34:53
320,165,JP7415438483133,checking,JPY,881628.22,frozen,2024-02-17T07:51:02
321,165,JP4744785476587,savings,JPY,1879682.35,active,2024-12-13T21:03:44
322,166,DE9377528977586,checking,EUR,6627.83,active,2026-01-29T01:52:00
323,167,FR6083628653744,savings,EUR,17284.49,active,2025-09-30T16:48:49
324,167,FR8254037960195,credit,EUR,-3502.16,active,2025-01-30T11:33:46
325,168,BE3671257980114,checking,EUR,2890.27,active,2024-12-15T08:51:16
326,168,BE3220904838754,checking,EUR,5501.96,active,2024-08-06T23:10:13
327,168,BE9738388858879,checking,EUR,7418.1,active,2024-12-19T11:18:20
328,169,BE6204804110311,checking,EUR,7781.01,closed,2024-04-03T03:44:12
329,169,BE4338979730873,savings,EUR,99.42,frozen,2023-03-23T07:07:47
330,169,BE3582606844711,savings,EUR,17.14,frozen,2026-04-22T06:13:03
331,170,NL8696523837376,checking,EUR,5352.72,active,2024-10-19T21:20:38
332,171,AU4080051988597,checking,AUD,1934.11,closed,2022-02-17T02:28:56
333,172,DE5446475231663,savings,EUR,61.47,active,2023-02-13T23:33:47
334,172,DE4717720454355,checking,EUR,390.44,closed,2025-02-04T02:05:58
335,173,US9488026265280,checking,USD,3623.3,active,2024-10-11T14:07:33
336,174,JP4385678025276,savings,JPY,194140.78,active,2025-12-05T11:20:37
337,174,JP4979960068171,savings,JPY,3993.83,frozen,2026-04-03T07:15:10
338,175,SE4854040518880,savings,SEK,40608.35,closed,2024-12-02T00:20:23
339,176,BR4844712647612,checking,BRL,23662.89,active,2025-09-20T18:12:16
340,177,US7286278921301,savings,USD,19908.84,closed,2025-12-04T03:52:54
341,177,US3847172274465,checking,USD,2843.54,active,2025-10-21T23:12:23
342,177,US2885630088527,checking,USD,6287.7,active,2026-02-28T01:04:00
343,178,GB6390476773308,savings,GBP,19.33,active,2025-10-31T18:16:33
344,178,GB1978882276763,savings,GBP,36133.87,active,2025-03-06T00:00:29
345,179,IN8877199759856,checking,INR,445755.7,active,2025-11-09T03:00:21
346,179,IN8568349064733,savings,INR,165926.16,active,2025-11-02T09:49:49
347,180,AU1203786088346,savings,AUD,2259.19,frozen,2025-05-14T13:41:18
348,180,AU6058189471844,credit,AUD,-4342.13,frozen,2025-11-13T03:32:41
349,180,AU1743493192139,savings,AUD,20.12,active,2025-06-15T01:36:07
350,180,AU6385834880449,checking,AUD,5996.4,active,2025-05-11T01:36:41
351,181,US6242521039645,checking,USD,1250.32,active,2023-09-15T14:18:17
352,181,US8306438726411,checking,USD,5279.16,frozen,2025-03-29T19:17:06
353,182,TR5759997442412,savings,TRY,593484.78,active,2026-03-28T04:34:05
354,183,IN7502432068357,checking,INR,96610.52,active,2023-10-08T19:38:31
355,183,IN2757400127006,credit,INR,-221780.26,active,2024-01-03T23:12:32
356,184,NL6005155837213,savings,EUR,20254.1,active,2025-07-31T23:08:17
357,184,NL8197984465984,savings,EUR,14362.89,active,2026-02-11T03:56:29
358,185,DE4470151489814,savings,EUR,28.37,active,2026-04-17T17:25:57
359,186,IN1899536645121,credit,INR,-116007.24,closed,2025-04-10T15:27:17
360,186,IN7322434865401,checking,INR,449052.68,active,2023-01-10T14:40:24
361,186,IN9141820869188,checking,INR,463285.37,active,2024-10-19T23:41:59
362,187,ES7511659986314,savings,EUR,17177.99,closed,2023-10-06T03:37:25
363,188,US5703225181632,checking,USD,6116.11,closed,2026-04-09T06:29:31
364,188,US8289233075950,checking,USD,7968.04,active,2026-02-14T16:18:01
365,188,US4640559798609,checking,USD,2171.52,frozen,2026-02-15T14:13:48
366,189,US4799077554805,checking,USD,1021.59,frozen,2026-04-21T18:01:32
367,189,US4373768011398,checking,USD,3627.27,closed,2024-11-26T17:24:41
368,190,CH3968102553819,checking,CHF,2775.8,active,2026-05-07T14:17:58
369,190,CH7904350482786,checking,CHF,2596.83,active,2026-05-06T12:36:02
370,190,CH1649460230575,checking,CHF,4801.61,active,2026-05-14T09:02:04
371,190,CH2685584959882,savings,CHF,21828.14,closed,2026-05-09T16:43:52
372,191,ZA3158818991241,savings,ZAR,13952.92,active,2025-10-19T17:05:45
373,192,UA5465386825268,credit,UAH,-85916.57,frozen,2025-12-24T12:10:12
374,193,US3052621921060,checking,USD,7223.7,active,2024-08-03T07:49:27
375,194,US2456460085246,savings,USD,39408.87,closed,2025-08-30T15:58:43
376,194,US1652121542185,savings,USD,16134.39,active,2024-09-14T12:20:36
377,194,US2447718853728,savings,USD,25131.76,active,2026-05-11T11:56:56
378,195,US1654152881004,checking,USD,1564.32,active,2022-07-11T22:05:05
379,195,US8962423828575,credit,USD,-794.86,active,2026-02-18T02:07:27
380,195,US7920207890056,checking,USD,1993.29,closed,2022-03-25T14:45:54
381,196,BE3289493487527,checking,EUR,355.07,active,2023-04-15T03:38:42
382,197,JP3899149490952,checking,JPY,67713.82,active,2025-09-28T08:26:59
383,198,NO9270315020915,credit,NOK,-649.38,frozen,2026-05-07T20:48:31
384,198,NO4920429912219,savings,NOK,33188.89,active,2026-03-05T17:22:01
385,199,IT4733245512099,savings,EUR,39465.35,active,2026-02-11T08:09:12
386,199,IT9627569863535,checking,EUR,55.03,active,2025-02-14T12:47:50
387,200,FR5579376477677,savings,EUR,17941.49,active,2025-07-06T17:08:35
388,200,FR7667680680205,credit,EUR,-4871.55,frozen,2024-08-05T23:57:50
389,201,CA3877763389268,checking,CAD,4982.31,active,2025-08-07T20:28:07
390,201,CA7400519067295,checking,CAD,3458.42,active,2026-02-14T03:29:50
391,202,AU9723550067103,checking,AUD,7467.37,frozen,2024-06-11T02:34:41
392,203,CA4858465280405,checking,CAD,551.76,active,2022-05-21T15:38:29
393,203,CA3943415239632,savings,CAD,36712.51,active,2025-11-11T03:28:56
394,203,CA3709408821672,credit,CAD,-4955.67,frozen,2025-06-18T10:18:42
395,204,UA6793833515751,savings,UAH,316033.39,closed,2025-11-17T22:42:20
396,204,UA7391836291648,checking,UAH,138190.92,frozen,2023-10-05T17:36:32
397,204,UA6858797677536,checking,UAH,58854.43,closed,2024-02-17T14:13:33
398,205,US9495779271201,checking,USD,6906.36,active,2026-04-07T20:02:23
399,205,US3878011540639,savings,USD,12963.82,active,2026-05-04T17:45:03
400,206,CH9269769921981,savings,CHF,8369.61,active,2025-08-31T00:48:16
401,206,CH1350781059588,checking,CHF,7712.6,closed,2023-12-08T21:51:05
402,207,GB8821390065189,savings,GBP,11688.3,active,2025-01-07T11:20:18
403,207,GB4118058619839,savings,GBP,29315.44,active,2024-12-04T02:43:15
404,207,GB1998898945252,checking,GBP,5194.54,active,2026-04-17T05:11:16
405,208,IN1477684213113,checking,INR,442477.43,active,2025-01-30T13:27:13
406,208,IN6519118939901,credit,INR,-204524.48,closed,2023-03-16T23:48:40
407,208,IN1058007339917,checking,INR,558044.29,frozen,2024-05-07T00:17:43
408,209,US5093171960292,savings,USD,70.34,frozen,2025-01-19T15:42:22
409,209,US4230082190537,checking,USD,7238.54,active,2024-02-07T11:34:48
410,210,AE2735838322385,checking,AED,7457.75,active,2025-05-27T09:33:02
411,210,AE4549312299823,savings,AED,95.82,active,2026-02-14T22:04:02
412,211,IT8282003556285,checking,EUR,6989.22,active,2026-04-09T09:57:55
413,211,IT8356788555208,checking,EUR,6637.46,frozen,2022-02-01T08:40:38
414,211,IT7310240959152,savings,EUR,1432.85,active,2025-12-10T05:30:07
415,212,IN8864839268705,checking,INR,93691.79,active,2026-04-25T07:46:33
416,212,IN1944029040568,savings,INR,717160.91,active,2026-05-06T15:20:08
417,212,IN4067233228840,checking,INR,519787.56,active,2026-04-02T18:01:49
418,212,IN9678840223222,savings,INR,217720.71,active,2026-02-27T06:53:27
419,213,MX6157462957973,checking,MXN,103913.36,frozen,2024-12-04T17:57:46
420,213,MX5153550868635,checking,MXN,17071.89,active,2026-01-04T20:53:01
421,214,IE4302582076904,checking,EUR,5077.5,frozen,2023-10-04T06:33:43
422,215,ES3454214167172,checking,EUR,6276.31,active,2026-01-24T15:40:37
423,216,BR3910438078295,checking,BRL,2764.16,active,2025-07-24T19:55:04
424,216,BR4805184168961,checking,BRL,14122.72,active,2023-12-06T11:08:40
425,216,BR1826700667405,savings,BRL,10631.47,active,2022-12-18T19:45:01
426,217,JP8056883936841,checking,JPY,438663.47,active,2026-02-20T14:41:16
427,217,JP5069936434507,checking,JPY,81147.15,active,2026-03-10T06:25:45
428,217,JP8556482097360,credit,JPY,-333677.67,closed,2025-08-12T05:49:36
429,218,US5246184299509,savings,USD,29986.29,active,2023-06-10T07:08:56
430,218,US1107449284246,checking,USD,4891.63,frozen,2024-05-07T05:16:02
431,219,DE9958556873296,checking,EUR,2946.4,active,2024-11-01T11:47:46
432,220,CH4065212452373,savings,CHF,8224.99,active,2026-01-23T06:57:52
433,221,FR9582862587674,savings,EUR,40924.67,active,2024-08-02T10:12:50
434,222,IN1926109922025,savings,INR,2789176.13,active,2024-01-05T04:22:26
435,222,IN6421301837194,savings,INR,1592109.28,frozen,2024-03-28T22:50:36
436,223,JP2233787988903,savings,JPY,1160861.62,active,2025-07-15T16:26:54
437,224,SG6524961957307,savings,SGD,47.83,active,2024-09-02T10:54:11
438,225,IN3981052539341,credit,INR,-281548.41,active,2023-01-09T11:11:06
439,226,FR5200943035773,savings,EUR,16571.83,active,2025-07-25T22:37:02
440,226,FR3468612716120,savings,EUR,4938.67,frozen,2025-02-24T07:27:58
441,227,DE7880189766419,savings,EUR,30.83,active,2025-06-24T23:49:11
442,228,CN4389467364712,savings,CNY,85.64,active,2023-12-26T20:59:49
443,228,CN4466844343574,checking,CNY,3590.45,frozen,2023-05-24T04:23:38
444,228,CN8196736338311,checking,CNY,2211.27,frozen,2023-02-18T19:30:22
445,229,IN8813780564768,checking,INR,513051.49,active,2026-01-12T20:03:25
446,230,US4630912664363,checking,USD,5373.59,closed,2025-12-21T01:05:34
447,230,US1057692940366,checking,USD,3358.67,active,2026-01-28T18:12:20
448,231,US4757173722404,checking,USD,1339.21,active,2026-04-23T03:26:20
449,231,US4802722120912,checking,USD,4343.4,closed,2025-02-21T04:50:10
450,232,NL4492945086477,savings,EUR,13355.35,active,2024-03-01T12:24:42
451,233,JP2934335212817,credit,JPY,-32951.45,frozen,2026-04-26T18:36:49
452,233,JP9784109738011,savings,JPY,690110.27,active,2026-04-24T08:28:26
453,234,DK8152100267580,checking,DKK,2768.97,active,2026-02-17T13:09:42
454,234,DK1850211312020,checking,DKK,1794.46,active,2025-10-23T22:43:17
455,234,DK1459087720920,savings,DKK,35529.67,active,2025-11-15T00:22:01
456,235,JP1633178890739,savings,JPY,4070198.99,active,2022-07-05T11:00:56
457,235,JP1771310115451,credit,JPY,-27875.6,closed,2022-11-15T09:15:21
458,235,JP1819368559234,checking,JPY,246830.79,active,2023-03-22T20:34:41
459,236,US6030562034292,credit,USD,-3981.15,active,2022-11-06T02:12:00
460,236,US1366547296123,savings,USD,26911.22,active,2024-04-06T15:45:12
461,237,BR2701387788927,savings,BRL,175.64,frozen,2026-03-11T11:31:36
462,237,BR9345184588585,savings,BRL,101411.34,closed,2026-04-06T04:24:28
463,238,FR7818383723083,checking,EUR,5755.4,closed,2024-03-18T22:54:58
464,238,FR4708239876798,checking,EUR,7596.09,active,2025-07-23T00:22:05
465,238,FR9995183444307,checking,EUR,5795.57,active,2022-08-21T16:34:19
466,239,TR6900275066283,savings,TRY,1327.87,active,2024-12-07T22:38:15
467,239,TR5227135439669,checking,TRY,83907.2,frozen,2022-12-04T11:57:03
468,239,TR3742762447338,checking,TRY,107185.68,closed,2025-03-20T02:57:46
469,240,SG6321588929043,checking,SGD,65.49,active,2026-03-27T17:13:56
470,240,SG9536340448627,checking,SGD,909.53,active,2025-10-24T02:54:03
471,240,SG6482795076867,checking,SGD,1463.32,active,2025-09-26T13:33:29
472,240,SG8194539841972,savings,SGD,19221.09,active,2026-03-17T04:50:12
473,241,GB5750219574917,checking,GBP,4788.8,active,2024-12-03T09:00:19
474,241,GB4234490444898,savings,GBP,39586.33,active,2024-05-27T07:21:59
475,241,GB4347409880755,checking,GBP,2569.89,active,2024-06-27T21:12:17
476,242,US2718219289781,checking,USD,7470.37,closed,2024-01-03T02:08:40
477,242,US7742005772165,savings,USD,17113.75,active,2026-03-04T04:23:01
478,242,US9619413055459,checking,USD,3247.5,active,2024-08-24T20:41:38
479,243,US4792836819606,checking,USD,893.81,active,2026-05-05T12:12:17
480,243,US2676340225539,savings,USD,14522.68,closed,2026-02-02T01:41:47
481,243,US8339185291895,checking,USD,463.85,frozen,2026-01-22T08:01:03
482,244,CA7678600928260,checking,CAD,7780.42,active,2024-09-04T21:18:22
483,244,CA4917135292055,checking,CAD,7031.59,active,2025-07-13T22:54:05
484,244,CA9565098913901,credit,CAD,-2518.28,active,2022-04-28T20:01:48
485,245,NL1401569285523,checking,EUR,5248.83,active,2025-02-19T23:43:31
486,245,NL8015842552008,savings,EUR,12422.48,active,2025-06-02T17:30:32
487,246,US6492335642533,checking,USD,7629.17,active,2026-03-01T03:37:20
488,246,US6179398111873,checking,USD,3359.32,closed,2026-04-12T13:25:43
489,247,IN7197998720917,savings,INR,2122.53,closed,2024-01-27T13:53:34
490,247,IN6044578012646,checking,INR,280509.57,active,2024-01-04T04:17:58
491,248,US2301925326832,savings,USD,3092.79,frozen,2026-04-13T02:02:29
492,249,BR6879633570422,checking,BRL,17673.48,closed,2024-04-28T17:01:34
493,250,NL5722585074140,savings,EUR,13184.14,active,2025-11-20T22:43:34
494,250,NL9076939357148,checking,EUR,898.85,active,2025-12-05T14:12:43
495,251,DE9312067770988,savings,EUR,18774.5,active,2024-01-04T00:52:09
496,251,DE2289187385079,savings,EUR,21293.81,active,2024-06-07T11:55:16
497,252,SE7223223194108,checking,SEK,6609.78,frozen,2025-10-17T09:46:58
498,252,SE7270248532101,savings,SEK,3631.44,closed,2025-06-07T05:54:39
499,252,SE8204301661288,savings,SEK,28672.55,active,2025-08-17T05:24:14
500,253,CA2654548419960,checking,CAD,196.45,active,2025-07-17T18:44:28
501,254,US5135026370383,checking,USD,4536.11,frozen,2024-01-13T22:29:03
502,254,US8991370540036,checking,USD,2354.53,active,2024-04-04T15:28:34
503,254,US8681491270483,checking,USD,3005.59,active,2026-04-16T14:15:53
504,254,US8707810398824,checking,USD,3969.72,closed,2026-04-11T21:21:16
505,255,CN3455097228137,checking,CNY,6515.22,active,2026-05-14T05:59:59
506,255,CN4281637276185,credit,CNY,-3211.44,active,2024-09-14T05:05:32
507,255,CN2707842159632,checking,CNY,6013.42,active,2025-01-18T16:03:40
508,256,US2715558355193,checking,USD,1760.83,active,2022-09-15T06:02:15
509,257,US9513347353820,savings,USD,7241.19,active,2024-05-23T04:28:00
510,257,US8655820346873,checking,USD,883.28,frozen,2024-07-15T18:17:12
511,257,US4638246199583,checking,USD,5961.1,active,2025-10-22T21:54:59
512,258,DE6015430088967,savings,EUR,36090.27,active,2021-08-28T23:33:17
513,258,DE6931387389384,checking,EUR,2745.59,active,2022-08-28T03:33:04
514,258,DE2319094257632,checking,EUR,6441.18,active,2023-07-14T14:53:14
515,259,CA3621677467700,checking,CAD,403.64,active,2024-09-13T21:00:46
516,260,ZA5865332773018,checking,ZAR,271.57,active,2024-11-26T07:30:15
517,261,US6888073038015,checking,USD,1310.97,frozen,2025-08-05T02:29:53
518,261,US9818944447122,savings,USD,4.31,active,2025-12-31T07:05:05
519,261,US3147478744787,savings,USD,11.88,active,2025-10-20T17:32:17
520,262,IN9630584676475,savings,INR,1458163.4,active,2025-11-21T04:47:45
521,262,IN1127157319148,checking,INR,339524.51,active,2026-05-05T08:24:48
522,262,IN8285359416073,savings,INR,646344.77,active,2025-09-09T02:28:31
523,263,US1154743143184,savings,USD,20272.4,frozen,2025-06-18T08:24:46
524,263,US1889715157310,checking,USD,4520.55,closed,2024-02-16T12:25:06
525,264,US9035740182863,savings,USD,11868.17,closed,2026-01-22T11:17:56
526,264,US6063101155614,credit,USD,-2771.52,closed,2026-01-27T22:36:47
527,265,CN9641511823946,checking,CNY,303.71,closed,2025-11-13T21:53:40
528,265,CN2554162264991,checking,CNY,2883.28,active,2025-12-17T07:12:21
529,266,FI2346228630208,savings,EUR,3859.7,active,2025-01-16T20:32:04
530,266,FI6013060669592,checking,EUR,4824.02,active,2025-07-18T12:48:52
531,267,CA8409466960472,savings,CAD,23699.71,active,2025-07-23T20:24:58
532,267,CA4735615427482,savings,CAD,14985.62,active,2025-08-18T17:54:17
533,267,CA5656442130753,checking,CAD,1422.82,active,2025-02-21T02:58:07
534,268,DE1557518246565,savings,EUR,28053.37,active,2026-01-05T02:17:45
535,269,NO4565864873249,savings,NOK,2470.07,active,2024-07-07T09:36:14
536,269,NO4878767154734,savings,NOK,31593.1,active,2024-03-28T21:01:48
537,270,DE9737772349702,checking,EUR,4801.17,active,2023-11-08T06:37:20
538,270,DE4751143893014,checking,EUR,5894.63,active,2025-12-14T14:32:15
539,270,DE2861325590584,checking,EUR,5915.13,frozen,2023-08-25T00:38:21
540,271,US5868982361640,savings,USD,1401.33,active,2026-04-25T21:25:22
541,271,US1265433674879,checking,USD,4775.14,active,2026-02-10T12:57:32
542,271,US2095594460957,savings,USD,31390.48,closed,2026-03-23T03:42:22
543,272,DE1697054740292,checking,EUR,7869.38,active,2025-02-18T08:29:25
544,272,DE5894684555900,savings,EUR,17913.23,active,2026-02-15T06:41:00
545,272,DE2792545813040,checking,EUR,3000.27,active,2024-08-27T02:47:12
546,272,DE4597964454317,credit,EUR,-4734.11,active,2024-11-17T23:23:28
547,273,DE1802760372675,checking,EUR,1054.59,active,2024-04-02T09:34:22
548,274,US7036432816870,checking,USD,6576.91,closed,2026-04-17T21:39:38
549,275,NL4485335592197,checking,EUR,940.32,frozen,2025-12-16T13:26:28
550,276,SE4212182158570,checking,SEK,435.62,frozen,2026-01-12T00:43:20
551,276,SE3259864722735,checking,SEK,7852.87,active,2026-03-05T00:54:47
552,277,US8701078364291,checking,USD,5320.67,active,2023-06-15T09:03:59
553,277,US8372692495795,checking,USD,5430.82,closed,2026-03-18T23:15:59
554,277,US2847973715244,checking,USD,6814.79,active,2022-01-13T23:57:49
555,278,NL5276924761073,savings,EUR,6420.09,frozen,2025-09-13T22:05:38
556,278,NL4851945856735,checking,EUR,1229.55,active,2025-06-11T22:17:33
557,278,NL3032614744081,checking,EUR,933.38,active,2026-05-03T17:54:21
558,278,NL1785553327866,savings,EUR,10246.24,active,2025-08-31T08:44:37
559,279,IN7484957383191,checking,INR,562711.54,active,2025-08-02T06:54:30
560,280,GB2471166233516,savings,GBP,18041.87,active,2026-03-18T08:25:33
561,280,GB5334945927638,checking,GBP,1712.76,closed,2025-10-19T02:08:14
562,281,DE8199227676491,checking,EUR,6181.48,active,2025-05-09T11:27:38
563,281,DE9107153423944,checking,EUR,1760.61,frozen,2023-07-23T22:38:34
564,281,DE4212321891058,checking,EUR,3821.33,frozen,2024-05-13T18:42:28
565,282,DE7805806177979,savings,EUR,37781.69,closed,2025-03-30T13:51:48
566,283,NO4556888527746,checking,NOK,158.12,active,2026-04-10T21:13:10
567,284,FR7729574959975,checking,EUR,1635.76,frozen,2023-10-02T05:51:38
568,285,TR3622122883962,checking,TRY,25310.45,active,2025-08-02T20:53:44
569,285,TR3630708635482,checking,TRY,170369.32,active,2026-03-21T17:12:31
570,286,BR9829148398183,checking,BRL,37333.59,active,2024-11-25T01:11:49
571,286,BR8154567858704,checking,BRL,37430.3,active,2026-01-01T10:39:00
572,287,SE8806859669759,checking,SEK,6623.38,active,2025-06-27T15:19:38
573,288,MX4788461759465,credit,MXN,-36366.87,closed,2023-04-07T08:13:50
574,288,MX2249225538892,savings,MXN,684398.07,active,2025-11-23T02:23:14
575,288,MX8411002311814,savings,MXN,665933.35,active,2023-10-20T20:53:54
576,289,US3174408713663,checking,USD,482.62,active,2025-02-13T19:27:54
577,289,US6744659898045,checking,USD,1993.55,frozen,2025-06-04T01:22:26
578,289,US7144898541322,savings,USD,1433.44,active,2025-07-28T04:56:32
579,290,DK1313214783846,savings,DKK,40948.4,frozen,2026-02-05T05:57:01
580,290,DK8452180361346,checking,DKK,2961.49,frozen,2025-11-04T05:00:26
581,291,GB8204316163156,checking,GBP,2139.33,active,2026-04-01T13:08:00
582,292,NL1595332642732,checking,EUR,7018.21,active,2025-06-12T23:27:42
583,292,NL7113680721676,checking,EUR,2703.08,frozen,2025-12-12T17:16:09
584,293,SE7777412648746,checking,SEK,1602.46,active,2026-04-28T20:57:20
585,294,SE2613789359241,checking,SEK,3283.96,active,2026-04-14T02:02:54
586,294,SE7105921290432,checking,SEK,3306.5,active,2026-05-04T13:52:52
587,294,SE2070154149155,savings,SEK,7100.01,active,2026-02-11T05:20:18
588,295,CH7101033550238,credit,CHF,-173.33,frozen,2024-07-05T06:29:04
589,295,CH9078248756849,checking,CHF,5900.17,active,2025-09-18T01:12:49
590,296,GB8441999949123,savings,GBP,32636.13,active,2026-01-23T14:04:42
591,296,GB1492171765208,checking,GBP,6338.34,active,2023-06-30T00:18:50
592,297,CA6238253484470,savings,CAD,32503.54,frozen,2026-05-09T15:50:34
593,297,CA9702710984306,savings,CAD,8303.29,active,2024-12-04T15:03:26
594,297,CA9927946513105,checking,CAD,682.32,active,2025-08-16T15:17:21
595,298,NL2968582647718,savings,EUR,14156.25,frozen,2026-04-26T16:34:29
596,298,NL9305349753100,checking,EUR,3286.36,active,2026-04-22T15:47:43
597,299,ES3274321373742,checking,EUR,4988.77,active,2025-04-10T18:37:36
598,300,CA5787131698735,checking,CAD,7099.29,active,2026-01-07T05:10:28
599,300,CA7993839730982,checking,CAD,7526.05,active,2026-04-14T17:18:59
600,301,IT8641379841177,savings,EUR,38795.58,active,2025-08-03T20:43:19
601,301,IT1180617092415,credit,EUR,-1737.57,active,2025-12-15T03:20:39
602,302,BR9209339330332,credit,BRL,-2157.84,active,2023-01-14T04:34:10
603,302,BR9851455635250,checking,BRL,27590.82,closed,2024-05-18T01:22:58
604,302,BR6295970289143,checking,BRL,31468.98,active,2022-12-04T19:37:27
605,303,AT3453841270908,checking,EUR,3600.07,active,2024-11-01T14:06:58
606,303,AT5541982133498,checking,EUR,6979.88,active,2023-10-28T05:54:22
607,304,CA8802146550400,savings,CAD,1210.67,active,2026-02-05T07:37:54
608,304,CA6885717186182,credit,CAD,-1930.16,active,2024-12-31T15:59:45
609,304,CA2316253341649,checking,CAD,3369.78,frozen,2025-03-23T01:29:10
610,304,CA5474521674968,savings,CAD,3487.26,active,2026-01-13T05:31:48
611,305,GB4035278037464,savings,GBP,32959.26,frozen,2024-02-14T09:08:06
612,306,FR2343674297359,checking,EUR,5843.94,closed,2025-01-15T01:53:34
613,306,FR1532243351851,checking,EUR,2785.48,active,2024-04-09T13:46:52
614,307,TR2673032322791,savings,TRY,988296.4,closed,2022-12-15T07:49:28
615,308,GB9824441667533,checking,GBP,5857.28,frozen,2024-02-04T03:14:45
616,309,US9549311484868,checking,USD,792.78,closed,2024-07-07T21:02:31
617,309,US1995174071254,savings,USD,27991.63,active,2024-03-28T14:10:11
618,309,US8957628693000,checking,USD,6139.65,frozen,2025-11-26T11:25:52
619,310,DE8904746345185,credit,EUR,-2814.85,active,2026-02-10T10:41:46
620,310,DE8904464423500,checking,EUR,5878.69,active,2025-08-13T11:04:46
621,310,DE4441539663877,checking,EUR,3143.43,closed,2025-02-02T15:46:45
622,311,ZA7676051813539,savings,ZAR,18711.19,active,2024-05-09T05:34:17
623,312,IT3537013531775,credit,EUR,-674,frozen,2025-01-28T21:18:12
624,312,IT2404747122175,checking,EUR,6335.23,active,2025-01-25T13:57:09
625,313,US8869073592847,savings,USD,28278.17,closed,2024-06-06T07:51:43
626,314,ES6843499974703,checking,EUR,2208.89,active,2021-10-10T14:54:15
627,315,US1551067023167,savings,USD,8064.22,closed,2026-04-02T03:06:46
628,316,US2257215996318,credit,USD,-3536.84,active,2025-12-14T08:27:40
629,316,US9574011743619,savings,USD,29.91,active,2024-03-16T07:35:09
630,317,DE7889435548293,credit,EUR,-290.86,active,2025-06-04T19:30:30
631,317,DE8283684116126,credit,EUR,-1247.68,active,2026-02-26T16:54:15
632,318,NO9408446122513,savings,NOK,23487.38,frozen,2026-04-02T22:00:52
633,319,UA5333753576024,checking,UAH,160308.8,closed,2026-05-12T11:42:44
634,319,UA7713636064452,checking,UAH,114136.86,closed,2024-12-07T07:27:16
635,320,NL1337211338049,savings,EUR,38786.2,closed,2025-05-01T06:31:50
636,320,NL2558326735997,savings,EUR,30025.19,active,2025-02-18T08:26:11
637,321,DE7984272682554,savings,EUR,15039.89,active,2025-08-07T03:13:16
638,321,DE1714560118576,savings,EUR,38578.7,active,2024-11-03T01:23:40
639,321,DE1522062415611,checking,EUR,3996.97,active,2026-04-04T16:18:40
640,322,DE6178141364291,checking,EUR,4392.13,active,2022-08-30T08:23:50
641,323,DE9038067639099,savings,EUR,22761.91,active,2026-02-12T10:59:14
642,324,DE6612072033137,savings,EUR,29.87,frozen,2025-06-14T12:38:16
643,324,DE7676869073233,checking,EUR,2174.75,frozen,2026-05-10T04:22:46
644,324,DE2426836522971,savings,EUR,58.19,active,2025-01-29T17:39:28
645,325,IT1629224882256,checking,EUR,609.89,active,2024-05-28T04:12:15
646,326,IN6191089514026,credit,INR,-291590.93,active,2025-10-18T11:58:22
647,327,BR8518509751670,checking,BRL,31236.53,frozen,2026-05-06T12:42:24
648,327,BR8372158374248,credit,BRL,-3553.47,frozen,2023-01-22T18:02:57
649,328,IN6769688244239,checking,INR,558635.23,active,2025-10-16T06:52:14
650,329,US3373634938887,savings,USD,29061.62,active,2026-01-22T19:06:03
651,329,US6521045981126,credit,USD,-1203.74,active,2023-01-15T02:25:34
652,329,US7459742960125,checking,USD,7311.74,frozen,2025-03-24T03:40:28
653,330,IN4951374768527,savings,INR,2967567.25,frozen,2025-09-05T18:00:59
654,331,DE5151935287146,checking,EUR,5220.12,active,2025-07-18T15:47:44
655,331,DE2628598366260,checking,EUR,4533.67,active,2025-07-10T22:58:23
656,331,DE9738906017420,savings,EUR,8278.34,active,2025-10-14T01:18:53
657,332,IT3016188634149,checking,EUR,2801.81,frozen,2025-11-11T03:22:49
658,332,IT7475788876415,checking,EUR,4433.91,active,2025-12-29T11:36:18
659,332,IT5272210764919,checking,EUR,1296.85,active,2025-04-01T16:53:18
660,333,SG8936526662803,checking,SGD,3411.59,active,2023-07-30T19:40:13
661,334,AU7980216255531,checking,AUD,5944.91,closed,2023-03-02T18:46:40
662,334,AU1089210361896,savings,AUD,37664.89,active,2023-06-15T19:13:35
663,334,AU4177410833834,savings,AUD,6302.77,active,2024-05-17T23:43:46
664,335,CA4454456855292,checking,CAD,1949.27,active,2025-11-26T23:23:50
665,335,CA3756594989460,checking,CAD,5881.94,active,2025-07-12T07:22:05
666,335,CA4881605394074,checking,CAD,2324.63,closed,2025-10-14T12:14:36
667,336,IN3889564221525,checking,INR,283419.42,active,2024-08-09T17:56:38
668,337,GB7429692894144,credit,GBP,-729.36,frozen,2024-12-09T02:02:04
669,338,CA8694863564358,savings,CAD,23720.99,frozen,2023-09-21T14:24:41
670,338,CA6371530044660,checking,CAD,3727.06,active,2026-03-06T11:05:22
671,339,AE4144544233955,savings,AED,4897.75,closed,2024-10-02T07:50:27
672,339,AE2041562871274,checking,AED,7409.34,frozen,2025-06-19T02:43:27
673,340,GB4732860064500,savings,GBP,39695.77,closed,2026-05-01T06:50:13
674,341,PL5641862878051,checking,PLN,1594.21,active,2025-10-29T02:28:40
675,342,ES3783088881679,checking,EUR,1584.95,active,2026-01-20T08:13:53
676,342,ES4272215580794,savings,EUR,29677.52,active,2025-04-06T22:22:06
677,343,BR3653211158318,checking,BRL,33164.35,active,2023-11-29T15:52:32
678,343,BR7066091223949,checking,BRL,29434.89,active,2024-12-18T23:20:15
679,343,BR4687870336442,checking,BRL,29786.97,active,2025-11-17T18:34:27
680,343,BR9721140753810,checking,BRL,34128.07,active,2025-06-14T15:11:55
681,344,IT6373970360270,checking,EUR,3627.93,active,2025-05-07T23:33:14
682,344,IT2413130464224,checking,EUR,7963.44,active,2026-04-16T15:55:41
683,344,IT3929704188343,savings,EUR,6967.02,active,2023-04-24T15:05:33
684,345,FR1218324134843,savings,EUR,12186.46,closed,2026-05-04T05:40:59
685,346,UA4485116430283,checking,UAH,60010.8,active,2022-09-12T05:07:02
686,347,FR9794353563341,savings,EUR,17636.47,closed,2025-09-13T09:50:58
687,347,FR5454485843797,savings,EUR,38543.8,frozen,2025-10-22T14:01:48
688,348,CN4434811753645,checking,CNY,594.6,active,2024-10-18T21:51:53
689,349,DK8306662881565,checking,DKK,3160.01,closed,2023-10-21T18:35:02
690,349,DK1916287039681,checking,DKK,7528.97,active,2026-03-24T00:10:19
691,349,DK2303476984073,checking,DKK,4722.2,active,2024-10-09T22:06:34
692,350,IN4354176632884,credit,INR,-215863.01,closed,2023-11-03T10:10:31
693,351,KR1605867873260,checking,KRW,146755.08,active,2026-01-12T18:13:43
694,352,ZA2996445053256,checking,ZAR,747.61,active,2026-04-02T07:14:48
695,352,ZA4011338585142,checking,ZAR,1908.15,closed,2024-04-22T11:00:29
696,352,ZA6365280088991,credit,ZAR,-745.53,active,2024-06-08T16:18:04
697,352,ZA6853236753236,checking,ZAR,1422.07,active,2026-03-25T02:21:35
698,353,NO5839711121687,checking,NOK,4083.71,active,2023-02-22T23:19:23
699,353,NO5228100954448,checking,NOK,3554.64,closed,2022-10-05T11:05:54
700,354,DK6766753265898,checking,DKK,3373.9,closed,2025-05-14T11:42:11
701,355,US4065142749185,savings,USD,32440.69,closed,2023-01-29T19:26:18
702,355,US5991991099536,checking,USD,6359.92,active,2025-02-02T05:42:42
703,356,ES2416432029455,checking,EUR,1813.37,active,2025-08-28T08:32:00
704,356,ES3367246272344,checking,EUR,6729.74,frozen,2025-10-04T00:45:00
705,357,US3541385156291,checking,USD,5741.25,closed,2024-04-07T19:26:18
706,358,UA4474396275281,checking,UAH,286984.65,active,2024-09-07T20:18:55
707,358,UA7102470776452,savings,UAH,264528.88,active,2025-05-21T05:53:35
708,358,UA4317562083300,checking,UAH,218039.94,active,2024-05-25T13:04:42
709,359,PL1651192578475,checking,PLN,4.56,active,2025-12-30T06:58:42
710,359,PL6093524232064,savings,PLN,5046.88,active,2025-06-23T07:28:42
711,359,PL3420116154499,credit,PLN,-2319.66,active,2024-12-21T22:59:56
712,360,US5327810547412,checking,USD,1402.31,frozen,2024-10-18T11:23:44
713,361,DE8828524482314,savings,EUR,40536.04,closed,2024-10-19T18:07:04
714,361,DE8765076486734,checking,EUR,6141.45,closed,2024-10-21T00:42:20
715,361,DE5992869039968,checking,EUR,6553.25,active,2025-04-08T12:33:33
716,361,DE2017591647860,checking,EUR,1020.53,active,2025-11-07T00:08:32
717,362,BR9587606752810,checking,BRL,10248.83,closed,2023-12-14T03:19:52
718,363,US8929293617704,savings,USD,26020.96,closed,2025-02-16T15:59:02
719,364,KR2184667995438,credit,KRW,-113801.62,active,2026-01-30T07:42:54
720,365,BR4820045277140,checking,BRL,4421.61,active,2025-11-03T03:32:34
721,365,BR5290426784871,checking,BRL,6348.85,active,2026-01-10T16:40:17
722,365,BR2051068574690,checking,BRL,16823.97,frozen,2026-01-18T22:10:41
723,366,UA7220447051570,savings,UAH,586251.49,active,2023-08-08T10:29:53
724,366,UA9288184313588,checking,UAH,6188.79,active,2025-07-27T06:42:59
725,366,UA7082153049831,checking,UAH,149268.19,active,2023-03-16T20:13:48
726,366,UA6568270319728,credit,UAH,-39405.92,active,2026-03-23T00:43:30
727,367,ES5098242710625,checking,EUR,6644.95,active,2023-08-03T01:15:22
728,368,GB9486779784664,checking,GBP,6751.49,active,2025-02-16T09:55:17
729,369,IN9900448736724,checking,INR,600460.6,active,2023-05-28T18:50:08
730,369,IN2000818033673,checking,INR,442228.95,closed,2025-06-05T02:27:36
731,369,IN5674523781575,checking,INR,68424.79,frozen,2024-04-28T21:36:13
732,369,IN8878539742791,checking,INR,144638.85,frozen,2026-05-10T09:44:06
733,370,UA6511909386859,savings,UAH,1427485.8,active,2024-04-25T13:40:30
734,371,DE7561588663297,savings,EUR,35196.9,active,2025-06-25T12:58:58
735,371,DE7953297914153,savings,EUR,10070.67,closed,2025-01-04T14:01:49
736,371,DE6805250195231,checking,EUR,7730.84,active,2025-09-27T19:39:02
737,371,DE4798106996752,checking,EUR,3400.53,active,2025-02-05T02:40:28
738,372,SE4898357312092,savings,SEK,3481.95,active,2024-09-08T17:42:03
739,372,SE8956965529887,savings,SEK,34182.07,active,2024-09-15T07:19:21
740,373,JP9573771490849,savings,JPY,472765.62,active,2025-06-29T09:48:11
741,374,BR3259644792171,credit,BRL,-3869.46,active,2026-02-15T16:26:21
742,375,TR7890487597601,checking,TRY,135733.16,frozen,2024-10-16T07:51:52
743,376,BR3606717620000,checking,BRL,21547.45,active,2025-08-08T05:08:15
744,377,DE6667421435134,savings,EUR,87.17,frozen,2024-11-17T01:20:27
745,378,CH7776419644097,checking,CHF,4562.55,frozen,2026-04-09T23:20:11
746,378,CH2503938260865,checking,CHF,4311.21,active,2026-03-28T22:26:26
747,379,AU7217152332069,checking,AUD,7822.07,frozen,2025-06-28T14:35:35
748,380,AU8670036480445,checking,AUD,5897.5,active,2025-08-12T13:23:48
749,381,US9043537896298,checking,USD,5311.57,active,2025-09-17T03:37:42
750,381,US1610022218270,checking,USD,4447.38,active,2023-04-05T02:27:13
751,382,US1200490216265,savings,USD,36589.57,closed,2025-05-19T11:38:50
752,383,FR1177760270312,checking,EUR,2377.99,closed,2025-09-06T18:10:17
753,383,FR7743670438302,checking,EUR,7131.83,active,2025-12-22T23:10:35
754,383,FR7718847549887,checking,EUR,2795.74,closed,2025-11-15T19:08:14
755,383,FR1833115737169,credit,EUR,-2545.11,active,2025-08-17T10:19:30
756,384,CN4212562621524,checking,CNY,279.25,active,2025-11-10T13:52:44
757,385,JP2364810559088,savings,JPY,4691595.4,closed,2025-01-19T01:08:33
758,385,JP7689451054537,savings,JPY,3345046.27,closed,2026-02-02T10:40:20
759,385,JP4204710091205,checking,JPY,810797.66,active,2025-06-01T14:15:10
760,385,JP4215841673672,checking,JPY,45973.78,active,2025-12-26T23:19:29
761,386,DK4654604044947,savings,DKK,25678,active,2024-05-15T16:28:27
762,387,NL2009028481352,savings,EUR,10938.64,active,2025-05-02T04:17:46
763,388,JP9419393417053,savings,JPY,1378086.33,active,2026-02-03T12:22:36
764,389,JP4348434649556,credit,JPY,-611098.81,active,2025-09-21T04:00:13
765,390,IN5211474763803,checking,INR,503050.88,active,2025-11-14T17:48:48
766,390,IN4178223878763,checking,INR,342257.99,closed,2026-01-12T15:41:55
767,391,ZA1246281681839,savings,ZAR,35028.18,closed,2023-12-13T16:51:56
768,391,ZA9701001367587,checking,ZAR,688.53,active,2026-05-06T07:47:01
769,391,ZA8663901130185,checking,ZAR,321.85,active,2024-08-09T07:40:40
770,392,CA7566576818516,checking,CAD,1151.72,active,2026-05-02T04:22:03
771,392,CA2771627959129,checking,CAD,3341.24,active,2025-10-03T10:36:17
772,393,GB3388526786442,checking,GBP,7652.4,active,2025-03-13T22:47:02
773,394,GB5744858023951,checking,GBP,3005.99,active,2022-10-28T23:50:20
774,395,BR9424001027669,checking,BRL,27411.92,active,2025-05-30T13:33:46
775,395,BR7877955939048,checking,BRL,1734.36,active,2026-04-08T00:34:22
776,396,BR8687067517612,checking,BRL,16344.35,active,2024-12-26T07:16:13
777,396,BR3525193682815,checking,BRL,1029.51,active,2024-06-17T19:29:59
778,397,FR7897285969515,savings,EUR,39805.93,active,2023-05-05T01:52:51
779,397,FR7795220927590,credit,EUR,-4320.2,active,2026-01-17T22:37:16
780,397,FR5476362238750,savings,EUR,12284.24,closed,2023-12-06T17:23:25
781,398,US1499053036371,checking,USD,7277.67,active,2024-02-25T03:58:13
782,398,US6288566967005,savings,USD,9879.14,frozen,2026-02-19T05:19:18
783,398,US1963161159626,checking,USD,6324.76,active,2024-02-04T11:23:28
784,398,US2762076083472,checking,USD,4887.92,closed,2023-01-03T06:03:02
785,399,MX2762656953749,checking,MXN,117962.67,active,2025-11-19T19:07:21
786,400,AE9978094436591,checking,AED,6842.5,active,2025-04-09T08:41:52
787,401,US5559801961347,savings,USD,29761.85,active,2025-03-01T13:02:20
788,401,US9949833268677,credit,USD,-4197.71,active,2024-04-25T12:41:22
789,402,UA9545657080132,checking,UAH,273309.46,frozen,2025-11-05T08:52:42
790,402,UA1067539173934,checking,UAH,128615.02,frozen,2024-12-08T15:37:45
791,402,UA9936355687242,savings,UAH,496798.66,frozen,2023-09-01T21:36:09
792,403,DE6298462534380,checking,EUR,3179.9,active,2026-03-26T14:11:14
793,403,DE4990466817664,savings,EUR,89.2,active,2026-03-29T13:55:21
794,403,DE4057774936990,checking,EUR,5928.81,active,2026-04-20T13:42:23
795,404,US7252704034547,savings,USD,9803.97,closed,2026-03-22T13:50:38
796,404,US2657223423913,checking,USD,3568.72,active,2026-04-21T08:39:31
797,405,BR4463057454145,checking,BRL,9322.1,active,2025-12-12T18:31:52
798,406,US3681205691111,checking,USD,7063.94,active,2024-11-12T19:09:38
799,406,US1372944258535,checking,USD,820.73,active,2025-10-25T22:53:30
800,407,GB5686816513663,checking,GBP,4825.16,active,2024-09-20T18:45:45
801,407,GB4450564225841,checking,GBP,885.61,active,2024-10-15T19:51:43
802,407,GB1027635614339,checking,GBP,4299.83,closed,2025-01-17T20:04:15
803,408,GB7208886040070,checking,GBP,2737.44,closed,2025-08-19T05:53:14
804,408,GB8112235374451,savings,GBP,39062.05,frozen,2025-10-02T17:19:00
805,408,GB3755348353336,checking,GBP,3850.3,frozen,2025-11-25T18:32:03
806,408,GB4276852643944,checking,GBP,5924.2,active,2025-11-23T13:02:03
807,409,SE2022604141885,checking,SEK,7292.03,active,2025-12-07T10:06:43
808,409,SE5689377816867,checking,SEK,6439.75,active,2025-12-14T08:52:43
809,409,SE7237301875205,credit,SEK,-2124.98,frozen,2026-05-01T08:46:10
810,410,UA7852984972279,checking,UAH,229495.73,active,2025-11-22T07:53:36
811,410,UA1963529538475,checking,UAH,119024.2,closed,2025-11-02T08:12:09
812,411,MX5635134883061,checking,MXN,89317.51,active,2023-10-14T22:04:13
813,411,MX2518211418516,credit,MXN,-5010.92,active,2022-06-06T21:12:46
814,411,MX5090334414433,savings,MXN,546965.52,active,2023-12-16T14:05:30
815,411,MX8231635894806,checking,MXN,119002.31,active,2024-09-16T13:32:03
816,412,DE5984251127426,checking,EUR,7042.3,active,2025-11-14T22:49:48
817,412,DE7059649658732,savings,EUR,22.5,active,2026-01-10T10:12:27
818,412,DE5321569557971,checking,EUR,4601.92,active,2026-05-09T06:20:05
819,413,US2075805127519,checking,USD,7475.08,active,2025-06-13T12:04:57
820,414,DE9562922282777,checking,EUR,7316.9,frozen,2023-09-03T17:43:28
821,415,AU6245648417136,savings,AUD,23536.45,active,2026-03-16T06:56:20
822,416,ES2658602919668,savings,EUR,25846.76,frozen,2026-05-15T14:23:33
823,416,ES1690511960199,savings,EUR,13426.54,active,2023-03-20T02:45:56
824,417,DK7659598732881,checking,DKK,4263.36,active,2025-10-29T13:37:06
825,418,IT7484111238177,checking,EUR,4735.95,frozen,2022-10-08T20:33:00
826,418,IT3311849070997,checking,EUR,5642.87,active,2025-12-04T18:39:44
827,419,ES9287916245765,checking,EUR,7734.4,closed,2024-01-01T04:45:49
828,420,US8361860168598,savings,USD,19627.11,active,2026-02-19T06:25:01
829,420,US4193174015637,checking,USD,6702.48,active,2026-03-04T14:37:25
830,421,CA3205884616816,checking,CAD,2519.64,active,2025-11-23T09:14:48
831,421,CA1590138570933,checking,CAD,720.04,closed,2025-12-02T00:35:34
832,422,TR7439272519450,credit,TRY,-75159.53,active,2026-02-28T22:07:34
833,422,TR3589516839060,savings,TRY,307664.99,active,2025-11-22T08:38:41
834,422,TR9107925274189,checking,TRY,85085.73,active,2026-03-31T03:57:43
835,423,US4725013488833,savings,USD,3216.53,frozen,2025-07-11T11:47:17
836,423,US1981941883296,savings,USD,39936.86,active,2025-09-12T21:45:10
837,424,AU6628255838788,checking,AUD,3191.37,frozen,2025-06-20T00:25:26
838,425,BR5026725216688,savings,BRL,100976.84,active,2025-08-16T02:45:24
839,425,BR6595158394085,savings,BRL,319.85,active,2025-07-24T06:46:02
840,425,BR7013537454417,checking,BRL,22854.45,active,2025-10-11T09:32:32
841,426,ZA5701028398349,checking,ZAR,7025.89,active,2026-02-19T19:44:36
842,426,ZA1494785177972,savings,ZAR,32417.96,active,2026-04-09T03:30:31
843,426,ZA7889890582590,checking,ZAR,4487.89,active,2025-06-27T22:33:00
844,427,MX3554813794070,credit,MXN,-20063.02,closed,2026-02-08T00:21:43
845,428,GB1223446211859,checking,GBP,7801.87,active,2026-04-15T21:47:59
846,429,BR6906672983261,checking,BRL,26178.19,active,2025-03-30T11:28:55
847,429,BR2372912531469,checking,BRL,7072.42,frozen,2025-12-30T06:05:41
848,429,BR5485471143543,checking,BRL,30547.73,frozen,2025-08-27T21:02:41
849,430,US6847732331107,credit,USD,-4215.44,active,2026-01-06T23:05:59
850,430,US4554245481028,checking,USD,958.56,active,2026-01-15T01:09:42
851,431,JP4755149767468,checking,JPY,430403.27,closed,2026-05-14T19:26:00
852,431,JP5547780796872,savings,JPY,4127909.17,active,2026-05-14T16:34:04
853,431,JP4590554640849,checking,JPY,448475.89,closed,2026-05-14T09:10:25
854,432,US1817152886084,credit,USD,-2588.25,active,2026-05-09T20:33:19
855,433,JP6451372038237,savings,JPY,5929.56,active,2026-04-23T11:24:11
856,433,JP2036744849536,checking,JPY,208791.53,active,2026-04-13T04:38:01
857,433,JP9444069060035,checking,JPY,191890.43,active,2026-05-01T19:39:10
858,434,IT4990686730324,checking,EUR,5839.5,active,2023-02-26T01:19:18
859,435,DE6782259262600,checking,EUR,5402.4,closed,2022-04-12T01:27:01
860,436,US3846078985710,checking,USD,2099.58,active,2026-03-31T19:28:49
861,436,US3508301516063,checking,USD,4091.33,active,2025-09-18T16:24:24
862,437,UA6817540260148,savings,UAH,745786.26,frozen,2026-01-06T16:17:55
863,437,UA8792773766268,savings,UAH,421658.85,active,2026-02-12T19:23:09
864,438,BR5435196715344,checking,BRL,25113.23,active,2024-04-03T12:15:53
865,438,BR5443563159843,credit,BRL,-193.99,active,2025-07-21T19:39:21
866,439,US3249297675704,checking,USD,4364.97,active,2026-04-19T11:46:51
867,439,US3312273031826,checking,USD,5113.62,active,2026-04-23T16:34:27
868,439,US2945027010644,savings,USD,6831.5,active,2026-03-27T05:44:51
869,439,US7476197764940,checking,USD,1333.43,active,2025-07-15T23:09:02
870,440,PL2182592463761,savings,PLN,18528.06,active,2026-03-23T20:22:13
871,440,PL5720916594160,checking,PLN,3784.89,active,2025-08-15T23:51:10
872,441,FR4938904332985,checking,EUR,7086.37,active,2024-04-29T00:05:19
873,441,FR8630966014286,checking,EUR,3323.89,closed,2025-06-13T19:24:29
874,442,US1052603347921,savings,USD,10897.65,active,2025-04-24T23:13:59
875,442,US5645644199511,credit,USD,-323.12,active,2026-02-11T20:49:08
876,442,US5142950263054,savings,USD,19773.25,frozen,2026-05-11T23:43:16
877,443,GB9590858919796,checking,GBP,3913.93,active,2022-05-01T19:01:40
878,444,ZA1287429172761,savings,ZAR,34515.25,frozen,2022-04-03T07:48:31
879,445,DE7125997833806,checking,EUR,3465.48,frozen,2024-07-28T05:00:04
880,445,DE8656174519517,checking,EUR,2651.01,active,2026-05-08T18:04:17
881,446,US7963329533440,checking,USD,4000.8,closed,2026-03-26T17:11:42
882,447,US7381837140009,checking,USD,6748.2,active,2024-07-16T05:17:05
883,447,US2292378673129,checking,USD,3401.07,active,2024-04-02T07:28:17
884,447,US4092524521599,credit,USD,-773.77,active,2024-08-03T02:43:01
885,448,PT8686083180513,savings,EUR,20470.19,active,2025-08-08T10:35:30
886,448,PT3366257444143,credit,EUR,-3062.18,active,2026-01-26T14:33:56
887,448,PT7352985543013,savings,EUR,23.64,active,2025-06-16T03:18:17
888,449,GB2520597876060,checking,GBP,2319.98,frozen,2023-09-05T06:02:56
889,450,US9748178020853,checking,USD,3799.24,active,2025-06-13T22:03:36
890,451,DE2411835335828,checking,EUR,7437.15,active,2026-01-02T09:37:11
891,451,DE9909969767388,checking,EUR,4085.31,frozen,2025-10-23T13:11:51
892,451,DE3099155335422,savings,EUR,34.13,frozen,2025-10-28T23:12:26
893,452,US7345591395894,checking,USD,3951.78,active,2023-09-24T06:41:50
894,453,GB8370510136690,credit,GBP,-4049.88,active,2025-07-18T22:00:25
895,453,GB1618269293711,savings,GBP,28641.28,active,2025-08-14T17:34:24
896,454,PT9644654489195,checking,EUR,6763.26,frozen,2024-06-18T04:44:44
897,454,PT1679641478221,savings,EUR,18342.24,active,2025-05-16T09:15:34
898,454,PT7370758527027,savings,EUR,24024.33,active,2025-08-31T18:58:47
899,455,US5584944880913,checking,USD,6546.09,active,2025-09-05T23:40:11
900,456,US3364405037535,savings,USD,3911.88,active,2024-08-14T07:11:24
901,456,US7058112195721,checking,USD,986.02,closed,2025-02-02T04:18:46
902,457,BR9564514779071,savings,BRL,183931.35,active,2025-12-21T14:41:46
903,457,BR6156004739364,checking,BRL,28575.9,frozen,2025-03-24T15:47:15
904,457,BR1819927831161,credit,BRL,-13792.26,frozen,2025-04-23T13:59:02
905,458,DK9901403824292,savings,DKK,17103.63,closed,2026-04-08T17:55:11
906,458,DK8229530831724,savings,DKK,39936.69,active,2026-03-22T00:12:01
907,459,FR5930037097436,checking,EUR,3893.14,frozen,2025-04-15T15:38:33
908,459,FR8348720471803,checking,EUR,5614.84,active,2025-02-25T11:59:09
909,460,FR4030307962292,savings,EUR,5334.67,active,2025-09-20T05:11:20
910,461,CA2468510459617,checking,CAD,7718.59,active,2025-08-27T06:58:38
911,462,US3007907979424,checking,USD,6062.16,closed,2026-03-15T16:11:19
912,462,US6951410263541,checking,USD,5451.44,frozen,2024-09-21T01:31:32
913,462,US3786301750202,checking,USD,6852.83,frozen,2026-03-02T00:34:52
914,462,US8375961663733,savings,USD,16248.45,active,2026-01-29T10:45:15
915,463,US6184275465445,checking,USD,1593.56,active,2025-04-19T16:40:20
916,463,US3019957376993,checking,USD,6635.43,frozen,2023-07-03T15:15:24
917,464,DK1297279986194,savings,DKK,39652.34,frozen,2026-03-01T09:20:23
918,464,DK7632968587608,savings,DKK,86.25,frozen,2026-03-18T09:41:32
919,464,DK1006325880896,checking,DKK,5116.52,closed,2026-02-28T18:36:10
920,465,MX8608762495637,checking,MXN,38234.21,closed,2023-05-07T02:48:48
921,465,MX2419792312093,checking,MXN,23556.18,active,2025-05-26T09:10:47
922,466,DE1701021836089,savings,EUR,9023.85,active,2025-02-24T10:24:28
923,466,DE2483622257935,savings,EUR,37250.9,active,2026-03-15T09:25:32
924,467,AU3745733399687,checking,AUD,4908.86,frozen,2023-07-27T08:59:18
925,468,CN8718898763031,checking,CNY,7129.27,active,2025-09-11T06:32:29
926,469,DE7650152217458,checking,EUR,3561.59,active,2025-04-05T21:08:10
927,470,IT8263446554980,checking,EUR,5829,frozen,2024-03-05T23:34:13
928,470,IT4906144196266,credit,EUR,-4652.84,active,2024-02-06T16:42:10
929,471,GB5350782338088,savings,GBP,21670.56,active,2022-12-02T14:38:42
930,472,JP1197936372396,checking,JPY,92368.64,active,2025-02-04T20:26:51
931,473,FR8032690174450,checking,EUR,7846.85,active,2022-02-16T01:26:00
932,473,FR9333093984148,checking,EUR,1426.16,active,2022-06-10T12:53:01
933,474,IN7241870864931,savings,INR,2736877.73,active,2025-06-10T14:16:15
934,474,IN5136493890025,checking,INR,285100.78,frozen,2024-10-24T14:17:41
935,475,US4821519767628,savings,USD,5016.12,active,2025-11-19T05:27:42
936,476,DE4380182269544,credit,EUR,-4438.53,active,2026-03-25T15:25:14
937,476,DE1506369967129,savings,EUR,32173.36,active,2024-05-18T05:25:31
938,477,CA9551861853128,savings,CAD,17529.31,active,2023-10-03T09:10:14
939,477,CA5270578166998,savings,CAD,31699.59,active,2025-03-10T21:41:41
940,477,CA9724259572057,checking,CAD,5306.35,active,2025-11-19T17:31:44
941,477,CA2550920153223,credit,CAD,-1046.62,active,2024-02-16T02:11:59
942,478,DE9598120850541,credit,EUR,-2886.23,active,2026-04-18T23:05:12
943,478,DE8612366716177,savings,EUR,50.92,frozen,2025-11-14T20:49:36
944,479,US4149979785089,checking,USD,4234.03,active,2023-10-09T09:40:04
945,479,US6208354648314,checking,USD,4064.19,active,2023-10-14T03:39:02
946,479,US3739834598403,checking,USD,4958.15,frozen,2023-12-07T16:00:05
947,480,GB4725410216266,credit,GBP,-4232.6,closed,2025-09-10T15:39:29
948,481,US7517011797163,savings,USD,36629.56,active,2026-03-05T22:59:46
949,482,SE8850315793971,credit,SEK,-3895.61,closed,2023-04-19T17:31:28
950,483,GB8890636049094,credit,GBP,-2680.69,active,2024-11-04T17:49:12
951,483,GB7900895427443,checking,GBP,4111.41,active,2024-12-28T04:17:50
952,483,GB3956854746564,checking,GBP,4195.94,active,2023-06-25T19:27:35
953,484,IN8624827694877,checking,INR,615725.78,frozen,2026-01-16T05:38:40
954,484,IN5923503631959,checking,INR,6758.35,active,2025-02-28T18:19:21
955,485,GB2615272499832,checking,GBP,5691.13,active,2024-12-07T07:33:00
956,485,GB2710825145330,savings,GBP,16486.54,active,2025-07-20T10:41:29
957,485,GB1408376848011,checking,GBP,7669.97,active,2026-02-25T12:36:16
958,486,CA7469222955894,credit,CAD,-1074.13,active,2025-09-29T14:20:30
959,487,FR7590382553546,credit,EUR,-1666.33,closed,2025-08-08T08:43:53
960,487,FR9192946036982,checking,EUR,1295.25,active,2025-06-07T10:03:47
961,488,MX8820051152871,savings,MXN,565438.98,closed,2025-06-05T14:17:03
962,488,MX9605538822971,checking,MXN,62587.04,active,2024-12-11T17:28:55
963,488,MX6312096719317,savings,MXN,673598.26,active,2023-04-23T23:36:53
964,489,JP6955594524513,checking,JPY,740481.98,frozen,2021-09-25T10:09:14
965,489,JP2186869066866,checking,JPY,200147.36,active,2023-04-26T09:13:11
966,489,JP5527304659438,credit,JPY,-61133.76,active,2023-11-28T04:36:39
967,489,JP4789280233258,savings,JPY,4565601.86,active,2024-01-01T04:38:23
968,490,PL1748698673016,savings,PLN,38119.01,active,2023-07-29T17:17:12
969,490,PL3727321444030,savings,PLN,21982.77,active,2023-05-05T18:26:26
970,490,PL3083776179175,checking,PLN,4707.45,active,2025-06-29T14:17:02
971,491,SG5296731187948,checking,SGD,4364.9,closed,2025-05-17T08:32:02
972,492,UA6970009416593,checking,UAH,270940.31,closed,2026-03-14T03:12:26
973,492,UA2517375026130,checking,UAH,114432.05,active,2026-01-05T00:35:55
974,492,UA3192783149377,checking,UAH,290815.55,frozen,2026-01-10T14:20:32
975,493,AU8356158799467,savings,AUD,35094.57,closed,2024-09-20T16:27:43
976,494,ES9040773583436,checking,EUR,1630.33,active,2026-02-04T06:03:41
977,495,US4423881538633,checking,USD,7500.79,frozen,2026-01-12T14:05:23
978,496,US1294224913626,savings,USD,22593.28,active,2025-05-04T17:58:01
979,497,UA8336368618279,checking,UAH,40469.75,active,2025-11-14T11:17:51
980,497,UA7830694494265,credit,UAH,-16849.34,active,2026-02-21T03:09:19
981,498,NL2209815040546,savings,EUR,38543.28,frozen,2025-02-24T20:00:38
982,498,NL4414672415786,savings,EUR,64.84,active,2023-04-16T14:10:04
983,498,NL4336605642336,savings,EUR,23531.43,active,2022-10-16T04:38:41
984,498,NL3822463035664,savings,EUR,29278.67,frozen,2022-08-27T16:44:17
985,499,ES5302456813299,checking,EUR,4452.3,active,2023-12-24T01:35:30
986,500,IN9558421399947,savings,INR,2416199.39,frozen,2026-04-23T15:33:24
987,500,IN2486674996913,checking,INR,467614.35,closed,2025-09-24T05:43:32
988,501,KR7046888183366,savings,KRW,3714365.1,active,2023-12-08T06:11:16
989,501,KR3894596573216,checking,KRW,627535.75,frozen,2024-10-24T20:31:08
990,501,KR9846730083213,checking,KRW,633972.68,active,2024-05-03T17:45:45
991,501,KR3658258799633,savings,KRW,4197.83,active,2024-01-21T21:41:17
992,502,DE7272605287376,checking,EUR,6979.94,frozen,2025-09-05T17:04:11
993,502,DE6529501727557,savings,EUR,6861.6,active,2024-02-25T19:43:23
994,503,ES6581856966324,credit,EUR,-3804.49,frozen,2025-03-20T03:03:14
995,504,ZA4095795061063,checking,ZAR,3220.76,active,2025-04-13T07:45:46
996,505,CH9669461344853,savings,CHF,20385.17,active,2026-04-18T17:03:14
997,505,CH7105653837470,checking,CHF,4719.76,active,2026-03-21T20:15:03
998,505,CH4063783736923,checking,CHF,7591.62,active,2026-04-22T01:24:18
999,506,DE1774336783419,checking,EUR,6385.47,closed,2026-05-15T13:41:30
1000,506,DE8464698565117,checking,EUR,2357.54,closed,2025-10-27T08:45:55
1001,507,IN8916591443307,checking,INR,189370.23,closed,2023-11-11T12:49:33
1002,507,IN7880898574020,checking,INR,167776.42,closed,2025-11-19T00:11:40
1003,508,GB1812573821324,checking,GBP,6419.53,active,2025-12-13T21:46:58
1004,509,US4494259626310,checking,USD,4703.15,frozen,2026-01-26T08:48:05
1005,509,US3448041975513,checking,USD,2642.46,closed,2025-09-01T15:10:58
1006,509,US7857718847831,credit,USD,-3565.86,active,2024-10-16T23:57:58
1007,510,IN6421194360843,savings,INR,2933901.45,active,2025-09-11T17:37:47
1008,510,IN9423859883746,checking,INR,265878.07,frozen,2023-03-25T23:14:43
1009,511,IT9135080649685,savings,EUR,91.86,closed,2025-07-15T03:50:09
1010,511,IT1708767570476,checking,EUR,6740.76,closed,2024-03-03T07:29:00
1011,512,US1676806620329,savings,USD,36936.19,active,2026-03-31T05:17:42
1012,513,CA8791714885783,checking,CAD,6697.49,closed,2025-04-07T22:57:38
1013,513,CA1774429710585,checking,CAD,6226.66,frozen,2025-04-25T21:42:16
1014,513,CA1661020847027,savings,CAD,7223.73,frozen,2025-06-21T16:39:20
1015,514,GB5346726589115,savings,GBP,7518,active,2026-04-26T03:14:54
1016,514,GB7366697810546,savings,GBP,8891.51,frozen,2026-05-08T15:36:43
1017,514,GB1737508612395,savings,GBP,36739.9,active,2026-04-04T15:58:34
1018,515,MX7826019016639,savings,MXN,1169.74,active,2023-08-15T15:17:37
1019,516,AU6157006283641,savings,AUD,22436.47,active,2025-06-19T03:24:50
1020,517,NL1665717922329,savings,EUR,37226.53,active,2026-02-11T02:20:19
1021,517,NL6649051388404,savings,EUR,39.44,active,2025-09-01T15:27:51
1022,517,NL9712861591967,credit,EUR,-1297.56,active,2025-10-26T19:47:19
1023,518,IN9765590336462,savings,INR,755984.51,active,2023-06-17T08:51:13
1024,518,IN2121096236635,checking,INR,79241.39,active,2024-12-31T00:09:45
1025,519,PL7579521048279,checking,PLN,975.68,active,2026-01-17T15:37:25
1026,520,AU7585280558719,checking,AUD,7184.61,frozen,2026-04-29T05:40:50
1027,520,AU1509760746209,checking,AUD,5638.41,frozen,2025-10-09T12:27:14
1028,521,DE4563558466174,checking,EUR,6570.03,active,2025-12-09T20:38:33
1029,522,IE5230328097217,checking,EUR,3901.44,closed,2024-04-17T18:48:09
1030,522,IE8448307543841,savings,EUR,6843.83,closed,2025-04-18T21:06:53
1031,523,CA5181481160028,savings,CAD,10815.94,active,2026-05-15T01:33:32
1032,523,CA8082252872378,savings,CAD,84.47,closed,2026-04-19T22:57:54
1033,524,ZA8834220657531,savings,ZAR,4823.09,active,2026-01-21T08:08:14
1034,524,ZA5349281691232,savings,ZAR,11462.59,active,2026-03-25T00:06:58
1035,524,ZA9135693739570,checking,ZAR,7102.13,closed,2026-05-08T15:03:18
1036,525,ES2305310880464,checking,EUR,5697.45,active,2021-09-28T07:20:10
1037,525,ES6843027444892,checking,EUR,1471.75,active,2022-06-12T18:06:09
1038,525,ES4661911783015,credit,EUR,-4625.95,closed,2024-05-18T05:59:53
1039,525,ES5718194736468,checking,EUR,4663.97,active,2021-07-21T10:25:29
1040,526,US3819120153115,checking,USD,2177.94,active,2025-02-07T18:24:59
1041,527,FR4837981517985,checking,EUR,6301.24,closed,2026-01-11T07:35:33
1042,528,BE8916602615038,checking,EUR,275.17,frozen,2025-02-28T20:30:27
1043,528,BE5888125320657,checking,EUR,3540.2,active,2025-12-01T10:05:34
1044,528,BE7997378662005,savings,EUR,20913.92,closed,2023-01-24T17:53:19
1045,528,BE9619636011394,savings,EUR,31635.27,frozen,2025-12-16T04:04:13
1046,529,GB6611555884176,savings,GBP,8005.14,active,2025-08-29T01:28:40
1047,529,GB4747119732365,savings,GBP,3598.07,active,2024-08-12T15:13:45
1048,530,DE5217825034776,checking,EUR,860.71,frozen,2025-11-18T02:53:53
1049,530,DE7452637735051,credit,EUR,-4787.78,active,2025-10-18T14:43:43
1050,530,DE5293500694461,checking,EUR,1317.39,active,2025-07-20T05:43:17
1051,531,FR8389908568012,checking,EUR,5267.69,active,2026-05-13T22:12:34
1052,531,FR2953796191059,savings,EUR,32512.85,active,2026-03-23T06:59:30
1053,531,FR5725771437016,checking,EUR,535.13,active,2026-03-24T13:53:09
1054,532,FR8318998226099,checking,EUR,3401.63,active,2025-09-25T04:01:50
1055,532,FR1753582826884,checking,EUR,35.84,frozen,2024-07-18T02:03:05
1056,533,IN9965973333650,savings,INR,2068645.18,active,2026-03-17T07:32:10
1057,533,IN6794439511431,savings,INR,2877997.56,active,2023-07-13T20:41:26
1058,534,ES7015057528306,credit,EUR,-3724.09,active,2023-12-27T08:26:57
1059,535,JP2438279597142,savings,JPY,4930937.54,active,2023-01-16T18:23:39
1060,535,JP2950918954134,checking,JPY,936715.48,active,2025-02-07T17:42:31
1061,535,JP9002944437510,credit,JPY,-280147.66,closed,2026-02-16T14:42:46
1062,535,JP2279242336108,checking,JPY,302146.22,active,2025-04-16T02:17:25
1063,536,GB6623603191003,savings,GBP,40541.37,frozen,2026-04-21T11:19:14
1064,537,GB2634160818736,savings,GBP,10659.57,active,2025-03-08T23:48:07
1065,537,GB5524307528407,savings,GBP,36641.84,active,2023-10-06T18:02:04
1066,537,GB1219376167085,checking,GBP,7115.05,frozen,2024-01-08T16:51:57
1067,538,US8851720790110,checking,USD,5140.35,active,2024-08-05T04:50:30
1068,539,PL7430386740746,checking,PLN,7724.49,active,2025-03-13T18:33:08
1069,539,PL1859323769944,checking,PLN,304.76,active,2022-11-25T07:58:46
1070,540,US9497040470498,checking,USD,4129.09,active,2026-03-04T11:22:39
1071,540,US7933187682325,credit,USD,-4607.57,frozen,2025-10-09T17:43:13
1072,540,US3246874993540,savings,USD,22556.28,active,2026-05-02T04:42:13
1073,541,NL1214365738637,checking,EUR,7203.95,frozen,2026-04-21T09:24:40
1074,542,PT8140310663264,checking,EUR,72.33,active,2025-12-29T21:47:39
1075,542,PT1970328468808,savings,EUR,21918.24,active,2026-02-23T19:37:51
1076,542,PT8851364383214,checking,EUR,4924.45,closed,2025-09-26T10:21:09
1077,543,BR6274647733663,checking,BRL,39469.58,active,2022-07-26T21:21:14
1078,543,BR7320359462040,savings,BRL,75146.6,active,2023-12-11T23:55:27
1079,544,PL7910636948609,credit,PLN,-1103.44,active,2024-11-13T15:16:25
1080,544,PL9517260348953,checking,PLN,474.85,active,2024-02-21T20:06:05
1081,545,US2483161733610,savings,USD,4254.65,active,2024-09-03T14:29:22
1082,545,US6915083896625,checking,USD,5591.75,active,2025-05-02T13:30:34
1083,546,AU3758055523844,credit,AUD,-294.75,active,2025-08-05T10:53:56
1084,546,AU4576982016495,checking,AUD,3132.67,active,2026-02-06T06:21:48
1085,547,FR6418782343666,checking,EUR,4284.3,active,2022-02-09T22:36:34
1086,547,FR7502391787169,checking,EUR,5799.67,closed,2024-04-23T01:22:10
1087,547,FR6470889260958,credit,EUR,-648.88,active,2022-02-03T01:35:47
1088,548,UA8219634635327,checking,UAH,258721.83,active,2025-04-20T20:56:21
1089,548,UA1027959711290,checking,UAH,243876.8,active,2024-02-17T00:28:26
1090,548,UA2647035765755,checking,UAH,295648.82,active,2026-04-06T21:54:40
1091,549,CA4312337770147,savings,CAD,39711.61,active,2025-07-18T19:42:49
1092,549,CA9722352763335,checking,CAD,7260.52,frozen,2023-08-06T20:59:32
1093,549,CA2148464958871,savings,CAD,25978.07,closed,2024-02-20T04:13:54
1094,550,IN7754000495795,savings,INR,1355587.19,frozen,2023-12-23T22:32:03
1095,551,NL1131032070868,checking,EUR,5978.41,active,2024-08-26T03:17:54
1096,551,NL7083616022853,checking,EUR,7986.74,active,2026-01-31T02:02:15
1097,552,CN2319828297047,savings,CNY,34827.16,active,2026-04-06T05:17:03
1098,552,CN4960608978174,credit,CNY,-4995.95,active,2025-05-14T01:23:29
1099,552,CN1958791355885,credit,CNY,-2985.39,active,2026-03-26T12:12:56
1100,553,TR6074675421378,savings,TRY,1232661.82,active,2024-11-27T23:30:24
1101,553,TR4653011914177,checking,TRY,148317.53,active,2025-06-09T13:55:06
1102,554,PT3347279294604,checking,EUR,4554.3,active,2025-06-06T05:19:40
1103,554,PT4748424351863,checking,EUR,4878.74,active,2024-07-10T19:38:52
1104,555,BE4592363452115,checking,EUR,6167.52,active,2023-03-11T21:13:27
1105,556,AU1137447880080,savings,AUD,31012.52,frozen,2024-09-24T23:43:30
1106,556,AU5400521472049,checking,AUD,2406.44,frozen,2026-02-21T12:33:05
1107,557,GB8367445141210,checking,GBP,2718.24,active,2024-06-07T01:21:40
1108,557,GB1569918363834,checking,GBP,2524.72,active,2024-05-31T04:22:20
1109,558,IT7999606820381,checking,EUR,628.09,active,2026-02-25T00:05:30
1110,558,IT9557632494917,checking,EUR,124.26,active,2024-01-06T12:11:47
1111,558,IT3419152599661,checking,EUR,2493.52,active,2024-02-11T12:27:15
1112,559,GB3379736338810,checking,GBP,1319.97,active,2026-04-29T09:35:20
1113,560,KR7199291094912,savings,KRW,681887.3,frozen,2026-01-09T08:41:21
1114,561,JP7079414557499,checking,JPY,771441.97,active,2025-12-01T12:39:47
1115,562,GB6132839435121,savings,GBP,17110.06,active,2024-11-01T21:19:12
1116,562,GB6436497825175,checking,GBP,1854.09,active,2022-07-27T10:25:56
1117,562,GB7316592467232,checking,GBP,7852.9,closed,2022-05-01T08:29:30
1118,563,FR2061435419759,savings,EUR,11882.71,closed,2026-01-15T05:25:41
1119,564,IT8575838674509,checking,EUR,2239.44,closed,2025-12-13T18:23:45
1120,564,IT1005476196801,savings,EUR,20606.34,frozen,2025-12-31T15:04:08
1121,564,IT1728561290313,checking,EUR,1498.03,frozen,2026-04-23T18:22:08
1122,564,IT7645819063747,savings,EUR,14827.06,active,2026-04-09T11:24:10
1123,565,ZA6942681260201,checking,ZAR,844.36,active,2025-12-15T13:06:43
1124,565,ZA3401139545571,checking,ZAR,4541.36,active,2026-01-14T06:44:38
1125,565,ZA3066032786947,checking,ZAR,7938.08,active,2026-03-10T06:30:47
1126,566,US6467133651333,savings,USD,13.68,frozen,2025-04-21T17:10:27
1127,567,DE1352739139685,savings,EUR,23810.62,active,2025-05-13T04:01:44
1128,567,DE3198934173533,checking,EUR,4247.62,active,2022-04-16T15:15:40
1129,567,DE8669697427892,checking,EUR,6177.23,frozen,2024-09-05T17:01:50
1130,568,CN7069839895922,credit,CNY,-3925.12,active,2026-04-26T22:20:47
1131,569,US5999333235447,savings,USD,11478.66,active,2025-05-26T16:48:24
1132,569,US7356562858792,checking,USD,3685.28,frozen,2025-01-24T18:30:05
1133,569,US9545565935562,checking,USD,1213.68,active,2025-02-10T20:33:34
1134,570,US7858885585540,checking,USD,1117.3,active,2022-11-20T00:24:57
1135,571,SE6059451638571,checking,SEK,1806.7,active,2025-05-12T22:05:35
1136,571,SE4919331592107,savings,SEK,39810.84,closed,2026-03-08T12:24:59
1137,572,FR3717827917653,checking,EUR,7803.33,closed,2025-02-04T20:27:41
1138,572,FR9827385929720,savings,EUR,27971.91,active,2023-12-30T11:31:26
1139,572,FR3042531195216,savings,EUR,78.57,active,2025-08-19T02:34:35
1140,573,US8848833653363,checking,USD,5350.94,active,2024-06-13T14:42:17
1141,574,GB2688751945943,savings,GBP,30182.07,active,2025-07-20T00:47:28
1142,574,GB1603486085327,savings,GBP,10986,active,2025-09-08T12:37:20
1143,575,FR7373189343647,savings,EUR,27132.87,frozen,2023-02-07T13:09:02
1144,576,US2300665787082,savings,USD,16526.21,frozen,2026-02-27T12:11:58
1145,576,US6519707388420,savings,USD,31153.15,active,2023-02-18T14:09:50
1146,576,US5510052389300,savings,USD,8780.03,active,2023-12-14T08:02:26
1147,577,JP8836192983531,checking,JPY,365067.62,active,2025-10-24T03:34:34
1148,577,JP6673721799760,checking,JPY,475131.42,active,2026-04-30T14:29:58
1149,578,ES2639050684567,savings,EUR,3961.44,closed,2024-11-27T06:44:57
1150,578,ES6519581662066,checking,EUR,5803.39,active,2026-04-28T18:33:56
1151,579,IT3554580068250,checking,EUR,3562.23,active,2025-05-15T11:11:34
1152,580,IT8391615480537,checking,EUR,6272.94,active,2023-08-02T18:49:12
1153,580,IT4377824428046,checking,EUR,6174.59,closed,2022-04-30T01:47:41
1154,581,US8794853554029,savings,USD,29758.56,active,2025-04-14T12:26:28
1155,582,IT8348812997802,savings,EUR,25760.45,frozen,2022-11-02T22:12:04
1156,583,GB7917082735793,checking,GBP,417.24,active,2025-10-02T12:10:57
1157,584,TR5489618339656,checking,TRY,111691.18,active,2022-09-14T04:44:01
1158,584,TR2779230343832,savings,TRY,130334.63,closed,2025-06-07T15:21:52
1159,585,US2748695233907,savings,USD,24665.3,closed,2023-10-20T16:56:10
1160,585,US1393675121577,checking,USD,7206.39,active,2025-11-29T08:13:46
1161,585,US9291508450193,savings,USD,28915.34,closed,2024-08-07T09:18:17
1162,586,IN9534201115437,checking,INR,42874.71,active,2025-03-27T22:12:06
1163,586,IN8102871880746,savings,INR,2649244.04,active,2025-02-24T07:52:42
1164,587,FR7657832321082,checking,EUR,4934.8,frozen,2025-02-23T16:24:17
1165,588,US9935269383303,checking,USD,2599.5,active,2025-06-20T02:41:16
1166,588,US9096345417490,savings,USD,9551.5,active,2025-07-03T20:20:37
1167,589,SE5730128588736,savings,SEK,27457.65,closed,2023-10-13T15:45:22
1168,589,SE2016193940914,checking,SEK,2729.99,frozen,2024-11-16T20:11:01
1169,589,SE5124892810516,checking,SEK,6397.07,frozen,2024-11-15T22:25:22
1170,590,ES4779098777639,savings,EUR,37490.38,active,2025-07-05T06:21:22
1171,590,ES9363501813380,credit,EUR,-1783.91,active,2026-02-12T04:01:09
1172,590,ES7665328738537,checking,EUR,483.28,active,2026-02-20T01:04:35
1173,591,US1312228790523,checking,USD,6329.61,closed,2023-03-04T03:47:43
1174,591,US1626702398276,savings,USD,6.26,frozen,2023-12-31T22:17:37
1175,592,GB6114025318317,credit,GBP,-999.71,frozen,2024-05-14T19:23:59
1176,593,UA1486262865384,checking,UAH,101348.93,active,2023-09-08T07:46:21
1177,593,UA2040263691658,checking,UAH,75274.76,active,2023-08-23T09:42:20
1178,593,UA2529676243399,checking,UAH,137185.17,active,2025-10-08T19:40:13
1179,593,UA4099646577715,credit,UAH,-160525.7,active,2024-05-14T10:17:43
1180,594,IN4846532365554,savings,INR,1458142.18,active,2024-07-23T22:41:09
1181,595,IT2754062559338,savings,EUR,30077.64,active,2025-09-15T07:23:18
1182,595,IT6680229366334,checking,EUR,641.73,active,2026-03-14T17:07:34
1183,596,PL2094692566484,checking,PLN,3865.53,closed,2024-10-13T03:43:30
1184,596,PL7140063437988,checking,PLN,347.69,active,2024-05-13T08:42:39
1185,596,PL7910326366025,checking,PLN,7239.66,closed,2025-06-27T00:28:35
1186,597,DK4995400839184,checking,DKK,752.83,active,2025-09-06T05:05:04
1187,598,DE6772399438692,checking,EUR,7325.55,frozen,2026-05-05T21:44:52
1188,598,DE5246288958324,checking,EUR,3648.35,closed,2026-05-04T09:27:02
1189,599,DE1787371115015,savings,EUR,26104.69,closed,2022-09-11T06:37:08
1190,599,DE9578168682755,savings,EUR,1591.7,frozen,2024-09-29T02:23:39
1191,600,ES1087337843016,savings,EUR,22705.49,active,2026-03-20T06:25:42
1192,600,ES8226253244031,savings,EUR,36557.67,frozen,2026-04-22T20:39:58
1193,601,US3356901381347,checking,USD,5981.46,active,2025-07-20T00:54:01
1194,602,DE9965641274621,credit,EUR,-2280.86,frozen,2025-02-03T18:22:19
1195,602,DE5756819674732,savings,EUR,1488.48,active,2025-11-12T00:51:16
1196,603,TR4858706655888,savings,TRY,908029.99,active,2026-03-02T16:58:15
1197,604,TR2116562948963,checking,TRY,210671.37,active,2024-02-19T09:06:20
1198,605,CA5771665375577,checking,CAD,4723.05,active,2026-05-07T22:55:33
1199,606,CA4928537271401,savings,CAD,19913.76,active,2025-05-03T18:11:56
1200,607,CN5792513321721,savings,CNY,38903.71,active,2024-04-28T01:04:57
1201,608,IT3047171141267,checking,EUR,6175.51,active,2025-10-21T02:13:15
1202,609,US6808766929184,checking,USD,367.65,active,2025-05-27T09:50:44
1203,609,US3939873895712,checking,USD,195.31,active,2025-07-22T14:01:27
1204,610,FR7029540815831,checking,EUR,42.72,active,2023-05-19T23:45:58
1205,611,DK7582976418809,checking,DKK,5096.59,active,2025-12-23T20:59:10
1206,612,ES5880294612537,checking,EUR,459.09,closed,2026-01-04T09:11:40
1207,612,ES8045344329808,savings,EUR,70.34,closed,2023-09-23T21:40:05
1208,612,ES4405075935980,savings,EUR,12465.87,active,2025-09-14T11:05:25
1209,613,SE3289559671628,checking,SEK,1550.26,active,2025-10-04T21:55:42
1210,613,SE1117444558420,credit,SEK,-4665.85,active,2025-06-03T11:57:58
1211,613,SE1987920971370,checking,SEK,5395.94,active,2025-10-11T18:01:56
1212,614,PL2259419646481,savings,PLN,18391.26,closed,2026-04-02T11:43:28
1213,614,PL7581076529642,savings,PLN,5066.71,active,2024-02-04T05:34:51
1214,614,PL5442009413612,checking,PLN,6513.21,frozen,2024-09-25T22:14:45
1215,615,IT2404476665890,savings,EUR,38.3,active,2026-01-13T14:19:20
1216,615,IT2654561548439,savings,EUR,23634.59,active,2026-02-05T08:22:12
1217,616,DE3566996387398,checking,EUR,4115.87,frozen,2025-04-27T07:16:52
1218,616,DE4735247186777,savings,EUR,32209.32,closed,2025-06-23T20:23:48
1219,616,DE3434040286556,checking,EUR,7442.22,active,2025-06-09T02:49:23
1220,616,DE3953247791668,savings,EUR,40773.52,active,2025-04-11T03:58:09
1221,617,US5302302076435,checking,USD,6729.82,closed,2026-01-20T08:25:52
1222,617,US1635444743216,checking,USD,5027.71,frozen,2025-03-18T14:44:01
1223,618,TR2081720682415,checking,TRY,218161.43,frozen,2026-02-02T23:56:18
1224,618,TR4516232851215,savings,TRY,288217.23,active,2025-12-15T17:21:53
1225,619,JP8206768682463,checking,JPY,962126.19,frozen,2024-09-18T01:24:03
1226,619,JP9411216541195,savings,JPY,859037.71,closed,2026-02-06T11:56:34
1227,619,JP7807330172386,savings,JPY,4377.14,active,2024-09-27T02:30:54
1228,619,JP8631262339921,savings,JPY,860766.17,frozen,2025-07-30T02:42:58
1229,620,US8339725567365,savings,USD,9611,active,2023-12-02T07:31:36
1230,620,US3732955088585,savings,USD,4777.37,frozen,2024-12-20T05:43:27
1231,620,US9811645849442,checking,USD,6346.58,active,2023-12-01T05:06:25
1232,621,FR1439736320073,checking,EUR,6037.69,active,2025-05-15T16:26:07
1233,622,US2794305099783,checking,USD,1037.26,active,2026-02-19T15:49:10
1234,622,US7042148467389,checking,USD,4089.95,active,2024-10-24T00:23:31
1235,623,US8318162890352,checking,USD,2480.95,active,2024-01-12T10:01:46
1236,623,US7517735625890,savings,USD,91.91,closed,2023-03-25T11:01:03
1237,623,US9909720972931,savings,USD,28635.49,active,2025-01-02T12:27:45
1238,624,ES2989993959365,savings,EUR,7057.17,active,2026-02-20T02:31:27
1239,625,ZA7773272248081,checking,ZAR,4182.7,frozen,2024-10-16T11:58:56
1240,625,ZA7516146330199,savings,ZAR,16646.58,active,2024-05-28T14:57:09
1241,626,DE3248707749885,checking,EUR,3081.67,active,2026-01-13T17:01:20
1242,626,DE6974651376582,checking,EUR,2677.42,closed,2025-04-13T05:49:13
1243,627,PL1084089178247,credit,PLN,-3450.62,active,2023-02-03T01:08:52
1244,628,PT2284976099150,savings,EUR,11174.63,active,2026-01-05T01:26:33
1245,629,JP5786449715245,savings,JPY,4845606.79,frozen,2025-12-09T14:35:22
1246,629,JP5959767049374,checking,JPY,784537.38,active,2025-03-25T00:16:27
1247,629,JP8873893039635,checking,JPY,935351.17,active,2025-08-15T23:12:08
1248,630,BR6181925023629,savings,BRL,75522.14,active,2024-06-28T20:02:39
1249,630,BR3040299179278,checking,BRL,12634.1,closed,2022-09-21T14:01:50
1250,631,AE2646174576506,savings,AED,22052.01,closed,2023-09-05T07:59:54
1251,631,AE4865712918822,savings,AED,27681.78,frozen,2023-08-04T04:43:55
1252,631,AE9074232736005,checking,AED,404.54,frozen,2023-07-13T00:12:33
1253,632,US9914786861190,checking,USD,4652.63,closed,2026-04-23T12:51:31
1254,632,US8323090345475,savings,USD,18727.59,frozen,2025-10-06T15:52:41
1255,633,CH8604559387159,credit,CHF,-2381.44,frozen,2023-06-28T14:46:23
1256,634,IT8253232151257,checking,EUR,1272.2,active,2024-11-19T11:58:37
1257,635,AU1516513190804,checking,AUD,2831.41,active,2025-05-26T06:26:23
1258,635,AU9579304091149,checking,AUD,138.23,active,2023-11-12T14:24:18
1259,636,US1902620157618,checking,USD,1572.23,frozen,2024-10-24T09:58:55
1260,637,IT4524393418652,checking,EUR,3229.24,active,2024-06-25T18:04:16
1261,637,IT6633075262335,checking,EUR,5885.19,frozen,2025-12-14T03:11:54
1262,638,AE2592839516927,checking,AED,2653.03,active,2024-08-14T00:47:46
1263,639,DE7589394545730,checking,EUR,3126.2,active,2025-11-23T21:52:23
1264,639,DE7131995535958,checking,EUR,1254.04,frozen,2026-01-30T18:01:57
1265,640,GB4818763889050,savings,GBP,17339.87,active,2026-04-02T10:34:24
1266,640,GB1790231127188,savings,GBP,32403.19,frozen,2026-01-11T18:29:15
1267,641,US1033630984714,checking,USD,4438.53,frozen,2023-05-22T07:38:40
1268,641,US9216016269245,checking,USD,4914.8,frozen,2025-07-15T08:18:31
1269,642,ES1886266471762,savings,EUR,3644.31,active,2025-05-06T16:06:20
1270,643,NL8114625119090,savings,EUR,16969.26,frozen,2024-12-01T19:24:52
1271,643,NL2495892573049,savings,EUR,24723.76,active,2025-10-07T18:05:00
1272,644,JP1202575136302,checking,JPY,991493.64,frozen,2024-12-27T02:57:52
1273,645,SE9172486670672,checking,SEK,5381.45,active,2026-05-11T15:20:41
1274,645,SE3626823718679,checking,SEK,7359.38,active,2026-04-16T00:15:16
1275,645,SE8355690579189,checking,SEK,278.66,active,2026-04-17T10:12:32
1276,646,US4096583012079,checking,USD,3940.5,frozen,2024-10-19T15:21:45
1277,646,US1972068356998,checking,USD,3118.93,active,2025-02-08T09:26:45
1278,646,US9752603987249,checking,USD,5756.85,active,2026-01-06T11:02:33
1279,647,GB5760814858071,checking,GBP,1033.24,frozen,2025-04-30T11:44:05
1280,647,GB3896422526015,checking,GBP,1593.79,frozen,2024-12-31T21:35:35
1281,648,CN3869596336885,savings,CNY,20541.14,active,2026-01-20T23:56:13
1282,648,CN5487599458932,savings,CNY,17720.26,active,2024-11-26T09:45:07
1283,648,CN5409355347599,savings,CNY,54.82,closed,2024-08-28T07:03:38
1284,649,NO1685551797182,savings,NOK,13.9,frozen,2024-10-22T05:07:51
1285,650,TR1389332071650,checking,TRY,213956.34,frozen,2021-09-28T18:10:35
1286,651,UA2089778172777,checking,UAH,39399.31,frozen,2023-04-20T18:04:51
1287,651,UA8448615250098,credit,UAH,-151891.34,closed,2024-03-30T17:12:54
1288,652,FR9939959891396,checking,EUR,7697.46,active,2026-02-24T09:52:45
1289,652,FR5570084119078,savings,EUR,14300.7,active,2026-04-30T03:47:20
1290,652,FR9730566460386,savings,EUR,37107.2,active,2026-03-15T09:03:23
1291,653,CH9554561586089,checking,CHF,6712.07,active,2026-02-12T17:32:45
1292,654,DE6142996571519,savings,EUR,23710.28,active,2025-07-13T07:00:02
1293,654,DE1396339068860,credit,EUR,-3937.19,frozen,2026-02-13T03:32:55
1294,655,NL6306145676101,savings,EUR,38711.43,closed,2025-11-05T00:17:33
1295,656,TR5706520625189,savings,TRY,170538.51,frozen,2025-07-09T17:49:15
1296,656,TR8780752386106,savings,TRY,221888.76,active,2025-08-21T21:14:11
1297,657,AU8724347960190,checking,AUD,3525.53,active,2026-05-05T18:23:58
1298,657,AU2171194835769,checking,AUD,2672.14,frozen,2026-05-11T14:30:33
1299,657,AU5604514072104,checking,AUD,532.91,closed,2026-02-14T19:06:30
1300,657,AU5204785828722,credit,AUD,-4754.08,active,2026-01-10T08:40:39
1301,658,US1494215717637,checking,USD,2681.6,active,2025-11-23T18:27:33
1302,658,US5858505824008,savings,USD,5821.18,active,2024-11-21T08:50:17
1303,659,IT4029016226320,savings,EUR,17292.84,active,2024-07-01T18:28:00
1304,660,FR9569788341758,checking,EUR,6460.67,active,2024-09-09T03:06:24
1305,661,ES8913055176214,savings,EUR,22791.02,active,2025-12-24T14:35:25
1306,661,ES5675358892883,checking,EUR,4867.95,active,2026-03-20T10:28:35
1307,661,ES6900536113763,checking,EUR,836.71,active,2025-11-09T06:20:29
1308,662,AE9084350044933,credit,AED,-2729.1,active,2026-04-11T18:57:38
1309,662,AE3282117920133,checking,AED,3473.63,active,2026-05-05T05:32:33
1310,663,US8649178871674,savings,USD,18901.19,active,2022-01-15T06:57:07
1311,664,US5487318455118,savings,USD,41.56,closed,2024-07-19T23:58:09
1312,665,CA7206416735631,checking,CAD,680.02,frozen,2025-02-19T22:02:55
1313,665,CA6533021463735,checking,CAD,3529.49,active,2024-11-04T07:16:04
1314,665,CA8244203353492,checking,CAD,5850.33,active,2023-01-28T03:08:43
1315,665,CA3800846064529,checking,CAD,6158.1,active,2023-07-15T05:04:10
1316,666,FR2143301936527,savings,EUR,9121.26,active,2023-08-10T18:02:27
1317,667,DK7070892166693,credit,DKK,-4434.75,active,2026-02-21T06:23:11
1318,667,DK6727558299865,savings,DKK,30919.69,closed,2025-09-17T02:33:54
1319,668,ES1680565157135,checking,EUR,3224.16,active,2023-09-20T17:34:25
1320,669,ZA7898859919087,credit,ZAR,-4150.22,frozen,2025-04-02T05:02:38
1321,669,ZA5981887714942,checking,ZAR,5444.5,frozen,2025-12-15T13:34:52
1322,670,US7169773139374,checking,USD,43.83,frozen,2025-10-22T22:27:10
1323,671,TR2502873878322,checking,TRY,137279.9,frozen,2024-02-23T09:39:17
1324,672,NL1550704913003,savings,EUR,26548.4,closed,2026-03-05T13:48:38
1325,672,NL4561301429111,savings,EUR,2.72,active,2025-11-28T00:30:55
1326,673,FR7815905712981,checking,EUR,204.98,frozen,2022-10-17T15:35:51
1327,674,PL2104583360716,checking,PLN,7352.68,active,2025-10-04T14:44:24
1328,674,PL8988001578255,credit,PLN,-1076.7,active,2024-09-11T07:18:08
1329,674,PL2554992199586,savings,PLN,34273.52,active,2026-05-08T03:04:57
1330,674,PL4625726065341,checking,PLN,4505,active,2024-06-16T03:18:48
1331,675,CH8950084066573,checking,CHF,2855.58,closed,2023-11-04T11:42:21
1332,675,CH4792917317091,savings,CHF,86.38,active,2024-06-13T00:40:07
1333,676,PT3543852820729,checking,EUR,4830.25,frozen,2025-12-04T01:24:43
1334,677,JP8545836294200,savings,JPY,1208772.21,active,2024-10-01T03:16:04
1335,677,JP4638834132423,checking,JPY,180882.79,active,2024-11-06T05:01:45
1336,677,JP7058982477766,checking,JPY,493336.56,active,2025-08-24T08:05:21
1337,678,JP8553954054922,credit,JPY,-558500.98,frozen,2026-03-21T07:36:11
1338,678,JP8993249981231,savings,JPY,694517.39,active,2025-06-14T03:23:16
1339,679,DE8671065822722,checking,EUR,1152.47,closed,2022-07-22T10:27:23
1340,679,DE2645014325351,checking,EUR,3002.43,active,2024-08-17T16:39:34
1341,679,DE1159225892622,checking,EUR,677.27,active,2023-08-28T20:05:00
1342,680,PL8982534113202,savings,PLN,7638.71,active,2025-10-30T16:59:54
1343,680,PL9286618383322,savings,PLN,4908.95,active,2026-05-12T00:55:46
1344,680,PL4177926428412,savings,PLN,15830.99,closed,2026-02-07T07:42:38
1345,681,US6128090756357,savings,USD,16643.81,active,2023-11-08T18:22:38
1346,682,CA7210755685151,credit,CAD,-4818.03,active,2025-02-24T08:06:42
1347,683,AU6068516517960,checking,AUD,772.76,active,2025-11-11T18:58:25
1348,683,AU4062424358671,checking,AUD,5688.38,closed,2025-11-30T20:41:43
1349,683,AU3410639151933,savings,AUD,37290.46,active,2025-05-17T16:54:26
1350,684,CA4426167810129,credit,CAD,-580.68,active,2024-11-28T09:03:13
1351,684,CA6111741465479,checking,CAD,5106.12,active,2025-02-26T10:17:20
1352,685,SG6609056474335,savings,SGD,20935.27,active,2023-12-20T04:57:25
1353,685,SG2274252192901,savings,SGD,8858.21,closed,2025-11-29T00:45:57
1354,686,FR1700923119730,checking,EUR,4348.41,active,2022-09-25T09:09:46
1355,687,NO3492282348978,checking,NOK,2503.56,closed,2024-09-04T15:14:29
1356,687,NO8041606856536,checking,NOK,4927.59,frozen,2025-08-17T19:53:06
1357,688,NL7532854812520,checking,EUR,7510.25,active,2026-03-07T22:20:37
1358,688,NL2249728861785,savings,EUR,18885.13,active,2026-04-02T12:10:14
1359,688,NL3726325967584,savings,EUR,38632.87,active,2026-03-24T15:32:28
1360,688,NL6384756652864,savings,EUR,30139.77,closed,2026-05-14T06:05:59
1361,689,MX3545580934742,checking,MXN,91240.21,active,2024-10-27T05:39:41
1362,689,MX6239599484157,checking,MXN,50801.27,frozen,2023-10-01T05:47:02
1363,690,CH4591675478438,checking,CHF,7288.38,active,2026-03-09T12:47:12
1364,690,CH9939067390833,checking,CHF,560.62,frozen,2026-03-11T21:01:00
1365,690,CH3672516939741,checking,CHF,2819.98,active,2025-12-07T16:00:14
1366,691,US9275063333238,checking,USD,3571.91,frozen,2023-10-07T11:41:06
1367,692,MX7023184651017,checking,MXN,111997.35,active,2025-11-09T20:23:13
1368,692,MX3438168437366,savings,MXN,255363.56,active,2025-08-24T19:56:44
1369,693,DE4334894488040,checking,EUR,3168.37,active,2024-09-17T03:04:06
1370,694,CA6782656531914,savings,CAD,4610.37,frozen,2022-08-20T18:54:07
1371,694,CA1890244989032,checking,CAD,4285.21,active,2024-05-26T20:38:21
1372,695,TR4060188769453,checking,TRY,190891.3,closed,2024-09-05T23:45:20
1373,696,US3232379134143,savings,USD,21563.27,active,2022-12-26T06:59:12
1374,696,US6090827634782,checking,USD,657.91,active,2026-04-14T20:15:20
1375,697,FR1510588193390,savings,EUR,19251.8,active,2022-08-31T12:53:46
1376,698,US4810868033382,savings,USD,22276.36,active,2026-01-26T20:36:08
1377,698,US3852206820832,checking,USD,2791.49,active,2021-11-27T13:28:38
1378,699,FR2234734341155,checking,EUR,2016.68,active,2025-06-11T05:00:35
1379,699,FR9121913997615,checking,EUR,3414.01,active,2026-01-16T00:22:24
1380,700,FI8001188642120,checking,EUR,2042.42,active,2025-10-29T07:47:30
1381,700,FI9649655382307,savings,EUR,2867.83,active,2026-04-11T21:46:03
1382,701,FR1298415313929,checking,EUR,1790.08,active,2026-04-19T13:25:26
1383,702,IT6973198861056,savings,EUR,21857.36,active,2025-09-07T14:50:48
1384,703,US1842356494729,savings,USD,39780.19,active,2024-05-31T02:09:12
1385,704,GB2260079343741,savings,GBP,21869.92,active,2026-05-06T05:35:31
1386,704,GB3938656042389,checking,GBP,1927.76,active,2026-05-16T16:29:39
1387,705,IN6538050030367,savings,INR,2933313.52,active,2021-12-31T09:54:41
1388,706,AU1784991171474,checking,AUD,6939.13,active,2024-12-13T13:17:40
1389,707,ES2617811738007,checking,EUR,2427.48,active,2026-03-16T10:05:39
1390,707,ES9616093295799,checking,EUR,1825.65,active,2023-01-20T10:50:25
1391,708,KR3039951899303,savings,KRW,1002610.43,active,2026-05-09T19:43:22
1392,708,KR3155509038077,savings,KRW,766262.6,active,2026-05-12T18:37:58
1393,709,FR3856703278534,checking,EUR,472.68,active,2024-05-02T08:25:51
1394,709,FR3963869297998,credit,EUR,-4397.59,active,2023-04-10T02:46:45
1395,709,FR6604776585352,checking,EUR,7516.62,active,2022-10-24T03:56:39
1396,710,US2414620186092,checking,USD,661,active,2025-12-23T21:51:50
1397,710,US7622835555840,checking,USD,412.84,active,2024-06-16T15:44:14
1398,710,US8514149483854,savings,USD,7972.38,active,2025-10-29T14:27:36
1399,711,ES2679170595498,credit,EUR,-4268.24,active,2025-08-15T08:29:38
1400,712,NL9871207796666,savings,EUR,25567.28,closed,2023-03-24T09:20:33
1401,712,NL5406934592277,savings,EUR,30503.02,closed,2023-09-24T14:15:31
1402,713,IT6873941597796,checking,EUR,1563.13,active,2024-12-21T03:43:12
1403,714,UA3171432588701,checking,UAH,191474.67,closed,2023-04-02T13:57:13
1404,714,UA4168034293951,checking,UAH,170110.1,active,2023-03-06T10:00:32
1405,715,US7075988534843,checking,USD,1160.32,frozen,2025-09-02T10:17:40
1406,715,US4472750336996,checking,USD,3423.9,closed,2025-12-31T17:22:47
1407,716,AU7202250249279,savings,AUD,36329.6,closed,2024-10-28T16:45:32
1408,716,AU1144647484544,savings,AUD,34641.34,active,2024-06-29T09:09:08
1409,717,PL3942769233342,checking,PLN,815.99,frozen,2023-01-23T01:49:33
1410,718,TR2072343149966,checking,TRY,54003.11,active,2026-02-28T01:22:42
1411,718,TR6159758583390,savings,TRY,472433.04,active,2024-05-04T05:40:47
1412,719,JP6256949015186,credit,JPY,-137372.59,active,2025-01-10T05:01:42
1413,719,JP3487390785584,checking,JPY,432555.72,closed,2025-05-19T22:57:51
1414,720,FR3732804428489,savings,EUR,11.75,active,2026-03-17T11:54:46
1415,720,FR1784298299720,checking,EUR,5834.34,active,2026-01-22T13:48:14
1416,720,FR9427033914439,checking,EUR,680.78,active,2026-03-29T02:55:19
1417,721,GB4159864167257,checking,GBP,5851.06,closed,2026-02-02T09:17:02
1418,721,GB4708110190125,savings,GBP,6863.43,closed,2024-10-04T02:13:56
1419,722,IT2958992428780,checking,EUR,2200.74,frozen,2024-11-10T15:24:28
1420,722,IT1942941234859,credit,EUR,-2134.6,active,2024-07-19T08:20:22
1421,722,IT1911426393079,checking,EUR,1939.03,active,2024-02-27T08:34:14
1422,722,IT8593398246155,savings,EUR,47.18,active,2025-01-14T17:36:19
1423,723,CN9825889213998,checking,CNY,4702.78,active,2025-06-22T23:05:21
1424,723,CN9048584731301,checking,CNY,404.01,frozen,2023-08-12T11:21:15
1425,724,GB6108103548854,checking,GBP,579.76,frozen,2024-08-26T11:35:13
1426,724,GB6102320882504,checking,GBP,7466.77,active,2024-10-19T21:48:51
1427,725,GB3932569239913,checking,GBP,7662.64,active,2025-07-21T22:37:44
1428,725,GB4198325578409,credit,GBP,-2203.04,active,2023-11-29T02:39:57
1429,726,CA6997685121504,checking,CAD,1549.93,frozen,2025-04-02T06:19:18
1430,727,CH1831388265355,checking,CHF,2476.7,active,2026-05-02T05:45:03
1431,728,AU7351270110678,checking,AUD,2250.54,active,2021-10-05T07:44:34
1432,728,AU7634856417948,checking,AUD,5389.96,active,2025-03-03T05:57:44
1433,729,BR7637005279777,checking,BRL,25660.52,active,2026-02-09T04:47:40
1434,730,US2979410680785,savings,USD,29171.06,active,2024-09-24T22:38:45
1435,730,US3436065718088,savings,USD,21078.58,frozen,2025-07-05T08:50:55
1436,730,US1823247719180,checking,USD,4303.71,closed,2024-10-19T01:04:07
1437,730,US9857835855397,checking,USD,7131.12,closed,2025-02-12T18:11:39
1438,731,JP4077740231188,savings,JPY,4277938.8,active,2026-02-11T01:16:05
1439,732,MX8438286620987,checking,MXN,84323.3,active,2025-07-14T21:43:21
1440,732,MX5524454711034,savings,MXN,650795.86,frozen,2025-11-28T00:45:56
1441,733,IE2258164959404,checking,EUR,2846.82,closed,2026-04-11T20:42:38
1442,734,IN8552144411185,checking,INR,280005.36,active,2025-09-10T12:40:41
1443,734,IN4758276042227,savings,INR,2884683.54,frozen,2026-05-12T17:15:39
1444,735,ES6331127892487,checking,EUR,2548.28,active,2024-09-20T12:10:37
1445,735,ES3114252480725,checking,EUR,5146.96,closed,2025-02-02T06:48:06
1446,736,FR5828994447828,checking,EUR,2165.11,closed,2025-07-26T21:07:53
1447,737,US2845514584906,checking,USD,7558.71,active,2022-12-04T14:35:43
1448,738,US4856339392734,checking,USD,3246.39,active,2026-03-10T23:21:37
1449,739,CN8562397217394,checking,CNY,6891.57,active,2025-01-10T09:51:01
1450,739,CN5308547666415,checking,CNY,2766.28,active,2025-10-05T07:16:59
1451,740,US4218175034887,checking,USD,6721.98,active,2025-05-09T13:56:21
1452,741,BR1438771954992,savings,BRL,136399.7,active,2024-07-31T23:09:31
1453,741,BR3889257243971,checking,BRL,24865.53,active,2025-08-21T23:24:39
1454,741,BR5924200772926,savings,BRL,220.85,active,2024-03-10T23:10:28
1455,742,PL7990364576394,checking,PLN,4930.56,active,2022-08-20T21:49:55
1456,742,PL3982924812207,credit,PLN,-389.84,active,2022-06-15T15:15:03
1457,743,CA1295586595123,savings,CAD,19270.07,frozen,2025-09-09T05:08:07
1458,744,IT9279072439615,checking,EUR,2771.31,active,2023-05-09T05:25:28
1459,744,IT6365004772649,checking,EUR,5911.77,closed,2024-05-17T01:55:22
1460,744,IT9583098570925,checking,EUR,4829.62,active,2023-06-20T00:08:16
1461,745,NL3967165047041,savings,EUR,16260.71,active,2026-05-08T14:31:53
1462,745,NL9271718582717,credit,EUR,-4386.99,closed,2026-02-07T10:16:44
1463,746,MX9241317480700,checking,MXN,123000.51,closed,2023-01-25T06:49:05
1464,747,US6408091234652,credit,USD,-545.46,active,2021-10-04T17:05:32
1465,747,US1851754864044,checking,USD,6815.45,frozen,2022-07-24T19:53:14
1466,747,US7618441951779,checking,USD,7101.62,active,2023-01-18T01:27:55
1467,748,GB3765138494452,checking,GBP,1462.44,active,2025-05-15T20:32:43
1468,748,GB1657724867772,savings,GBP,34264.72,active,2025-02-26T11:41:12
1469,748,GB3737455058961,checking,GBP,1706.68,active,2025-05-08T19:26:34
1470,748,GB3298499267962,savings,GBP,1044.18,closed,2026-02-06T23:44:11
1471,749,FR5071362811819,checking,EUR,5210.52,active,2026-04-08T04:10:30
1472,749,FR9623747415345,savings,EUR,6689.17,frozen,2026-04-03T06:34:34
1473,750,CN2031971419964,savings,CNY,1435.74,active,2025-07-31T09:10:53
1474,751,US6865206044373,checking,USD,5840.6,active,2024-08-17T01:31:14
1475,752,IT4572925589625,checking,EUR,3528.41,closed,2025-11-07T09:05:00
1476,752,IT5245902680167,checking,EUR,3602.51,active,2025-11-23T11:48:14
1477,752,IT6246110044045,credit,EUR,-4061.85,active,2026-03-26T04:58:36
1478,753,IT3731819789519,savings,EUR,37028.95,active,2026-04-11T20:10:40
1479,754,ES1470452022028,savings,EUR,27640.81,frozen,2025-06-12T16:55:53
1480,755,CA8126367840349,checking,CAD,1223.42,closed,2024-05-03T15:20:38
1481,755,CA5525515663650,savings,CAD,57.52,closed,2023-09-06T11:39:08
1482,755,CA1015483037708,savings,CAD,2824.87,active,2023-09-21T08:30:43
1483,756,US8903948248978,savings,USD,40082.3,active,2023-05-02T16:17:22
1484,757,GB2926122079569,credit,GBP,-3682.9,active,2024-12-17T07:09:16
1485,757,GB3074686996357,checking,GBP,3861.51,active,2023-11-28T04:37:20
1486,758,ZA9516505443687,checking,ZAR,5138.73,active,2024-03-20T16:00:08
1487,759,ES8643028099868,checking,EUR,6744.36,active,2026-01-27T21:03:18
1488,759,ES8217457537232,savings,EUR,35197.58,active,2025-09-04T10:23:48
1489,760,SE2803637682845,checking,SEK,5900.14,active,2026-04-21T08:42:44
1490,760,SE9623444444413,savings,SEK,28.5,frozen,2026-05-02T02:34:02
1491,761,MX7331238648451,checking,MXN,2218.42,active,2026-01-13T09:49:49
1492,761,MX9303244081890,checking,MXN,71282.03,closed,2026-05-15T00:45:31
1493,762,US9939125177433,checking,USD,1924.25,active,2025-12-27T01:49:42
1494,762,US7342189015547,checking,USD,1688.42,active,2026-05-03T07:23:01
1495,763,CN9540831769008,checking,CNY,6416.91,active,2026-04-06T03:17:06
1496,763,CN3849527311265,checking,CNY,4031.1,closed,2026-02-03T06:59:48
1497,764,IT4958101760210,savings,EUR,19122.16,closed,2026-03-01T18:15:28
1498,765,ES2008459497025,checking,EUR,1476.71,active,2023-05-28T13:56:04
1499,765,ES4638524996991,savings,EUR,16522.57,closed,2026-03-09T13:19:48
1500,766,US4967747219548,savings,USD,29412.15,active,2024-05-24T15:36:17
1501,766,US2671715343756,savings,USD,14930.12,active,2025-04-20T20:52:58
1502,766,US7651755845997,credit,USD,-1339.4,active,2025-02-05T07:47:34
1503,767,SE4066790835030,checking,SEK,1499.71,closed,2025-12-23T08:30:22
1504,767,SE2317987657119,savings,SEK,33.69,active,2026-02-05T21:32:57
1505,767,SE6827891147978,savings,SEK,8588.03,active,2024-10-13T21:28:56
1506,768,BR1781711814834,credit,BRL,-19382.9,active,2026-01-02T05:00:27
1507,769,JP4860384211277,savings,JPY,5074492.8,active,2024-09-12T02:54:54
1508,770,NO6377767775978,savings,NOK,34252.33,closed,2026-04-06T19:57:07
1509,771,AE2120406331990,checking,AED,6277.89,active,2025-07-17T12:29:55
1510,771,AE2077778140828,savings,AED,14589.93,active,2025-05-08T04:31:14
1511,772,NL6576940430855,savings,EUR,39361.73,active,2024-09-24T00:24:40
1512,772,NL9555476385888,checking,EUR,6658.13,active,2025-12-10T08:41:54
1513,773,NL4680235272311,savings,EUR,5052.82,active,2024-07-29T21:01:32
1514,774,ES7152889289963,checking,EUR,4392.5,frozen,2026-04-24T00:16:04
1515,775,NL1332084486405,checking,EUR,4605.21,active,2025-10-05T09:51:13
1516,775,NL1371993029478,savings,EUR,20054.49,active,2025-07-26T21:26:32
1517,776,US4240980189419,checking,USD,4841.89,active,2024-08-30T07:33:42
1518,777,ES7607726093067,checking,EUR,6148.53,active,2024-10-15T16:53:18
1519,777,ES6401569686650,savings,EUR,33117.01,active,2023-09-03T03:24:05
1520,778,GB9081256679276,checking,GBP,773.71,closed,2023-07-11T09:55:57
1521,779,FR3169015243867,checking,EUR,7054.91,active,2025-12-08T13:05:09
1522,779,FR7877696539415,checking,EUR,1567.1,closed,2025-12-15T08:34:51
1523,779,FR6124097322453,checking,EUR,3448.25,closed,2026-02-23T23:50:01
1524,780,US7271336372339,checking,USD,6142.99,active,2026-04-07T01:46:52
1525,781,UA1540166277200,checking,UAH,281103.96,frozen,2023-07-14T09:33:58
1526,782,NL8006380391707,savings,EUR,10.66,frozen,2022-03-28T03:06:24
1527,782,NL6844395949769,savings,EUR,20059.27,active,2025-03-13T08:40:43
1528,783,IN5638530826745,savings,INR,1451908.41,active,2023-02-09T06:31:35
1529,783,IN8779478511097,savings,INR,2487875.67,active,2024-01-03T00:00:06
1530,784,IT3227115090993,savings,EUR,16431.68,frozen,2026-02-16T11:12:24
1531,785,US9463173350641,checking,USD,184.91,closed,2022-05-11T05:19:13
1532,786,CA2455400515928,checking,CAD,997.77,active,2024-04-06T12:56:15
1533,787,AU9258205151624,checking,AUD,7276.63,closed,2026-04-07T16:17:20
1534,787,AU1568430296853,checking,AUD,1509.74,active,2025-06-21T08:05:04
1535,788,US5081247070860,savings,USD,27057.9,closed,2024-05-26T07:58:26
1536,789,NL3758187479868,checking,EUR,7752.54,frozen,2025-12-14T06:03:18
1537,789,NL6072033341572,savings,EUR,31766.19,active,2026-01-04T20:00:34
1538,789,NL1402133152982,checking,EUR,1584.6,active,2025-07-15T19:50:05
1539,790,BR8562705386641,checking,BRL,6121.01,frozen,2023-01-10T15:30:54
1540,791,BR3623728782184,savings,BRL,50080.83,active,2026-03-16T15:37:29
1541,791,BR3359821415669,savings,BRL,71510.32,frozen,2024-05-17T15:08:46
1542,792,ES4127714061172,checking,EUR,7983.51,active,2025-02-20T23:27:30
1543,793,JP9335196548775,savings,JPY,1841658.37,active,2026-03-31T02:49:52
1544,794,ES2439967359131,checking,EUR,591.37,active,2024-05-17T02:10:43
1545,794,ES3498240790591,savings,EUR,33708.8,active,2023-06-01T05:30:51
1546,794,ES5666068162329,checking,EUR,917.92,active,2024-10-15T19:34:11
1547,795,IT4142791178909,savings,EUR,34914.84,active,2024-07-11T18:19:34
1548,795,IT6677488167778,checking,EUR,372.83,active,2022-06-20T10:29:55
1549,796,CA5899032487948,checking,CAD,7623.09,closed,2024-05-31T23:08:15
1550,797,AU3279094692262,savings,AUD,66.99,frozen,2026-03-17T18:52:17
1551,798,GB7170203533832,checking,GBP,5141.66,active,2025-09-26T20:07:31
1552,799,BR9873920627278,savings,BRL,112458.56,closed,2025-04-29T17:28:09
1553,800,IT3144124774603,checking,EUR,156.78,closed,2025-11-18T05:50:20
1554,801,US8933265941548,checking,USD,7934.41,active,2023-01-30T05:33:36
1555,801,US9064109189686,credit,USD,-3111.23,active,2025-05-01T21:14:58
1556,801,US8627531745353,credit,USD,-3838.63,active,2024-03-25T18:04:39
1557,802,DE3658678041405,checking,EUR,1766.72,closed,2026-02-22T03:40:03
1558,802,DE1186554610096,checking,EUR,6946.4,active,2024-03-24T18:01:03
1559,803,NL1483793349247,checking,EUR,4385.02,frozen,2025-05-14T20:32:16
1560,803,NL2083613256726,savings,EUR,8167.49,active,2025-02-12T08:48:57
1561,804,CA6306607797357,checking,CAD,6608.03,closed,2025-01-13T20:58:17
1562,804,CA1579788177142,checking,CAD,1654.96,frozen,2025-01-10T15:06:53
1563,805,DE4323518428075,savings,EUR,28836.47,active,2026-03-15T14:14:02
1564,805,DE5315192051510,checking,EUR,1107.82,closed,2026-04-17T05:53:29
1565,806,UA6327360197627,savings,UAH,1547949.79,closed,2026-02-15T11:43:24
1566,806,UA5071688997238,checking,UAH,284473.01,active,2025-11-10T12:44:00
1567,807,IT9929786978995,checking,EUR,1059.84,active,2023-05-11T00:29:46
1568,807,IT7528450743966,savings,EUR,9837.3,active,2022-06-17T08:04:42
1569,807,IT5920491550717,savings,EUR,20454.14,closed,2026-01-05T19:47:34
1570,808,DE2208979894212,checking,EUR,4755.54,active,2025-01-28T22:56:50
1571,808,DE5702953621493,savings,EUR,8416.08,active,2024-12-05T17:41:21
1572,809,ES2863447247829,checking,EUR,2757.38,active,2024-03-08T13:03:59
1573,809,ES7761008327353,checking,EUR,2864.69,active,2026-04-22T19:00:37
1574,810,FR4216942647455,checking,EUR,6797.62,active,2026-05-12T05:01:13
1575,810,FR9383869967138,savings,EUR,29032.09,active,2025-09-14T14:52:42
1576,810,FR6780480835624,checking,EUR,99.71,active,2025-07-15T15:01:21
1577,811,PT2372637217887,checking,EUR,2102.85,closed,2026-01-17T20:44:05
1578,812,AU7207889753234,checking,AUD,1655.12,active,2025-04-05T04:48:21
1579,813,SE4627209510157,checking,SEK,1757.27,active,2025-09-28T19:21:07
1580,814,US9243487211469,checking,USD,6876.47,frozen,2024-07-23T14:40:58
1581,815,ES3727373513212,checking,EUR,5097.25,active,2026-04-23T03:10:43
1582,816,MX2503460966882,checking,MXN,135151.52,frozen,2025-04-21T08:26:17
1583,817,UA8682572778812,savings,UAH,1131215.62,active,2023-04-28T21:41:12
1584,817,UA3117739041166,checking,UAH,259017.36,active,2024-08-12T01:42:01
1585,817,UA3479344883173,savings,UAH,553207.63,closed,2024-03-07T07:18:31
1586,818,AU9073484361184,checking,AUD,4254.45,active,2025-07-19T02:20:06
1587,818,AU5944027672641,checking,AUD,5223.44,active,2026-03-09T15:14:17
1588,819,KR2331373940371,savings,KRW,758413.34,active,2024-10-16T07:10:42
1589,820,UA9065397454645,checking,UAH,108598.04,active,2025-10-16T14:08:14
1590,820,UA7723787521301,savings,UAH,477370.51,active,2025-04-29T02:16:15
1591,821,GB4966112316869,checking,GBP,2832.74,active,2025-02-20T11:05:06
1592,821,GB2104351883222,checking,GBP,2506.52,active,2024-07-30T20:13:58
1593,822,FR5896199462986,checking,EUR,3507.34,active,2025-06-04T22:49:40
1594,822,FR8629474335473,checking,EUR,6998.71,active,2024-07-16T00:42:41
1595,822,FR1137040234323,savings,EUR,32923.1,active,2025-10-08T23:09:08
1596,823,CA4669552623704,credit,CAD,-4141.89,closed,2025-10-09T12:39:16
1597,823,CA5455728458130,checking,CAD,3036.44,active,2026-02-03T10:38:33
1598,824,US1528927888444,savings,USD,35653.74,closed,2026-05-04T20:28:30
1599,825,BR1064119934888,checking,BRL,22164.9,active,2026-02-13T00:30:49
1600,825,BR7486146640933,savings,BRL,150421.83,active,2026-01-03T21:07:26
1601,826,DE7564994099943,checking,EUR,3732.75,closed,2025-08-05T21:36:12
1602,826,DE7673768297774,checking,EUR,56.97,closed,2026-05-03T10:15:51
1603,826,DE5398824967094,checking,EUR,3935.23,frozen,2023-12-17T05:38:39
1604,827,US2996635979941,checking,USD,2025.29,active,2025-06-06T03:19:45
1605,827,US4256087038517,savings,USD,22255.11,frozen,2024-07-04T01:29:47
1606,828,CA6065314530822,checking,CAD,2767.48,closed,2024-10-16T17:46:06
1607,829,ES2147269670468,checking,EUR,2210.07,active,2025-10-17T00:53:48
1608,829,ES5500273676415,savings,EUR,5328.6,active,2025-03-23T23:34:34
1609,829,ES8820878440345,credit,EUR,-2559,active,2024-07-30T20:46:34
1610,829,ES6799356843889,checking,EUR,6282.04,closed,2024-10-01T14:16:26
1611,830,FR8239267948169,checking,EUR,5292.53,active,2024-07-24T08:31:10
1612,830,FR2131420955320,credit,EUR,-3751.91,closed,2026-04-18T07:21:09
1613,831,MX1867681666328,checking,MXN,47829.13,active,2023-10-18T01:49:01
1614,831,MX8466207580589,checking,MXN,40692.89,closed,2022-09-11T02:01:03
1615,831,MX9881737719204,checking,MXN,126526.43,active,2022-10-14T17:52:25
1616,831,MX5803093657590,checking,MXN,115635.49,closed,2022-09-11T01:31:51
1617,832,US9286315457959,checking,USD,6288.75,active,2025-05-12T11:54:47
1618,832,US5516345381988,savings,USD,4042.69,active,2025-04-20T11:19:28
1619,833,AU2115990111358,checking,AUD,4483.98,active,2026-05-11T12:07:08
1620,833,AU5830782580985,savings,AUD,7338.43,active,2026-04-28T17:33:19
1621,834,GB6433783853661,checking,GBP,910.34,active,2026-02-18T20:57:53
1622,834,GB7440511657787,checking,GBP,5758.96,active,2025-04-12T00:14:43
1623,835,IT1643731875607,credit,EUR,-1143.89,frozen,2025-11-21T00:59:56
1624,836,ES2572530427015,checking,EUR,322.29,frozen,2024-01-19T07:24:01
1625,837,IT5357171344329,savings,EUR,35126.19,active,2023-03-06T23:40:06
1626,838,IT7444261599887,checking,EUR,1851.47,active,2023-03-21T16:04:16
1627,839,US4580094755540,checking,USD,3163.43,frozen,2025-04-01T10:41:07
1628,839,US5856475267532,savings,USD,6659.15,active,2025-04-30T12:07:23
1629,840,US7808427996240,savings,USD,21188.11,active,2025-03-23T21:38:53
1630,841,JP6443568715829,credit,JPY,-530534.86,closed,2026-03-20T20:42:48
1631,842,FR2517354938639,checking,EUR,4201.94,active,2024-12-10T03:01:51
1632,842,FR3894288432783,credit,EUR,-1136.52,closed,2025-02-07T12:43:53
1633,842,FR7565192443858,checking,EUR,6923.39,active,2024-05-26T04:06:59
1634,843,GB1018397511584,checking,GBP,6448.45,closed,2025-07-08T10:37:47
1635,843,GB2916428670593,checking,GBP,1786.7,frozen,2025-08-01T16:57:47
1636,843,GB7057609549022,checking,GBP,6494.11,active,2026-03-06T20:19:16
1637,844,US6635057727201,checking,USD,3510.9,active,2026-03-31T02:33:19
1638,844,US8452956030774,credit,USD,-2247.25,active,2025-12-17T17:53:17
1639,845,IN9784924193147,checking,INR,245991.81,active,2024-04-05T05:17:46
1640,845,IN6736698399134,checking,INR,500720.64,closed,2025-01-25T00:30:05
1641,845,IN4210728287031,checking,INR,367669.86,active,2025-08-19T23:26:03
1642,845,IN1347476696082,savings,INR,1805306.69,active,2023-05-04T12:38:46
1643,846,NL9027790466698,savings,EUR,27.24,active,2026-04-12T04:20:57
1644,846,NL3082131250904,savings,EUR,21322.02,frozen,2026-05-12T19:55:43
1645,846,NL5675246931342,checking,EUR,2213.19,active,2025-10-24T09:42:53
1646,847,ES2944657897434,checking,EUR,2272.89,closed,2025-03-24T23:24:20
1647,847,ES3370168245016,checking,EUR,7336.52,active,2025-10-27T01:00:13
1648,847,ES7047552583942,credit,EUR,-3170.18,active,2025-01-31T01:14:46
1649,848,FR6039159985372,checking,EUR,6763.92,active,2022-10-08T18:53:43
1650,848,FR6817148349221,savings,EUR,6378.32,active,2026-03-01T10:09:14
1651,848,FR5787419787069,savings,EUR,43.31,active,2022-04-01T21:11:04
1652,849,DE2946040820853,checking,EUR,4499.11,active,2026-04-01T02:27:54
1653,849,DE9862507862627,checking,EUR,5598.67,active,2026-04-22T20:27:21
1654,850,DE3548303659045,checking,EUR,2596.05,active,2026-03-03T18:27:24
1655,850,DE2496890965906,savings,EUR,40585.9,closed,2026-04-24T18:49:43
1656,851,IN5894202688153,checking,INR,183941.16,active,2025-08-17T19:20:42
1657,852,MX7701263594470,checking,MXN,20743.97,active,2026-05-02T02:30:55
1658,852,MX9581393885291,savings,MXN,235309.77,active,2026-05-14T03:08:45
1659,852,MX5848332362766,checking,MXN,29932.86,active,2026-05-08T07:36:54
1660,852,MX1679340762863,checking,MXN,97979.15,frozen,2026-05-11T21:52:01
1661,853,US7759263343353,checking,USD,7863.85,active,2024-04-28T04:40:57
1662,854,IE4138010955331,credit,EUR,-4072.61,closed,2025-01-13T15:34:49
1663,854,IE9562724584581,checking,EUR,7500.43,active,2025-11-12T05:00:20
1664,855,UA4376728048268,checking,UAH,118644.64,closed,2026-01-13T17:08:39
1665,855,UA8515378147204,savings,UAH,177553.79,active,2026-02-08T02:28:02
1666,856,GB1239263394903,credit,GBP,-228.14,active,2023-12-16T14:27:47
1667,857,CA6235697655530,checking,CAD,486.7,active,2026-04-01T19:37:33
1668,857,CA6798425649815,checking,CAD,2767.86,active,2026-05-14T05:31:07
1669,858,IN1493329881674,checking,INR,305976.83,active,2025-09-09T17:50:09
1670,858,IN2463267194675,checking,INR,298015.48,active,2024-01-07T11:02:29
1671,859,US9151299633568,savings,USD,3863.71,active,2025-07-04T11:00:33
1672,859,US1631944524068,savings,USD,3599.61,active,2026-04-09T19:12:36
1673,859,US3909328689127,checking,USD,3036.72,active,2022-10-31T12:04:58
1674,860,IT1859763097389,credit,EUR,-3715.21,active,2025-12-07T13:30:42
1675,860,IT1203899555244,checking,EUR,6728.21,closed,2026-03-31T20:41:08
1676,861,KR7402203087147,savings,KRW,2819501.35,active,2025-12-24T09:53:27
1677,862,AE2177479451920,checking,AED,132.73,closed,2024-11-05T17:56:35
1678,862,AE7212961425429,checking,AED,1246.69,active,2026-03-19T15:56:31
1679,862,AE7693086525329,savings,AED,11149.79,closed,2024-02-07T20:31:21
1680,863,FR1970651127037,checking,EUR,1493.88,active,2025-08-08T05:49:11
1681,863,FR6462876453621,savings,EUR,26771.36,active,2025-04-01T21:16:20
1682,863,FR2259021041215,savings,EUR,25635.45,active,2025-01-17T19:51:33
1683,864,US9729263954372,credit,USD,-1119.58,active,2022-11-27T01:54:22
1684,865,FR4936281037660,savings,EUR,4159.07,frozen,2025-10-04T00:35:19
1685,865,FR4530184738739,checking,EUR,3933.23,active,2024-11-30T06:34:19
1686,866,SE6351993878753,credit,SEK,-366.33,active,2022-11-08T10:54:05
1687,866,SE8649657629228,credit,SEK,-1415.75,active,2026-02-01T22:52:22
1688,867,IT7478208776330,savings,EUR,17265.24,frozen,2026-04-24T00:20:36
1689,867,IT9002712766415,checking,EUR,3446.98,frozen,2026-04-08T07:51:17
1690,868,GB2049176866517,savings,GBP,22187.02,active,2025-12-11T20:27:30
1691,869,AU5075813476203,savings,AUD,1159.69,active,2025-05-05T13:38:16
1692,869,AU4728883313958,savings,AUD,21184.88,active,2025-10-27T11:24:58
1693,869,AU5265193043518,credit,AUD,-4460.11,active,2025-02-17T22:53:32
1694,870,IN4125923774906,checking,INR,371231.69,active,2024-05-09T03:13:26
1695,870,IN6629319362137,checking,INR,172858.79,active,2024-10-25T10:18:44
1696,871,JP1989245474800,checking,JPY,1012571.6,active,2026-03-26T06:56:19
1697,871,JP6886121281114,checking,JPY,357337.5,active,2025-11-02T03:16:31
1698,872,FR8024763646056,credit,EUR,-2007.84,active,2026-04-12T23:42:19
1699,872,FR3150683624987,savings,EUR,27212.93,frozen,2023-05-18T09:46:03
1700,872,FR4578130413423,checking,EUR,7459.64,active,2023-01-09T10:30:51
1701,873,IT9251902359522,credit,EUR,-3102.06,frozen,2024-12-04T09:57:34
1702,873,IT6220293319968,checking,EUR,1721.15,active,2022-08-23T07:14:43
1703,874,UA3034164210433,checking,UAH,3118.79,active,2025-11-09T06:36:24
1704,874,UA1640123539413,checking,UAH,35962.78,active,2025-08-08T23:19:37
1705,874,UA8549430774503,savings,UAH,667788.23,active,2026-04-15T12:35:43
1706,875,AE7849272463037,checking,AED,4940.02,active,2025-12-03T05:02:07
1707,876,IE1025560236762,savings,EUR,16.58,frozen,2025-11-01T08:10:39
1708,876,IE8384014524377,credit,EUR,-1894.5,active,2024-12-01T17:11:51
1709,877,JP3290254999794,checking,JPY,53236.47,active,2026-03-17T22:01:48
1710,878,SE5230807121445,savings,SEK,19.3,active,2024-11-10T14:00:56
1711,879,IT3474195864920,savings,EUR,22966.99,frozen,2024-07-08T03:33:42
1712,879,IT8498714966115,savings,EUR,37924.03,active,2024-11-27T20:16:09
1713,880,IT6553208223946,savings,EUR,23068.82,active,2026-05-09T18:21:36
1714,881,JP2345450171326,checking,JPY,29673.09,active,2026-04-26T10:33:05
1715,881,JP5642259862460,checking,JPY,690748.42,frozen,2025-12-16T13:46:26
1716,882,IT4327830619779,checking,EUR,4440.68,closed,2026-03-11T02:07:42
1717,882,IT3092564263978,savings,EUR,35781.09,active,2025-06-02T15:08:40
1718,883,BR2717902580343,checking,BRL,35997.54,active,2026-03-21T21:07:53
1719,884,IN2871927153252,checking,INR,11750.17,closed,2024-10-24T06:54:31
1720,885,CA6109686019704,checking,CAD,2500.81,closed,2025-09-05T01:51:54
1721,886,CA6654025235928,checking,CAD,3374.42,active,2023-11-04T07:48:21
1722,887,US3174554366219,credit,USD,-4340.79,active,2025-07-31T06:12:05
1723,888,AE5030242749087,savings,AED,13.81,active,2026-05-05T16:24:51
1724,888,AE4191069568554,savings,AED,38.31,active,2026-05-10T11:02:32
1725,889,DE7896024362838,savings,EUR,17015.55,active,2026-04-14T12:53:30
1726,889,DE2006196545263,checking,EUR,2966.36,frozen,2026-03-21T14:29:43
1727,890,AU4987135483519,credit,AUD,-1228.87,frozen,2024-10-04T03:18:50
1728,890,AU6591977936496,checking,AUD,5319.86,active,2024-08-19T10:55:43
1729,890,AU5581828810663,savings,AUD,27534.56,frozen,2025-01-12T19:45:54
1730,890,AU9291245468943,savings,AUD,21527.6,active,2022-11-03T07:35:59
1731,891,FR1990810642994,savings,EUR,38255.3,frozen,2025-01-22T12:26:27
1732,891,FR7079421353548,credit,EUR,-2929.81,active,2023-05-27T06:49:14
1733,891,FR1207295691992,checking,EUR,3258.18,closed,2025-05-22T12:03:57
1734,891,FR8598842441784,checking,EUR,1848.34,active,2024-04-28T02:38:14
1735,892,IN1676772240053,checking,INR,271010.12,active,2023-01-18T14:09:14
1736,892,IN8169907314451,checking,INR,342470.5,active,2022-12-22T16:18:22
1737,893,UA9428481422923,credit,UAH,-107748.13,frozen,2025-08-16T12:13:18
1738,893,UA4240572783123,credit,UAH,-169750.45,closed,2024-10-27T23:39:23
1739,893,UA3921685376764,checking,UAH,280830.81,active,2025-03-23T03:29:38
1740,894,FR3148495860461,checking,EUR,4782.78,frozen,2025-11-06T00:16:23
1741,894,FR9981217562131,savings,EUR,23520.37,active,2026-01-28T11:23:22
1742,894,FR3505582039930,savings,EUR,40.68,closed,2025-11-01T11:42:50
1743,895,IT2031540817131,checking,EUR,7020.84,active,2022-11-16T21:19:10
1744,895,IT2227705480776,savings,EUR,27910.51,active,2023-05-21T07:37:40
1745,895,IT2269676739439,checking,EUR,7388.08,frozen,2022-10-10T18:57:42
1746,895,IT6725928775884,checking,EUR,4187.72,active,2024-04-16T18:34:13
1747,896,GB4524073014269,checking,GBP,327.37,frozen,2025-08-07T16:21:36
1748,897,DE8064749381328,savings,EUR,38030.88,active,2024-12-13T07:24:01
1749,898,US8126802473531,checking,USD,2542.99,active,2022-03-31T05:46:43
1750,898,US7489034527253,savings,USD,37290.58,active,2025-08-18T01:24:19
1751,899,ZA5615731775061,checking,ZAR,6869.79,active,2026-04-12T08:33:03
1752,899,ZA8133338498362,savings,ZAR,26779.17,active,2025-10-21T02:56:48
1753,900,TR1244532926557,savings,TRY,1073399.09,active,2026-02-11T22:45:11
1754,901,MX3753202355204,credit,MXN,-19672.08,active,2022-08-15T19:26:56
1755,902,ZA8470303619334,checking,ZAR,327.66,closed,2026-01-08T13:20:53
1756,903,DE1885388381697,checking,EUR,1490.44,closed,2023-03-30T09:36:24
1757,903,DE7708081752922,checking,EUR,5617.67,active,2024-08-08T05:34:17
1758,903,DE5355172716473,checking,EUR,7102.75,active,2023-01-26T05:24:22
1759,904,TR1290095728650,savings,TRY,1195835.96,frozen,2024-11-22T06:20:54
1760,905,IT2404336563394,checking,EUR,2606.47,active,2026-02-26T09:31:57
1761,905,IT6529801175874,savings,EUR,35701.6,active,2026-02-04T21:11:16
1762,906,DK7809277937427,savings,DKK,17623.55,active,2026-04-01T22:09:07
1763,907,GB4095419340803,credit,GBP,-3110.67,active,2025-07-22T02:42:15
1764,908,US8312019332349,checking,USD,1434.5,closed,2025-01-26T03:49:42
1765,908,US4777883635485,checking,USD,4926.55,closed,2025-03-17T21:12:27
1766,909,DE8021322362053,checking,EUR,3267.98,active,2025-08-21T09:50:11
1767,910,UA8119907627097,checking,UAH,46956.36,closed,2024-04-15T12:52:08
1768,911,JP2576057613935,savings,JPY,3906112.42,closed,2024-12-04T01:24:10
1769,911,JP8923918519030,checking,JPY,845514.41,frozen,2025-05-12T01:09:55
1770,912,JP2567666667686,savings,JPY,1108996.76,closed,2025-11-13T18:49:40
1771,913,US2434021878512,checking,USD,2952.18,closed,2025-02-12T16:23:16
1772,913,US7298182064315,savings,USD,17017.76,active,2022-12-25T09:35:55
1773,914,UA2750706521899,checking,UAH,60472.98,closed,2025-09-28T00:33:43
1774,914,UA8724097314159,checking,UAH,241053.62,active,2025-12-26T13:12:38
1775,915,AE6906168396196,checking,AED,3234.4,active,2026-02-08T03:19:12
1776,915,AE6596084236093,savings,AED,31431.98,active,2026-02-23T00:55:35
1777,915,AE8731243294334,checking,AED,1565.6,active,2026-05-08T06:21:56
1778,916,CA4966635765533,savings,CAD,14731.5,active,2024-06-10T08:50:57
1779,916,CA2675185858112,checking,CAD,6658.57,active,2024-01-10T15:14:14
1780,917,IT4321240388313,savings,EUR,4936.87,active,2025-05-30T10:12:30
1781,917,IT5089073138425,checking,EUR,3798.29,frozen,2025-01-11T15:35:46
1782,918,US2551989238370,credit,USD,-2730.03,frozen,2024-06-30T02:43:51
1783,919,AT8519510284079,checking,EUR,2399.45,active,2026-04-27T16:01:14
1784,920,US9166791310309,checking,USD,1244.98,closed,2025-03-03T12:06:48
1785,920,US5915510033442,credit,USD,-3928.27,active,2023-01-21T13:17:50
1786,921,GB2438803864086,checking,GBP,1533.48,frozen,2024-01-03T17:31:36
1787,922,GB1646706999459,checking,GBP,1449.72,active,2025-12-28T00:25:35
1788,922,GB9361289556747,checking,GBP,4938.35,active,2025-04-05T22:49:00
1789,923,PL3218428467503,checking,PLN,3002.2,closed,2025-03-16T05:57:57
1790,924,ES8000881768932,checking,EUR,4523.68,frozen,2025-12-05T05:09:52
1791,924,ES7501291276957,savings,EUR,3111.05,frozen,2025-09-28T10:21:00
1792,925,NL4100410526546,savings,EUR,1327.17,frozen,2025-04-19T18:39:24
1793,926,GB5264348986503,savings,GBP,4103.32,active,2025-08-15T07:37:06
1794,927,DE3802038092752,savings,EUR,22189.22,active,2023-12-09T13:42:35
1795,928,AU8216709417877,checking,AUD,1795.93,active,2024-01-27T10:02:41
1796,928,AU5919561586120,checking,AUD,929.63,active,2024-08-23T12:56:47
1797,929,IT1880535441557,savings,EUR,32625.7,active,2025-03-16T18:06:38
1798,929,IT1704906829329,savings,EUR,10573.02,active,2025-08-23T00:48:29
1799,929,IT7290573917977,savings,EUR,27667.97,active,2026-05-15T12:15:26
1800,929,IT6464340222163,checking,EUR,4866.17,active,2023-09-06T17:33:49
1801,930,BR5874806771443,savings,BRL,64486.53,active,2025-07-13T16:58:43
1802,931,PL4083752221135,checking,PLN,3921.35,active,2026-02-17T02:09:46
1803,932,BR6366346460908,checking,BRL,16116.67,closed,2023-03-12T00:36:34
1804,932,BR8140820073370,checking,BRL,29838.6,frozen,2023-09-14T08:43:55
1805,932,BR8062283991976,checking,BRL,26968.27,active,2024-02-14T03:00:01
1806,933,IN2753050490451,credit,INR,-358157.34,active,2026-05-01T11:31:01
1807,934,JP7094900298933,checking,JPY,909532.42,active,2024-11-25T20:31:07
1808,935,JP8216550614378,savings,JPY,5317493.5,frozen,2025-04-26T05:11:22
1809,936,DE4308571249856,checking,EUR,6211.21,active,2022-07-08T04:10:17
1810,936,DE4347515776449,credit,EUR,-4239.08,active,2025-06-11T07:33:37
1811,936,DE3417423341958,savings,EUR,29055.67,active,2024-12-15T06:44:47
1812,936,DE1621534211833,checking,EUR,5590.89,active,2024-01-25T21:31:46
1813,937,US2233588826214,savings,USD,22673.73,active,2024-07-11T03:29:55
1814,937,US2037760034682,checking,USD,1778.63,active,2025-08-26T11:58:04
1815,938,TR6393960757760,checking,TRY,21022.06,active,2025-11-07T11:42:30
1816,938,TR3565204151191,checking,TRY,211198.57,active,2025-04-28T10:40:09
1817,939,AE1417484338266,credit,AED,-3491.09,frozen,2023-02-12T05:59:53
1818,940,TR2149584383302,savings,TRY,234994.96,closed,2026-02-28T11:23:30
1819,940,TR5958736384660,checking,TRY,197403.87,frozen,2026-01-20T03:19:23
1820,940,TR7049481018725,checking,TRY,156973.16,active,2025-10-28T00:34:16
1821,941,DE6344886337816,savings,EUR,15877.22,frozen,2025-05-23T16:09:07
1822,941,DE4842989188791,savings,EUR,59.82,active,2026-02-23T06:09:11
1823,942,US6984484969726,checking,USD,6649.04,frozen,2026-01-21T01:28:15
1824,942,US5022304572142,savings,USD,12795.25,active,2026-03-23T16:31:48
1825,942,US3722559690653,checking,USD,999.49,closed,2026-01-20T15:16:23
1826,943,NL2522191085396,checking,EUR,381.72,active,2026-02-08T05:39:14
1827,943,NL3167256660249,checking,EUR,4251.69,closed,2025-03-09T12:12:23
1828,944,ES3994881959158,checking,EUR,1837.09,active,2025-09-04T17:15:47
1829,944,ES8727790068155,credit,EUR,-47.26,closed,2025-06-15T17:37:33
1830,945,IN9867302570027,checking,INR,365369.66,active,2024-06-11T20:43:56
1831,945,IN3871250070554,checking,INR,611612.85,active,2025-08-19T21:41:48
1832,946,IN7145604852019,savings,INR,985234.88,closed,2024-07-22T20:04:56
1833,947,ES7859527120501,checking,EUR,6783.82,active,2024-06-04T15:06:03
1834,947,ES5380048192324,savings,EUR,6084.91,active,2025-01-31T23:41:08
1835,947,ES6276858897990,savings,EUR,5866.01,active,2024-07-12T17:00:46
1836,948,GB6310504284665,savings,GBP,54.96,active,2026-05-14T09:35:33
1837,948,GB1305553178928,credit,GBP,-2837.47,active,2026-05-16T16:19:16
1838,949,AU6816285285693,savings,AUD,5400.85,active,2024-01-22T20:03:02
1839,949,AU3130995368086,savings,AUD,5613.1,active,2022-09-22T16:56:04
1840,950,IN3504586936170,savings,INR,6096.92,active,2025-08-04T16:27:40
1841,950,IN6397192179023,credit,INR,-161428.73,closed,2026-04-22T00:06:15
1842,950,IN3308538348015,credit,INR,-192538.83,active,2023-04-09T16:56:04
1843,951,SE7213487496502,checking,SEK,7375.35,active,2024-10-20T23:26:18
1844,951,SE1767101291738,savings,SEK,21784.19,frozen,2025-11-29T16:43:18
1845,952,US7703081082219,checking,USD,2028.64,active,2025-10-28T13:25:52
1846,952,US8543819582874,checking,USD,682.71,active,2025-11-24T02:06:40
1847,952,US7828696030199,checking,USD,1315.16,active,2026-04-14T09:22:50
1848,953,US7188152384391,checking,USD,4257.02,active,2025-03-28T09:32:02
1849,954,PT6443880666501,credit,EUR,-675.22,active,2023-02-25T06:09:13
1850,954,PT7922635328231,savings,EUR,13397.65,active,2023-09-13T22:40:29
1851,954,PT2472700447388,checking,EUR,7602.66,closed,2023-09-14T09:45:43
1852,955,PL4098130515208,savings,PLN,22.79,active,2026-02-26T11:54:47
1853,956,JP4812847155248,savings,JPY,3281897.56,active,2023-12-17T22:08:17
1854,957,GB9292826567678,checking,GBP,2644.61,active,2022-06-27T07:28:52
1855,957,GB5084977862540,checking,GBP,3910.77,active,2025-02-20T10:12:54
1856,957,GB6604597528244,savings,GBP,6752.06,frozen,2024-12-01T03:36:22
1857,958,IN7994981910423,savings,INR,667278.63,closed,2026-03-24T17:54:26
1858,959,CN4350729363394,savings,CNY,1797.23,active,2024-10-28T11:23:36
1859,959,CN7911335099804,checking,CNY,677.54,active,2024-12-26T10:20:01
1860,960,ES1882088918381,savings,EUR,1101.59,closed,2026-04-30T06:20:50
1861,960,ES9403989324213,checking,EUR,2541.1,frozen,2026-04-26T14:16:11
1862,960,ES4292733826202,checking,EUR,1565.33,active,2026-05-12T13:12:16
1863,960,ES7399684253351,checking,EUR,1746.26,active,2026-04-01T16:05:47
1864,961,SG2503794281264,savings,SGD,8287.45,active,2024-11-08T05:14:17
1865,961,SG6645460316848,savings,SGD,40494.36,active,2025-11-16T20:37:19
1866,961,SG8065438148162,savings,SGD,6171.62,frozen,2025-03-10T08:44:58
1867,962,MX8128509845688,savings,MXN,473361.79,active,2024-01-17T13:03:03
1868,962,MX8259872762314,savings,MXN,210266.29,frozen,2025-12-30T11:18:16
1869,962,MX3311305787103,savings,MXN,121548.71,frozen,2024-04-01T22:44:05
1870,963,GB1635876933749,savings,GBP,17841.07,active,2025-10-29T15:43:47
1871,963,GB9507246176165,checking,GBP,4024.81,active,2025-08-19T03:17:09
1872,963,GB2625101225377,checking,GBP,6628.61,active,2025-07-30T08:56:51
1873,964,GB8297627626002,savings,GBP,10056.23,frozen,2025-10-03T05:30:37
1874,964,GB2693213189424,checking,GBP,3509.95,active,2025-08-30T19:32:57
1875,964,GB4408447632238,checking,GBP,4905.26,frozen,2025-06-22T17:49:18
1876,965,FR7435170134293,checking,EUR,5847.29,frozen,2025-12-10T04:25:44
1877,965,FR1701193710822,credit,EUR,-178.36,active,2025-04-06T10:33:12
1878,966,US1302460727223,savings,USD,66.01,active,2023-11-09T11:01:05
1879,966,US3847757823580,checking,USD,875.47,active,2024-06-02T04:52:58
1880,967,AU1492375183223,savings,AUD,4060.31,frozen,2026-04-02T18:53:52
1881,967,AU1073918769028,savings,AUD,19832.29,active,2026-03-30T11:57:43
1882,968,US2230464145248,savings,USD,14419.96,active,2023-10-30T10:49:26
1883,969,CN7165015568869,checking,CNY,3627.35,closed,2024-09-29T05:49:44
1884,969,CN6915241955445,checking,CNY,6576.7,frozen,2026-01-03T05:56:21
1885,969,CN5588865619486,checking,CNY,3432.14,active,2026-01-11T03:14:17
1886,970,US4636009063527,savings,USD,23321.99,closed,2025-09-13T02:58:41
1887,970,US1772746311561,checking,USD,4169.22,active,2025-12-10T18:48:59
1888,971,FR5406001218089,savings,EUR,3634.32,frozen,2025-01-17T22:33:52
1889,972,AE8563718334989,credit,AED,-4561.28,active,2025-08-28T13:46:40
1890,972,AE8194670768018,savings,AED,8697.06,active,2026-04-05T07:08:49
1891,973,UA3898996040742,savings,UAH,257140.9,closed,2026-01-19T03:03:33
1892,974,NL7497964293520,checking,EUR,4246.6,closed,2024-08-27T14:38:54
1893,974,NL7765647026069,savings,EUR,87.85,active,2024-06-02T06:42:46
1894,975,US3916590537086,savings,USD,21992.04,active,2025-09-07T09:27:04
1895,975,US8164231325490,checking,USD,2119.51,active,2025-11-09T20:52:49
1896,975,US3313205780891,checking,USD,3936.62,frozen,2026-04-16T04:48:12
1897,976,DK6268941662460,savings,DKK,25807.51,active,2023-12-25T14:44:59
1898,976,DK4658678125602,savings,DKK,12.75,frozen,2025-12-14T22:23:32
1899,977,IT9313341638733,checking,EUR,4622.25,active,2025-08-24T03:50:56
1900,978,CN1437983415956,savings,CNY,37195.71,active,2025-01-18T09:17:34
1901,978,CN3096892482810,checking,CNY,1271.94,active,2023-04-27T05:28:20
1902,978,CN8499372567312,checking,CNY,1222.67,frozen,2025-06-06T17:34:31
1903,979,AU3098981468278,savings,AUD,17802.23,active,2024-11-02T23:12:25
1904,979,AU1645851951995,savings,AUD,23543.91,active,2024-09-24T17:31:14
1905,979,AU5851021978037,savings,AUD,7.81,active,2025-04-04T19:11:21
1906,980,CN2829371562173,checking,CNY,4554.83,frozen,2026-05-12T06:19:09
1907,980,CN1816535921125,savings,CNY,22346.36,active,2026-04-25T09:23:11
1908,980,CN5485761122034,checking,CNY,5039.9,frozen,2026-03-25T21:42:55
1909,981,SG3720328079330,checking,SGD,904.67,active,2025-10-12T02:31:43
1910,981,SG9343109783612,checking,SGD,1020.1,frozen,2026-01-14T01:30:03
1911,982,GB6369159050807,checking,GBP,7207.88,active,2023-06-24T19:42:39
1912,982,GB8722949113316,savings,GBP,35221.01,active,2024-12-28T23:35:04
1913,983,FR2699034038772,checking,EUR,6667.22,active,2025-06-21T11:25:46
1914,983,FR1680146837678,checking,EUR,3847.31,active,2024-11-09T06:44:12
1915,984,US2799333081629,savings,USD,28112.89,frozen,2024-12-19T07:19:05
1916,984,US4780120178457,savings,USD,25404.74,closed,2024-01-22T17:02:13
1917,985,IN9441442477170,savings,INR,3136709.39,active,2025-04-07T09:39:45
1918,985,IN8458251822636,credit,INR,-166303.06,closed,2025-05-31T03:06:32
1919,986,IT6643008388035,checking,EUR,1184.58,active,2026-04-28T00:45:19
1920,986,IT9916495435510,savings,EUR,30779.32,frozen,2026-05-01T17:15:55
1921,987,IN6222296361262,savings,INR,954192.91,active,2024-08-07T19:24:01
1922,988,JP6302056572053,savings,JPY,233416.23,frozen,2022-01-29T01:36:03
1923,989,US3806932746013,credit,USD,-3344.34,closed,2026-04-16T06:31:13
1924,989,US1052299260941,checking,USD,3951.07,frozen,2026-04-30T05:23:26
1925,990,JP3064712754466,checking,JPY,333555.18,closed,2025-07-30T13:35:54
1926,990,JP6671278057984,credit,JPY,-111726.54,active,2026-05-08T09:01:58
1927,990,JP7525328017943,checking,JPY,890274.97,active,2025-11-03T18:00:01
1928,990,JP9892144216972,savings,JPY,4396438.9,active,2025-12-25T19:20:40
1929,991,AU7490712953497,savings,AUD,35293.93,active,2026-05-06T14:32:58
1930,991,AU1891762786819,savings,AUD,20210.41,active,2026-05-13T07:35:20
1931,992,IE3494618335663,checking,EUR,5410.72,frozen,2025-10-12T18:29:08
1932,992,IE9000774594749,credit,EUR,-547.21,active,2024-04-03T19:36:48
1933,993,JP2882726284745,checking,JPY,55552.15,active,2026-04-12T07:06:32
1934,994,KR1348623469813,checking,KRW,610969.64,active,2026-01-13T10:01:40
1935,994,KR7350751929221,checking,KRW,278601.21,frozen,2025-05-13T17:19:30
1936,994,KR3682236555383,checking,KRW,1032796.14,closed,2025-03-29T20:01:38
1937,995,CA6900578463014,savings,CAD,36362.98,closed,2025-09-03T16:46:01
1938,996,FR3958051118852,checking,EUR,1840.89,active,2024-12-02T01:51:51
1939,996,FR8222839185426,checking,EUR,5292.63,active,2024-07-19T09:49:08
1940,997,DE5127484673266,checking,EUR,711.12,active,2026-01-02T14:25:35
1941,997,DE5391547964804,savings,EUR,10370.86,closed,2026-04-13T21:24:24
1942,998,MX2548018149767,savings,MXN,58869.89,active,2024-02-21T15:30:43
1943,998,MX3601995689727,checking,MXN,82759.04,active,2026-04-30T20:04:12
1944,999,ES1169250462352,credit,EUR,-1357.71,active,2026-05-16T18:47:52
1945,1000,US1641751987262,checking,USD,7537.93,closed,2025-11-16T09:29:10
1946,1000,US8074584981540,checking,USD,5294.2,active,2025-10-23T13:22:58
1947,1001,FR9761913149880,checking,EUR,1521.26,active,2026-03-02T17:56:48
1948,1001,FR7884377373590,checking,EUR,1413.84,active,2026-05-13T11:44:24
1949,1002,CH7248376985378,savings,CHF,3237.97,active,2023-06-16T11:23:17
1950,1002,CH5713023972895,savings,CHF,4674.08,active,2023-07-26T03:10:49
1951,1003,CN1214804695394,savings,CNY,33204.32,active,2025-12-02T05:07:48
1952,1004,DE2587529647194,checking,EUR,2430.49,active,2023-05-29T14:48:36
1953,1005,IT2683931381208,credit,EUR,-4027.2,active,2026-05-15T05:05:48
1954,1006,SE7872057347374,checking,SEK,4037.07,active,2025-12-08T09:20:01
1955,1006,SE9232908380223,checking,SEK,6263.47,active,2026-05-09T22:33:35
1956,1007,NL3904468256547,savings,EUR,10253.05,active,2024-03-06T12:00:24
1957,1008,GB8205602485688,checking,GBP,1541.77,active,2025-09-20T23:39:50
1958,1008,GB1117242946810,checking,GBP,5525.67,active,2026-01-12T18:32:01
1959,1009,AU5960148491487,savings,AUD,28766,closed,2023-03-08T16:52:21
1960,1009,AU8311176616570,checking,AUD,6736.08,frozen,2024-08-20T08:49:53
1961,1010,MX5450039359714,checking,MXN,131534.96,closed,2024-06-04T03:26:44
1962,1010,MX9364376899774,savings,MXN,368347.53,frozen,2026-04-22T09:43:12
1963,1010,MX2331400445202,savings,MXN,632654.64,active,2024-07-18T05:02:31
1964,1011,BR7110463141215,savings,BRL,139222.81,active,2022-12-24T04:07:56
1965,1011,BR7094782781503,checking,BRL,2467.8,frozen,2024-06-09T05:52:44
1966,1012,MX4288979341367,savings,MXN,171.51,closed,2026-05-14T10:05:09
1967,1013,IT3531416884084,checking,EUR,2139.65,frozen,2022-11-21T06:12:12
1968,1013,IT1137440615973,credit,EUR,-405.31,active,2025-03-05T21:45:59
1969,1014,PL1416599416660,checking,PLN,3213.52,closed,2025-07-06T19:29:34
1970,1014,PL3803417426339,savings,PLN,11063.77,active,2025-02-06T07:01:14
1971,1014,PL5996866888599,savings,PLN,16909.86,closed,2026-05-05T19:53:55
1972,1014,PL5629160610750,credit,PLN,-3502.1,active,2026-03-31T11:48:57
1973,1015,DE9602801071540,checking,EUR,1596.05,active,2023-03-30T07:18:32
1974,1016,BR8516257857308,checking,BRL,17749.78,active,2026-05-16T01:23:48
1975,1016,BR8170077769835,savings,BRL,163282.09,active,2026-05-14T15:20:39
1976,1016,BR5714425820256,checking,BRL,1562.03,active,2026-05-02T23:31:48
1977,1017,NL6441596691023,checking,EUR,865.99,active,2025-03-28T03:38:26
1978,1018,PT1614831712949,checking,EUR,1076.32,active,2023-11-04T10:04:59
1979,1018,PT6557546052481,savings,EUR,37181.38,closed,2025-07-26T14:57:00
1980,1018,PT7407085369892,checking,EUR,7275.86,frozen,2023-06-30T19:30:55
1981,1019,US4956332958295,savings,USD,15209.87,closed,2026-05-07T01:40:53
1982,1020,IN2104165033988,checking,INR,211429.99,active,2026-04-15T09:11:16
1983,1021,US4736515393380,checking,USD,3528.66,active,2025-11-20T03:41:13
1984,1021,US6785347890774,checking,USD,1931.25,frozen,2026-01-01T17:35:52
1985,1022,CA9862205175528,checking,CAD,5017.28,active,2025-08-20T02:52:19
1986,1023,SE3528516515709,savings,SEK,14254.18,active,2026-02-01T22:13:12
1987,1023,SE3688448927645,savings,SEK,12748.94,active,2025-10-30T02:20:56
1988,1024,US6522642133536,savings,USD,35512.91,active,2026-04-23T01:19:39
1989,1024,US5512352757049,checking,USD,6308.71,active,2026-02-14T02:03:14
1990,1024,US6365521363189,checking,USD,4237.3,frozen,2026-04-27T07:18:58
1991,1024,US2780173678290,savings,USD,32523.48,active,2026-02-13T10:10:02
1992,1025,AT2435975975432,checking,EUR,6512.2,closed,2025-05-03T23:44:05
1993,1025,AT8035271119402,savings,EUR,18.07,active,2026-02-05T23:58:31
1994,1025,AT6642156067214,checking,EUR,7039.58,active,2025-06-28T14:05:19
1995,1026,PL9313347481183,savings,PLN,10474.13,active,2025-02-26T23:57:58
1996,1027,NL6244442037193,credit,EUR,-1780.76,active,2024-11-11T02:38:18
1997,1028,JP9363718499444,checking,JPY,210871.64,active,2026-01-16T15:01:15
1998,1028,JP3584349265879,checking,JPY,455544.81,frozen,2025-12-31T23:41:04
1999,1028,JP7298317669979,checking,JPY,284563.78,active,2025-11-08T20:57:14
2000,1029,ES8702734814836,checking,EUR,6847.91,active,2022-07-07T19:51:35
2001,1029,ES5273650780934,savings,EUR,36021.47,active,2024-02-29T02:28:15
2002,1030,GB6810847361175,savings,GBP,15447.02,active,2026-04-29T22:53:31
2003,1030,GB4289881411185,savings,GBP,40496.64,active,2026-02-26T12:25:37
2004,1030,GB3988264611285,checking,GBP,6965.33,closed,2026-05-08T19:57:54
2005,1031,SE9227615157820,savings,SEK,17049.57,active,2025-06-23T22:05:08
2006,1032,CN2809433338666,checking,CNY,2443.46,active,2025-10-07T05:00:29
2007,1032,CN3436435699525,checking,CNY,7050,active,2025-06-01T08:44:00
2008,1033,PL8712504838919,credit,PLN,-274.35,active,2025-07-25T09:50:18
2009,1033,PL2780442325087,checking,PLN,558.5,active,2025-01-23T12:24:48
2010,1034,NL3821139748782,checking,EUR,5639.7,active,2022-10-03T03:40:55
2011,1035,US8049550021864,checking,USD,5580.87,active,2026-05-06T01:25:29
2012,1035,US8204597313239,checking,USD,1166.64,active,2025-01-17T13:18:20
2013,1036,ES4729611411783,checking,EUR,3995.68,active,2026-04-24T08:45:31
2014,1037,MX3901363525268,checking,MXN,64653.49,active,2025-04-01T22:55:55
2015,1037,MX3997926636151,checking,MXN,108990.18,closed,2026-03-26T06:57:07
2016,1037,MX9003452940434,savings,MXN,28473.96,frozen,2024-08-02T00:53:17
2017,1038,IT4595451687065,savings,EUR,17279.18,active,2026-04-02T21:25:30
2018,1039,DE2462025252572,checking,EUR,5412.38,active,2026-04-18T22:47:31
2019,1039,DE6105317217998,checking,EUR,4206.35,active,2026-05-15T14:29:21
2020,1040,FR1232054796359,checking,EUR,7843.79,frozen,2024-10-17T15:44:36
2021,1040,FR2223207184302,savings,EUR,32744.11,active,2026-01-12T00:28:02
2022,1040,FR3045526822822,checking,EUR,2602.3,active,2024-08-23T09:13:56
2023,1041,GB4846997772386,checking,GBP,507.96,active,2024-09-29T06:37:55
2024,1042,US1984551259099,credit,USD,-3122.01,active,2026-04-24T20:38:34
2025,1042,US1389262321394,checking,USD,6810.73,frozen,2024-04-08T19:06:30
2026,1043,DE6378364388817,savings,EUR,13118.12,active,2025-02-12T00:01:45
2027,1044,DE4723679550444,savings,EUR,13703.82,active,2025-02-16T16:36:56
2028,1045,AU1483823875560,checking,AUD,2870.66,active,2026-03-05T13:51:33
2029,1046,ES8266195510642,checking,EUR,5782.48,frozen,2024-07-18T23:31:40
2030,1047,ES3178639821059,checking,EUR,102.21,active,2023-07-15T21:20:39
2031,1048,NL2235586645309,checking,EUR,6162.18,closed,2026-02-01T00:48:07
2032,1049,DE8350720560571,checking,EUR,2234.08,active,2023-10-24T12:44:55
2033,1050,US3877628088641,savings,USD,18679.91,active,2024-10-02T05:39:44
2034,1050,US9337713487259,checking,USD,4999.97,closed,2023-02-20T05:56:41
2035,1051,CA4516422116690,savings,CAD,3162.83,closed,2025-12-20T22:21:35
2036,1052,SG5848800319397,checking,SGD,1345.22,frozen,2023-05-28T01:34:44
2037,1052,SG1336833758131,savings,SGD,5902.99,active,2026-04-19T16:22:01
2038,1053,JP9916767336947,savings,JPY,3476889.56,active,2025-03-04T22:28:53
2039,1053,JP7064727634855,credit,JPY,-310609.16,active,2026-05-13T17:08:45
2040,1053,JP8844285815623,checking,JPY,364882.94,active,2026-01-16T23:24:02
2041,1054,US4322278374166,checking,USD,4763.52,active,2026-03-02T23:38:56
2042,1054,US1433188161537,credit,USD,-1318.11,frozen,2026-03-23T03:23:29
2043,1054,US1305865429844,checking,USD,6142.31,closed,2026-04-22T14:19:43
2044,1055,MX8787555392097,savings,MXN,181097.95,active,2023-07-21T07:30:32
2045,1055,MX8661020954665,checking,MXN,61657.45,frozen,2023-09-20T06:55:29
2046,1056,AT4571933272030,savings,EUR,13.15,frozen,2026-03-19T15:02:43
2047,1057,KR6977830260579,savings,KRW,4924903.58,closed,2026-01-30T18:29:53
2048,1058,BE4004189960788,checking,EUR,2878.52,active,2023-01-18T01:48:17
2049,1059,UA5758078893626,credit,UAH,-47695.81,active,2026-02-20T06:26:29
2050,1059,UA6618101270183,checking,UAH,162415.33,closed,2025-11-27T19:51:22
2051,1060,NL2582054242221,checking,EUR,5809.42,closed,2025-08-03T11:20:03
2052,1060,NL5776464986507,checking,EUR,7915.49,active,2025-11-07T13:37:23
2053,1060,NL4129909224893,savings,EUR,39342.41,frozen,2024-10-01T12:46:28
2054,1061,MX3461251278453,checking,MXN,132807.35,active,2025-12-14T12:37:16
2055,1061,MX3505714096904,checking,MXN,77546.34,closed,2025-03-30T04:17:31
2056,1062,GB8457349438408,checking,GBP,4537.81,active,2025-10-06T07:05:18
2057,1063,US3415315948087,savings,USD,32009.48,active,2023-12-22T14:02:30
2058,1064,ZA8391800050215,checking,ZAR,6448.26,closed,2023-08-27T12:59:27
2059,1064,ZA1107069134761,savings,ZAR,28603.81,active,2022-01-09T00:47:51
2060,1065,FR5842497256505,checking,EUR,1427.73,active,2025-02-04T10:28:27
2061,1065,FR4239923543256,savings,EUR,24676.15,closed,2024-02-25T15:15:14
2062,1066,GB7443499083907,checking,GBP,5631.56,frozen,2022-10-30T12:58:38
2063,1067,AT1884922929301,savings,EUR,1638.57,frozen,2023-06-23T01:40:54
2064,1067,AT5247704314129,savings,EUR,37929.9,closed,2022-08-09T16:37:53
2065,1068,AU3116181973188,savings,AUD,33859.14,active,2025-11-17T10:23:06
2066,1068,AU6696063413206,savings,AUD,29376.57,active,2026-04-09T07:33:32
2067,1068,AU8853346731848,credit,AUD,-3962.06,frozen,2022-08-11T10:29:36
2068,1069,UA4957703249331,savings,UAH,1328624.45,frozen,2025-12-22T15:49:58
2069,1069,UA2012670776392,checking,UAH,189248.85,active,2026-03-17T10:05:01
2070,1069,UA5091446489103,savings,UAH,787884.65,frozen,2026-05-05T02:59:59
2071,1070,GB5181024459897,checking,GBP,1978.17,active,2023-12-04T15:40:51
2072,1071,DE9256397794017,checking,EUR,2796.1,active,2024-10-20T06:27:18
2073,1071,DE6799460064955,checking,EUR,780.38,frozen,2022-12-11T08:52:53
2074,1072,US2198963297828,checking,USD,3260.96,active,2026-04-07T02:51:20
2075,1072,US2014496552546,checking,USD,5387.89,active,2026-03-19T11:18:17
2076,1073,PT4880380847797,checking,EUR,7627.35,frozen,2026-02-15T01:31:06
2077,1073,PT1264758598435,savings,EUR,22337.32,active,2024-10-05T23:39:50
2078,1074,AE8613125929286,savings,AED,8955.77,frozen,2026-05-06T07:47:45
2079,1074,AE5375439476002,checking,AED,5396.28,closed,2026-01-06T15:00:02
2080,1075,FR5805891119269,checking,EUR,7995.9,closed,2025-07-12T02:51:42
2081,1075,FR6138920998315,checking,EUR,5798.72,active,2025-06-17T20:21:36
2082,1075,FR8565145323483,checking,EUR,6348.43,closed,2024-07-02T13:58:51
2083,1076,CA3457121379026,savings,CAD,13894.03,active,2022-05-18T08:53:07
2084,1076,CA4362886553902,checking,CAD,4127.1,frozen,2022-06-06T17:26:44
2085,1076,CA1192999578585,checking,CAD,1732.92,active,2022-05-18T22:41:21
2086,1077,GB4079930697602,savings,GBP,24119.68,active,2024-10-20T09:14:59
2087,1077,GB4484266733400,savings,GBP,12294.52,active,2025-05-18T19:23:02
2088,1077,GB1476858298139,checking,GBP,1024.35,active,2023-12-22T11:06:45
2089,1078,FR6448606087877,savings,EUR,37888.17,frozen,2025-06-21T16:55:12
2090,1079,DE4134126586627,checking,EUR,5049,active,2025-07-26T11:21:19
2091,1080,FR7923567119318,credit,EUR,-2236.41,frozen,2026-04-19T17:19:26
2092,1080,FR7793905917877,checking,EUR,2282.2,active,2026-04-28T14:55:55
2093,1080,FR4914602062098,checking,EUR,7863.49,frozen,2026-04-24T06:48:02
2094,1081,IT9214920959925,checking,EUR,6924.46,active,2025-07-04T20:28:13
2095,1081,IT8027032910156,credit,EUR,-1894.63,active,2025-08-14T09:03:31
2096,1082,IT8533554021738,checking,EUR,7179.78,active,2025-08-05T04:04:33
2097,1083,IT8058430175504,savings,EUR,10010.7,active,2025-09-10T15:50:02
2098,1083,IT4824514029719,checking,EUR,5361.55,closed,2025-06-14T07:06:21
2099,1083,IT2649802727228,savings,EUR,37495.46,active,2023-04-09T14:06:10
2100,1084,FR6208140143098,checking,EUR,517.64,frozen,2025-01-30T13:47:07
2101,1085,US2923554869240,checking,USD,2922.21,active,2026-01-24T20:01:08
2102,1085,US4156815732038,checking,USD,1812.68,closed,2024-10-09T06:03:38
2103,1085,US6019567916595,credit,USD,-1395.43,active,2025-01-27T11:03:53
2104,1086,IT6496906793318,credit,EUR,-4857.61,closed,2025-05-25T18:57:17
2105,1086,IT7449379291471,checking,EUR,1592.17,frozen,2025-10-26T07:45:56
2106,1086,IT2748443351105,savings,EUR,1403.67,active,2025-03-03T16:21:57
2107,1087,DE2874881295005,checking,EUR,7637.68,active,2023-09-12T18:03:48
2108,1088,JP8261176690915,savings,JPY,8006.99,closed,2026-02-15T00:12:45
2109,1088,JP6061425471802,savings,JPY,1916078.84,active,2025-08-31T05:30:03
2110,1088,JP6983080921786,checking,JPY,173292.1,frozen,2024-12-31T05:40:53
2111,1089,DK6357476862482,checking,DKK,7715.71,active,2022-08-02T20:33:47
2112,1089,DK8926185641070,savings,DKK,35361.24,frozen,2024-04-06T10:40:20
2113,1090,NL4730649479880,checking,EUR,872.66,active,2023-04-16T22:42:19
2114,1091,BR2648823515782,savings,BRL,157893.76,closed,2025-05-13T18:23:03
2115,1091,BR5647910822273,checking,BRL,39229.78,active,2026-02-12T06:50:47
2116,1092,FR5169318257424,checking,EUR,4792.11,active,2026-05-04T21:55:49
2117,1093,IT9520373777345,checking,EUR,403.4,closed,2025-09-18T08:56:29
2118,1093,IT8662185797443,credit,EUR,-1847.13,active,2026-04-13T16:03:46
2119,1094,GB9326482029910,checking,GBP,4367.01,frozen,2026-03-12T06:22:14
2120,1094,GB5327951456267,checking,GBP,5528.09,active,2025-09-08T21:37:27
2121,1095,US5940450439721,checking,USD,3088.58,frozen,2023-05-14T04:59:31
2122,1095,US3224633850990,checking,USD,1738.39,frozen,2023-08-03T22:26:13
2123,1095,US1685773385469,savings,USD,6537.56,active,2022-01-09T03:08:10
2124,1096,FR9007200631985,savings,EUR,12686.24,active,2023-05-25T21:40:49
2125,1096,FR7944467686307,checking,EUR,7357.99,active,2025-10-16T14:15:16
2126,1097,US3590985632877,checking,USD,6657.28,closed,2025-06-26T01:39:19
2127,1097,US9305425627096,checking,USD,6126.31,active,2025-08-07T23:20:36
2128,1097,US2805002638299,checking,USD,5826.49,closed,2026-05-07T15:09:18
2129,1097,US3867488230171,credit,USD,-2537.72,active,2025-03-30T18:04:36
2130,1098,SG2300874089118,checking,SGD,2871.48,active,2025-07-20T03:02:51
2131,1098,SG1657012546686,checking,SGD,6358.57,active,2024-10-04T08:39:36
2132,1099,PL5393221870433,savings,PLN,2022.13,active,2023-07-15T22:54:05
2133,1100,FR5392690653037,checking,EUR,4749.89,active,2026-05-02T16:35:38
2134,1100,FR2714696534984,savings,EUR,23414.51,active,2026-04-07T18:32:22
2135,1101,AU9263369952859,savings,AUD,24271.74,active,2025-02-20T23:32:19
2136,1101,AU3777030481402,savings,AUD,36540.07,active,2025-09-14T00:26:04
2137,1101,AU9440316433034,savings,AUD,96.45,closed,2026-02-14T10:20:05
2138,1102,GB2814799714515,checking,GBP,3400.84,active,2024-11-22T01:10:34
2139,1103,IE6916184657146,checking,EUR,5659.72,active,2025-09-30T21:34:28
2140,1103,IE3957170079392,credit,EUR,-1908.62,active,2025-09-29T10:01:30
2141,1104,GB2364314226480,checking,GBP,3269.08,frozen,2026-04-11T13:58:55
2142,1104,GB6511284075912,checking,GBP,7367.01,frozen,2026-05-12T18:31:26
2143,1104,GB3881657890488,checking,GBP,2570.72,frozen,2026-05-08T13:30:15
2144,1105,AU3731932926878,checking,AUD,6317.04,closed,2023-04-02T22:36:52
2145,1106,IN3369079843536,savings,INR,2832005.5,closed,2025-03-11T05:55:08
2146,1106,IN6694177742931,checking,INR,596165.74,active,2025-10-07T22:06:35
2147,1106,IN2202336875197,savings,INR,2040956.94,frozen,2024-10-05T16:08:04
2148,1107,NL4167212147624,credit,EUR,-2524.88,active,2023-01-16T14:18:20
2149,1107,NL5737858943996,savings,EUR,28471.73,active,2022-06-04T06:59:16
2150,1107,NL8112943229239,savings,EUR,26324.56,closed,2022-11-24T18:13:50
2151,1108,US7131758551963,savings,USD,21149.16,frozen,2022-09-30T20:13:50
2152,1108,US3998783458463,checking,USD,7726.87,active,2024-09-19T09:39:47
2153,1109,SG1641143774551,savings,SGD,64.21,active,2024-04-28T08:44:22
2154,1109,SG8393011335375,credit,SGD,-4007,active,2022-09-21T13:11:42
2155,1109,SG8062279621929,checking,SGD,3110.77,active,2024-11-23T15:39:31
2156,1110,ES7614713357552,checking,EUR,3197.48,active,2025-12-24T15:15:44
2157,1111,US1020167372612,savings,USD,11124.1,active,2021-12-13T11:44:48
2158,1112,SE3377052611441,checking,SEK,6514.21,closed,2026-03-08T09:45:45
2159,1112,SE6864343020636,checking,SEK,282.9,active,2026-03-10T04:06:09
2160,1113,UA6908542943316,savings,UAH,1095279.27,active,2025-05-01T06:07:16
2161,1114,DE7595316991121,checking,EUR,7667.18,frozen,2024-08-20T03:43:55
2162,1115,ZA5528193977979,checking,ZAR,418.7,closed,2026-04-13T13:14:43
2163,1115,ZA2039789190416,checking,ZAR,7980.81,active,2025-06-01T18:20:27
2164,1116,ES6255094731968,checking,EUR,6732.15,active,2026-02-13T23:40:40
2165,1117,SE5176618815080,checking,SEK,5150.28,frozen,2025-12-11T08:13:56
2166,1117,SE1712650679675,checking,SEK,4370.16,active,2025-09-12T14:16:19
2167,1117,SE8259050991024,checking,SEK,829.47,active,2025-12-28T08:03:25
2168,1117,SE1798779057282,savings,SEK,37900.76,active,2025-03-16T19:38:53
2169,1118,TR4181854921229,checking,TRY,128807.6,closed,2026-04-23T05:05:28
2170,1118,TR4045910391967,savings,TRY,883953.12,frozen,2024-03-01T15:06:32
2171,1118,TR6086518027042,savings,TRY,255600.65,active,2026-03-15T20:39:40
2172,1119,ZA5064322559794,checking,ZAR,2780.74,active,2025-09-30T15:56:36
2173,1120,PL4608584596747,checking,PLN,71.22,frozen,2022-12-10T19:39:19
2174,1120,PL7159119824243,checking,PLN,2419.82,active,2024-04-07T16:38:47
2175,1120,PL7710762189923,credit,PLN,-4441.74,active,2022-10-13T14:02:20
2176,1121,FR3865678524556,credit,EUR,-218.76,active,2025-01-06T04:06:03
2177,1121,FR5498300511155,savings,EUR,33443.13,active,2025-08-07T14:05:43
2178,1122,US2766117133545,checking,USD,2928.02,frozen,2022-10-20T06:30:18
2179,1122,US5672326510451,checking,USD,1701.75,active,2022-10-15T16:21:16
2180,1122,US2822001282566,checking,USD,6515.21,active,2023-11-16T00:18:35
2181,1123,CA6968456686321,checking,CAD,331.92,active,2025-12-30T06:01:32
2182,1123,CA8287782613290,checking,CAD,3399.41,closed,2024-12-24T20:58:22
2183,1124,CA9410792478863,checking,CAD,6740.35,active,2024-11-02T23:59:14
2184,1125,CN2719001510599,checking,CNY,5455.53,active,2024-12-08T21:35:23
2185,1125,CN2268284229974,savings,CNY,30392.97,active,2025-03-17T02:59:38
2186,1126,BE5522397093087,checking,EUR,7780.54,active,2026-02-09T09:24:28
2187,1126,BE3721730192402,savings,EUR,40884.59,active,2026-04-25T20:02:15
2188,1126,BE8065591678297,savings,EUR,13931.95,active,2025-06-08T10:23:55
2189,1127,US9280554932395,credit,USD,-169.91,frozen,2026-04-29T19:20:53
2190,1128,GB5900010427516,savings,GBP,30958.04,active,2024-01-25T14:53:48
2191,1129,AE6901581220204,credit,AED,-2678.76,frozen,2026-04-05T06:16:36
2192,1129,AE5275062644127,savings,AED,39241.58,active,2026-04-25T17:11:36
2193,1129,AE8533369295923,checking,AED,699.04,active,2026-04-28T08:09:37
2194,1130,DE6032861715722,credit,EUR,-4835.47,active,2024-03-17T20:33:34
2195,1130,DE3020363736563,checking,EUR,7998.42,active,2024-07-07T19:00:59
2196,1130,DE3056207538661,checking,EUR,2160.96,frozen,2025-08-25T03:07:33
2197,1131,AU2901598336306,checking,AUD,2881.41,active,2026-05-15T11:02:44
2198,1132,FR2350199572964,checking,EUR,3055.29,frozen,2023-04-10T13:47:32
2199,1133,GB2043070585754,credit,GBP,-2644.7,active,2026-03-06T20:40:34
2200,1133,GB4880288437890,savings,GBP,9500.71,active,2026-03-07T09:59:20
2201,1134,MX9412932245436,checking,MXN,45911.01,closed,2026-02-06T19:12:19
2202,1134,MX2894408458847,savings,MXN,658494.18,active,2024-06-25T22:10:59
2203,1134,MX8908005121352,savings,MXN,49096.3,frozen,2024-02-21T07:07:01
2204,1134,MX5248335641362,checking,MXN,90214.51,closed,2026-03-04T23:15:14
2205,1135,UA5454222749495,savings,UAH,1276060.89,active,2026-03-15T03:42:45
2206,1135,UA4068270777594,savings,UAH,212403.54,active,2026-03-31T17:53:45
2207,1136,AU9952003282505,savings,AUD,34843.96,active,2022-01-21T03:18:32
2208,1136,AU5406388548823,savings,AUD,40649.89,active,2023-04-04T11:57:35
2209,1137,JP4028705129826,checking,JPY,859336.26,active,2022-04-06T04:43:18
2210,1137,JP5609720664008,checking,JPY,409123.94,frozen,2025-10-13T11:17:53
2211,1137,JP8811237473146,savings,JPY,1333052.96,closed,2023-08-30T17:38:11
2212,1138,UA3490125287539,savings,UAH,801504.68,active,2025-01-16T18:11:07
2213,1139,KR5836757735236,checking,KRW,11672.02,closed,2025-12-23T15:19:20
2214,1139,KR8611653139749,savings,KRW,4379082.83,active,2025-12-23T02:35:23
2215,1140,MX9326145473947,checking,MXN,63256.08,active,2026-03-19T22:24:16
2216,1141,PL8257445247526,checking,PLN,821.98,active,2026-01-17T07:32:33
2217,1142,US2617423350380,savings,USD,7848.56,frozen,2026-04-16T04:50:05
2218,1143,FR6162826382793,savings,EUR,19611.94,active,2025-07-28T21:04:27
2219,1144,GB3503234361536,savings,GBP,27774.82,active,2026-05-06T18:18:41
2220,1144,GB4528943176529,checking,GBP,7789.12,active,2025-12-27T10:14:00
2221,1144,GB1999900119382,checking,GBP,4026.02,active,2025-11-23T18:09:34
2222,1145,BE9559049141487,checking,EUR,1488.07,frozen,2026-02-05T04:42:01
2223,1146,FR2723395726374,savings,EUR,11690.44,active,2024-10-20T22:02:27
2224,1147,US2414001110947,checking,USD,2508.09,active,2026-05-06T23:41:47
2225,1147,US7359613299277,checking,USD,3941.13,frozen,2026-05-07T05:37:32
2226,1147,US1275373365174,savings,USD,11269.83,active,2026-04-27T22:05:31
2227,1147,US4407997860386,savings,USD,19248.85,active,2026-05-01T05:49:10
2228,1148,DE5906679425623,checking,EUR,7766.03,closed,2024-12-21T15:40:43
2229,1149,AU5946572533637,checking,AUD,901.59,active,2025-08-05T21:26:53
2230,1149,AU1104397935475,checking,AUD,6109.02,active,2026-02-19T19:41:02
2231,1149,AU2412727880404,checking,AUD,6250.35,frozen,2025-08-02T14:20:59
2232,1150,FR4679560915037,checking,EUR,7801.19,active,2024-11-15T12:23:58
2233,1151,US2219576958336,credit,USD,-1080.46,active,2025-01-08T12:17:34
2234,1151,US8886636949101,checking,USD,5035,active,2025-05-09T16:54:46
2235,1152,JP7272483389129,checking,JPY,604028.54,active,2026-01-27T19:31:38
2236,1153,TR5816733450970,checking,TRY,88663.21,closed,2026-03-14T14:36:09
2237,1153,TR1469128899173,checking,TRY,190593.22,active,2026-04-01T13:25:14
2238,1154,MX4606741279246,credit,MXN,-40974.79,active,2026-04-22T14:40:08
2239,1155,UA6279893968965,savings,UAH,195.18,closed,2025-01-10T21:31:02
2240,1155,UA2114075977428,credit,UAH,-18184.72,active,2024-10-17T21:29:44
2241,1155,UA3897180594974,savings,UAH,1330269.01,active,2023-01-17T14:19:18
2242,1156,GB8248847492910,checking,GBP,4209.53,active,2024-09-17T13:17:51
2243,1157,MX4430346629455,savings,MXN,88206.26,frozen,2025-06-13T08:17:55
2244,1158,US2705338474350,checking,USD,2735.17,closed,2025-10-27T17:14:25
2245,1158,US3797805772865,checking,USD,7305.96,active,2025-06-12T12:53:16
2246,1158,US5982034440643,checking,USD,4131.67,active,2026-01-04T09:05:19
2247,1159,NL8436234372334,checking,EUR,6338.22,active,2023-07-06T14:05:29
2248,1160,IN1703705449562,checking,INR,334829.8,active,2025-11-13T08:39:24
2249,1160,IN7698836428726,savings,INR,369926.39,active,2024-06-13T17:16:45
2250,1160,IN3997561295641,checking,INR,507149.94,active,2025-03-16T08:40:56
2251,1161,US2201953281681,savings,USD,21779.77,active,2026-02-27T12:16:53
2252,1162,IE2547386498268,checking,EUR,388.91,active,2023-08-06T13:20:11
2253,1163,AU4765379039224,checking,AUD,1453.53,active,2025-11-29T20:42:46
2254,1164,JP4397447270826,savings,JPY,2085138.76,frozen,2024-04-18T11:05:25
2255,1164,JP3299476445343,savings,JPY,3316438.69,active,2025-07-15T04:06:09
2256,1164,JP1106404678246,checking,JPY,445108.65,active,2025-03-29T14:31:13
2257,1165,IN4780591189929,savings,INR,367538.35,active,2023-10-14T01:11:19
2258,1165,IN4403511641210,checking,INR,30751.28,active,2024-09-11T05:34:49
2259,1166,TR6856113099538,savings,TRY,302068,active,2026-05-07T17:18:24
2260,1167,DE3618351443155,credit,EUR,-3177.01,active,2026-05-12T11:52:35
2261,1168,US2994619312602,checking,USD,6259.4,active,2026-05-04T08:05:25
2262,1169,SE3943621953909,checking,SEK,6199.66,frozen,2026-04-22T21:55:59
2263,1169,SE6513676898133,checking,SEK,6900.53,closed,2025-08-12T13:13:00
2264,1170,US3306914950667,checking,USD,6055.86,active,2025-12-19T03:11:30
2265,1170,US3506651753971,checking,USD,5437.22,frozen,2025-10-11T12:32:17
2266,1171,US4089498036352,credit,USD,-2221.02,active,2025-05-30T09:13:52
2267,1172,UA2567185414840,savings,UAH,954248.51,active,2025-05-11T06:28:14
2268,1172,UA9470434726863,checking,UAH,104414.95,active,2024-10-04T17:57:18
2269,1172,UA7921489776922,credit,UAH,-178784.71,closed,2023-04-09T13:28:45
2270,1173,SE4575996161660,savings,SEK,9052.76,active,2025-07-03T11:52:37
2271,1174,ES8069345613785,checking,EUR,1458.64,active,2023-05-12T13:56:15
2272,1175,FR7456498446009,credit,EUR,-3881.39,active,2026-01-31T08:30:26
2273,1175,FR2064171988533,savings,EUR,9079.26,active,2025-11-28T06:00:28
2274,1176,PL8043175181716,savings,PLN,2975.63,active,2025-09-20T08:52:50
2275,1177,CH8556191511535,checking,CHF,6127.15,active,2025-05-21T01:16:25
2276,1178,US5876979458108,credit,USD,-1429.88,active,2023-01-21T02:17:07
2277,1178,US5718698620208,savings,USD,23121.5,closed,2025-07-31T21:48:06
2278,1178,US5517528052106,checking,USD,7964.8,active,2022-05-31T05:34:17
2279,1178,US6243205938333,savings,USD,20790.01,active,2023-05-24T11:59:05
2280,1179,ES8567458251105,checking,EUR,7669.87,active,2024-01-17T19:59:17
2281,1179,ES6122379295526,savings,EUR,24.66,frozen,2025-08-03T18:08:32
2282,1179,ES4228396677978,checking,EUR,7024.13,frozen,2026-04-14T06:05:48
2283,1179,ES8551902069141,checking,EUR,5233.13,active,2023-08-04T07:50:59
2284,1180,IE4870648618465,savings,EUR,35040.51,active,2025-05-31T12:12:17
2285,1180,IE3559417937772,credit,EUR,-2984.64,active,2026-05-08T11:46:13
2286,1181,SE1056402581059,checking,SEK,1994.59,active,2026-04-29T22:47:36
2287,1181,SE3401690152835,checking,SEK,2341.54,active,2026-03-29T04:51:06
2288,1182,FR5029932612397,checking,EUR,62.7,active,2023-07-27T12:17:54
2289,1183,BR9163447423757,savings,BRL,76895.88,active,2025-09-15T09:22:36
2290,1183,BR4901888429626,checking,BRL,3989.02,active,2024-01-14T01:36:57
2291,1184,US6489623898833,savings,USD,32671.44,closed,2024-12-07T17:51:48
2292,1184,US3407014834572,savings,USD,22230.4,closed,2025-02-08T14:13:55
2293,1184,US2478952529371,checking,USD,7971.4,active,2024-09-19T23:52:28
2294,1184,US7549691988149,checking,USD,4486.86,active,2026-04-01T21:50:51
2295,1185,US1465386979179,checking,USD,4749.78,frozen,2025-11-30T14:29:52
2296,1185,US8457747840445,checking,USD,5552.18,active,2026-01-16T18:05:14
2297,1186,DE2151644194466,checking,EUR,7905.61,active,2024-12-02T21:03:40
2298,1186,DE7639228994638,credit,EUR,-1325.9,closed,2024-03-04T00:04:42
2299,1187,JP9262488918976,checking,JPY,324130.13,active,2025-10-27T17:01:17
2300,1187,JP2779534733627,credit,JPY,-202350.15,active,2026-01-16T13:08:51
2301,1188,KR4498929051447,checking,KRW,850599.11,frozen,2026-02-19T17:16:05
2302,1188,KR8747692862261,checking,KRW,927860.81,frozen,2026-04-14T05:32:41
2303,1188,KR4584715531747,checking,KRW,296817.74,active,2026-03-13T01:07:11
2304,1189,IT9849334420218,checking,EUR,973.03,active,2025-12-27T08:49:55
2305,1189,IT3184716544033,credit,EUR,-4320.99,active,2026-05-01T04:55:54
2306,1190,DE4531371144092,checking,EUR,7384.06,closed,2025-01-28T19:52:29
2307,1190,DE9483860796014,checking,EUR,5210.57,active,2023-09-25T11:29:46
2308,1191,PL6026311543375,savings,PLN,17107.65,active,2026-03-26T16:39:41
2309,1192,UA6532668130871,checking,UAH,80620.15,active,2023-09-13T16:12:25
2310,1193,AU4386234639028,savings,AUD,14879.7,frozen,2025-03-05T09:24:32
2311,1194,FR2518667751382,savings,EUR,34871.49,closed,2026-01-11T23:17:38
2312,1194,FR3908801729251,credit,EUR,-4993.25,active,2025-11-28T05:32:59
2313,1194,FR2195680153243,savings,EUR,39931.53,active,2026-03-27T14:28:54
2314,1195,JP3422481192583,checking,JPY,814502.94,active,2024-07-28T07:16:28
2315,1195,JP6834122290926,savings,JPY,710419.88,active,2026-01-25T00:48:00
2316,1195,JP8804566899108,checking,JPY,596624.65,active,2024-06-04T19:30:15
2317,1195,JP6226377959474,savings,JPY,3511544.66,closed,2024-07-06T18:44:38
2318,1196,US3648261356804,savings,USD,6017.95,frozen,2025-04-13T14:09:31
2319,1196,US6160526550579,savings,USD,29656.06,active,2024-12-18T12:39:51
2320,1196,US9555283488343,checking,USD,5971.08,active,2023-12-14T03:57:33
2321,1197,ES2374851674313,checking,EUR,7670.16,frozen,2022-05-29T11:06:23
2322,1197,ES1298554684588,checking,EUR,87.36,active,2025-02-19T09:08:51
2323,1198,CA8192563630971,checking,CAD,7966.61,active,2024-07-31T08:46:53
2324,1199,US2970819151152,credit,USD,-2704.06,active,2026-05-16T03:13:02
2325,1200,GB2947313097732,savings,GBP,40.19,closed,2025-06-17T09:22:58
2326,1200,GB9788328164994,checking,GBP,1131.94,active,2026-02-23T10:33:37
2327,1200,GB7597780991038,checking,GBP,1211.33,active,2025-12-20T08:28:42
2328,1201,FR5732357757175,checking,EUR,776.47,active,2025-05-01T04:39:45
2329,1201,FR2629305953843,checking,EUR,953.62,active,2025-11-23T12:18:39
2330,1202,CA6813491215259,savings,CAD,31172.42,active,2022-07-30T14:52:07
2331,1202,CA7273243319927,savings,CAD,34132.14,active,2023-08-12T16:09:35
2332,1203,FR5641537313856,checking,EUR,1734.18,active,2026-03-06T19:23:57
2333,1203,FR8311366731117,credit,EUR,-4379.18,closed,2026-05-15T20:43:06
2334,1204,US7657097583212,savings,USD,37908.37,active,2026-05-07T02:53:07
2335,1204,US2050504670426,savings,USD,4009.9,frozen,2026-03-15T19:04:41
2336,1204,US4384687397160,checking,USD,1970.31,frozen,2026-03-16T00:39:39
2337,1205,CA5689149241963,checking,CAD,6161.98,frozen,2025-01-14T22:16:25
2338,1205,CA6467793110428,savings,CAD,39859.51,frozen,2022-08-02T11:12:20
2339,1206,IT2260932823629,savings,EUR,23159.27,active,2025-10-03T09:28:38
2340,1206,IT5411771431041,savings,EUR,7086.49,frozen,2024-12-01T02:25:55
2341,1207,IE7238220121692,savings,EUR,14488.06,active,2024-11-09T04:49:00
2342,1207,IE6579371876619,checking,EUR,2220.11,frozen,2025-12-30T02:18:20
2343,1208,GB2682345888705,checking,GBP,6801.66,closed,2024-08-24T01:38:32
2344,1208,GB5287491014213,credit,GBP,-3746.48,active,2025-04-09T21:58:42
2345,1208,GB3427829923520,checking,GBP,7084.21,frozen,2025-01-17T23:23:59
2346,1209,GB2116907476794,checking,GBP,1571.42,active,2026-01-21T17:12:36
2347,1209,GB6262067179947,checking,GBP,1604.7,active,2025-03-16T18:32:33
2348,1210,JP1764738225219,checking,JPY,201264.83,active,2024-08-15T16:13:04
2349,1210,JP8542629353508,savings,JPY,3136476.49,active,2024-09-26T08:15:09
2350,1210,JP2081702665969,savings,JPY,3372476.61,frozen,2025-10-10T01:43:22
2351,1210,JP8734820615449,checking,JPY,22718.34,active,2025-02-21T16:29:59
2352,1211,IT8946833896966,savings,EUR,14836.64,frozen,2025-02-09T14:57:20
2353,1211,IT5208370132966,savings,EUR,36453.94,active,2024-05-22T16:47:39
2354,1212,US3114729282751,checking,USD,3950.86,active,2026-03-25T03:32:03
2355,1212,US5131379747110,checking,USD,3088.62,frozen,2026-05-06T11:36:33
2356,1213,CA3713880199392,checking,CAD,7033.4,frozen,2024-02-24T18:01:17
2357,1213,CA5913654552016,savings,CAD,39683.8,active,2025-10-23T01:41:30
2358,1213,CA2748283133089,savings,CAD,20997.07,closed,2023-08-19T10:14:50
2359,1214,IT7081179158223,credit,EUR,-251.45,closed,2025-09-30T01:36:39
2360,1214,IT5793647092441,checking,EUR,4010.74,active,2025-04-10T22:38:38
2361,1215,IT2884480860513,credit,EUR,-1297.83,active,2024-07-14T17:16:03
2362,1216,GB7785603171303,checking,GBP,476.84,active,2024-01-16T10:32:50
2363,1217,US4261284646399,savings,USD,26540.99,active,2025-04-10T03:46:50
2364,1217,US2722260892453,savings,USD,17897.9,active,2025-09-17T14:15:21
2365,1218,IT8173653384005,savings,EUR,7747.33,closed,2024-03-07T00:47:32
2366,1218,IT6157827623091,checking,EUR,3539.27,active,2023-11-11T05:47:14
2367,1218,IT6638742950943,checking,EUR,6154.35,active,2023-11-30T07:55:45
2368,1218,IT2945474938086,savings,EUR,24706.5,closed,2025-06-21T19:54:48
2369,1219,GB1042160956703,savings,GBP,18590.45,active,2025-11-22T11:54:17
2370,1219,GB7557203495631,checking,GBP,2425.33,closed,2025-10-10T04:29:44
2371,1220,US7364551926965,savings,USD,16282.59,active,2026-04-10T23:44:46
2372,1220,US3369252972412,checking,USD,4479.9,active,2026-05-08T22:55:32
2373,1221,FR4683573850245,checking,EUR,2876.06,closed,2022-08-12T04:06:25
2374,1221,FR1535804448219,checking,EUR,6205.19,active,2023-09-19T18:34:15
2375,1221,FR5484649522738,checking,EUR,1524.55,active,2025-05-02T22:19:39
2376,1222,AE2792168396301,checking,AED,7490.75,active,2024-12-28T17:15:01
2377,1223,DE2772005987704,savings,EUR,39993.31,frozen,2024-05-06T10:57:42
2378,1224,FR5480436238134,savings,EUR,26.4,frozen,2026-04-04T09:21:54
2379,1224,FR6314812341750,checking,EUR,2826.05,active,2026-04-16T15:11:23
2380,1224,FR1568594990944,checking,EUR,4921.29,closed,2026-03-10T05:17:45
2381,1225,ES1850147373679,savings,EUR,28643.64,active,2022-08-31T18:33:54
2382,1226,AU7486418728997,checking,AUD,1354.38,closed,2026-01-10T12:15:08
2383,1226,AU1747499847745,checking,AUD,1899.36,active,2025-12-13T00:35:55
2384,1226,AU7431864474417,checking,AUD,3927.66,active,2024-10-17T07:35:16
2385,1226,AU4879028882282,savings,AUD,1520.6,active,2024-08-10T21:49:57
2386,1227,FR7014651090506,credit,EUR,-4040.44,closed,2025-11-07T09:12:38
2387,1228,US7147365850987,checking,USD,2885.96,active,2025-08-10T16:33:37
2388,1228,US2609748470303,checking,USD,2484.76,frozen,2024-08-27T16:06:52
2389,1228,US5208774043262,checking,USD,7058.68,active,2026-03-06T04:05:07
2390,1229,CA8954114485123,savings,CAD,22070.49,active,2023-08-27T12:27:13
2391,1229,CA5065366642948,credit,CAD,-531.7,closed,2025-11-24T21:48:43
2392,1230,IT1994872683664,checking,EUR,6919.74,frozen,2025-02-18T10:41:24
2393,1231,DK7647923420389,savings,DKK,3120.23,active,2024-11-01T16:25:18
2394,1231,DK9347714552107,checking,DKK,7821.74,frozen,2025-05-22T13:36:45
2395,1232,DE7612444361216,checking,EUR,7474.43,closed,2024-12-10T06:01:42
2396,1232,DE2023275757517,checking,EUR,5213.99,active,2026-01-22T06:32:28
2397,1232,DE8498098651125,savings,EUR,36632.15,frozen,2024-04-24T01:59:57
2398,1233,US9248606377512,savings,USD,14424.11,closed,2025-05-14T06:57:26
2399,1233,US7735344363703,savings,USD,9181.38,frozen,2025-07-26T10:18:29
2400,1233,US9203945498792,checking,USD,1196.05,active,2024-11-02T12:56:52
2401,1234,US4378887120286,savings,USD,2.8,active,2026-05-15T09:22:40
2402,1235,US9565583639830,checking,USD,4942.12,active,2024-08-07T02:03:11
2403,1235,US2481224094635,checking,USD,6065.79,active,2024-09-14T19:43:34
2404,1235,US1531304968294,checking,USD,3161.32,active,2023-09-13T21:45:39
2405,1236,US2926057996645,savings,USD,28872.45,active,2024-07-13T12:33:15
2406,1236,US8142232745614,checking,USD,5773.33,active,2026-03-10T04:29:57
2407,1237,GB5215569621260,checking,GBP,2850.2,frozen,2024-02-06T23:46:15
2408,1237,GB8738195939782,checking,GBP,1205.23,frozen,2023-05-03T04:16:11
2409,1237,GB3796485781815,savings,GBP,26027.03,active,2025-01-16T15:03:18
2410,1238,PL3181952325108,credit,PLN,-494.54,closed,2026-03-05T16:02:00
2411,1238,PL7061527521610,savings,PLN,7783.31,active,2025-10-23T16:02:26
2412,1239,ZA7471774398770,savings,ZAR,25712.9,closed,2025-12-28T02:29:55
2413,1240,BE3241852267071,checking,EUR,1649.7,active,2024-07-17T09:57:13
2414,1240,BE5487793238137,savings,EUR,12299.24,frozen,2025-06-29T17:17:14
2415,1241,SE5225977642846,checking,SEK,340.23,active,2026-04-19T20:29:09
2416,1241,SE6470460010371,checking,SEK,3764,active,2026-05-11T14:44:23
2417,1242,IT2631741555802,savings,EUR,33662.2,frozen,2025-09-02T18:46:29
2418,1243,FR1301854370607,checking,EUR,7588.91,frozen,2026-01-24T15:14:07
2419,1243,FR9693474979947,savings,EUR,12698.3,frozen,2026-05-11T17:30:33
2420,1243,FR1179137330472,savings,EUR,8759.9,active,2025-03-07T00:45:23
2421,1244,ES6390342359194,checking,EUR,7135.97,active,2026-04-23T02:34:11
2422,1244,ES7849544683439,checking,EUR,3404.73,active,2026-01-30T00:44:53
2423,1244,ES2333888428750,checking,EUR,4803.81,active,2026-05-13T15:27:40
2424,1245,US6795060877593,checking,USD,3441.1,active,2025-10-10T19:11:41
2425,1245,US6433351356153,checking,USD,637.83,active,2025-05-29T09:31:12
2426,1245,US6237938089433,savings,USD,39521.42,frozen,2023-11-29T01:32:42
2427,1245,US9306174928031,credit,USD,-1700.12,frozen,2025-02-22T22:22:16
2428,1246,BE5762835879999,savings,EUR,15619.58,frozen,2023-10-26T03:00:54
2429,1246,BE6841639031043,savings,EUR,23434.5,active,2023-12-06T17:52:12
2430,1246,BE4486299035579,checking,EUR,3600.42,active,2024-10-21T10:32:52
2431,1247,TR3546390351017,savings,TRY,625663.21,active,2022-08-20T20:34:26
2432,1248,BR1848135837461,checking,BRL,29840.64,frozen,2025-09-25T02:02:37
2433,1249,US7138088656762,savings,USD,17430.33,active,2025-07-28T21:03:29
2434,1250,US3287370590205,checking,USD,5228,frozen,2026-05-01T08:21:07
2435,1250,US4721803115196,checking,USD,3870.86,frozen,2026-01-14T05:50:42
2436,1251,FR2480394315253,savings,EUR,1940.33,active,2025-03-25T15:16:23
2437,1251,FR8737436267519,credit,EUR,-1978.89,frozen,2026-03-03T07:35:42
2438,1251,FR4214245316319,checking,EUR,7068.08,frozen,2026-01-16T11:55:43
2439,1252,GB1382843486377,checking,GBP,3542.7,active,2023-11-06T06:48:18
2440,1253,US8079817796698,savings,USD,30177.07,active,2025-10-05T08:38:33
2441,1253,US7633339850588,savings,USD,15507.16,frozen,2022-01-07T12:49:26
2442,1254,SE9595427891628,credit,SEK,-3791.03,active,2023-08-12T02:32:03
2443,1254,SE1962907444821,savings,SEK,40971.14,active,2024-02-11T02:32:45
2444,1255,PL2106201792718,savings,PLN,5214.73,active,2024-08-07T06:16:39
2445,1255,PL3983478540236,savings,PLN,52.97,active,2023-08-12T02:18:07
2446,1256,AU3683822991789,checking,AUD,3378.35,active,2025-05-30T22:51:08
2447,1256,AU6592799362088,savings,AUD,63.97,active,2021-12-22T03:20:22
2448,1257,US7538835377050,savings,USD,6520.22,active,2024-04-25T13:34:09
2449,1257,US8913893388556,savings,USD,5898.82,active,2024-11-23T21:24:48
2450,1257,US4016344327668,savings,USD,13773.6,active,2025-08-17T09:13:34
2451,1258,BE3418953953735,savings,EUR,24488.99,active,2026-01-15T06:24:18
2452,1258,BE5273828470033,checking,EUR,2559.17,active,2026-01-21T14:16:48
2453,1258,BE3940536349059,checking,EUR,6553.07,frozen,2026-01-27T13:40:31
2454,1259,US2206876434158,credit,USD,-1110.05,active,2026-04-18T17:29:07
2455,1259,US4297262311855,checking,USD,6958.87,frozen,2025-09-29T10:44:16
2456,1260,PL3098505839580,credit,PLN,-65.57,active,2025-04-11T03:18:20
2457,1260,PL3548582757166,checking,PLN,7094.44,active,2025-10-03T09:58:11
2458,1261,BR3976654591506,checking,BRL,25221.46,closed,2025-03-15T04:58:04
2459,1261,BR1265249067763,credit,BRL,-3298.93,active,2025-09-20T02:12:45
2460,1261,BR5735955153872,credit,BRL,-18165.51,active,2025-06-03T19:55:43
2461,1262,FR9474035478977,credit,EUR,-606.72,active,2026-04-07T23:23:40
2462,1263,CA7912314157236,checking,CAD,6221.98,frozen,2025-01-12T17:56:17
2463,1263,CA6350560884423,savings,CAD,37830.54,closed,2025-08-15T08:22:13
2464,1264,GB3164069138080,credit,GBP,-599.92,active,2025-11-22T13:18:06
2465,1264,GB5440965247615,savings,GBP,26784.7,active,2024-12-26T06:49:31
2466,1264,GB4116163754642,savings,GBP,76.42,active,2024-09-19T16:25:52
2467,1265,AU7926797110464,checking,AUD,984.73,active,2025-08-12T21:16:07
2468,1265,AU4228573533453,checking,AUD,4937.38,active,2026-01-18T19:46:34
2469,1265,AU6911497758999,checking,AUD,5773.6,active,2026-04-13T01:31:00
2470,1266,TR6099784517147,checking,TRY,152892.65,active,2024-02-03T10:02:57
2471,1266,TR6522180097809,savings,TRY,1038602.48,active,2025-06-29T06:57:34
2472,1266,TR1151818010785,credit,TRY,-106261.34,active,2024-12-31T13:57:17
2473,1267,JP2284732981180,savings,JPY,9729.25,frozen,2026-03-05T11:09:58
2474,1267,JP6993290169459,savings,JPY,2956923.19,active,2026-05-07T08:42:07
2475,1268,ZA8626962231674,checking,ZAR,6121.55,active,2024-05-24T17:26:13
2476,1269,US5182446093532,checking,USD,4607.26,active,2026-03-18T12:30:42
2477,1269,US2633860592093,savings,USD,40.71,active,2025-02-02T09:09:55
2478,1269,US5702049115010,savings,USD,29430.6,closed,2024-07-13T04:42:00
2479,1270,US3026495398071,checking,USD,536.19,active,2025-09-28T09:13:53
2480,1271,JP8535227464102,savings,JPY,5196990.65,active,2025-08-06T16:57:27
2481,1271,JP6586285527792,checking,JPY,929398.87,closed,2023-10-27T23:35:23
2482,1272,CA1565358566582,checking,CAD,5814.86,active,2025-01-27T16:14:18
2483,1273,CH4353382524130,checking,CHF,1394.43,active,2026-01-07T08:16:26
2484,1273,CH5368334646198,credit,CHF,-3795.99,active,2025-11-12T06:37:55
2485,1273,CH3317441281005,checking,CHF,7914.09,active,2025-12-04T07:13:00
2486,1274,NL8821948923956,checking,EUR,6354.38,frozen,2025-12-04T07:21:45
2487,1275,CA3558105894312,checking,CAD,1032.24,active,2023-08-07T08:49:16
2488,1275,CA4719806568150,savings,CAD,37836.72,active,2024-07-30T13:59:41
2489,1276,FR9196489089299,savings,EUR,2089.8,active,2026-01-06T08:20:15
2490,1277,GB3589276639488,checking,GBP,7830.89,active,2023-12-03T07:18:46
2491,1278,US2538424937720,savings,USD,38880.57,frozen,2023-08-17T05:09:04
2492,1278,US8418353379411,checking,USD,3242.52,frozen,2025-08-06T13:26:26
2493,1279,DE4679386834983,savings,EUR,27144.28,active,2026-05-10T09:43:58
2494,1280,CA1077722092177,checking,CAD,3930.03,active,2026-05-14T18:05:54
2495,1281,UA6814595717900,savings,UAH,1212620.68,frozen,2023-03-21T16:00:29
2496,1281,UA7263216136192,checking,UAH,142234.26,closed,2024-12-31T11:00:56
2497,1281,UA6452768847678,checking,UAH,176816.22,active,2025-07-26T16:29:52
2498,1282,US5523037210205,savings,USD,4429.48,active,2026-05-12T18:42:40
2499,1283,NL3801617427374,credit,EUR,-4429.66,closed,2025-12-03T15:25:38
2500,1283,NL1941747134525,credit,EUR,-117.04,active,2025-10-27T13:24:02
2501,1283,NL7240040298210,checking,EUR,7594.28,active,2025-09-07T13:03:52
2502,1283,NL3610134178875,credit,EUR,-4806.41,closed,2025-10-02T16:43:54
2503,1284,US5643832273627,credit,USD,-2714.95,frozen,2025-02-12T00:50:52
2504,1285,IN6980902439369,savings,INR,525130.51,active,2026-02-24T03:54:28
2505,1286,NL5878797523159,checking,EUR,4944.17,closed,2025-03-23T11:46:25
2506,1286,NL9711719283414,credit,EUR,-4520.82,active,2025-09-26T00:56:53
2507,1287,PL7221346441168,checking,PLN,3285.9,closed,2025-02-28T15:27:33
2508,1287,PL3823540683349,savings,PLN,19373.99,closed,2025-03-11T17:09:19
2509,1287,PL6900892444869,checking,PLN,5022.29,active,2025-01-08T08:11:42
2510,1288,GB1221839031657,checking,GBP,1870.5,active,2023-12-04T09:47:43
2511,1289,JP6156833497050,savings,JPY,5745.42,frozen,2024-09-05T10:59:56
2512,1289,JP1980625314336,credit,JPY,-141372.11,frozen,2025-07-27T20:11:03
2513,1290,JP4606592657543,checking,JPY,52576.08,frozen,2023-12-30T12:46:42
2514,1290,JP1144208931759,credit,JPY,-178899.19,frozen,2025-11-19T12:44:49
2515,1290,JP7223387668582,savings,JPY,1568350.19,active,2023-01-05T14:45:52
2516,1290,JP5398112412257,checking,JPY,74374.21,active,2023-01-12T22:57:04
2517,1291,NL2766362876308,savings,EUR,26045.4,active,2025-12-30T13:50:46
2518,1291,NL2931772138173,checking,EUR,7141.52,active,2026-03-31T02:13:37
2519,1291,NL6511940598936,savings,EUR,48.49,active,2026-02-11T00:39:35
2520,1292,IT2775174169237,checking,EUR,3993.64,active,2026-03-08T23:27:16
2521,1292,IT6811935891135,savings,EUR,32260.4,active,2026-05-01T08:17:12
2522,1292,IT7944314891636,savings,EUR,4460.58,active,2025-05-28T01:21:45
2523,1293,FR3631915874243,credit,EUR,-2698.55,closed,2022-05-05T07:46:46
2524,1294,CA5956812269601,checking,CAD,7436.92,active,2026-02-16T07:20:57
2525,1295,MX4367642438112,savings,MXN,570026.96,active,2026-05-03T15:11:37
2526,1296,US8224996541287,savings,USD,11356.39,active,2024-10-03T04:35:00
2527,1297,US6109436617863,checking,USD,1921.31,active,2024-05-01T10:00:19
2528,1297,US9504311068602,savings,USD,10589.13,closed,2023-11-08T16:25:06
2529,1298,CA6672511815814,checking,CAD,1499.56,active,2026-03-17T19:05:57
2530,1298,CA5928677027333,savings,CAD,24150.51,closed,2025-12-19T15:47:51
2531,1298,CA3989198517847,checking,CAD,6825.8,frozen,2026-01-08T11:03:26
2532,1299,AE7477684227560,checking,AED,5405,active,2023-07-11T06:45:05
2533,1300,GB2099380686792,savings,GBP,4206.9,frozen,2024-12-15T13:43:00
2534,1300,GB3492790638531,savings,GBP,8028.19,closed,2024-12-05T22:57:09
2535,1301,BR1914849950656,checking,BRL,12217.21,active,2025-10-07T13:19:41
2536,1301,BR1076967239952,savings,BRL,200873.54,active,2025-06-05T14:20:45
2537,1301,BR3265044260475,credit,BRL,-18363.72,active,2026-03-26T17:30:43
2538,1301,BR9608596458960,checking,BRL,28118.61,active,2026-03-04T18:03:28
2539,1302,CA9247960129399,checking,CAD,2520.41,active,2025-03-19T17:26:16
2540,1303,UA5206203464624,checking,UAH,57356.19,active,2023-02-15T04:22:05
2541,1303,UA8758374966384,checking,UAH,561.86,active,2024-12-13T00:55:33
2542,1303,UA4266735793714,checking,UAH,233196.06,active,2023-11-26T03:24:28
2543,1304,AT1600493060867,savings,EUR,12818.52,closed,2024-12-13T19:24:19
2544,1304,AT6700540642881,checking,EUR,6706.5,active,2024-06-05T08:34:32
2545,1305,SG1623718046207,checking,SGD,4468.93,active,2025-11-19T15:26:30
2546,1305,SG3018097226519,savings,SGD,20772.15,active,2026-02-07T02:40:46
2547,1305,SG7656612247123,savings,SGD,3070.73,closed,2025-10-02T05:49:12
2548,1305,SG1160913398908,savings,SGD,22835.13,active,2025-08-31T08:22:08
2549,1306,SE8278580017361,checking,SEK,7488.36,active,2023-08-27T04:34:43
2550,1306,SE6398606079543,checking,SEK,7734.09,frozen,2023-10-08T15:43:56
2551,1306,SE3647215927113,savings,SEK,8150.6,frozen,2026-03-10T08:41:30
2552,1306,SE1697709877088,savings,SEK,12530.6,active,2023-08-05T10:17:59
2553,1307,DE2428838135457,checking,EUR,4776.73,active,2024-08-31T17:30:45
2554,1307,DE6772293894767,checking,EUR,4154.64,active,2025-10-30T16:33:37
2555,1308,AE3116381954945,credit,AED,-140.35,closed,2025-01-25T10:26:41
2556,1308,AE2188410450894,checking,AED,943.16,active,2023-02-17T20:53:27
2557,1308,AE7062131684559,savings,AED,20767.14,frozen,2025-09-11T12:56:49
2558,1309,AU3529653472504,checking,AUD,3132.76,active,2026-04-26T10:43:23
2559,1310,IN9920063363835,checking,INR,619595.64,closed,2025-12-08T16:13:26
2560,1311,IT2155928638344,credit,EUR,-3816.99,active,2025-07-15T10:20:55
2561,1312,DE7090009620125,savings,EUR,27940.52,active,2025-02-06T00:50:40
2562,1312,DE9057094486624,savings,EUR,39396.86,active,2025-01-27T22:10:51
2563,1313,FR2365615236968,checking,EUR,264.14,frozen,2024-12-11T14:00:00
2564,1314,AU3230136729892,savings,AUD,90.68,active,2025-04-11T13:31:49
2565,1315,DE8407579312260,checking,EUR,2743.04,active,2025-03-30T09:08:01
2566,1316,MX1507479815158,credit,MXN,-74439.8,active,2025-07-05T15:11:41
2567,1317,ES6824068840331,savings,EUR,8659.65,active,2025-09-24T02:14:28
2568,1317,ES9876084029057,checking,EUR,3353.62,closed,2024-11-21T00:26:17
2569,1317,ES5004291966374,credit,EUR,-641.48,closed,2025-05-21T11:23:19
2570,1318,JP1306484937694,checking,JPY,243549.64,closed,2026-03-03T12:07:26
2571,1318,JP8941748437652,credit,JPY,-621777.69,active,2026-04-16T02:04:37
2572,1319,CA3650496067278,checking,CAD,4611.75,active,2024-04-13T06:42:23
2573,1320,MX3753303714673,checking,MXN,33141.95,active,2024-03-10T20:55:01
2574,1320,MX8664762756667,checking,MXN,112798.69,frozen,2025-01-10T11:37:19
2575,1320,MX2512509339254,savings,MXN,359247.91,closed,2024-10-13T18:09:23
2576,1320,MX3139973863450,savings,MXN,245695.01,closed,2024-11-13T15:16:11
2577,1321,JP1837517316163,checking,JPY,869423.56,closed,2025-12-13T15:54:13
2578,1322,JP7285959869452,credit,JPY,-9013.06,frozen,2022-06-20T18:24:02
2579,1322,JP1297127080270,checking,JPY,379745.37,frozen,2024-08-24T16:26:18
2580,1322,JP5469099451604,savings,JPY,613060.92,active,2025-10-14T13:02:14
2581,1323,IE6137008167754,savings,EUR,4034.54,active,2023-04-11T16:00:41
2582,1323,IE2392197774500,checking,EUR,2945.35,active,2026-03-17T00:00:34
2583,1323,IE7802058713955,savings,EUR,3550.31,closed,2024-12-26T07:55:30
2584,1324,FR1639500278389,credit,EUR,-3525.85,active,2025-12-11T15:19:26
2585,1324,FR7750118984472,savings,EUR,31083.43,active,2025-03-21T15:04:25
2586,1324,FR3034962656180,savings,EUR,24872.01,closed,2026-03-25T00:06:02
2587,1325,MX4013809242995,checking,MXN,121970.99,active,2026-01-30T10:42:53
2588,1326,IT4530357412412,savings,EUR,40453.18,active,2022-03-24T09:44:27
2589,1326,IT2351225227731,credit,EUR,-2527.51,active,2025-01-22T16:04:54
2590,1326,IT1150239196711,savings,EUR,8097.49,active,2022-01-16T06:25:24
2591,1327,MX4057653621649,checking,MXN,56517.3,active,2025-01-10T05:10:32
2592,1327,MX4892012157984,checking,MXN,134464.92,frozen,2025-03-22T07:04:33
2593,1327,MX8327756682097,credit,MXN,-60015.44,frozen,2025-05-07T08:52:09
2594,1328,IT6409289229990,checking,EUR,7498.97,active,2024-10-12T09:49:39
2595,1328,IT1010245618617,savings,EUR,19286.34,active,2024-03-05T19:00:11
2596,1328,IT6013142099727,checking,EUR,4540.89,active,2025-08-05T14:46:28
2597,1329,IT9375950137546,checking,EUR,4896.93,active,2023-06-08T04:38:46
2598,1329,IT3026705512858,credit,EUR,-4592.35,frozen,2023-03-01T04:20:42
2599,1330,US5361862428014,checking,USD,165.06,active,2024-02-01T16:00:49
2600,1331,AU7455419994982,checking,AUD,2300.56,active,2026-03-27T04:56:21
2601,1331,AU4847282634884,savings,AUD,2880.47,active,2026-05-13T21:28:32
2602,1332,CA4765427373395,credit,CAD,-84.61,closed,2025-07-19T03:59:24
2603,1332,CA5335448484274,checking,CAD,6824.64,frozen,2024-11-15T06:56:25
2604,1332,CA8135442619692,savings,CAD,35161.85,active,2024-12-10T09:52:21
2605,1332,CA5081487958327,checking,CAD,3901.06,active,2024-11-01T19:09:35
2606,1333,GB9082690429540,checking,GBP,5481.87,active,2025-08-28T05:09:13
2607,1334,IT8988911037900,savings,EUR,20263.06,active,2022-11-08T08:56:40
2608,1334,IT7094899816161,savings,EUR,18934.84,active,2023-08-03T17:20:13
2609,1335,FR7266694868202,checking,EUR,7286.25,active,2025-06-10T02:39:18
2610,1336,GB9021494628359,checking,GBP,426.75,active,2026-05-12T08:40:30
2611,1337,AE9026809827535,savings,AED,3407.56,active,2023-11-11T13:26:14
2612,1338,AU5805379883062,checking,AUD,2922.49,closed,2025-09-07T01:40:12
2613,1339,ES6991692413881,savings,EUR,34.01,closed,2024-05-11T22:10:22
2614,1339,ES6559489690768,checking,EUR,1842.94,active,2024-02-11T12:23:41
2615,1340,GB2509708396240,checking,GBP,7276.12,frozen,2025-08-22T06:29:23
2616,1340,GB2806430166478,credit,GBP,-605.49,active,2024-12-30T13:38:15
2617,1340,GB9209187432624,checking,GBP,6166.26,active,2025-09-22T01:04:06
2618,1340,GB1405521696120,checking,GBP,522.37,active,2024-02-10T21:27:28
2619,1341,JP7476853385568,checking,JPY,136193.93,active,2025-06-05T23:03:20
2620,1342,US8515136617939,savings,USD,40796.42,active,2026-05-10T23:58:47
2621,1342,US5709083337823,checking,USD,2354.96,active,2026-05-10T00:52:42
2622,1342,US6259829057630,checking,USD,5988.1,frozen,2026-05-11T16:36:27
2623,1343,BR9765858219893,savings,BRL,115539.82,active,2025-06-24T15:16:36
2624,1343,BR4322315184122,checking,BRL,25619.79,active,2021-12-03T01:43:28
2625,1343,BR5665323323682,savings,BRL,104300.89,active,2026-04-11T09:41:33
2626,1344,NL7846181213528,checking,EUR,6991.15,frozen,2025-10-02T06:52:25
2627,1344,NL4707288711954,credit,EUR,-1344.56,closed,2025-07-22T23:07:37
2628,1344,NL9370905750186,checking,EUR,282.32,active,2025-08-11T06:58:29
2629,1344,NL7939855858387,savings,EUR,15493.43,active,2025-06-09T16:31:57
2630,1345,AT1202386770307,savings,EUR,21124.19,active,2024-11-09T21:13:08
2631,1345,AT9232285340586,checking,EUR,366.15,active,2024-02-15T17:52:45
2632,1345,AT3326893516965,savings,EUR,38.35,active,2024-05-15T01:29:41
2633,1346,ES4327370969615,checking,EUR,5085.66,active,2025-02-20T10:21:08
2634,1347,US2834430512082,savings,USD,10194.74,active,2025-07-11T23:25:09
2635,1347,US4509506818591,credit,USD,-3375.96,closed,2025-09-13T21:30:55
2636,1347,US1274505891912,credit,USD,-4288.09,active,2025-08-05T00:27:54
2637,1348,DK8159358925489,checking,DKK,4197.55,active,2022-11-26T18:21:35
2638,1348,DK9453464427522,checking,DKK,3269.2,active,2022-09-03T17:21:45
2639,1349,AT5564003720390,savings,EUR,22850.81,closed,2023-10-16T10:56:32
2640,1349,AT8715322548392,checking,EUR,1917.9,active,2023-09-22T07:01:46
2641,1349,AT8684785142072,savings,EUR,19345.2,active,2025-04-21T18:19:51
2642,1350,US3723520148534,checking,USD,2073.63,frozen,2026-04-19T02:19:24
2643,1350,US9492581251429,checking,USD,2562.86,closed,2025-07-27T21:01:48
2644,1350,US5067470424746,checking,USD,3110.55,closed,2025-05-24T06:12:30
2645,1351,US5830972387081,savings,USD,1667.71,active,2025-09-17T05:14:56
2646,1351,US3060268865257,checking,USD,3599.57,active,2025-11-16T22:11:57
2647,1352,MX4864486215235,savings,MXN,529676.78,closed,2024-01-23T14:11:27
2648,1352,MX7445764250215,savings,MXN,619852.12,active,2022-04-22T07:31:55
2649,1353,SE6134047397413,savings,SEK,16750.76,active,2026-03-24T09:04:43
2650,1354,JP7288056918869,checking,JPY,731966.1,frozen,2025-08-14T03:24:50
2651,1354,JP6124285117275,checking,JPY,54265.07,active,2024-04-27T14:00:14
2652,1354,JP5033880030186,checking,JPY,200527.64,active,2023-03-01T09:15:56
2653,1355,CH6752157511835,checking,CHF,1526.19,frozen,2025-12-25T17:06:13
2654,1356,CA1571778452429,checking,CAD,7872.69,active,2023-05-28T12:10:44
2655,1357,CA2446778085356,checking,CAD,6173.38,frozen,2026-02-20T08:49:08
2656,1358,IT6773238273117,checking,EUR,3518.49,closed,2025-12-15T00:12:45
2657,1359,MX9462627944886,checking,MXN,48538.08,active,2024-09-22T09:44:26
2658,1359,MX9084992525032,savings,MXN,212710.15,active,2023-07-04T16:13:16
2659,1359,MX8663016130889,credit,MXN,-74535.07,frozen,2023-05-12T15:03:30
2660,1360,AU9638606248129,savings,AUD,28689.25,active,2025-08-06T17:03:02
2661,1361,AT6210041467355,savings,EUR,30950.43,active,2026-02-14T07:03:36
2662,1361,AT2379276692566,savings,EUR,3454,frozen,2024-06-22T21:55:40
2663,1362,FR7247829635420,credit,EUR,-2420.05,frozen,2026-03-26T19:19:27
2664,1362,FR8624874918713,checking,EUR,7909.8,active,2026-03-22T12:22:30
2665,1363,FR5225957894700,savings,EUR,3794.46,active,2025-03-24T23:59:18
2666,1364,IT6605230046999,savings,EUR,12693.55,active,2025-02-27T04:36:47
2667,1365,FR4120943936712,checking,EUR,2685.53,closed,2024-04-14T09:27:31
2668,1365,FR1708891544556,checking,EUR,6259.37,frozen,2026-04-22T12:09:33
2669,1366,MX5212055210999,checking,MXN,54580.42,active,2025-08-20T10:51:02
2670,1366,MX3699676914556,checking,MXN,107242.81,active,2026-01-18T17:05:17
2671,1366,MX9169405645127,checking,MXN,77899.92,active,2024-11-25T22:03:22
2672,1366,MX4170295870322,savings,MXN,253936.53,closed,2025-03-24T01:31:39
2673,1367,US5028460842892,checking,USD,2018.28,closed,2025-09-30T17:05:31
2674,1368,AE1788742646360,checking,AED,6894.05,active,2023-09-26T01:09:31
2675,1368,AE1430273736589,checking,AED,3278.3,active,2026-01-05T13:45:52
2676,1368,AE8757290343332,savings,AED,28928.78,active,2026-03-16T08:22:53
2677,1369,DE4735998945987,savings,EUR,6703.71,frozen,2024-01-03T11:52:45
2678,1369,DE6379184737631,credit,EUR,-4973.18,closed,2023-10-10T15:03:31
2679,1369,DE2429424361507,checking,EUR,5558,frozen,2024-10-19T09:55:44
2680,1369,DE3986715595960,savings,EUR,12214.27,active,2023-11-10T08:03:06
2681,1370,IT5173818957609,checking,EUR,5890.38,active,2023-09-13T19:04:43
2682,1371,IN3325356614813,checking,INR,530395.74,active,2023-10-12T21:29:17
2683,1371,IN8645944975868,savings,INR,661042.39,active,2024-12-12T11:15:10
2684,1371,IN5334225187953,checking,INR,323908.71,active,2024-02-05T13:26:11
2685,1371,IN4581112355359,checking,INR,44736.46,frozen,2025-09-24T12:47:22
2686,1372,DE9983804696120,savings,EUR,11306.27,active,2023-10-12T05:20:06
2687,1373,DE5797179613954,checking,EUR,1485.54,active,2023-07-17T22:07:59
2688,1374,AU8231708649308,checking,AUD,708.15,frozen,2024-08-23T15:24:38
2689,1374,AU6671108156330,checking,AUD,7456.58,active,2025-12-27T17:50:12
2690,1374,AU8697534531906,checking,AUD,6876.67,active,2025-12-08T22:22:17
2691,1375,BE2706943561245,savings,EUR,17525.84,active,2025-12-06T15:47:32
2692,1376,AT9736085156273,savings,EUR,38588.37,closed,2025-01-28T15:01:18
2693,1376,AT9517411823773,savings,EUR,29344.26,active,2025-04-12T16:50:10
2694,1377,SE8276577569743,checking,SEK,6289.16,active,2026-05-07T11:19:46
2695,1378,FI9615977026430,savings,EUR,32593.39,active,2024-02-26T04:32:24
2696,1378,FI3885628072009,savings,EUR,23.51,frozen,2024-01-30T15:40:20
2697,1378,FI4096682278110,savings,EUR,20029.8,closed,2023-09-15T06:44:25
2698,1378,FI7995664494805,checking,EUR,2435.54,active,2023-10-15T04:40:24
2699,1379,PL3904049264651,savings,PLN,1428.74,active,2023-04-19T10:58:39
2700,1380,US3309647045514,checking,USD,891.04,active,2025-04-18T00:43:11
2701,1381,SE5845098629534,checking,SEK,5106.6,active,2025-03-31T19:21:11
2702,1381,SE8706905464474,checking,SEK,1382.6,closed,2026-01-17T21:35:14
2703,1381,SE9427950216133,savings,SEK,39648.5,active,2025-11-20T17:40:38
2704,1381,SE5103632180282,savings,SEK,10719.93,active,2025-05-28T01:32:50
2705,1382,JP1531391768386,checking,JPY,325850.52,active,2024-12-19T02:47:01
2706,1382,JP8783875782846,checking,JPY,155609.82,active,2026-04-04T09:52:23
2707,1383,IT2130828335955,savings,EUR,35106.87,active,2025-07-02T11:38:36
2708,1383,IT3484108591659,checking,EUR,3979.48,active,2025-12-14T22:11:13
2709,1383,IT3926850316756,checking,EUR,5369.02,frozen,2024-06-26T11:02:06
2710,1383,IT6987460173399,credit,EUR,-2138.18,active,2024-11-21T20:51:27
2711,1384,GB7986208010035,checking,GBP,2474.51,active,2023-12-24T14:02:05
2712,1385,CA5375220294513,savings,CAD,39859.93,active,2023-09-24T01:09:00
2713,1385,CA7998124535966,checking,CAD,689.59,active,2023-10-27T16:34:47
2714,1386,KR7925456128605,checking,KRW,254511.13,active,2024-04-11T14:55:16
2715,1386,KR5311698859260,checking,KRW,592048.99,active,2023-03-17T11:43:32
2716,1387,UA8444324260089,savings,UAH,970749.52,closed,2024-08-20T12:40:44
2717,1387,UA4447211292801,credit,UAH,-159447.07,closed,2024-06-29T09:22:52
2718,1387,UA3148789638056,checking,UAH,83090.45,active,2026-04-20T20:15:36
2719,1388,AE6718788599583,checking,AED,7535.38,active,2025-09-23T00:07:37
2720,1388,AE3159693684250,checking,AED,1188.49,active,2025-05-07T22:47:14
2721,1388,AE7134054296213,savings,AED,80.39,active,2025-01-07T03:22:32
2722,1389,CA4925160592793,savings,CAD,8995.6,active,2024-12-21T19:16:33
2723,1390,ES9480109378769,savings,EUR,8559.44,active,2025-10-28T06:40:15
2724,1390,ES6355943597214,savings,EUR,80.11,active,2026-02-18T06:56:21
2725,1390,ES4151163733784,checking,EUR,664.05,frozen,2025-11-27T15:38:53
2726,1391,IN1124327815729,savings,INR,277989.57,active,2023-08-16T05:28:25
2727,1392,CH1372231419472,checking,CHF,7687.48,closed,2022-05-02T07:11:19
2728,1393,SG1408213357732,savings,SGD,84.79,active,2024-03-08T11:01:03
2729,1393,SG4776247231634,savings,SGD,39831.21,active,2024-05-15T05:17:36
2730,1394,IN7156449097919,checking,INR,304227.86,closed,2025-08-11T12:42:19
2731,1395,UA1739719777151,savings,UAH,1332379.26,closed,2025-01-13T12:33:42
2732,1395,UA6217383024152,credit,UAH,-162200.08,frozen,2024-09-07T23:37:38
2733,1396,UA9383874450246,checking,UAH,23248.2,active,2024-04-13T16:09:32
2734,1397,JP7728928796023,checking,JPY,947757.52,active,2024-07-09T14:14:10
2735,1397,JP1357371684520,credit,JPY,-440332.22,active,2025-04-16T17:31:09
2736,1397,JP8327017342978,savings,JPY,2766238.51,active,2026-01-18T07:47:49
2737,1398,CH4236308744831,checking,CHF,7297.98,active,2024-04-21T15:05:26
2738,1399,GB5901003682775,checking,GBP,7352.61,active,2024-11-26T00:08:06
2739,1399,GB3581783145991,savings,GBP,13504.46,active,2025-06-16T23:51:48
2740,1400,PL6104941655039,checking,PLN,6076.15,closed,2025-11-13T07:18:17
2741,1401,GB6070227163794,checking,GBP,1776.71,closed,2026-05-11T19:05:33
2742,1402,US9951193584048,savings,USD,12694.47,active,2026-03-05T12:04:44
2743,1403,CN3544304523159,savings,CNY,36795.44,active,2025-09-08T05:35:22
2744,1404,AE6282115255809,checking,AED,5401.59,frozen,2026-04-30T23:34:18
2745,1404,AE9099663062166,checking,AED,5587.22,active,2026-05-06T06:10:30
2746,1405,FR9641602643885,checking,EUR,7487.2,frozen,2026-02-19T20:23:25
2747,1405,FR7448443594605,checking,EUR,4374.37,active,2025-12-29T01:39:57
2748,1405,FR4481320932088,savings,EUR,14283.11,active,2024-06-13T12:39:13
2749,1406,BR2312394825559,savings,BRL,185156.62,active,2025-11-06T12:50:27
2750,1407,MX2841614259248,checking,MXN,109147.12,active,2024-03-18T10:45:43
2751,1408,DE7232435888589,checking,EUR,3023.63,active,2026-04-01T10:54:20
2752,1408,DE9952764274819,checking,EUR,5650.89,active,2025-06-18T11:56:13
2753,1409,US5430907330052,savings,USD,31591.71,active,2026-04-04T13:49:52
2754,1409,US9169443036208,savings,USD,32507.76,active,2025-10-26T12:34:00
2755,1409,US3439538430440,savings,USD,28544.85,closed,2025-10-12T16:02:32
2756,1410,GB9942187131276,checking,GBP,2936.25,active,2026-05-08T00:12:27
2757,1410,GB5979880590848,checking,GBP,5561.75,active,2026-05-08T04:39:20
2758,1410,GB5772076088033,savings,GBP,39.52,active,2026-05-13T09:34:11
2759,1411,DE6234995218237,savings,EUR,2161.52,closed,2025-07-30T05:21:10
2760,1411,DE5552237955191,checking,EUR,6829.18,frozen,2026-01-11T12:00:03
2761,1412,CA6153589267665,checking,CAD,248.12,closed,2026-04-09T16:32:41
2762,1413,US2468338436153,credit,USD,-675.34,closed,2026-03-12T12:11:23
2763,1414,SG9695457977930,checking,SGD,4860.8,closed,2026-03-31T00:20:14
2764,1415,FR9393074679351,savings,EUR,2414.52,active,2025-03-09T14:44:56
2765,1415,FR1110161584768,checking,EUR,4123.34,active,2023-05-05T19:45:16
2766,1416,GB8891041769463,checking,GBP,5963.73,active,2024-08-06T09:02:01
2767,1417,IT9683253972321,checking,EUR,1920.22,active,2025-04-09T11:12:38
2768,1417,IT2398483087872,checking,EUR,6659.04,active,2025-01-29T22:15:24
2769,1417,IT5496762040712,savings,EUR,16043.51,active,2025-03-07T08:28:27
2770,1418,DE9806496579885,savings,EUR,38272.88,frozen,2026-03-01T13:48:00
2771,1418,DE6202527164542,checking,EUR,3853.94,closed,2025-06-21T06:06:11
2772,1418,DE3584752093281,savings,EUR,28545.98,frozen,2024-12-10T07:31:01
2773,1419,CA1675317666069,credit,CAD,-1192.7,frozen,2022-12-28T23:19:45
2774,1419,CA7214509976956,savings,CAD,18880.84,frozen,2025-10-01T21:13:13
2775,1420,JP2042324619252,savings,JPY,2392462.5,active,2025-06-30T14:30:46
2776,1420,JP3018932045014,savings,JPY,1163516.91,closed,2024-05-28T16:16:27
2777,1421,JP6291781978510,checking,JPY,964262.38,active,2026-04-01T23:19:04
2778,1421,JP3181501779862,checking,JPY,376825.26,frozen,2022-07-09T01:31:27
2779,1422,GB9943588440638,savings,GBP,4641.65,active,2026-04-05T04:06:36
2780,1422,GB1158165136507,checking,GBP,3632.39,closed,2026-03-12T16:52:39
2781,1423,AE3041237982330,checking,AED,5902.33,active,2024-06-24T05:32:38
2782,1424,FR6264890295287,checking,EUR,5093.65,active,2025-11-26T19:06:58
2783,1424,FR5679583349791,checking,EUR,1974.35,active,2025-10-06T17:55:33
2784,1424,FR4176937423853,checking,EUR,4607.48,frozen,2026-02-20T17:56:21
2785,1424,FR2711187935602,checking,EUR,3149.34,active,2025-11-25T14:35:56
2786,1425,US5920826816791,checking,USD,3000.65,active,2025-01-18T00:01:17
2787,1425,US7197070032005,checking,USD,7677.46,frozen,2025-09-13T01:47:35
2788,1425,US2839388449137,savings,USD,1220.68,active,2025-10-23T04:46:46
2789,1426,SG9047607572394,credit,SGD,-3434.98,active,2025-03-12T00:40:10
2790,1427,NL1370315686187,checking,EUR,3891.37,active,2024-11-09T05:11:56
2791,1428,DE2869700712504,savings,EUR,5401.99,active,2026-03-24T01:47:51
2792,1428,DE7467860653850,checking,EUR,5365.18,active,2026-04-10T14:25:47
2793,1428,DE3297952084417,savings,EUR,8385.5,active,2025-03-27T21:10:42
2794,1428,DE7841060151240,checking,EUR,2567.89,active,2024-11-15T17:05:27
2795,1429,BR7654001659317,checking,BRL,33124.8,active,2025-02-19T17:33:31
2796,1430,DE7100231649032,checking,EUR,6370.01,closed,2025-08-30T11:32:30
2797,1430,DE5973655241367,savings,EUR,19417.21,active,2026-05-12T13:19:45
2798,1431,US4810854956548,checking,USD,7625,closed,2023-07-16T11:36:04
2799,1432,JP9013997064226,credit,JPY,-613167.33,frozen,2026-04-18T21:56:34
2800,1433,US7495331553946,checking,USD,4684.82,active,2025-09-16T14:49:53
2801,1433,US2323588268931,checking,USD,233.95,active,2025-05-11T23:45:39
2802,1434,NL4630177693328,savings,EUR,22814.8,active,2022-11-29T21:48:21
2803,1434,NL4371273724808,checking,EUR,4660.15,active,2023-09-18T17:21:55
2804,1434,NL6209129861272,credit,EUR,-4010.22,active,2023-08-15T17:15:56
2805,1435,FI8887191371677,checking,EUR,768.03,active,2025-09-11T05:41:57
2806,1436,NL7690215744727,checking,EUR,6407.65,active,2024-11-12T10:31:12
2807,1436,NL2687984061766,savings,EUR,29685.92,active,2024-09-20T03:50:46
2808,1437,BR8122769934572,checking,BRL,38109.93,active,2025-10-06T23:34:30
2809,1437,BR7147601251743,checking,BRL,18084.24,active,2026-01-12T02:06:07
2810,1438,AE3315006699055,checking,AED,454.28,closed,2024-01-27T20:03:35
2811,1439,US3985327734619,savings,USD,9348.61,active,2025-04-28T04:31:15
2812,1440,IN2580315985420,savings,INR,1535734.16,active,2025-01-20T22:29:06
2813,1440,IN6704181319191,checking,INR,378582.08,active,2025-03-01T17:43:49
2814,1441,UA5277801779582,savings,UAH,1510788.93,active,2026-04-21T16:02:22
2815,1441,UA5902379318979,savings,UAH,115837.73,active,2026-03-24T12:52:40
2816,1441,UA4706227686009,checking,UAH,59283.79,frozen,2023-08-13T19:29:19
2817,1442,ES5685617911755,checking,EUR,2226.15,closed,2026-03-18T03:07:08
2818,1443,MX4980329349045,checking,MXN,98523.61,active,2025-12-13T08:19:20
2819,1443,MX8887709139373,checking,MXN,33565.71,active,2025-09-30T19:11:50
2820,1444,BE8753523916052,savings,EUR,4554.37,active,2025-08-13T08:59:05
2821,1445,IN3905393176036,checking,INR,306117.79,frozen,2026-01-17T05:02:27
2822,1446,FI6728473042360,savings,EUR,21531.43,active,2025-11-01T07:47:37
2823,1447,CA7835137189063,checking,CAD,6455.09,active,2025-06-06T10:27:15
2824,1447,CA5634156425070,checking,CAD,6956.54,frozen,2024-04-24T19:37:10
2825,1447,CA1231735776447,credit,CAD,-4883.72,active,2026-02-16T06:40:37
2826,1448,SE2924864323812,credit,SEK,-3532.17,active,2025-02-10T08:37:37
2827,1448,SE4477646533275,checking,SEK,7425.69,active,2023-11-04T23:41:43
2828,1448,SE2466947217359,checking,SEK,2732.85,active,2023-03-08T02:14:24
2829,1449,NL5972185755812,savings,EUR,36655.65,active,2025-03-14T20:16:29
2830,1449,NL7151308585863,credit,EUR,-3725.37,active,2025-02-05T23:06:34
2831,1449,NL9269199828987,checking,EUR,6840.58,closed,2025-04-15T09:46:10
2832,1449,NL4083027452142,checking,EUR,2754.17,active,2025-01-20T11:55:02
2833,1450,GB4638177577253,checking,GBP,4033.42,active,2026-05-09T01:47:24
2834,1450,GB4426838870893,checking,GBP,5528.37,active,2026-05-09T10:57:30
2835,1451,ES6441159551313,credit,EUR,-640.2,active,2026-03-22T22:02:37
2836,1451,ES7706321425383,checking,EUR,4036.13,active,2026-03-05T17:56:56
2837,1452,CA7464470614787,checking,CAD,3384.87,active,2022-08-14T15:44:41
2838,1452,CA4999031458043,checking,CAD,2068.56,frozen,2025-02-15T11:50:45
2839,1452,CA5641410378322,checking,CAD,5770.4,closed,2024-04-08T17:33:24
2840,1453,GB3683757412225,checking,GBP,3478.3,closed,2025-04-29T23:11:22
2841,1453,GB8973652841252,savings,GBP,21542.62,active,2025-05-11T22:26:27
2842,1454,PL9114273234026,checking,PLN,5468.87,active,2026-04-23T18:22:03
2843,1455,GB6607420662269,checking,GBP,2258.53,active,2024-10-21T06:48:08
2844,1456,US7161192928536,checking,USD,557.93,closed,2023-02-24T18:40:56
2845,1456,US9738264857124,savings,USD,9807.7,active,2024-05-26T07:30:03
2846,1457,IT7536339772854,savings,EUR,29838.4,active,2025-12-27T12:19:24
2847,1457,IT9395384430077,savings,EUR,34781.39,active,2023-12-06T03:11:42
2848,1457,IT7926019849651,savings,EUR,39795.64,active,2023-09-20T11:05:47
2849,1458,CA6267046035031,credit,CAD,-3614.78,closed,2024-12-12T07:06:26
2850,1458,CA4595807952567,checking,CAD,6443.44,active,2026-01-07T17:05:43
2851,1459,IE3207236281284,checking,EUR,447.68,active,2023-01-21T10:21:20
2852,1460,GB9757929147921,checking,GBP,609.89,frozen,2026-05-03T18:50:36
2853,1460,GB5219528692287,credit,GBP,-590.82,active,2025-07-28T04:07:58
2854,1460,GB4554456292296,credit,GBP,-3537.1,active,2025-09-29T12:38:21
2855,1461,FR7795294653252,checking,EUR,7774.08,active,2025-10-10T00:07:07
2856,1462,PL4286446023530,checking,PLN,3313.2,active,2022-10-31T00:10:04
2857,1462,PL1586335262477,savings,PLN,21.11,active,2025-11-08T23:42:52
2858,1463,SG4840103191715,credit,SGD,-147.89,closed,2025-04-02T21:15:39
2859,1463,SG4745843781827,savings,SGD,7852.84,frozen,2025-04-22T16:05:34
2860,1463,SG5546999910457,checking,SGD,4916.44,frozen,2025-03-12T08:30:16
2861,1464,NO8444659256858,checking,NOK,2812.83,frozen,2026-05-16T09:41:46
2862,1464,NO2231866053550,savings,NOK,40960.02,active,2026-05-14T01:00:48
2863,1464,NO6454695818476,savings,NOK,7497.15,active,2026-04-29T01:59:57
2864,1465,AU3637259265219,checking,AUD,1208.85,active,2025-11-13T17:48:34
2865,1465,AU6318283935934,savings,AUD,22846.74,active,2025-12-29T01:24:07
2866,1465,AU8575823058379,credit,AUD,-4907.59,active,2026-03-17T18:52:33
2867,1466,US8013437420025,checking,USD,5163.88,active,2026-01-05T01:57:06
2868,1467,AT5416398834744,checking,EUR,2445.08,active,2026-01-13T16:04:58
2869,1467,AT9623651351424,savings,EUR,7383.06,active,2025-02-28T11:11:51
2870,1467,AT3528515567475,checking,EUR,2791.07,active,2024-09-09T18:05:53
2871,1468,DE7959114717589,credit,EUR,-1640.95,active,2026-04-12T14:47:06
2872,1468,DE2436548763659,credit,EUR,-4486.54,active,2026-02-06T21:16:26
2873,1468,DE5583327249111,checking,EUR,187.49,active,2026-02-03T07:50:45
2874,1468,DE5104605810667,checking,EUR,3841.92,active,2026-02-17T22:40:10
2875,1469,GB7192976086438,checking,GBP,5225.6,frozen,2025-11-12T13:32:16
2876,1469,GB1721329917842,credit,GBP,-3482.57,closed,2026-02-27T12:20:55
2877,1470,US1127560274341,checking,USD,5407.41,active,2024-12-05T17:14:06
2878,1470,US9217234121678,savings,USD,10642.94,active,2025-09-29T04:31:16
2879,1471,FR2159565784690,savings,EUR,26886.09,closed,2023-05-13T21:50:47
2880,1471,FR6270931544823,checking,EUR,5938.69,active,2024-05-28T23:19:58
2881,1471,FR3980011582238,savings,EUR,3557.17,active,2026-02-17T13:28:44
2882,1472,US3925563483088,credit,USD,-4664.94,active,2024-11-26T07:28:45
2883,1472,US4386696064526,checking,USD,4662.83,frozen,2025-12-02T15:07:02
2884,1473,CN3081496555567,checking,CNY,1598.68,active,2024-09-20T21:30:14
2885,1473,CN7341820481770,checking,CNY,7567.59,active,2024-08-27T21:44:02
2886,1473,CN7805874774427,savings,CNY,23838.06,active,2025-03-26T19:34:01
2887,1474,IN3668786134819,savings,INR,1721799.6,active,2026-05-13T07:48:49
2888,1475,SE2361979250274,checking,SEK,5702.48,active,2024-03-28T01:21:21
2889,1476,US1838914429718,savings,USD,24905.57,frozen,2025-11-28T01:28:33
2890,1476,US1677280163483,savings,USD,13636.62,active,2024-03-09T17:02:48
2891,1476,US9436844766546,savings,USD,4.5,active,2024-10-30T13:27:51
2892,1477,IT6055971278082,credit,EUR,-2753.41,active,2024-12-22T12:33:50
2893,1477,IT9891202584620,savings,EUR,20154.65,closed,2026-04-10T08:11:54
2894,1478,PL6732084891938,checking,PLN,1301.23,active,2026-05-16T17:54:52
2895,1479,NL4685719499453,checking,EUR,3195.06,closed,2025-06-08T22:45:30
2896,1479,NL6223633455766,checking,EUR,6422.11,active,2025-04-28T10:01:53
2897,1480,IT2123050350811,credit,EUR,-4699.7,active,2026-01-30T20:46:29
2898,1480,IT2886826217002,checking,EUR,5116,active,2024-07-23T16:13:22
2899,1481,US7827660998892,savings,USD,6000.96,active,2026-04-24T04:24:25
2900,1482,US1920063037615,checking,USD,2390.08,closed,2025-09-28T22:49:08
2901,1482,US4361839136234,checking,USD,5378.72,active,2025-09-05T21:20:48
2902,1482,US8107480598131,savings,USD,5560.9,frozen,2025-05-05T06:51:46
2903,1483,SE8571666063822,checking,SEK,7433.36,active,2021-12-24T16:19:22
2904,1483,SE2909516062676,checking,SEK,4708.25,closed,2022-11-22T19:10:19
2905,1484,GB6481239968362,savings,GBP,8805.41,closed,2026-02-04T22:04:34
2906,1485,IN6531114830003,savings,INR,1421705.93,active,2024-12-02T22:51:11
2907,1485,IN9987357440690,checking,INR,239909.06,active,2024-11-16T04:07:10
2908,1485,IN6971425961127,checking,INR,44266.07,frozen,2024-04-22T05:42:05
2909,1486,US5169517453658,checking,USD,3461.61,active,2026-02-22T13:59:25
2910,1486,US6896577436284,savings,USD,37.94,frozen,2025-12-23T05:51:15
2911,1486,US1718429356912,checking,USD,6443.72,active,2026-04-04T08:45:33
2912,1487,TR2797178289328,checking,TRY,137239.06,active,2023-08-15T15:57:15
2913,1488,GB5855931577116,savings,GBP,23726.1,active,2025-06-22T10:28:13
2914,1488,GB5442838948648,savings,GBP,18.97,closed,2025-06-10T03:32:43
2915,1489,BR8765666730798,checking,BRL,37252.2,active,2021-11-22T04:30:40
2916,1490,GB9465113824502,credit,GBP,-1128.02,frozen,2024-10-18T22:11:54
2917,1490,GB7685539794174,savings,GBP,3661.26,closed,2024-02-29T02:12:21
2918,1490,GB4137691654793,savings,GBP,33345.61,frozen,2025-12-19T18:55:15
2919,1491,JP9011697682801,credit,JPY,-370658.96,active,2023-10-06T10:48:16
2920,1491,JP8598884152731,savings,JPY,784.25,active,2025-12-29T03:01:13
2921,1492,SG7388975876480,checking,SGD,227.4,active,2026-01-24T14:44:23
2922,1493,BR8344368357126,checking,BRL,2986.41,active,2025-04-16T02:06:47
2923,1494,BR9390015059199,savings,BRL,98577.5,active,2024-06-11T15:12:14
2924,1494,BR4765260794718,checking,BRL,5856.2,active,2024-02-13T20:27:02
2925,1494,BR1145511972064,checking,BRL,4558.7,active,2025-02-13T04:21:43
2926,1495,CN6443549092341,savings,CNY,24612.75,frozen,2024-07-01T11:38:10
2927,1495,CN8690841822109,savings,CNY,29017.34,closed,2025-08-22T23:31:56
2928,1496,JP5054951046099,checking,JPY,804123.88,active,2026-04-21T23:53:00
2929,1496,JP6576886757125,credit,JPY,-315029.74,active,2026-04-10T21:58:48
2930,1496,JP4247906377724,savings,JPY,3830573.89,frozen,2026-02-22T13:06:46
2931,1497,JP2970575675080,credit,JPY,-344773.66,frozen,2024-12-15T13:35:34
2932,1498,US6100410889271,checking,USD,3119.33,active,2024-03-25T03:42:27
2933,1499,NL9979100239586,checking,EUR,4829.1,frozen,2026-05-05T09:09:57
2934,1499,NL5722981447682,savings,EUR,32191.69,frozen,2026-05-10T09:57:41
2935,1500,FR8918406658661,savings,EUR,21088.55,active,2025-08-12T17:30:53
2936,1500,FR2296513777966,checking,EUR,39.49,active,2024-12-17T16:39:19
2937,1500,FR9659717229995,checking,EUR,3501.19,active,2025-07-07T19:12:17
2938,1501,FR2673960933711,savings,EUR,27.66,active,2023-12-31T14:01:47
2939,1502,US6568442991394,checking,USD,7440.15,closed,2026-01-15T12:14:56
2940,1502,US9782821672333,savings,USD,11359.06,active,2024-10-04T19:46:40
2941,1502,US1150459970655,checking,USD,1574.38,active,2023-05-15T00:11:26
2942,1503,SG9788927083608,checking,SGD,3575.09,active,2022-11-14T14:09:45
2943,1504,JP3812396342099,savings,JPY,1813539.52,closed,2025-04-23T06:58:20
2944,1505,US5983413814725,savings,USD,35648.37,active,2025-12-12T09:39:56
2945,1505,US1006245982707,savings,USD,18656.11,active,2025-11-11T11:10:27
2946,1506,ES4990134323779,checking,EUR,6621.02,active,2025-12-09T08:57:22
2947,1507,GB6776733360176,savings,GBP,23304.35,active,2026-01-09T03:39:40
2948,1507,GB6272654272270,checking,GBP,3566.57,closed,2026-02-23T02:03:15
2949,1507,GB1139516639558,credit,GBP,-4450.45,active,2026-05-04T18:19:02
2950,1508,AU2448899418736,credit,AUD,-4562.54,frozen,2025-09-15T01:17:05
2951,1508,AU9235391323432,savings,AUD,5852.8,active,2025-07-06T01:40:31
2952,1509,GB8851679687075,checking,GBP,6184.88,active,2026-03-22T06:13:01
2953,1510,BR8856220866217,checking,BRL,7595,active,2024-07-03T19:40:23
2954,1510,BR1445848690878,savings,BRL,67821.42,active,2025-08-18T07:04:12
2955,1510,BR5760837493659,checking,BRL,22223.61,active,2025-01-29T04:52:32
2956,1511,DE7046958227652,checking,EUR,6224.4,closed,2026-04-07T23:28:15
2957,1512,FR3627135230221,checking,EUR,1349.18,closed,2025-11-17T19:05:10
2958,1513,AE8087593166252,checking,AED,83.09,frozen,2025-09-15T11:35:55
2959,1513,AE1726811493728,checking,AED,1861.46,frozen,2023-01-09T04:07:44
2960,1513,AE2794220017911,savings,AED,92.4,closed,2025-09-06T14:18:08
2961,1514,AE5690724287828,checking,AED,5544.17,frozen,2024-08-22T07:45:54
2962,1514,AE5053023882021,checking,AED,4367.11,active,2023-07-21T04:30:03
2963,1514,AE4626499720085,checking,AED,5459.55,active,2022-01-30T14:44:15
2964,1515,AU3901998383928,checking,AUD,6693.38,closed,2024-12-27T05:54:42
2965,1515,AU2129301873853,checking,AUD,1756.12,active,2025-11-06T17:46:50
2966,1516,SG2231399910865,checking,SGD,4356.95,active,2025-10-27T04:16:39
2967,1517,FR4957472028058,checking,EUR,4134.04,closed,2025-07-04T03:39:48
2968,1517,FR9208120663219,savings,EUR,18659.85,active,2025-04-23T17:55:55
2969,1518,JP5910243459238,checking,JPY,831190.28,closed,2024-11-17T13:08:06
2970,1518,JP4185992627584,checking,JPY,653124.27,closed,2025-09-16T14:04:38
2971,1519,ZA5675300823224,checking,ZAR,2628.89,active,2025-05-12T16:17:12
2972,1520,UA7997883058931,checking,UAH,181145.33,active,2025-06-08T11:15:44
2973,1521,AE3429522063881,checking,AED,4077.88,active,2023-03-05T11:38:39
2974,1521,AE4205196997403,checking,AED,1114.3,active,2025-11-06T23:40:51
2975,1522,JP3567267239922,checking,JPY,666180.51,frozen,2024-10-01T18:05:52
2976,1523,US2936802043075,checking,USD,2514.57,active,2026-01-22T12:25:30
2977,1523,US3050552169635,checking,USD,4062.86,active,2026-05-10T10:12:17
2978,1524,IN4051216961467,checking,INR,613333.64,active,2024-10-15T16:53:00
2979,1525,FR6722459612254,checking,EUR,6533.37,frozen,2022-09-18T15:13:05
2980,1526,NL8147141536735,savings,EUR,69.36,closed,2026-05-06T19:09:18
2981,1526,NL9222963798527,checking,EUR,211.84,frozen,2026-01-31T21:01:58
2982,1527,AU8618605160992,savings,AUD,82.36,active,2025-12-17T22:37:01
2983,1528,SG7565209347503,savings,SGD,14848.65,active,2023-05-05T08:34:00
2984,1528,SG3196627233114,savings,SGD,31554.45,closed,2025-03-28T01:57:07
2985,1528,SG4567273639994,checking,SGD,3273.46,active,2022-07-11T23:28:26
2986,1529,ZA6111216345230,savings,ZAR,15673.04,active,2022-06-28T12:42:28
2987,1530,FI2890253646366,savings,EUR,23831.88,frozen,2025-08-05T09:11:50
2988,1530,FI7909461069797,credit,EUR,-3316.08,active,2024-04-23T22:41:08
2989,1531,US9155777578848,checking,USD,5687.27,active,2025-04-22T08:23:20
2990,1532,FR6569716430742,savings,EUR,36580.11,active,2025-04-27T14:35:38
2991,1533,KR8951078342577,savings,KRW,923939.33,active,2024-05-08T11:24:45
2992,1533,KR9568536732252,checking,KRW,457356.17,active,2026-01-11T12:06:05
2993,1534,US4913873952633,checking,USD,4069.48,active,2026-01-05T13:10:26
2994,1535,US5400941751409,checking,USD,1563.07,closed,2022-11-11T05:24:30
2995,1535,US4809663648912,checking,USD,489.7,active,2026-03-14T09:30:31
2996,1536,BR4434621210879,savings,BRL,64923.06,active,2026-02-10T08:15:30
2997,1537,IT4347872042000,checking,EUR,2976.15,active,2023-05-08T17:44:47
2998,1537,IT7641548771882,savings,EUR,40468.59,active,2023-03-28T23:58:27
2999,1538,US1896736115207,checking,USD,4057.09,closed,2024-12-27T06:27:22
3000,1539,IN5520809188589,savings,INR,3272461.82,active,2025-01-15T02:16:08
3001,1539,IN6050358363390,credit,INR,-158979.88,active,2025-02-28T20:36:53
3002,1540,ES4194785086664,checking,EUR,4905.33,active,2025-08-28T14:15:44
3003,1540,ES5541720783408,checking,EUR,2639.43,active,2025-08-10T05:38:05
3004,1541,NL5194445742930,checking,EUR,5193.52,active,2025-11-15T09:14:48
3005,1541,NL5016597217536,checking,EUR,5875.94,active,2026-02-02T06:24:02
3006,1541,NL1069802712734,savings,EUR,8338.96,active,2024-11-29T15:55:01
3007,1542,IE4612152053354,checking,EUR,3796.47,frozen,2026-03-18T16:09:46
3008,1542,IE1791969814715,savings,EUR,37.52,active,2025-08-27T08:05:29
3009,1543,GB1716731149164,checking,GBP,5784.93,active,2024-05-16T05:38:28
3010,1543,GB6251616439875,savings,GBP,13785.04,closed,2024-07-19T16:20:39
3011,1544,IN2664653316785,checking,INR,587869.9,frozen,2026-01-12T03:26:33
3012,1544,IN2154982050059,savings,INR,1939752.43,active,2025-12-23T11:53:52
3013,1545,NL9137271688615,checking,EUR,7832.48,active,2023-06-11T23:37:08
3014,1545,NL3910915289087,checking,EUR,1008,active,2026-05-07T07:32:22
3015,1546,CH9556693466263,checking,CHF,3781.96,active,2025-12-20T11:22:15
3016,1546,CH1956143283113,savings,CHF,13443.67,active,2025-07-08T04:04:44
3017,1547,IE6168869674364,checking,EUR,7566.24,active,2026-04-11T07:47:19
3018,1547,IE6203990484063,savings,EUR,10917.36,frozen,2026-05-16T05:22:37
3019,1547,IE1518199662990,savings,EUR,16931.08,frozen,2026-04-10T12:02:46
3020,1548,FR3333541377684,credit,EUR,-1026.77,active,2026-05-15T22:17:07
3021,1548,FR3991641669996,savings,EUR,1000.24,frozen,2026-03-29T11:52:41
3022,1548,FR1754671526428,credit,EUR,-3542.36,active,2026-03-24T17:45:13
3023,1548,FR2500057786386,checking,EUR,1940.94,frozen,2026-04-25T08:52:40
3024,1549,CA4301897496901,checking,CAD,4725.36,closed,2023-11-11T04:16:32
3025,1550,AT1060357212928,savings,EUR,13741.35,frozen,2025-12-10T17:00:38
3026,1551,AU6521833989271,credit,AUD,-1592.04,closed,2021-10-25T08:41:10
3027,1552,ES9499453115209,checking,EUR,508.61,active,2025-08-13T07:15:37
3028,1552,ES6948264285282,savings,EUR,17980.64,active,2026-01-11T05:11:32
3029,1553,DE4899901082914,savings,EUR,23022.34,active,2026-04-12T01:52:09
3030,1553,DE9926630041718,checking,EUR,5790.99,closed,2025-10-16T20:25:07
3031,1553,DE3425823328422,savings,EUR,27283.52,active,2025-10-24T05:23:32
3032,1554,BR4786293160038,checking,BRL,27544.29,active,2024-12-13T20:34:25
3033,1554,BR1559017051413,checking,BRL,25637.9,active,2026-04-06T22:30:46
3034,1555,TR8019646518642,credit,TRY,-101026.82,active,2025-05-04T06:03:47
3035,1555,TR4244097022143,checking,TRY,226817.23,active,2024-09-29T04:48:18
3036,1556,SG8530746023547,checking,SGD,5870.93,active,2024-06-02T12:29:07
3037,1556,SG2451016665854,checking,SGD,3815.7,closed,2022-03-08T17:12:30
3038,1556,SG8177047877197,checking,SGD,1018.82,closed,2024-12-07T08:56:15
3039,1557,US9104190786959,checking,USD,354.82,active,2025-04-16T02:01:53
3040,1558,KR2054438274065,checking,KRW,888014.26,active,2025-06-09T05:53:15
3041,1558,KR3145519052553,savings,KRW,3993817.37,active,2023-04-22T10:43:58
3042,1559,PL6846986431652,credit,PLN,-3308.83,closed,2025-06-18T08:25:19
3043,1559,PL1655041668166,credit,PLN,-2902.35,active,2024-02-17T20:09:12
3044,1559,PL5218747414632,savings,PLN,31147.65,active,2025-08-12T16:41:04
3045,1560,SG2931923411145,savings,SGD,17970.51,active,2025-09-09T08:26:45
3046,1560,SG7331128824563,checking,SGD,3282.86,frozen,2025-12-26T07:22:44
3047,1561,AE4303681443558,savings,AED,21196.6,active,2026-05-03T07:38:51
3048,1561,AE9960810768079,checking,AED,846.45,active,2026-03-02T08:56:30
3049,1562,FR2339378391286,checking,EUR,3951.77,frozen,2026-05-05T22:27:17
3050,1563,NL4924535258321,checking,EUR,1893.38,active,2022-02-24T22:15:30
3051,1563,NL2727899289171,savings,EUR,24690.75,frozen,2023-07-26T01:08:38
3052,1564,DE3473636271968,checking,EUR,4314.82,closed,2025-11-24T17:00:06
3053,1564,DE3055082941392,savings,EUR,9.02,active,2024-02-13T06:14:40
3054,1564,DE6462130390922,savings,EUR,40228.31,closed,2025-11-20T01:45:35
3055,1565,ES8682433142226,checking,EUR,5875.93,closed,2026-02-21T22:53:19
3056,1566,UA5445463061391,checking,UAH,8301.09,active,2025-08-26T07:29:11
3057,1566,UA3334703184212,savings,UAH,77796.48,closed,2025-11-17T23:03:40
3058,1566,UA2288722040431,checking,UAH,252383.46,frozen,2026-04-27T07:03:13
3059,1567,SG4508443395780,savings,SGD,17637.91,active,2026-03-03T06:55:07
3060,1567,SG7240420256109,savings,SGD,38517.39,active,2025-05-25T09:21:28
3061,1567,SG4176577792110,checking,SGD,2220.69,active,2025-10-17T16:53:11
3062,1568,SE9907205028978,savings,SEK,10883.44,active,2025-12-20T20:12:48
3063,1568,SE6041035580143,checking,SEK,422.39,active,2025-04-02T05:39:43
3064,1568,SE1627624589221,savings,SEK,25994.54,active,2021-12-24T06:28:44
3065,1569,FR3049958264958,checking,EUR,7509.44,active,2025-05-15T13:39:19
3066,1569,FR9549055331785,checking,EUR,6048.85,active,2025-04-22T10:58:12
3067,1569,FR2393146034804,savings,EUR,12982.53,active,2025-12-07T09:48:04
3068,1570,IN8958550125694,savings,INR,1564391.47,active,2023-11-05T15:09:48
3069,1571,BR2394008039741,checking,BRL,13991.01,frozen,2025-08-25T13:31:08
3070,1571,BR3058642683886,checking,BRL,6955.2,active,2024-05-21T05:39:30
3071,1572,GB9246910511034,checking,GBP,2746.17,closed,2023-10-15T23:17:12
3072,1572,GB5642410531779,checking,GBP,6157.7,active,2024-10-26T07:50:55
3073,1573,NL9598742990691,checking,EUR,4347.48,active,2026-05-12T22:32:47
3074,1573,NL6499462772983,savings,EUR,33040.89,frozen,2025-08-23T21:46:45
3075,1574,CA3219532357921,savings,CAD,24569.83,active,2026-03-30T14:56:50
3076,1574,CA2680020024817,checking,CAD,7885.72,active,2025-03-01T03:23:52
3077,1575,SE1354634051208,savings,SEK,6635.69,active,2024-12-25T03:38:45
3078,1575,SE9359295953870,savings,SEK,8905.1,closed,2025-06-08T22:55:05
3079,1576,US1478478999975,savings,USD,5440.61,active,2024-09-26T16:59:41
3080,1577,ES6625848761771,savings,EUR,23656.24,frozen,2025-02-02T07:54:56
3081,1578,CA7807884158011,checking,CAD,7721.79,active,2023-12-13T05:24:57
3082,1579,IN6382870115635,checking,INR,285919.9,active,2026-01-01T18:40:10
3083,1580,DE3006478427598,savings,EUR,8230.65,active,2026-04-05T23:40:58
3084,1580,DE9487757422545,credit,EUR,-3607.28,active,2025-09-11T19:18:27
3085,1580,DE1472754565676,checking,EUR,6814.5,active,2026-02-16T06:30:40
3086,1581,AE8926467586463,checking,AED,2694.93,frozen,2024-08-06T20:51:50
3087,1581,AE7144986781558,savings,AED,31323.96,frozen,2026-01-10T16:27:28
3088,1582,US2215694255297,savings,USD,32918.28,active,2026-04-13T04:15:36
3089,1582,US9062476760455,savings,USD,27711.46,active,2026-04-02T23:04:25
3090,1582,US2045815052779,checking,USD,5490.89,active,2026-04-05T11:15:47
3091,1583,BR8540269110343,savings,BRL,190.71,frozen,2025-09-16T05:28:02
3092,1583,BR1861676668580,checking,BRL,2712.88,active,2026-03-18T10:12:35
3093,1583,BR8142469775419,checking,BRL,38271.46,frozen,2026-01-26T19:53:09
3094,1584,US4251369177529,savings,USD,31828.78,active,2022-12-28T05:26:32
3095,1584,US8411540730832,checking,USD,4918.29,active,2026-02-15T01:56:59
3096,1585,NO6005247172797,checking,NOK,6866.82,active,2025-12-03T12:01:33
3097,1586,NL2619145351905,checking,EUR,7805.28,active,2026-03-07T20:39:48
3098,1586,NL3955948220744,checking,EUR,3134.55,active,2026-03-31T00:17:27
3099,1587,GB9748478131178,checking,GBP,3152.85,active,2025-11-14T08:55:05
3100,1587,GB5216916897759,savings,GBP,9392.96,active,2024-02-20T19:37:00
3101,1587,GB6336799473669,checking,GBP,7463.74,active,2025-01-26T04:18:27
3102,1588,AU7909496392624,checking,AUD,5442.72,active,2025-07-21T15:13:31
3103,1589,AU1271366781918,savings,AUD,12159.39,active,2025-02-01T23:25:58
3104,1589,AU2786107446178,checking,AUD,7546.76,active,2023-07-15T18:23:07
3105,1589,AU3421274631670,credit,AUD,-2324.06,frozen,2025-03-14T17:20:30
3106,1590,US1279497786056,checking,USD,2143.26,frozen,2021-12-31T07:30:52
3107,1590,US7737576529252,savings,USD,2699.02,active,2022-08-16T06:38:40
3108,1590,US5440632591007,checking,USD,2646.05,frozen,2025-05-01T17:06:19
3109,1591,UA3532076810747,credit,UAH,-85147.76,active,2024-09-12T01:39:31
3110,1592,US6629292790666,checking,USD,1732.26,active,2026-01-29T01:39:24
3111,1592,US7707363836333,checking,USD,5187.54,active,2024-09-28T15:36:42
3112,1593,FR6428552158305,savings,EUR,21187.05,active,2022-09-30T05:06:41
3113,1593,FR5658331265402,savings,EUR,2207.26,active,2023-08-31T15:50:47
3114,1594,AE9651778359982,checking,AED,5897.44,frozen,2026-02-09T10:11:03
3115,1595,DE5406587771526,checking,EUR,853.95,active,2025-04-05T02:00:35
3116,1595,DE4538554084723,checking,EUR,1527.59,active,2025-10-14T09:32:34
3117,1596,US8570915229816,checking,USD,6691.48,active,2025-09-03T17:49:00
3118,1597,ES9288283336553,savings,EUR,18430.57,active,2026-03-14T03:38:26
3119,1598,FR2475969832335,checking,EUR,5489.16,frozen,2025-05-08T14:11:11
3120,1598,FR7568790518638,savings,EUR,7756.46,active,2026-01-27T11:07:03
3121,1599,FR4913260816667,checking,EUR,7914.88,active,2026-05-15T16:14:21
3122,1600,FR8585476216964,savings,EUR,38236.92,active,2025-05-08T08:58:12
3123,1600,FR2901046777907,savings,EUR,27405.78,active,2026-04-27T03:41:01
3124,1601,US2843541997091,savings,USD,23.52,closed,2023-05-31T20:11:50
3125,1602,GB8278256917661,savings,GBP,15849.95,active,2025-03-29T22:30:39
3126,1603,US2301606330682,checking,USD,6155.12,active,2025-04-18T15:00:45
3127,1603,US1601014079534,checking,USD,551.65,active,2025-10-05T08:58:02
3128,1604,UA3519188398030,savings,UAH,442665.58,active,2024-07-25T03:52:21
3129,1604,UA2584303087911,credit,UAH,-58614.84,frozen,2025-06-07T07:04:31
3130,1605,CA8715853623924,savings,CAD,20998.06,active,2024-08-30T19:47:15
3131,1606,BR2878142834408,checking,BRL,9093.94,active,2025-01-31T00:11:53
3132,1607,TR6065193098981,savings,TRY,758257.55,active,2025-09-06T05:24:13
3133,1607,TR8735742015252,savings,TRY,1015754.68,active,2025-11-13T07:00:49
3134,1607,TR4779433695801,checking,TRY,156811.78,active,2023-09-02T19:31:01
3135,1608,DE4262106595619,savings,EUR,30370.02,closed,2026-02-26T01:16:24
3136,1609,SG5531760443938,savings,SGD,5614.1,active,2024-05-27T00:26:59
3137,1610,US7942455022385,savings,USD,30506.79,active,2025-03-22T07:15:39
3138,1611,PT4982113748507,checking,EUR,1180.44,active,2024-06-12T00:49:13
3139,1612,GB7349447581041,checking,GBP,3894.05,active,2026-01-11T09:04:39
3140,1612,GB9718643425513,checking,GBP,3943.8,closed,2024-02-01T05:31:26
3141,1613,US5290224399386,checking,USD,4373.22,frozen,2025-05-27T12:34:37
3142,1613,US1970341759519,savings,USD,25436.29,frozen,2025-09-02T02:10:07
3143,1613,US7184074863173,credit,USD,-3191.59,active,2025-04-17T23:11:23
3144,1614,US3374231042832,checking,USD,254.2,active,2026-02-25T01:18:08
3145,1614,US2249958671488,checking,USD,4108.67,active,2026-04-07T06:32:28
3146,1615,SE2648583267887,savings,SEK,1236.25,active,2024-05-11T22:49:04
3147,1615,SE5788871646766,savings,SEK,6060.28,active,2024-10-27T07:43:16
3148,1616,IE6359605581706,credit,EUR,-2934.69,frozen,2026-01-07T10:05:36
3149,1616,IE4869583852559,savings,EUR,4847.32,active,2026-01-04T16:37:40
3150,1616,IE6487276524459,savings,EUR,7780.99,active,2026-03-08T14:56:17
3151,1617,FI4618142471290,checking,EUR,7334.16,closed,2025-10-12T11:52:42
3152,1618,US3670092585678,savings,USD,21594.58,active,2024-11-28T16:20:29
3153,1618,US3367749793308,savings,USD,18801.52,active,2023-09-29T05:51:41
3154,1619,GB5516393216718,checking,GBP,5551.8,active,2026-03-11T22:41:35
3155,1619,GB2705234482075,checking,GBP,6688.87,active,2022-05-17T20:12:42
3156,1620,JP8883797417478,savings,JPY,3299.3,active,2026-02-26T03:19:11
3157,1621,DE2831433936152,savings,EUR,6188.09,active,2025-12-23T16:23:12
3158,1621,DE9410530264065,checking,EUR,300.18,active,2025-06-30T10:23:28
3159,1621,DE5390272671648,checking,EUR,6467.46,active,2026-03-12T15:28:50
3160,1622,FR2961646435141,savings,EUR,10674.99,closed,2025-11-02T07:11:35
3161,1622,FR5892593996311,savings,EUR,37317.3,closed,2026-02-18T12:29:16
3162,1623,ZA3578375449101,checking,ZAR,1125.38,frozen,2025-04-01T04:00:21
3163,1623,ZA7668884193054,credit,ZAR,-857.72,active,2025-05-17T02:08:31
3164,1624,DE5027962871645,credit,EUR,-831.76,active,2024-02-25T14:22:56
3165,1625,NL4302272040118,savings,EUR,39743.46,closed,2025-02-14T17:25:27
3166,1625,NL7688370235465,savings,EUR,94.28,active,2026-03-05T04:29:45
3167,1625,NL3560119085706,checking,EUR,7503.36,active,2024-01-16T16:28:29
3168,1626,FR2428640842724,savings,EUR,6400.93,active,2022-11-12T11:57:01
3169,1627,GB1114767651113,checking,GBP,6326.41,active,2025-09-10T08:45:57
3170,1627,GB3473326799098,savings,GBP,2482.71,active,2026-03-29T03:26:10
3171,1627,GB5239448113135,checking,GBP,6574.52,active,2024-04-18T01:59:38
3172,1628,PT3115566823315,savings,EUR,25.76,closed,2023-09-23T06:01:37
3173,1628,PT2827249489948,savings,EUR,12315.94,active,2024-11-04T00:39:06
3174,1628,PT9112037047916,savings,EUR,12801.7,active,2025-02-17T07:05:18
3175,1629,ES8646974019024,checking,EUR,4661.47,active,2026-03-06T17:27:19
3176,1629,ES8868743642766,savings,EUR,1591.26,frozen,2025-08-16T19:46:27
3177,1629,ES3667014418931,checking,EUR,3231.72,frozen,2024-08-06T04:07:16
3178,1630,DE4818391930617,savings,EUR,7.71,closed,2025-06-24T12:16:32
3179,1631,ES2989917167933,savings,EUR,9387.47,active,2026-04-07T17:27:21
3180,1631,ES1599377775078,savings,EUR,36.19,closed,2026-04-05T22:13:10
3181,1631,ES5137990548930,checking,EUR,4906.35,frozen,2026-03-31T20:14:25
3182,1632,US6797406654739,checking,USD,4354.24,closed,2024-04-26T03:02:44
3183,1633,US7676506172607,savings,USD,8035.36,active,2025-08-08T09:19:23
3184,1633,US4279903197524,savings,USD,2456,frozen,2025-06-20T11:34:39
3185,1634,US8525384017913,checking,USD,6776.28,active,2024-05-10T06:57:07
3186,1634,US1533848272092,credit,USD,-2883.58,active,2022-12-04T12:03:44
3187,1634,US1775831876318,savings,USD,38230.78,active,2022-06-04T18:52:50
3188,1635,IN2203950954672,checking,INR,577047.15,active,2025-06-08T01:48:19
3189,1635,IN4958661057155,checking,INR,284858.09,frozen,2026-04-17T21:09:47
3190,1636,FR3379555398065,savings,EUR,29322.49,active,2022-10-22T09:21:34
3191,1636,FR4228235478127,checking,EUR,3079.29,active,2025-01-19T11:30:02
3192,1637,PL3450569468406,savings,PLN,24.08,closed,2026-03-26T09:00:07
3193,1637,PL8208078350814,savings,PLN,21946.81,active,2025-09-10T18:19:15
3194,1637,PL5648148685134,checking,PLN,1599.37,active,2023-05-29T19:17:05
3195,1638,JP3035870040683,checking,JPY,308404.67,closed,2026-01-06T05:14:45
3196,1638,JP5052712233708,savings,JPY,4330866.57,active,2025-09-18T17:36:56
3197,1639,ZA5463481464391,savings,ZAR,21012.64,active,2021-07-12T12:50:24
3198,1640,IT2030942874098,credit,EUR,-2052.99,active,2023-01-15T15:44:46
3199,1641,GB6905294731276,checking,GBP,2322.37,active,2026-03-04T22:37:21
3200,1642,FR2626101854323,credit,EUR,-275.25,active,2026-05-16T11:32:15
3201,1642,FR3253509325545,credit,EUR,-3600.57,active,2024-09-30T06:32:29
3202,1643,CN3439121545203,savings,CNY,19813.13,active,2024-10-08T00:40:40
3203,1643,CN6946518981585,savings,CNY,9950.63,active,2024-07-11T10:56:14
3204,1644,PL2663254026263,savings,PLN,28908.4,closed,2026-05-05T09:34:14
3205,1644,PL6774115181434,credit,PLN,-2503.64,active,2026-04-23T14:20:55
3206,1645,FR2329982025583,checking,EUR,7297.07,active,2025-09-17T20:57:33
3207,1646,SG4300315878031,checking,SGD,6514.18,closed,2024-09-07T07:03:09
3208,1647,US8811009449177,checking,USD,2908,active,2024-02-12T01:18:27
3209,1648,SG3713659712534,checking,SGD,2379.72,closed,2026-01-27T13:30:17
3210,1648,SG4519089926365,savings,SGD,9815.7,active,2026-01-22T22:35:50
3211,1649,FR2940726766359,checking,EUR,1153.94,active,2025-11-07T10:04:54
3212,1649,FR6834141175693,savings,EUR,27051.21,active,2026-02-09T19:29:44
3213,1650,NL7160577894812,savings,EUR,20772.58,active,2023-08-05T18:39:41
3214,1651,US2277703459634,checking,USD,6560.74,active,2025-12-15T15:26:44
3215,1652,FR7805999753516,savings,EUR,15744.34,active,2023-07-05T19:46:15
3216,1653,UA1536325755307,checking,UAH,282861.18,active,2024-06-29T18:42:57
3217,1653,UA6364191037685,checking,UAH,139821.08,frozen,2023-04-17T07:47:27
3218,1653,UA1590173640556,savings,UAH,1275521.03,active,2026-01-09T21:36:53
3219,1653,UA2131760592549,savings,UAH,713333.39,active,2023-10-01T03:21:58
3220,1654,IT2602083361531,checking,EUR,2088.3,frozen,2025-12-27T21:10:36
3221,1654,IT8555289738645,checking,EUR,6744.1,active,2025-08-30T20:56:12
3222,1655,MX4485301194114,checking,MXN,121057.68,closed,2024-10-25T10:42:41
3223,1655,MX1375139511375,checking,MXN,84021.25,active,2025-04-27T19:59:21
3224,1655,MX2757354674978,checking,MXN,66267.56,active,2025-09-04T13:53:55
3225,1656,IN5113775537199,checking,INR,32970.59,frozen,2024-04-12T01:44:08
3226,1657,SG4516020874730,checking,SGD,16.36,active,2026-01-25T04:55:09
3227,1657,SG3823164112737,savings,SGD,20305.02,active,2025-07-02T20:07:06
3228,1657,SG2584634593319,savings,SGD,10850.13,active,2024-09-04T13:13:51
3229,1658,DE2268712834034,checking,EUR,3771.94,active,2024-04-26T11:31:07
3230,1659,DE1575736456423,checking,EUR,6332.6,active,2026-04-06T09:14:24
3231,1659,DE4659121980122,checking,EUR,7946.44,active,2024-08-25T09:47:26
3232,1660,PL4742886627059,savings,PLN,5151.62,frozen,2026-04-26T01:04:04
3233,1661,GB1241983827642,savings,GBP,39284.44,active,2026-01-14T16:01:49
3234,1662,IT1979193321691,checking,EUR,7.89,active,2022-05-10T00:57:04
3235,1662,IT3510676094623,savings,EUR,35760.4,active,2026-04-22T08:18:05
3236,1663,CA1209430879324,checking,CAD,172.21,active,2025-07-29T13:30:33
3237,1663,CA5933673919183,checking,CAD,355.21,active,2025-08-21T21:54:21
3238,1663,CA5622355160149,checking,CAD,2410.67,frozen,2023-05-27T23:06:12
3239,1664,US8104257259665,savings,USD,16691.64,active,2025-10-18T16:22:15
3240,1664,US7045238014729,checking,USD,1831.01,frozen,2025-05-10T08:13:59
3241,1664,US3275515241110,checking,USD,1370.75,active,2024-10-09T16:11:01
3242,1665,PL7334483736665,checking,PLN,4053.39,frozen,2025-08-02T00:55:56
3243,1666,US7684081137668,savings,USD,12976.37,closed,2025-04-24T23:18:23
3244,1666,US7933081627597,checking,USD,6317.23,active,2026-02-17T22:30:29
3245,1667,US8751417750037,savings,USD,61.33,active,2025-07-20T20:25:22
3246,1667,US5083287283619,savings,USD,25.78,active,2024-07-12T20:38:02
3247,1667,US1985842649541,checking,USD,6545.44,closed,2024-05-21T17:57:48
3248,1668,AE8135244173078,checking,AED,4568.88,frozen,2023-06-30T16:47:13
3249,1669,TR8503130857664,checking,TRY,89429.63,closed,2024-04-08T14:54:55
3250,1670,DE3177431057715,savings,EUR,33782.27,active,2024-10-25T06:38:32
3251,1670,DE4813323046554,checking,EUR,5574.24,active,2026-02-06T16:41:22
3252,1671,CH8265663493791,checking,CHF,1886.91,closed,2025-06-28T17:48:54
3253,1671,CH5225943497091,savings,CHF,9095.71,active,2026-01-14T00:53:43
3254,1672,AU8124278023817,checking,AUD,6024.21,active,2024-04-11T21:47:08
3255,1672,AU6838545785380,checking,AUD,5852.65,active,2025-07-19T05:58:48
3256,1672,AU7613702781050,credit,AUD,-2179.72,active,2024-11-26T10:59:09
3257,1673,GB7454751958726,checking,GBP,272.27,active,2026-03-12T17:07:07
3258,1673,GB4684495641088,savings,GBP,24249.62,closed,2026-03-04T09:50:21
3259,1674,US4473273094081,credit,USD,-2486.72,frozen,2022-11-28T09:18:11
3260,1675,GB1589352850508,savings,GBP,19992.25,active,2025-12-23T00:01:45
3261,1675,GB6174130862147,savings,GBP,11857.3,active,2024-07-24T23:13:37
3262,1676,FR8888890433889,credit,EUR,-4609.84,active,2024-01-21T10:37:41
3263,1677,DE5589382960977,checking,EUR,1989.85,active,2025-08-18T12:34:18
3264,1677,DE9632787649426,savings,EUR,33226.91,closed,2025-08-01T17:57:17
3265,1678,IT2241590359655,credit,EUR,-2865.51,closed,2024-05-08T04:23:01
3266,1679,AE2862094181015,savings,AED,12740.88,active,2025-12-12T04:32:20
3267,1680,DE8677323380269,checking,EUR,57.72,frozen,2026-03-25T03:55:37
3268,1680,DE2547174597242,checking,EUR,532.41,active,2026-03-21T03:45:16
3269,1680,DE7649225857952,savings,EUR,11209.5,active,2026-04-12T02:27:56
3270,1681,GB1978465578934,checking,GBP,6383.15,active,2023-11-02T20:53:40
3271,1682,US7212927367518,checking,USD,2266.02,active,2026-04-08T17:28:54
3272,1682,US2788399822410,checking,USD,4351.14,closed,2026-04-29T05:29:25
3273,1683,AU3311456545452,checking,AUD,3806.81,active,2026-01-19T21:31:50
3274,1684,AU2662268010797,savings,AUD,6571.49,active,2025-02-23T08:56:18
3275,1684,AU3363197437290,savings,AUD,30151.09,frozen,2026-04-13T00:59:52
3276,1685,CH3159700319856,savings,CHF,4179.35,active,2025-10-08T00:00:37
3277,1685,CH3036458047881,credit,CHF,-3463.15,active,2026-03-08T20:56:02
3278,1686,AE2342218176901,checking,AED,3891.93,closed,2024-03-18T14:19:31
3279,1687,MX2455107861656,checking,MXN,48043.93,closed,2023-03-19T21:09:02
3280,1687,MX8632782412791,savings,MXN,301441.97,active,2023-03-01T19:55:33
3281,1687,MX3285773469389,savings,MXN,327418.52,frozen,2025-02-01T12:00:54
3282,1688,CA5117471829917,savings,CAD,26883.29,active,2025-09-26T16:32:50
3283,1688,CA1402737088889,checking,CAD,4070,active,2024-12-10T05:28:17
3284,1689,TR3183425230893,checking,TRY,209877.34,closed,2024-08-10T13:19:40
3285,1690,ES1386729862036,credit,EUR,-1194.84,closed,2026-03-30T16:45:56
3286,1690,ES1653945559698,checking,EUR,5603.47,active,2025-06-28T18:52:29
3287,1691,IN8202378266912,savings,INR,210200.5,closed,2025-07-13T06:02:41
3288,1691,IN8423585822744,checking,INR,152460.14,active,2026-01-22T08:16:06
3289,1692,JP1358187737333,checking,JPY,255261.8,frozen,2025-01-10T12:58:47
3290,1692,JP8004236117034,checking,JPY,110832.7,closed,2022-05-15T00:49:31
3291,1693,DE3547440094366,checking,EUR,5102.03,closed,2026-03-21T14:35:28
3292,1694,DE7789063611911,checking,EUR,3475.03,closed,2025-03-04T07:03:55
3293,1694,DE4648287016080,checking,EUR,3283.67,active,2026-01-08T00:59:29
3294,1695,DE1172838196858,checking,EUR,3449.18,frozen,2025-05-06T21:29:01
3295,1696,BR8400534710914,savings,BRL,96615.69,active,2026-02-15T17:25:05
3296,1696,BR9943486735384,checking,BRL,27552.2,active,2024-11-11T23:14:29
3297,1696,BR8547695440341,checking,BRL,7956.02,closed,2024-02-28T07:06:28
3298,1696,BR6818726479908,checking,BRL,24532.06,frozen,2024-12-01T19:51:33
3299,1697,BR7528379943078,savings,BRL,167742.36,frozen,2026-01-13T14:20:09
3300,1698,FR2994124836876,credit,EUR,-1234.13,active,2024-12-07T04:42:43
3301,1699,FR7197437612935,savings,EUR,15292.32,active,2024-10-11T01:35:49
3302,1699,FR4179639928866,checking,EUR,3667.09,active,2023-12-16T02:17:58
3303,1700,NL7989746521647,savings,EUR,10034.62,frozen,2025-02-08T09:08:15
3304,1701,SG3648617570953,credit,SGD,-4663.8,closed,2026-04-09T06:18:36
3305,1702,MX8605818198912,savings,MXN,112869.83,active,2023-09-23T23:57:37
3306,1702,MX1832226245988,savings,MXN,588973.44,active,2025-07-22T07:50:45
3307,1703,US3431161031294,checking,USD,443.52,closed,2025-01-06T19:35:08
3308,1704,JP6817495070786,credit,JPY,-490921.34,active,2024-12-11T04:21:41
3309,1704,JP2438530949506,savings,JPY,8913.93,active,2026-01-30T10:57:28
3310,1704,JP8393546974967,savings,JPY,3737545.09,active,2024-08-04T09:40:02
3311,1705,US2536150349343,savings,USD,10927.29,closed,2025-03-23T13:45:14
3312,1705,US1648801995077,savings,USD,53.28,active,2024-05-03T19:34:08
3313,1706,US1657895335262,checking,USD,4805.97,active,2024-03-14T16:30:18
3314,1707,KR9935929036438,checking,KRW,113176.98,active,2025-02-04T09:58:52
3315,1707,KR9587882288070,savings,KRW,3306680.48,frozen,2023-11-24T06:30:17
3316,1707,KR2261898417616,checking,KRW,697665.37,active,2023-12-12T16:23:48
3317,1708,DE8306284680421,savings,EUR,27995.76,frozen,2025-10-21T04:01:42
3318,1708,DE1013492855527,checking,EUR,6641.02,frozen,2024-03-12T00:07:28
3319,1708,DE3297103658927,checking,EUR,7402.55,active,2023-10-05T08:56:35
3320,1708,DE8667337544474,checking,EUR,3078.87,closed,2026-03-03T05:07:25
3321,1709,BR1117201221732,savings,BRL,182752.68,active,2025-06-17T08:54:53
3322,1710,US1249900288361,savings,USD,1892.46,active,2025-09-10T19:43:29
3323,1710,US4118430625977,savings,USD,4603.9,active,2025-05-28T04:28:16
3324,1711,ES6270320710895,credit,EUR,-1054.3,active,2025-11-12T19:29:42
3325,1712,PL3655838144085,credit,PLN,-4922.79,frozen,2025-02-22T09:46:16
3326,1713,US5210266273231,savings,USD,21505.08,frozen,2025-05-04T02:55:57
3327,1713,US1848104182590,savings,USD,28170.66,active,2025-03-25T16:20:56
3328,1714,GB5923350752597,checking,GBP,7023.4,active,2026-05-06T18:44:30
3329,1714,GB9854694689108,savings,GBP,3154.49,active,2026-02-23T01:03:43
3330,1714,GB9814608343864,checking,GBP,286.53,active,2026-02-14T08:52:53
3331,1715,SG7875832028573,checking,SGD,1018.62,frozen,2025-11-15T10:47:04
3332,1716,US8796604498226,credit,USD,-4920.76,closed,2026-05-08T10:23:10
3333,1716,US7825543425070,savings,USD,25676.84,active,2026-04-22T18:50:48
3334,1716,US9024209329822,savings,USD,12041.65,active,2026-04-27T23:40:51
3335,1717,US3197143083255,checking,USD,1944.88,closed,2025-03-03T04:24:12
3336,1718,DE3576519449782,savings,EUR,31484.92,active,2024-09-02T13:16:05
3337,1719,JP8441224036184,savings,JPY,1822204.16,closed,2024-10-29T09:16:30
3338,1720,US8217610536395,savings,USD,37653.18,frozen,2025-04-14T19:51:08
3339,1721,ZA9088018518868,checking,ZAR,7903.47,closed,2023-03-28T08:18:57
3340,1722,NL1029672657470,checking,EUR,7226.04,active,2024-07-08T06:53:41
3341,1723,GB7297116785655,checking,GBP,7686.59,active,2025-10-18T16:27:30
3342,1724,NL2047024284284,checking,EUR,537.98,active,2025-06-06T09:02:20
3343,1724,NL4833413886638,checking,EUR,2700.46,active,2025-11-02T03:53:43
3344,1724,NL5426741990974,checking,EUR,3549.74,active,2026-04-18T06:33:26
3345,1725,IN9831250922883,checking,INR,212782.06,active,2025-01-11T16:21:03
3346,1725,IN2517044674817,checking,INR,486723.88,active,2025-03-30T23:18:48
3347,1725,IN7846142410057,checking,INR,10485.92,active,2026-04-18T08:01:17
3348,1725,IN3345810890792,savings,INR,2099671.25,active,2025-10-15T13:17:32
3349,1726,US2785430789139,savings,USD,7555.32,closed,2026-04-26T02:54:43
3350,1726,US4446068914103,checking,USD,7558.06,active,2026-05-10T13:40:18
3351,1727,FR6855727862298,savings,EUR,38840.31,active,2025-12-14T10:15:18
3352,1727,FR7493824815283,checking,EUR,1496.83,active,2026-04-28T23:50:52
3353,1728,JP4362475390742,savings,JPY,1332061.67,active,2025-10-13T01:44:47
3354,1728,JP4641935496558,checking,JPY,970776.05,frozen,2023-06-16T19:11:14
3355,1729,US5128931921525,checking,USD,4115.28,closed,2022-01-05T06:08:17
3356,1730,ES9368666218265,checking,EUR,2839.74,active,2026-01-17T16:13:02
3357,1730,ES1673604991227,credit,EUR,-484.09,active,2025-07-13T19:12:50
3358,1731,ES2062027650261,checking,EUR,6569.09,active,2025-07-25T07:13:03
3359,1731,ES8979224093270,checking,EUR,7190.13,active,2024-07-01T19:13:56
3360,1732,MX5809369843230,credit,MXN,-17057.79,closed,2025-07-16T18:32:47
3361,1733,IN3115385845785,savings,INR,568404.76,active,2025-07-16T05:37:46
3362,1733,IN1709561557139,checking,INR,123287.41,active,2022-05-06T13:49:27
3363,1733,IN1380580924744,checking,INR,556129.46,active,2022-01-24T08:32:37
3364,1734,GB1118354576395,savings,GBP,31361.44,active,2025-01-29T08:46:20
3365,1735,CH6067364444999,credit,CHF,-2354.37,active,2023-04-25T22:13:27
3366,1736,MX1244201165399,credit,MXN,-58698.11,closed,2023-02-18T20:33:00
3367,1736,MX8477915181554,credit,MXN,-54069.51,closed,2025-11-28T06:52:23
3368,1736,MX6764852762892,savings,MXN,644360.66,active,2022-03-05T04:07:54
3369,1736,MX5839288842651,credit,MXN,-11773.67,frozen,2023-04-24T14:36:39
3370,1737,IT1071857825576,checking,EUR,7593.08,active,2026-02-16T00:48:38
3371,1737,IT6564929573677,checking,EUR,4501.78,active,2025-12-25T05:41:20
3372,1738,US2574090829972,savings,USD,16592.88,active,2025-11-29T10:45:37
3373,1738,US2987630669385,savings,USD,14184.98,active,2026-01-01T03:41:36
3374,1739,FR3887315747505,checking,EUR,7957.94,frozen,2024-11-17T20:36:46
3375,1739,FR7789170156007,savings,EUR,30842.04,active,2024-12-22T09:42:57
3376,1740,KR1623835843446,checking,KRW,380594,active,2022-12-10T14:55:31
3377,1741,US6674054267542,savings,USD,18591.01,closed,2023-08-14T03:15:38
3378,1742,TR6706768567586,savings,TRY,1789.85,frozen,2023-05-22T23:11:52
3379,1743,CA8210859917733,checking,CAD,6491,closed,2025-11-14T12:05:51
3380,1743,CA9828573066458,checking,CAD,4833.11,frozen,2025-08-08T10:24:48
3381,1744,US5964055371812,savings,USD,7507.48,active,2026-02-17T01:01:17
3382,1745,US2293256842203,savings,USD,7847.44,active,2024-01-20T11:37:22
3383,1745,US7814284380371,savings,USD,32038.53,active,2023-05-01T13:22:36
3384,1746,CA3184634332724,checking,CAD,4445.67,active,2026-04-22T12:50:34
3385,1747,CH5876489638409,checking,CHF,2076.08,active,2024-09-14T03:15:10
3386,1748,GB9010708049166,checking,GBP,3489.08,active,2026-03-28T11:57:05
3387,1749,GB2399835751713,checking,GBP,287.76,frozen,2023-11-09T22:57:47
3388,1749,GB4375341548880,checking,GBP,1153.58,active,2025-05-29T04:24:45
3389,1750,ES8812063410802,checking,EUR,6663.44,active,2026-05-13T12:34:09
3390,1750,ES1354899220277,savings,EUR,36855.13,closed,2026-05-10T22:39:39
3391,1751,US3706452462147,savings,USD,20927.04,frozen,2025-08-19T09:05:34
3392,1751,US6202674053116,savings,USD,20207.14,closed,2023-06-19T15:02:00
3393,1752,US3854638726078,checking,USD,1336.64,active,2024-05-06T13:42:23
3394,1752,US3180910356676,savings,USD,38328.71,frozen,2026-02-19T08:14:23
3395,1753,PT1663909879433,checking,EUR,7432.45,frozen,2025-10-10T06:06:45
3396,1753,PT1927238969913,checking,EUR,6037.16,active,2025-06-17T01:37:22
3397,1754,DK6450813593395,checking,DKK,6890.11,active,2024-07-31T22:58:38
3398,1755,US3485232333977,savings,USD,17312.34,active,2025-07-12T09:23:10
3399,1755,US2291011159213,checking,USD,7488.4,frozen,2025-07-29T17:02:16
3400,1755,US4240582248491,checking,USD,6415.3,closed,2026-01-10T09:20:37
3401,1756,BR9086800561212,credit,BRL,-17695.21,closed,2024-01-09T07:55:39
3402,1756,BR4372039624641,savings,BRL,112835.06,active,2025-05-07T01:14:43
3403,1756,BR1556054386409,credit,BRL,-15958.66,active,2023-09-30T00:58:39
3404,1756,BR9297628238598,savings,BRL,177343.32,active,2023-07-12T21:18:00
3405,1757,CA3043586489706,savings,CAD,24916.24,active,2025-07-01T15:35:40
3406,1757,CA6776276115724,credit,CAD,-866.61,closed,2025-12-20T08:46:55
3407,1758,PT2466300980686,checking,EUR,1061.77,closed,2025-01-11T10:12:48
3408,1758,PT3133803558998,checking,EUR,1641.82,active,2025-07-20T20:41:49
3409,1758,PT6917407927338,credit,EUR,-2454.33,active,2025-01-01T06:36:22
3410,1759,MX4568059182049,checking,MXN,57237.79,active,2025-10-12T10:58:35
3411,1759,MX4866601574436,savings,MXN,422272.56,frozen,2023-05-20T05:55:28
3412,1759,MX4242013191899,checking,MXN,14817.55,active,2023-06-06T19:22:19
3413,1760,ZA4429999352735,checking,ZAR,4026.91,active,2023-08-07T21:02:03
3414,1760,ZA5917082974780,checking,ZAR,1994.26,active,2022-12-30T13:54:56
3415,1760,ZA5013352735091,checking,ZAR,458.37,active,2023-03-10T13:26:30
3416,1761,IT4400379967917,credit,EUR,-2150.55,active,2025-01-15T05:56:03
3417,1761,IT3734121440581,checking,EUR,3270.29,active,2024-02-02T02:08:08
3418,1761,IT8136893691281,savings,EUR,12616.45,active,2023-11-11T06:21:01
3419,1762,FR8279103165855,savings,EUR,19310.92,closed,2024-12-16T16:05:25
3420,1762,FR6305822598298,checking,EUR,5283.58,active,2024-04-14T20:17:34
3421,1762,FR1845582495623,checking,EUR,7910.35,active,2024-10-09T05:33:37
3422,1763,FR1188634181564,checking,EUR,697.06,active,2025-04-02T21:55:59
3423,1764,IN2841585582110,checking,INR,324581.38,active,2024-06-24T09:34:05
3424,1764,IN4854045997638,credit,INR,-387147.86,active,2026-04-15T07:12:33
3425,1765,BR6832067296369,savings,BRL,131977.04,frozen,2026-04-24T18:12:08
3426,1765,BR9091835623694,savings,BRL,96093.94,active,2025-09-11T20:27:17
3427,1765,BR8851274085294,checking,BRL,37992.31,active,2026-04-13T07:26:38
3428,1766,IN6834841429612,credit,INR,-66023.23,active,2026-04-13T17:38:49
3429,1766,IN8443404992734,savings,INR,2877451.03,frozen,2026-04-13T18:35:43
3430,1766,IN9710403024283,savings,INR,2570.51,active,2026-02-08T06:09:15
3431,1766,IN8940139240134,savings,INR,286204.76,active,2026-05-01T08:33:59
3432,1767,IN9275007638132,checking,INR,54850.24,active,2024-04-21T18:03:01
3433,1767,IN3939063393624,checking,INR,199287.21,active,2023-11-15T15:21:49
3434,1767,IN1625153469802,checking,INR,427767.76,frozen,2025-07-25T17:50:33
3435,1768,GB9418809472076,credit,GBP,-1418.57,active,2024-04-10T00:43:44
3436,1768,GB2984006363220,checking,GBP,7978.23,active,2024-11-06T21:49:37
3437,1769,NL9817270820141,checking,EUR,7247.2,frozen,2026-03-26T05:01:48
3438,1769,NL1516978958026,checking,EUR,173.3,active,2025-12-01T01:49:14
3439,1770,JP3931353777583,checking,JPY,569947.54,active,2025-01-02T15:10:05
3440,1770,JP4110811397309,checking,JPY,13065.46,active,2025-04-16T01:44:52
3441,1771,US6000279054903,checking,USD,173.81,frozen,2024-01-12T01:18:45
3442,1772,TR5741458135027,checking,TRY,148690.24,frozen,2024-08-10T01:09:54
3443,1772,TR8179442463017,checking,TRY,25504.62,frozen,2026-05-03T08:33:22
3444,1772,TR1456970917560,checking,TRY,47762.61,active,2026-02-15T21:05:49
3445,1773,DE5478955183237,checking,EUR,6444.25,active,2025-03-12T17:10:34
3446,1773,DE6266679245645,checking,EUR,3417.77,active,2025-11-03T15:41:20
3447,1774,US6358679036365,checking,USD,552.1,closed,2023-05-11T10:38:17
3448,1774,US1536802965129,checking,USD,3213.61,closed,2026-03-09T20:04:37
3449,1775,JP7516231558455,credit,JPY,-208118.12,active,2025-07-08T17:27:29
3450,1776,AE7032323463348,checking,AED,6672.15,active,2026-04-22T05:15:14
3451,1776,AE4846069311221,checking,AED,1611.22,active,2025-04-15T07:34:28
3452,1777,CA8553837150674,savings,CAD,38802.47,active,2023-08-17T23:31:15
3453,1778,FR9745211490553,checking,EUR,5213.89,active,2025-07-04T19:56:23
3454,1779,US4377430434207,savings,USD,25125.26,closed,2023-05-25T13:18:17
3455,1779,US4688348347552,checking,USD,648.82,closed,2024-04-29T09:22:15
3456,1779,US7776435456650,checking,USD,91.45,active,2023-01-14T13:14:36
3457,1780,AU7734094517581,checking,AUD,7649,frozen,2025-07-19T09:23:51
3458,1780,AU6819731269252,savings,AUD,7905.93,active,2025-04-24T11:37:27
3459,1781,PT2817553779041,checking,EUR,6548.25,active,2025-04-06T13:12:04
3460,1781,PT9872927963603,savings,EUR,8159.39,frozen,2023-02-09T00:00:47
3461,1782,KR4357813088095,savings,KRW,3030161.48,closed,2025-12-31T20:55:48
3462,1783,FR7951357421001,savings,EUR,14266.97,active,2025-07-23T06:54:54
3463,1783,FR8668610534912,checking,EUR,3012.45,active,2026-05-10T09:30:44
3464,1783,FR3568633386264,savings,EUR,33319.97,closed,2026-01-14T23:12:30
3465,1784,US8664620086052,checking,USD,4332.01,frozen,2022-10-21T10:52:45
3466,1784,US1671222674243,credit,USD,-2088.53,active,2023-08-05T00:08:05
3467,1785,FR2549943776323,savings,EUR,14699.69,frozen,2026-03-22T22:51:38
3468,1786,IN5168648884010,savings,INR,2784427.93,frozen,2025-07-01T10:54:12
3469,1786,IN1808986744453,checking,INR,582206.49,active,2025-07-05T20:57:57
3470,1787,DK6926226416564,checking,DKK,7534.44,frozen,2025-09-10T00:59:50
3471,1788,BE7419583838113,savings,EUR,37003.53,active,2025-04-13T23:29:33
3472,1788,BE5970982477587,savings,EUR,30827.13,active,2026-01-18T17:16:47
3473,1788,BE6416681585592,checking,EUR,1719.07,frozen,2025-03-03T13:40:05
3474,1789,CA4453970162489,checking,CAD,1678.36,active,2025-04-16T03:09:16
3475,1790,US9314900715379,credit,USD,-4925.51,active,2025-09-23T11:39:28
3476,1790,US5100161575876,checking,USD,2607.86,closed,2025-03-06T18:48:45
3477,1791,US9644312414279,checking,USD,975.53,active,2025-10-27T09:33:00
3478,1791,US5965668026976,credit,USD,-948.31,active,2026-03-04T00:51:24
3479,1791,US5798141469532,savings,USD,14077.3,active,2025-09-24T22:55:52
3480,1792,NO3844546237200,savings,NOK,7079.05,closed,2026-04-01T19:30:48
3481,1792,NO6970030710460,checking,NOK,3119.49,frozen,2026-03-17T20:20:31
3482,1793,FR6829868719273,checking,EUR,7116.16,active,2026-03-25T16:28:30
3483,1794,SE8103238236549,savings,SEK,16827.16,active,2026-04-13T21:37:40
3484,1794,SE5417051480239,checking,SEK,340.99,frozen,2026-03-03T09:00:32
3485,1794,SE6541664371310,savings,SEK,24005.46,active,2026-01-06T09:58:21
3486,1795,DE6972003492745,checking,EUR,6150.15,frozen,2025-03-01T14:02:19
3487,1795,DE5233102173870,checking,EUR,5888.66,active,2024-12-04T00:02:31
3488,1796,CA5547852611953,checking,CAD,4027.3,closed,2025-12-16T10:55:26
3489,1796,CA8959762913554,savings,CAD,11931.52,active,2026-04-07T02:51:19
3490,1797,FR8852950666874,checking,EUR,3416.49,closed,2025-07-28T16:27:55
3491,1798,ZA7984999316547,checking,ZAR,4451.24,active,2024-10-07T09:14:51
3492,1798,ZA9372591536949,checking,ZAR,3856.82,active,2024-04-24T15:41:09
3493,1799,PL6762037735286,savings,PLN,32446.59,active,2023-09-19T13:21:40
3494,1799,PL8237074355175,savings,PLN,32698.8,active,2023-09-06T01:24:30
3495,1800,FR3733851822153,savings,EUR,20282.75,active,2022-11-13T10:39:44
3496,1800,FR8673852294321,checking,EUR,5750.46,active,2026-03-13T04:04:17
3497,1800,FR6825753226138,savings,EUR,1505.38,closed,2023-06-23T09:50:52
3498,1801,IN5027655227585,savings,INR,525041.45,active,2026-03-09T03:20:08
3499,1802,CA2004693467128,checking,CAD,6050.53,frozen,2025-03-23T22:00:39
3500,1802,CA9494188422148,checking,CAD,4969.54,active,2025-09-21T02:14:51
3501,1802,CA3746417019552,checking,CAD,6963.75,frozen,2024-12-17T12:56:04
3502,1803,CN6041407834721,savings,CNY,20120.75,active,2026-04-14T22:16:50
3503,1803,CN9741467594639,checking,CNY,5312.28,closed,2026-03-11T14:27:30
3504,1804,UA6000967152550,checking,UAH,234168.15,active,2026-04-29T20:15:08
3505,1804,UA7362213783155,credit,UAH,-12523.55,active,2026-05-06T18:22:15
3506,1804,UA6715981388482,checking,UAH,242850.14,active,2026-05-10T03:00:55
3507,1805,US3265791959907,checking,USD,4392.24,active,2025-06-08T15:30:38
3508,1805,US7870845319897,credit,USD,-4026.31,frozen,2021-09-13T08:53:49
3509,1806,IT8168218118055,savings,EUR,24714.75,frozen,2025-11-14T06:02:11
3510,1806,IT9045858021882,checking,EUR,4374.87,active,2025-01-08T01:51:06
3511,1806,IT8159425334376,checking,EUR,650.34,active,2024-02-12T14:16:55
3512,1806,IT3567888561294,checking,EUR,2591.1,closed,2024-12-10T16:06:03
3513,1807,FR9362884740885,checking,EUR,7014.13,active,2025-11-10T16:22:04
3514,1807,FR1296463359728,savings,EUR,32045,active,2024-04-09T15:43:06
3515,1808,CN7282377899134,checking,CNY,5076,active,2024-12-02T08:06:44
3516,1809,IT4361113634546,savings,EUR,3206.96,frozen,2025-01-16T09:44:52
3517,1810,CH6962630467381,checking,CHF,5327.02,active,2025-12-25T07:26:56
3518,1810,CH4796070359737,checking,CHF,4148.95,closed,2025-03-10T10:48:07
3519,1811,MX8252839514508,checking,MXN,43782.24,active,2026-02-23T19:15:53
3520,1811,MX9421258185069,checking,MXN,1489.77,active,2024-01-06T23:29:56
3521,1812,JP3800585188014,credit,JPY,-468365.36,frozen,2026-03-01T19:52:16
3522,1812,JP1816972356078,checking,JPY,850629.3,active,2025-09-16T15:48:46
3523,1813,ZA7452677140052,checking,ZAR,499.49,active,2026-01-15T05:27:44
3524,1813,ZA9130712321860,checking,ZAR,6308.93,active,2025-11-21T07:18:25
3525,1813,ZA1979284946660,savings,ZAR,18647.98,active,2026-02-14T06:47:00
3526,1814,NL1792321841946,savings,EUR,31168.85,active,2023-08-29T01:17:26
3527,1814,NL6909315340632,savings,EUR,63.55,active,2024-04-23T17:56:32
3528,1814,NL2504308915092,savings,EUR,17558.9,frozen,2024-08-11T01:50:38
3529,1814,NL4592545442405,checking,EUR,661.44,closed,2025-02-28T23:04:37
3530,1815,DK1363459497715,savings,DKK,11045.17,frozen,2025-12-05T11:15:40
3531,1815,DK2538039096063,savings,DKK,8007.54,active,2023-10-09T13:35:22
3532,1816,FR1168227477744,checking,EUR,7782.43,active,2022-08-09T06:00:05
3533,1817,PT6559298253072,checking,EUR,7600.73,active,2023-11-11T04:05:21
3534,1818,GB3699621746349,savings,GBP,39287.18,active,2024-08-20T20:17:10
3535,1819,US3630847599153,savings,USD,23333.74,frozen,2024-12-02T21:12:40
3536,1820,AU1367697419107,checking,AUD,5303.37,active,2022-07-28T13:37:44
3537,1821,FI1364815131770,checking,EUR,6417.53,active,2024-06-16T06:04:53
3538,1822,ZA9576332710199,savings,ZAR,23660.49,frozen,2025-05-27T19:34:49
3539,1823,GB6078570983519,checking,GBP,5987.83,closed,2025-03-12T01:09:44
3540,1823,GB1312908686375,credit,GBP,-2303.08,frozen,2022-08-04T05:01:52
3541,1823,GB4856286397465,checking,GBP,4298.92,active,2023-07-09T12:47:12
3542,1824,ES8547562611341,savings,EUR,37924.7,closed,2026-01-13T08:02:12
3543,1825,UA9805414282272,checking,UAH,174679.67,active,2023-05-30T10:05:12
3544,1826,GB3588674191252,checking,GBP,851.01,active,2026-01-13T09:34:00
3545,1827,ES9015342841801,checking,EUR,1358.64,active,2026-05-16T01:47:16
3546,1828,MX1832341274415,checking,MXN,51695.86,closed,2025-11-21T01:36:58
3547,1829,IN3403614230326,savings,INR,708588.96,active,2025-01-10T18:22:22
3548,1829,IN5247651813588,checking,INR,580006.82,active,2025-11-25T15:45:11
3549,1830,AU5914429722934,checking,AUD,3286.13,frozen,2025-11-15T03:44:58
3550,1831,JP7357092045891,checking,JPY,954223.3,frozen,2025-08-30T22:21:10
3551,1831,JP4052130737824,checking,JPY,436824.67,active,2026-04-06T01:47:05
3552,1832,UA7783550618691,savings,UAH,287991.66,closed,2025-07-10T17:49:00
3553,1832,UA2000923824905,checking,UAH,61665.83,active,2026-03-06T21:33:57
3554,1833,IT9020057595415,savings,EUR,27401.59,closed,2023-10-10T09:31:22
3555,1834,IN4527277232544,checking,INR,314343.81,active,2025-11-26T15:37:42
3556,1834,IN3563585199879,checking,INR,604909.51,frozen,2025-04-07T11:05:39
3557,1834,IN5220949686176,credit,INR,-80730.33,active,2025-06-08T03:34:00
3558,1835,BE3935178031050,checking,EUR,7156.13,active,2025-07-28T19:41:36
3559,1836,FR6655580498797,checking,EUR,773.89,active,2025-10-03T18:15:56
3560,1837,GB1565836286854,checking,GBP,7555.06,active,2025-10-02T15:21:05
3561,1838,FR1052273134774,checking,EUR,7441.07,active,2024-09-18T20:30:39
3562,1839,JP6125949645270,checking,JPY,863516.64,active,2025-12-28T14:38:26
3563,1840,CA4831283177763,checking,CAD,1204.62,active,2025-08-19T22:19:52
3564,1840,CA9818140165506,checking,CAD,1075.54,active,2025-10-25T15:40:46
3565,1841,US9925910993967,savings,USD,31697.99,closed,2025-05-19T23:21:18
3566,1841,US8224568957860,checking,USD,1094.58,active,2022-12-12T12:50:29
3567,1841,US6422220359985,checking,USD,7365.16,active,2025-08-20T09:15:47
3568,1842,CA2503294293430,checking,CAD,4953.84,closed,2025-10-11T08:29:31
3569,1843,UA9813464731335,savings,UAH,1459219.38,active,2023-01-31T23:52:35
3570,1844,PL1800474637121,checking,PLN,2078.12,frozen,2024-12-24T23:26:39
3571,1844,PL2540273528651,credit,PLN,-1296.56,frozen,2025-05-01T07:02:45
3572,1844,PL1754126020204,checking,PLN,3586.26,frozen,2024-03-12T05:11:45
3573,1844,PL4447207046049,credit,PLN,-3320.99,frozen,2025-08-05T02:38:24
3574,1845,JP3073192690294,checking,JPY,548005.47,active,2024-12-20T10:10:45
3575,1846,US8691935365451,checking,USD,7041.05,active,2023-09-08T10:08:43
3576,1846,US3218071628467,checking,USD,3070.81,active,2024-12-16T06:34:51
3577,1847,NL9119659069285,savings,EUR,1975.15,active,2026-03-26T17:45:51
3578,1847,NL4507814988599,checking,EUR,3469.44,active,2026-03-23T14:54:55
3579,1848,DK7520429872613,checking,DKK,1640.09,active,2023-12-03T04:15:46
3580,1848,DK1164750845132,checking,DKK,1133.45,frozen,2025-01-29T01:41:35
3581,1848,DK4897448921765,checking,DKK,7633.99,active,2023-12-23T02:19:55
3582,1849,US5572163013490,savings,USD,32355.26,active,2024-02-23T15:29:04
3583,1850,IN6388690256516,savings,INR,357292.01,frozen,2025-05-31T09:13:36
3584,1851,IT2639516675762,savings,EUR,5276.51,frozen,2024-03-10T00:03:04
3585,1852,ES9570171155079,savings,EUR,26316.04,closed,2024-02-28T15:44:15
3586,1852,ES3913040251322,savings,EUR,36.88,closed,2025-10-30T02:38:39
3587,1853,IN9559239252857,checking,INR,593850.1,frozen,2024-02-09T21:45:19
3588,1853,IN2380847133316,checking,INR,241269.83,active,2023-06-30T06:39:44
3589,1854,SE6213464070233,checking,SEK,6784.01,active,2025-07-19T19:55:48
3590,1854,SE9886436371766,savings,SEK,5433.98,active,2024-03-25T13:48:23
3591,1855,US3887257630983,checking,USD,2637.82,active,2023-03-23T09:02:29
3592,1855,US5053159592393,checking,USD,3089.6,closed,2025-07-19T06:12:33
3593,1855,US2441981186173,checking,USD,7540.68,closed,2023-08-20T16:25:54
3594,1856,ES8509293150241,checking,EUR,6767.88,active,2022-12-29T22:51:45
3595,1857,FR2587063157877,checking,EUR,7548.12,active,2024-09-30T00:08:05
3596,1858,US9321751217161,checking,USD,869.02,active,2025-04-25T23:28:26
3597,1858,US2798547066073,checking,USD,7919.84,active,2026-05-14T14:59:48
3598,1859,BE2859248782907,checking,EUR,2480.36,active,2026-04-26T08:04:47
3599,1860,ES4025767612060,credit,EUR,-2887.72,active,2023-10-14T02:51:28
3600,1860,ES5936598061847,checking,EUR,2930.47,closed,2024-05-06T12:24:34
3601,1861,SG5739306841374,checking,SGD,885.76,closed,2026-05-15T04:43:13
3602,1861,SG9436148381419,savings,SGD,22512.86,active,2025-07-17T10:56:00
3603,1861,SG7707244162623,savings,SGD,29792.67,closed,2026-03-04T20:18:24
3604,1861,SG3988238014008,checking,SGD,5659.6,active,2026-01-27T08:43:50
3605,1862,DE1685226172251,savings,EUR,2459.88,closed,2025-12-28T01:18:38
3606,1862,DE1429785846600,checking,EUR,839.15,closed,2024-08-29T17:03:02
3607,1863,US4922462013765,savings,USD,7751.58,active,2022-03-25T20:42:43
3608,1863,US7483276651696,checking,USD,4124.19,closed,2022-12-06T02:42:43
3609,1864,GB4930378255793,savings,GBP,40134.6,active,2026-02-01T11:32:07
3610,1864,GB2195677783580,checking,GBP,7914.21,active,2025-12-23T18:01:12
3611,1865,BE4179742423859,savings,EUR,29.84,active,2025-12-21T05:09:53
3612,1866,GB2715710855430,savings,GBP,27354.88,frozen,2024-03-15T13:01:00
3613,1867,ES1474522560703,checking,EUR,4203.22,active,2025-08-13T21:36:49
3614,1868,MX3982512296657,checking,MXN,91580.73,active,2025-10-23T01:50:28
3615,1868,MX9633741713733,checking,MXN,46617.69,active,2025-12-28T19:00:40
3616,1869,IT6372824694340,savings,EUR,17911.96,active,2025-03-27T22:54:04
3617,1869,IT4060088656921,checking,EUR,5325.52,active,2025-09-29T02:09:23
3618,1869,IT4452806928701,savings,EUR,3714.73,closed,2023-10-26T17:29:00
3619,1870,IT8526002162560,checking,EUR,1129.9,active,2026-03-05T16:08:44
3620,1870,IT2571285214922,checking,EUR,6180,active,2026-02-21T12:36:01
3621,1871,CA7574595989484,credit,CAD,-2348.01,frozen,2025-12-20T14:06:14
3622,1871,CA5144900090493,checking,CAD,7460.05,active,2025-07-06T01:07:23
3623,1872,GB2182242157591,checking,GBP,7403.92,active,2025-11-10T04:51:02
3624,1873,PL9649109265399,checking,PLN,5048.58,frozen,2024-03-23T23:30:27
3625,1874,AU1909284841910,credit,AUD,-1121.07,frozen,2026-04-29T18:42:06
3626,1874,AU3014601413708,checking,AUD,5111.64,active,2026-05-04T21:14:02
3627,1874,AU9565461062058,savings,AUD,36668.08,closed,2026-05-12T03:21:09
3628,1874,AU5297067965628,credit,AUD,-3756.04,closed,2026-04-14T14:51:20
3629,1875,AU8496414912689,credit,AUD,-3851.98,closed,2026-04-13T11:28:09
3630,1875,AU2815915758136,checking,AUD,751.82,frozen,2026-05-08T18:01:05
3631,1875,AU3419195225842,savings,AUD,20934.63,active,2026-04-27T01:09:24
3632,1876,IN6014125942401,checking,INR,137685.76,active,2025-08-13T08:59:59
3633,1876,IN6920554966545,credit,INR,-149698.83,active,2025-10-26T01:01:29
3634,1877,NL3165167454832,checking,EUR,146.46,active,2024-12-01T00:16:33
3635,1877,NL1464180634513,checking,EUR,1792.66,active,2025-04-01T18:34:40
3636,1878,IN6702297793070,savings,INR,146961.11,active,2025-05-25T05:08:38
3637,1879,ZA2069013996100,checking,ZAR,440.1,active,2024-04-08T11:43:39
3638,1879,ZA2638984817664,checking,ZAR,1862.22,active,2024-06-02T16:55:18
3639,1880,JP7670779333609,checking,JPY,64809.18,active,2025-03-04T06:31:52
3640,1880,JP3089393851532,checking,JPY,832350.22,active,2024-05-26T15:32:39
3641,1880,JP8610969181537,savings,JPY,774860.48,active,2022-07-27T12:45:08
3642,1881,UA9941206271422,checking,UAH,1344.52,active,2025-09-05T19:08:51
3643,1882,GB2327697236370,checking,GBP,7721.53,frozen,2023-09-11T14:37:04
3644,1883,US6688843020227,checking,USD,600.06,active,2026-04-05T02:14:45
3645,1883,US2986849456647,savings,USD,63.97,frozen,2026-03-19T11:18:56
3646,1883,US7891535846565,checking,USD,4826.04,closed,2023-11-06T02:08:26
3647,1884,PL7115805760023,savings,PLN,33948.29,closed,2024-06-20T16:50:28
3648,1884,PL5247067840306,checking,PLN,6846.07,active,2024-01-09T00:04:00
3649,1884,PL7031756550661,checking,PLN,4624.22,active,2024-02-18T21:38:42
3650,1884,PL3044367216348,savings,PLN,17101.48,active,2025-11-24T06:03:16
3651,1885,NL3402038450108,checking,EUR,4841.77,active,2025-11-29T21:11:00
3652,1885,NL4009828097790,savings,EUR,28356.36,active,2026-02-21T04:43:55
3653,1885,NL6730771538449,checking,EUR,6318.19,closed,2025-10-30T18:19:28
3654,1886,GB9624227945526,checking,GBP,2502.21,active,2024-02-18T10:48:40
3655,1886,GB9759022982745,checking,GBP,5428.02,active,2025-12-02T12:44:45
3656,1887,BE1083034248109,checking,EUR,2444.03,active,2024-10-11T22:39:47
3657,1887,BE8308438291650,savings,EUR,34577.18,active,2024-03-29T13:23:12
3658,1887,BE6075774648887,checking,EUR,6598.69,active,2024-01-11T05:02:38
3659,1887,BE3021688053011,checking,EUR,894.92,frozen,2025-06-14T21:24:31
3660,1888,AU9918688598253,checking,AUD,1622.7,active,2022-10-01T14:56:27
3661,1888,AU3161741662144,checking,AUD,1513.8,active,2026-01-22T11:46:42
3662,1888,AU1185467998660,savings,AUD,35186.3,active,2025-03-14T12:16:40
3663,1889,PL9356311576916,checking,PLN,4931.85,active,2024-03-11T14:43:09
3664,1889,PL7304156596759,credit,PLN,-1050.84,closed,2024-10-30T19:36:49
3665,1890,US5050527638821,checking,USD,6256.37,active,2026-04-26T19:51:38
3666,1891,US4918752957365,checking,USD,2435.45,active,2026-03-02T19:12:48
3667,1892,DE8248488027113,checking,EUR,1624.23,frozen,2026-03-22T20:09:40
3668,1892,DE7998380429305,checking,EUR,1816.66,active,2026-02-03T12:59:32
3669,1892,DE3434695351784,credit,EUR,-4963.53,active,2026-01-07T09:18:26
3670,1892,DE1620247193326,savings,EUR,9847.05,active,2026-05-09T14:41:12
3671,1893,UA9057566768212,savings,UAH,46178.35,active,2026-05-05T11:15:56
3672,1893,UA5989926366858,savings,UAH,1350436.16,active,2025-09-24T08:59:36
3673,1894,AU7909277245661,checking,AUD,3756.48,active,2025-10-09T01:56:12
3674,1894,AU7338429086312,checking,AUD,375.78,frozen,2023-05-13T07:02:56
3675,1895,BE1168711022251,savings,EUR,33320.19,closed,2023-01-08T10:33:58
3676,1896,DE7063434213330,checking,EUR,2518.17,closed,2024-07-08T17:00:11
3677,1897,BR9797492585609,checking,BRL,32839.11,active,2023-07-07T07:27:07
3678,1898,US1291591414368,checking,USD,134,active,2024-12-05T06:38:33
3679,1898,US1444138386643,checking,USD,7683.16,active,2024-06-27T09:05:27
3680,1899,AE1665298954251,checking,AED,3097.52,active,2026-03-02T05:26:11
3681,1900,UA1688649370677,savings,UAH,1935.82,active,2023-10-05T13:28:39
3682,1901,CA2781272781051,checking,CAD,6080.81,active,2022-12-06T02:30:26
3683,1901,CA3381183936094,savings,CAD,26.79,active,2022-04-21T23:12:25
3684,1902,MX1825990537923,credit,MXN,-24912.88,closed,2026-01-03T17:56:49
3685,1902,MX1326267288159,credit,MXN,-51138.17,active,2022-12-28T06:17:26
3686,1902,MX4583636235547,savings,MXN,586347.75,active,2025-12-08T03:43:15
3687,1903,JP9106944372077,checking,JPY,129139.25,closed,2025-02-13T08:58:03
3688,1903,JP1106366619373,checking,JPY,563402.75,active,2026-03-13T21:17:27
3689,1904,IN7802590828755,savings,INR,3191038.49,active,2024-02-03T04:45:14
3690,1905,IT9903346318820,savings,EUR,30245.08,active,2022-12-14T13:03:48
3691,1906,GB6374335518089,checking,GBP,7205.27,active,2024-10-18T12:56:52
3692,1907,US8086391913685,savings,USD,35687.77,active,2022-10-28T07:13:30
3693,1908,ES6399609164553,checking,EUR,7590.58,active,2025-03-13T15:46:56
3694,1908,ES6075165844188,checking,EUR,6036.74,active,2026-03-10T05:37:01
3695,1909,GB6198143153139,savings,GBP,19988.72,active,2026-01-26T15:29:09
3696,1909,GB7483706377902,checking,GBP,1809.48,frozen,2026-03-12T02:53:02
3697,1909,GB9930686985991,checking,GBP,1401.56,active,2026-03-15T11:32:15
3698,1910,FR4339003945009,checking,EUR,2551.51,active,2024-05-19T01:43:02
3699,1911,AE7228999351548,checking,AED,5464,active,2025-05-22T09:56:01
3700,1911,AE6879968769603,checking,AED,5086.39,active,2024-12-10T03:23:30
3701,1912,ES3440954944153,checking,EUR,3826.05,active,2024-05-26T01:55:10
3702,1913,SE5447551647440,credit,SEK,-4989.86,active,2023-07-20T06:31:42
3703,1913,SE1827642236376,checking,SEK,760.7,active,2025-02-18T18:35:48
3704,1913,SE4354141583109,checking,SEK,5416.19,active,2022-03-19T10:52:09
3705,1914,US5245406375143,savings,USD,36888.37,active,2022-04-12T20:16:52
3706,1914,US2616872561459,checking,USD,875.28,active,2024-07-13T16:57:18
3707,1914,US6908785248701,checking,USD,175.79,active,2022-11-01T11:15:10
3708,1915,BE7130227785471,savings,EUR,6793.13,active,2025-12-02T02:14:32
3709,1915,BE6971910631815,credit,EUR,-4042.98,active,2025-06-13T05:24:07
3710,1916,DE4590707978947,credit,EUR,-868.88,active,2025-11-25T21:24:48
3711,1917,DE1293105124041,savings,EUR,12042.38,closed,2026-03-06T14:02:30
3712,1917,DE9365150052945,savings,EUR,35404.47,closed,2026-04-13T12:43:35
3713,1917,DE6101454212660,savings,EUR,14360.53,active,2026-03-04T09:51:54
3714,1918,CA8188600038479,checking,CAD,6402.44,closed,2026-05-05T14:13:21
3715,1918,CA4705717245250,checking,CAD,2198.82,active,2024-11-09T09:05:51
3716,1919,IN9037442673041,checking,INR,478541.08,active,2025-10-30T22:12:13
3717,1919,IN8619903188408,savings,INR,3207995.53,closed,2025-06-04T18:20:21
3718,1920,US9597857551555,checking,USD,6434.99,closed,2025-11-06T14:08:47
3719,1920,US1594624727923,savings,USD,40279.63,active,2026-03-12T10:30:47
3720,1921,US7991507548971,checking,USD,4759.03,active,2025-06-04T17:51:40
3721,1922,IT4570561610610,checking,EUR,6996.8,active,2026-04-23T13:31:23
3722,1922,IT5589431432855,checking,EUR,7662.14,frozen,2026-05-07T23:17:59
3723,1923,BR9498614133984,savings,BRL,34167.43,active,2026-04-18T09:01:29
3724,1924,ES6300368223333,checking,EUR,7440.54,active,2025-10-22T07:06:34
3725,1925,GB1225927837378,checking,GBP,6197.52,frozen,2026-05-07T03:48:01
3726,1925,GB6132382638342,savings,GBP,48.49,active,2026-05-15T10:50:21
3727,1925,GB2800212251519,savings,GBP,33489.51,active,2026-04-27T04:09:11
3728,1925,GB1141593469143,checking,GBP,5547.98,active,2026-05-09T08:34:57
3729,1926,DE5380730812771,checking,EUR,5325.34,closed,2024-03-19T22:50:51
3730,1926,DE2820122321444,checking,EUR,7490.34,frozen,2024-03-11T03:33:46
3731,1927,ES8335913532275,checking,EUR,99.59,active,2024-05-20T14:18:43
3732,1927,ES9772616271719,checking,EUR,6639.14,closed,2022-11-02T09:09:08
3733,1928,IT6999351516470,savings,EUR,29181.89,active,2024-08-13T20:27:06
3734,1928,IT7207804420516,checking,EUR,1476.82,active,2023-05-28T05:06:53
3735,1928,IT3699738267455,checking,EUR,4652.09,active,2026-05-10T14:42:13
3736,1929,TR6561607512678,savings,TRY,655187.08,active,2024-07-09T21:45:59
3737,1930,AE5550497341540,checking,AED,4427.32,frozen,2024-12-21T16:22:35
3738,1930,AE8021322613480,checking,AED,7604.55,active,2025-10-08T05:10:45
3739,1930,AE7545284986166,checking,AED,7538.03,active,2024-01-08T10:08:34
3740,1931,PL7930829334634,savings,PLN,16868.06,frozen,2023-01-12T19:46:46
3741,1931,PL5806607428132,savings,PLN,18580.36,active,2023-06-12T00:10:00
3742,1932,NL9494273828289,checking,EUR,196.33,frozen,2026-04-10T04:58:19
3743,1932,NL9072323524218,savings,EUR,36344.52,closed,2024-08-27T20:20:19
3744,1933,US3736456631331,savings,USD,7753.36,active,2026-03-18T12:58:27
3745,1933,US6004965824469,savings,USD,8841.99,active,2025-03-30T22:53:23
3746,1933,US5748921074910,checking,USD,769.86,active,2025-11-28T00:51:29
3747,1934,GB1038036287425,checking,GBP,948.98,active,2026-01-03T22:34:37
3748,1935,CA3894596826070,checking,CAD,6800.32,active,2026-03-13T13:08:47
3749,1935,CA8375917210165,savings,CAD,36005.71,active,2026-02-25T18:09:17
3750,1936,GB6522293251983,savings,GBP,36055.29,frozen,2026-03-21T16:11:54
3751,1936,GB5585879546646,credit,GBP,-1822.97,active,2024-06-07T09:56:39
3752,1937,CN6005496381338,savings,CNY,15012.29,active,2025-12-03T12:39:04
3753,1938,BR4773552939250,checking,BRL,35547.07,active,2026-03-04T22:42:39
3754,1939,US3968906779142,savings,USD,15878.79,active,2026-04-04T20:18:33
3755,1940,US4446603782355,credit,USD,-4771.16,active,2023-11-26T20:22:09
3756,1941,JP9808032264065,checking,JPY,790978.46,closed,2026-01-31T12:56:55
3757,1942,BR4897327819500,checking,BRL,22686.28,closed,2023-11-10T19:30:37
3758,1942,BR5026344861499,savings,BRL,19889.33,closed,2023-12-05T08:39:07
3759,1943,CA4037759743010,credit,CAD,-2569.77,active,2026-04-28T20:53:59
3760,1943,CA4480895097733,checking,CAD,7815.84,active,2026-04-18T09:18:32
3761,1944,ES5165807645634,savings,EUR,44.23,active,2022-04-20T03:38:06
3762,1945,AU2979136262340,checking,AUD,5935.93,active,2025-03-27T13:41:07
3763,1945,AU8576150193169,checking,AUD,400.43,closed,2026-02-03T15:09:06
3764,1945,AU9858569880343,checking,AUD,5272.54,active,2024-04-30T02:10:42
3765,1946,IN5635542116554,savings,INR,388195.12,active,2026-02-27T00:51:26
3766,1946,IN4913181347090,checking,INR,164198.87,frozen,2026-01-13T22:11:29
3767,1946,IN7212535043899,savings,INR,3164947.35,active,2026-02-27T23:10:41
3768,1947,SE1520017511965,checking,SEK,1747.3,closed,2024-02-27T11:14:38
3769,1947,SE9014127396651,credit,SEK,-4764.8,closed,2025-09-01T19:44:27
3770,1948,FI4396258598089,checking,EUR,6367.5,active,2026-04-29T23:55:10
3771,1948,FI4262746638414,savings,EUR,20841.33,active,2026-05-09T14:10:26
3772,1949,FR5273643580406,checking,EUR,1971.61,active,2025-09-21T03:28:57
3773,1950,NL5134686448948,checking,EUR,179.69,active,2024-03-30T07:59:06
3774,1950,NL4572880876363,checking,EUR,1901.45,frozen,2023-09-26T00:49:32
3775,1950,NL4679046139295,checking,EUR,5399.96,active,2025-10-13T12:09:00
3776,1950,NL5013288327902,checking,EUR,6672.23,active,2026-04-04T10:50:05
3777,1951,SG3347621298153,credit,SGD,-666.99,frozen,2025-10-03T03:24:46
3778,1952,IN9499703673170,checking,INR,590305.87,frozen,2025-11-30T17:51:47
3779,1953,FR3410826824057,savings,EUR,36.01,closed,2023-08-31T20:07:24
3780,1953,FR9643873945540,checking,EUR,3417.94,active,2025-09-29T04:44:19
3781,1953,FR8844670994411,credit,EUR,-2442.53,frozen,2024-09-05T19:00:36
3782,1953,FR5815965035934,checking,EUR,1608.92,active,2023-05-03T05:01:30
3783,1954,JP1915204383775,checking,JPY,72041.38,active,2026-04-25T09:04:16
3784,1954,JP2810860385829,checking,JPY,670159.69,frozen,2026-04-18T08:04:12
3785,1955,BR7612870650768,checking,BRL,6256.57,active,2026-04-25T04:48:49
3786,1955,BR1098062125487,checking,BRL,25304.8,closed,2026-05-12T18:10:11
3787,1956,US4968956941117,savings,USD,29948.09,active,2024-09-30T16:26:44
3788,1957,IN3636316659310,savings,INR,2790910.49,active,2024-09-08T05:19:42
3789,1958,DE2853964685107,savings,EUR,77.82,active,2022-10-17T18:19:01
3790,1958,DE4030822294586,checking,EUR,5847.27,active,2025-07-31T22:08:49
3791,1958,DE4412450626699,checking,EUR,1910.87,frozen,2024-04-27T19:16:04
3792,1959,GB1200120349039,checking,GBP,6827.11,active,2025-06-11T12:08:29
3793,1959,GB6924914252228,checking,GBP,2088.69,frozen,2023-10-26T04:34:07
3794,1959,GB1417971042037,savings,GBP,33886.66,closed,2025-08-11T08:06:11
3795,1960,JP5836927223629,checking,JPY,249943.06,active,2023-12-09T13:54:24
3796,1960,JP7558147633398,checking,JPY,373341.27,frozen,2025-02-08T08:22:11
3797,1961,AU8607299025614,checking,AUD,494.74,active,2023-09-14T08:49:57
3798,1961,AU5438226417782,savings,AUD,22426.49,closed,2025-02-18T01:10:16
3799,1961,AU2148821933682,checking,AUD,3284.7,closed,2026-02-01T08:47:52
3800,1961,AU8483815246169,checking,AUD,7364.45,frozen,2026-03-28T10:26:25
3801,1962,FR2938082698309,checking,EUR,5093.75,frozen,2025-02-27T01:51:56
3802,1962,FR4004755242624,checking,EUR,4841.89,frozen,2026-05-10T01:19:42
3803,1962,FR3451165424820,checking,EUR,7829.92,frozen,2025-04-03T10:16:53
3804,1963,BE2754412545212,savings,EUR,2051.53,active,2023-10-07T15:27:37
3805,1963,BE5094670796964,savings,EUR,54.7,active,2024-05-14T13:49:46
3806,1964,PL5985667377581,credit,PLN,-4830.51,frozen,2023-09-28T09:06:07
3807,1965,UA9989920572939,savings,UAH,1314554.48,closed,2025-05-06T12:33:32
3808,1966,US5178487955188,checking,USD,4943.65,active,2026-05-10T07:40:43
3809,1967,GB3911737650639,checking,GBP,7703.03,active,2024-10-27T15:22:30
3810,1967,GB4349345978345,checking,GBP,4922.36,active,2026-03-25T06:40:47
3811,1968,ZA8573911934527,savings,ZAR,22299.2,active,2026-03-23T19:42:49
3812,1969,AE2480276616792,checking,AED,5185.11,active,2024-01-14T06:14:00
3813,1970,TR4542589452357,savings,TRY,221262.35,active,2025-05-08T05:06:14
3814,1971,US4407849262660,savings,USD,24176.6,closed,2026-02-16T09:40:00
3815,1971,US8482693991843,checking,USD,1379.27,frozen,2024-01-27T21:06:56
3816,1971,US3364018093614,checking,USD,2842.93,active,2025-11-17T09:20:06
3817,1972,DE4043823660108,checking,EUR,6259.86,active,2024-03-12T16:54:06
3818,1972,DE8293699835675,credit,EUR,-2462.22,frozen,2022-06-02T14:30:31
3819,1973,US3700864748437,savings,USD,18872.35,active,2021-10-23T05:39:17
3820,1973,US6592908588900,checking,USD,7108.18,active,2021-10-31T22:01:52
3821,1973,US3904586742229,credit,USD,-1801.99,active,2022-01-21T15:46:48
3822,1974,BR7576537835778,savings,BRL,183497.16,active,2025-10-25T13:15:40
3823,1974,BR3756004831390,checking,BRL,16518.97,active,2026-04-19T06:34:27
3824,1975,ZA5185152090703,savings,ZAR,14112.14,frozen,2023-04-15T12:46:14
3825,1975,ZA6575372729719,checking,ZAR,2248.57,active,2023-12-29T00:00:20
3826,1976,PT1325094356153,savings,EUR,33162.17,closed,2026-05-14T13:27:57
3827,1976,PT7403935538687,savings,EUR,29035.58,active,2026-02-15T03:34:23
3828,1976,PT3732548049358,checking,EUR,2478.25,closed,2025-05-06T02:08:13
3829,1977,NL9880639083759,checking,EUR,7896.4,active,2025-09-10T18:31:27
3830,1978,CA1810344838692,checking,CAD,5077.53,active,2023-02-13T00:38:51
3831,1979,NO9048460083130,savings,NOK,1444.04,active,2025-12-22T23:18:53
3832,1979,NO1103282955651,checking,NOK,7095.43,closed,2026-03-31T03:58:05
3833,1980,GB4671315445977,credit,GBP,-4649.2,active,2025-10-02T23:29:37
3834,1980,GB5629478895495,checking,GBP,7897.37,active,2025-04-12T17:10:28
3835,1981,US1865728656221,savings,USD,68.63,active,2025-06-14T16:55:00
3836,1982,DE1311177695481,savings,EUR,26495.71,frozen,2025-12-01T15:59:04
3837,1983,AU7467302430075,checking,AUD,4080.83,active,2025-01-01T01:24:09
3838,1983,AU4365459586292,savings,AUD,30525.58,active,2025-10-24T14:22:17
3839,1984,GB9997033745874,checking,GBP,3522.44,active,2024-08-17T04:49:09
3840,1985,NO3401289930589,savings,NOK,38490.35,closed,2024-06-17T21:03:39
3841,1986,GB1699597582409,checking,GBP,2755.56,active,2024-11-22T22:57:13
3842,1986,GB6396357653093,savings,GBP,38967.68,active,2023-03-22T22:00:28
3843,1987,JP1318290141320,savings,JPY,10299.86,active,2025-02-15T04:06:38
3844,1987,JP1325139473749,checking,JPY,27117.46,active,2024-04-09T21:25:33
3845,1988,US5964874855905,credit,USD,-4486.81,active,2024-09-17T06:03:51
3846,1988,US5218788737683,savings,USD,23.28,active,2026-03-23T01:41:23
3847,1989,IT7307740845128,credit,EUR,-928.13,active,2025-09-05T02:27:01
3848,1989,IT5884844726959,savings,EUR,18.43,active,2025-03-02T22:40:38
3849,1990,GB7407338396587,checking,GBP,6191.61,active,2023-09-07T04:25:51
3850,1991,MX5990020659464,checking,MXN,36178.45,active,2026-02-12T12:17:00
3851,1992,PL4074497956465,savings,PLN,24294.63,active,2025-03-07T02:06:01
3852,1992,PL4701696179996,checking,PLN,6801.92,frozen,2024-09-21T02:46:20
3853,1993,US3038260925811,checking,USD,7117.25,closed,2025-04-10T11:31:31
3854,1993,US4881298471494,credit,USD,-4708,active,2025-08-01T23:22:51
3855,1993,US8880390572077,checking,USD,6559.61,closed,2025-03-26T12:14:54
3856,1993,US5725036330423,savings,USD,9230.54,frozen,2025-06-19T15:49:58
3857,1994,MX8468352043570,checking,MXN,2844.02,active,2023-01-09T20:34:40
3858,1994,MX4284043682853,savings,MXN,20394.56,active,2025-04-05T07:29:26
3859,1995,NO4350941813431,credit,NOK,-1570.22,frozen,2024-01-16T13:46:37
3860,1995,NO5247333494331,checking,NOK,2679.43,active,2024-03-12T22:45:40
3861,1995,NO7054800422075,savings,NOK,17473.51,active,2026-01-16T00:58:42
3862,1996,BR7300795934803,checking,BRL,15531.88,active,2025-05-22T11:36:11
3863,1997,CA1369921374247,checking,CAD,5427.34,active,2025-10-02T17:51:56
3864,1998,US7629739388318,checking,USD,5075.9,active,2026-03-08T18:57:05
3865,1998,US3698485191720,checking,USD,7864.98,frozen,2025-07-30T11:44:11
3866,1999,US1666737194326,savings,USD,14.97,closed,2026-01-10T00:30:59
3867,2000,UA6179826732369,savings,UAH,653741.93,active,2026-01-24T00:30:41
3868,2000,UA8914846747824,checking,UAH,109880.25,active,2024-02-11T13:06:00
3869,2000,UA1688445542148,savings,UAH,569913.65,frozen,2023-12-24T09:46:34
3870,2001,DE3008997070100,savings,EUR,8184.63,active,2025-04-18T20:54:41
3871,2001,DE2727882996961,savings,EUR,11871.01,frozen,2025-06-18T18:18:03
3872,2002,ES5067180320451,credit,EUR,-2.96,active,2023-06-24T13:22:09
3873,2002,ES9688811049034,savings,EUR,31831.81,active,2022-02-23T20:34:40
3874,2003,IT3128556673441,checking,EUR,2045.96,closed,2025-04-02T01:01:44
3875,2003,IT8169300355429,credit,EUR,-4702.43,active,2026-01-28T02:16:01
3876,2004,BE1604206825725,checking,EUR,4707.06,active,2026-04-10T05:36:08
3877,2004,BE4853997618765,credit,EUR,-3998.21,active,2025-11-03T11:58:20
3878,2005,TR4637730635170,checking,TRY,14302.73,active,2025-01-11T14:49:09
3879,2006,US1421371333689,checking,USD,7321.44,active,2024-05-11T09:33:48
3880,2006,US6877356370404,checking,USD,5607.1,active,2025-06-23T13:52:08
3881,2006,US1126254234137,savings,USD,70.55,frozen,2026-04-02T22:24:28
3882,2007,JP6308404863073,checking,JPY,493371.27,active,2025-11-17T03:02:19
3883,2007,JP8537975554125,savings,JPY,4085476.05,active,2025-08-19T17:18:23
3884,2007,JP8024662026701,checking,JPY,273469.83,active,2025-08-12T22:44:03
3885,2008,IE5145719184988,checking,EUR,116.66,active,2024-11-11T19:21:28
3886,2009,US6201376797434,checking,USD,940.24,closed,2025-07-05T00:14:49
3887,2010,UA1295541456878,checking,UAH,291093.6,frozen,2023-07-27T18:01:52
3888,2010,UA7065326287982,checking,UAH,23556.72,frozen,2024-11-01T16:59:14
3889,2011,US9559377590692,savings,USD,2347.3,active,2023-05-26T17:05:39
3890,2011,US2981107331248,checking,USD,5828.4,active,2024-11-23T19:18:40
3891,2012,ES5177907399394,savings,EUR,19708.97,active,2023-03-17T07:17:37
3892,2013,MX4796697335487,savings,MXN,427659.06,active,2025-04-03T19:08:11
3893,2013,MX6596094775206,checking,MXN,25124.27,active,2026-04-19T04:18:52
3894,2013,MX9582359036933,savings,MXN,280170.24,frozen,2025-12-11T10:20:00
3895,2014,TR7728986787340,savings,TRY,1142879.46,frozen,2025-04-05T11:32:31
3896,2015,PL3687330699736,checking,PLN,5331.38,active,2026-05-03T10:52:10
3897,2015,PL2017135916114,checking,PLN,3301.43,active,2026-02-17T06:11:00
3898,2016,IT6560246758424,credit,EUR,-3374.98,active,2022-06-08T23:36:40
3899,2016,IT2767105096839,savings,EUR,9416.66,active,2025-12-28T10:14:51
3900,2016,IT1572740333988,credit,EUR,-659.83,active,2024-06-29T04:09:36
3901,2017,UA7681687533780,checking,UAH,247998.31,frozen,2024-08-31T09:49:50
3902,2018,JP4263770545446,checking,JPY,750943.9,active,2024-09-20T08:31:25
3903,2018,JP4524180993047,checking,JPY,356272.08,closed,2025-12-13T04:20:42
3904,2019,DE1255333017059,checking,EUR,1424.11,active,2025-07-11T20:07:30
3905,2020,DE7252148787757,checking,EUR,1016.37,active,2023-09-07T09:29:55
3906,2020,DE5294732743708,savings,EUR,2751.57,active,2024-01-02T13:35:41
3907,2020,DE6776015348603,checking,EUR,5182.84,frozen,2024-04-01T01:31:03
3908,2021,FR9323284156497,savings,EUR,1760.71,frozen,2025-01-24T08:12:13
3909,2022,DE5643241951719,savings,EUR,18986.81,closed,2026-05-03T16:43:32
3910,2022,DE6249599387662,savings,EUR,53.55,active,2026-05-16T14:01:22
3911,2023,MX8137321044480,savings,MXN,693436.96,frozen,2023-03-15T06:28:22
3912,2024,IT3824274158099,savings,EUR,37328.88,frozen,2023-04-29T02:20:52
3913,2024,IT1842724369983,credit,EUR,-431.22,active,2023-06-29T19:14:59
3914,2025,US4638241559470,savings,USD,15388.08,closed,2024-07-03T22:14:56
3915,2026,MX9206486754528,checking,MXN,1811.76,frozen,2025-05-27T17:47:42
3916,2027,AU2938297443949,credit,AUD,-4981.44,closed,2025-01-02T21:35:06
3917,2027,AU4524042449686,checking,AUD,2560.14,active,2026-03-02T07:58:18
3918,2028,ES2518278456343,checking,EUR,6407,active,2025-06-05T04:25:48
3919,2029,FR2382325834559,checking,EUR,4532.58,frozen,2026-05-02T20:28:43
3920,2030,IT2464201656179,checking,EUR,1154.42,active,2025-04-29T20:50:51
3921,2031,US6183672282602,savings,USD,11160.11,active,2025-12-25T11:41:51
3922,2031,US6101567988530,savings,USD,6188.36,frozen,2025-11-09T04:50:29
3923,2032,PT5021525094590,savings,EUR,15295.13,active,2022-01-20T18:24:00
3924,2032,PT3387378565413,savings,EUR,20604.99,active,2022-08-05T06:20:52
3925,2033,JP2031102690876,credit,JPY,-440723.36,frozen,2025-11-22T00:00:50
3926,2033,JP9074405332735,checking,JPY,217519.3,frozen,2026-01-24T01:35:06
3927,2034,US3322308389925,savings,USD,18340.55,active,2026-01-25T06:38:38
3928,2034,US1740581783676,checking,USD,6741.97,closed,2022-10-06T22:43:07
3929,2034,US7338744842738,checking,USD,2264.57,active,2023-01-27T16:53:56
3930,2035,US4877643750637,credit,USD,-3764.42,active,2021-11-08T12:41:02
3931,2035,US1473983733054,savings,USD,22641.19,closed,2024-04-28T21:19:26
3932,2036,FR6866332817863,credit,EUR,-1155.35,frozen,2024-06-25T00:24:23
3933,2036,FR5705384882098,savings,EUR,26431.68,active,2024-07-03T13:16:56
3934,2037,FR6118401487863,checking,EUR,6889.77,active,2024-06-10T18:26:59
3935,2037,FR3324681971542,savings,EUR,73.27,active,2023-07-30T09:06:16
3936,2038,JP3945445655820,checking,JPY,1002154.64,active,2025-09-23T19:52:59
3937,2038,JP6132652338761,checking,JPY,75028.64,frozen,2025-10-05T08:54:59
3938,2039,US6052603766247,checking,USD,4014.32,active,2025-08-24T17:49:45
3939,2039,US6496292721196,savings,USD,2330.23,active,2026-01-02T01:22:25
3940,2039,US6088991955678,checking,USD,4837.68,active,2023-12-07T20:42:17
3941,2040,UA8200085897655,checking,UAH,163979.04,active,2025-11-06T05:50:30
3942,2040,UA9268656867058,savings,UAH,3417.26,active,2023-05-28T16:27:49
3943,2040,UA5651018820006,checking,UAH,262758.34,frozen,2024-09-04T14:25:39
3944,2041,PL3479656249766,savings,PLN,26650.45,active,2026-03-26T23:29:39
3945,2041,PL6305545359988,checking,PLN,1064.26,active,2025-06-07T19:55:39
3946,2042,FR6616697179363,checking,EUR,3601.64,active,2026-05-03T06:47:48
3947,2042,FR9241653392794,checking,EUR,4375.84,active,2024-10-31T10:18:59
3948,2043,AU6425929010223,checking,AUD,7671.03,active,2024-02-11T19:22:44
3949,2043,AU4932257189895,credit,AUD,-4138.72,active,2024-04-18T05:09:49
3950,2044,AU4263374495559,checking,AUD,3681.26,active,2026-03-10T05:56:27
3951,2044,AU4039197617354,checking,AUD,5077.77,active,2025-12-01T04:05:44
3952,2045,JP9101422663909,savings,JPY,4691744.73,active,2025-04-20T06:54:16
3953,2045,JP7478762065026,savings,JPY,3830509.39,active,2024-11-11T07:20:16
3954,2046,GB6061234295491,savings,GBP,20881.37,closed,2024-12-14T18:19:23
3955,2046,GB9726567560761,checking,GBP,3725.73,frozen,2025-11-09T04:58:42
3956,2047,NL5583996522993,checking,EUR,1963.31,active,2026-03-09T00:41:18
3957,2047,NL3838563927664,checking,EUR,7913.6,active,2026-05-16T11:13:54
3958,2048,KR3484759579057,checking,KRW,941737.9,active,2024-08-13T16:09:12
3959,2049,US2321241899602,checking,USD,2444.02,active,2025-08-19T11:56:52
3960,2050,US3023807045485,checking,USD,793.62,active,2023-04-07T14:38:23
3961,2051,NO6813408643113,savings,NOK,48.93,closed,2024-02-20T22:26:53
3962,2051,NO9731835190503,savings,NOK,27182.16,active,2024-12-14T19:28:28
3963,2052,DE8960140580962,savings,EUR,18928.98,active,2025-06-14T19:50:19
3964,2052,DE3889201267418,checking,EUR,6103.38,closed,2026-01-14T21:31:24
3965,2053,FI5154713790304,checking,EUR,5729.6,active,2025-08-20T02:53:30
3966,2053,FI9896932125730,savings,EUR,38913.33,active,2025-10-26T02:49:15
3967,2054,ES8713626064622,checking,EUR,6430.87,active,2023-07-21T20:06:40
3968,2054,ES8886905979902,savings,EUR,36850.14,active,2025-12-22T01:44:03
3969,2054,ES4976701179715,checking,EUR,2362.07,frozen,2025-04-11T19:16:26
3970,2055,US8976781914638,checking,USD,5823.93,closed,2025-06-19T01:20:21
3971,2055,US3834147446822,checking,USD,6872.65,active,2023-11-17T06:35:28
3972,2055,US9618418037925,checking,USD,3996.14,closed,2024-02-01T02:42:01
3973,2055,US7192354679355,savings,USD,7145.59,active,2024-05-04T05:36:48
3974,2056,IT7620432232829,checking,EUR,958.13,frozen,2025-03-25T08:57:39
3975,2056,IT8432583657932,checking,EUR,4750.75,active,2022-08-20T18:45:12
3976,2056,IT7147599123551,checking,EUR,2889.19,active,2023-02-25T03:00:23
3977,2056,IT3792867284368,checking,EUR,4721.67,active,2023-12-18T21:34:55
3978,2057,CA3033247868928,savings,CAD,31016.44,active,2026-05-14T20:12:53
3979,2058,BR8152306484787,credit,BRL,-19817.04,active,2026-01-07T14:25:09
3980,2059,PL4131017792932,savings,PLN,13344.27,active,2024-03-18T09:00:17
3981,2060,CA2976707539790,checking,CAD,4863.19,active,2024-11-08T20:07:22
3982,2061,AT7291527666624,checking,EUR,2680.06,active,2026-01-06T19:54:00
3983,2061,AT5694139892395,checking,EUR,7350.25,frozen,2025-08-09T15:47:53
3984,2061,AT3713302784834,savings,EUR,19323.86,frozen,2025-12-27T15:34:04
3985,2062,AU3659552757501,checking,AUD,6468.99,active,2025-04-06T20:58:48
3986,2062,AU1615742540679,credit,AUD,-2934.37,active,2024-10-04T23:23:18
3987,2062,AU2360140917164,savings,AUD,39407.48,frozen,2022-01-22T01:48:23
3988,2063,CH3831541981651,checking,CHF,7538.58,closed,2026-03-23T19:35:21
3989,2063,CH1898518939022,checking,CHF,195.72,active,2026-03-31T17:31:23
3990,2064,GB2941265041808,checking,GBP,2907.57,active,2026-05-16T13:38:57
3991,2064,GB4614228527376,savings,GBP,10339.17,active,2026-05-12T20:46:58
3992,2064,GB5134327698016,checking,GBP,1727.72,frozen,2026-05-14T08:33:54
3993,2065,DE5245122439671,checking,EUR,7252.53,frozen,2025-09-22T20:44:48
3994,2065,DE5210523780323,credit,EUR,-698.74,closed,2025-08-03T22:10:33
3995,2065,DE2157640651321,savings,EUR,17505.45,closed,2025-10-28T03:43:01
3996,2066,US5678652117464,savings,USD,3700.94,closed,2026-05-08T22:36:57
3997,2067,GB2872858756172,savings,GBP,4766.46,frozen,2025-04-18T16:46:03
3998,2067,GB2300164429781,credit,GBP,-3281.76,frozen,2025-12-04T07:08:32
3999,2068,CA7614922526279,checking,CAD,2061.5,active,2024-12-24T06:42:16
4000,2068,CA4910296179325,savings,CAD,93.57,active,2024-04-16T11:28:25
4001,2069,NL2414302839931,checking,EUR,5475.71,active,2023-12-28T21:42:55
4002,2069,NL3171541017208,checking,EUR,560.43,active,2025-05-19T17:47:09
4003,2069,NL6552405479803,checking,EUR,4301.73,active,2023-05-13T02:25:28
4004,2070,NL2205000330035,credit,EUR,-4085.12,active,2023-07-04T09:52:49
4005,2070,NL4425941741254,credit,EUR,-1903.25,active,2022-08-14T12:45:54
4006,2071,ES2609941391061,savings,EUR,3442.37,active,2025-11-21T19:17:15
4007,2071,ES8968340092353,checking,EUR,3720.86,frozen,2026-01-28T19:56:01
4008,2071,ES5182793922064,checking,EUR,6562.18,frozen,2025-08-25T12:08:37
4009,2072,GB6096434439581,checking,GBP,1593.85,active,2025-11-15T09:22:19
4010,2073,CA6295639772091,credit,CAD,-2239.46,active,2026-05-07T18:30:50
4011,2074,IT7071921978114,checking,EUR,7469.33,active,2026-04-06T08:26:21
4012,2074,IT1788635632360,checking,EUR,7926.45,closed,2026-02-15T12:03:16
4013,2074,IT3609249851796,checking,EUR,4803.27,active,2026-04-05T04:50:01
4014,2074,IT2076008292118,checking,EUR,6153.82,frozen,2025-10-28T01:33:09
4015,2075,JP4341499784164,checking,JPY,549540.01,active,2025-09-02T08:23:20
4016,2076,GB3589089048436,checking,GBP,7075.33,closed,2025-03-03T02:27:48
4017,2076,GB7811321524306,checking,GBP,1479.2,active,2025-06-09T19:07:19
4018,2076,GB7262374820494,checking,GBP,4751.54,active,2021-07-08T04:58:06
4019,2077,FR7943353822313,checking,EUR,293.76,active,2025-05-04T05:37:43
4020,2078,JP7144752496315,checking,JPY,960701.36,frozen,2025-04-09T10:03:26
4021,2079,NL6158686131279,checking,EUR,7877.26,active,2024-03-17T09:21:35
4022,2079,NL6992998154050,savings,EUR,4090.68,active,2026-04-08T16:00:36
4023,2080,JP8871219469665,savings,JPY,3837184.12,closed,2023-12-12T10:10:07
4024,2080,JP3431833678189,checking,JPY,655067.94,closed,2024-07-03T10:05:42
4025,2081,FR9318695619490,checking,EUR,7328.02,active,2026-03-04T10:12:58
4026,2082,BR2422827432588,savings,BRL,149852.41,active,2025-08-05T13:57:09
4027,2082,BR9404774791145,savings,BRL,134491.74,active,2026-01-01T07:04:27
4028,2082,BR9164551590546,checking,BRL,7475.24,active,2025-04-24T11:58:44
4029,2083,MX1038679995127,savings,MXN,545515.45,active,2026-03-02T08:07:07
4030,2084,ES5976169756451,savings,EUR,15476.53,active,2025-03-08T01:23:08
4031,2084,ES5088958043259,savings,EUR,38490.79,closed,2025-01-03T20:36:32
4032,2085,NL7560327144420,savings,EUR,22689,closed,2025-06-15T02:28:09
4033,2086,AU5231925189861,checking,AUD,2045.68,active,2025-04-02T09:31:41
4034,2087,ES9544876650477,savings,EUR,26803.48,active,2025-09-06T17:53:43
4035,2088,US5020479724809,credit,USD,-2120.3,closed,2026-01-15T22:57:33
4036,2089,GB5126315633373,savings,GBP,3658.84,active,2023-11-21T20:00:45
4037,2090,MX2407396254011,savings,MXN,1612.81,active,2024-04-22T11:32:22
4038,2090,MX8693621391451,checking,MXN,55795.71,active,2025-01-30T19:05:27
4039,2091,IN8213225160512,checking,INR,448832.45,active,2025-08-24T10:51:33
4040,2091,IN5700021342131,checking,INR,51981,active,2022-10-08T00:37:43
4041,2091,IN3439810211723,savings,INR,2107113.91,frozen,2022-05-18T05:09:15
4042,2092,SE9426728020882,checking,SEK,5478.93,closed,2024-10-26T01:34:37
4043,2093,SE2221247915371,savings,SEK,11818,closed,2023-12-19T16:20:29
4044,2094,GB2119436123144,checking,GBP,5438.93,active,2025-08-08T10:59:00
4045,2094,GB5702526693110,savings,GBP,36548.79,active,2025-04-10T04:51:36
4046,2094,GB6919219426281,checking,GBP,3605.65,frozen,2026-04-04T15:02:23
4047,2095,US3700220436674,savings,USD,15149.37,active,2023-09-07T10:50:52
4048,2096,PL1154719284770,savings,PLN,72.93,active,2026-04-05T11:41:56
4049,2096,PL7123568098813,credit,PLN,-1291.84,closed,2025-11-24T11:42:31
4050,2097,AU6798741562216,savings,AUD,29589.97,frozen,2025-07-01T12:25:29
4051,2098,SG6660992416325,checking,SGD,4775.5,active,2026-03-03T08:57:30
4052,2098,SG4752913170802,savings,SGD,20781.64,active,2026-04-09T05:48:10
4053,2099,CH9424275124689,savings,CHF,5724.27,closed,2023-07-29T23:04:08
4054,2100,JP1893197281194,credit,JPY,-91581.14,active,2025-12-18T00:11:11
4055,2100,JP7643794690419,checking,JPY,470568.04,active,2024-07-27T15:27:43
4056,2101,AE8632343978209,checking,AED,6878.07,closed,2022-08-11T23:03:09
4057,2101,AE1039112795518,savings,AED,59.62,closed,2024-06-24T09:28:03
4058,2102,JP5609139638748,checking,JPY,738086.33,closed,2024-11-18T06:17:59
4059,2103,SE4617893118007,checking,SEK,6621.94,active,2025-08-13T03:58:31
4060,2103,SE2890261691529,checking,SEK,2539.08,active,2026-02-25T21:31:52
4061,2103,SE6855692288553,savings,SEK,8439.84,active,2026-03-14T18:59:24
4062,2104,KR7502163774750,savings,KRW,3314999.28,active,2022-05-18T10:51:42
4063,2104,KR6081746958526,savings,KRW,3659329.84,active,2025-04-09T02:04:49
4064,2105,AU5785726078759,checking,AUD,6363.19,active,2023-05-18T23:07:15
4065,2105,AU4194078896438,checking,AUD,2631.33,active,2024-10-30T15:45:32
4066,2106,NL2788133588900,checking,EUR,2884.89,active,2026-04-20T21:42:48
4067,2107,GB7830964961781,savings,GBP,17154.97,active,2024-05-02T18:40:00
4068,2107,GB9844911648574,checking,GBP,3265.94,active,2024-02-24T23:01:16
4069,2108,GB8547944488497,credit,GBP,-958.79,closed,2025-12-02T07:25:38
4070,2108,GB6767233616501,credit,GBP,-2862.03,active,2024-11-07T10:08:04
4071,2108,GB2833722456659,checking,GBP,6471.49,active,2024-06-25T13:55:23
4072,2109,DE5783359769382,savings,EUR,8559.66,closed,2025-10-10T00:26:21
4073,2109,DE1329497247787,savings,EUR,20043.98,closed,2025-08-29T21:36:20
4074,2110,AE5728128423420,savings,AED,3001.15,active,2022-12-27T14:40:51
4075,2110,AE8502279271942,checking,AED,7618.36,frozen,2025-01-24T00:49:46
4076,2110,AE7868035618818,checking,AED,2729.86,frozen,2025-04-12T01:59:05
4077,2111,SE5959896614343,savings,SEK,42.1,active,2026-04-24T10:27:44
4078,2112,GB2971958683439,checking,GBP,535.59,active,2025-02-28T12:24:59
4079,2112,GB6502910166674,credit,GBP,-3572.26,frozen,2026-01-12T04:09:43
4080,2112,GB6960695362690,savings,GBP,15571.21,active,2025-07-03T23:29:46
4081,2113,TR9938982266993,savings,TRY,248886.01,active,2025-12-01T17:59:26
4082,2114,SG8597562542115,checking,SGD,1075.19,active,2026-04-22T19:24:21
4083,2114,SG9621583174033,checking,SGD,25.13,active,2024-02-13T17:33:36
4084,2114,SG3671694019824,checking,SGD,795.14,active,2022-04-14T02:47:35
4085,2115,SE7065210946377,savings,SEK,51.53,closed,2026-04-16T17:26:25
4086,2115,SE7994580782117,credit,SEK,-4319.95,active,2022-02-21T23:19:58
4087,2116,US6059380312009,savings,USD,24624.64,closed,2025-01-29T05:45:22
4088,2117,GB2663753865386,checking,GBP,7686.54,active,2025-10-11T15:01:59
4089,2117,GB8686984536980,checking,GBP,684.52,active,2026-03-14T02:13:03
4090,2117,GB6410216050996,credit,GBP,-361.18,frozen,2024-04-04T10:50:52
4091,2118,US8781790661096,savings,USD,20219.92,active,2025-08-12T05:26:00
4092,2119,DE6836680072547,savings,EUR,6217.21,active,2026-02-09T08:43:17
4093,2120,US9103203837147,checking,USD,3515.05,frozen,2024-10-21T09:01:50
4094,2120,US9611910295630,credit,USD,-4941.26,active,2024-11-19T18:28:10
4095,2120,US5940751611809,savings,USD,36036.42,active,2025-11-03T04:05:30
4096,2120,US7789713692301,credit,USD,-1060.85,closed,2025-04-05T14:27:27
4097,2121,GB7825525986753,checking,GBP,3671.97,closed,2025-06-02T08:52:29
4098,2122,DK3110966741902,checking,DKK,2477.84,closed,2026-01-28T00:04:58
4099,2122,DK3931374768213,savings,DKK,93.24,active,2026-02-24T00:12:06
4100,2123,FR3167616286326,checking,EUR,3249.95,active,2023-08-16T11:38:06
4101,2123,FR5515811623365,savings,EUR,13276.21,active,2023-01-12T03:45:17
4102,2123,FR4170783033009,savings,EUR,22002.31,active,2025-07-02T19:09:12
4103,2124,IT7652748554269,checking,EUR,1375.7,active,2026-05-13T02:15:33
4104,2124,IT3210185593188,checking,EUR,1312.16,active,2026-05-16T05:40:20
4105,2125,SE8645297566540,checking,SEK,6421.51,active,2023-01-13T18:19:28
4106,2126,PL3109852672302,checking,PLN,5901.53,active,2025-11-08T20:04:21
4107,2127,DE9883567053159,savings,EUR,34047.14,active,2024-10-21T19:05:02
4108,2128,AU9743737686486,checking,AUD,2924.46,active,2024-08-14T04:26:32
4109,2128,AU3868113180224,checking,AUD,5428.17,active,2024-11-09T13:30:19
4110,2128,AU5501867639842,checking,AUD,471.2,frozen,2024-07-15T03:16:54
4111,2129,FR7937500284314,savings,EUR,23499.39,active,2024-09-09T10:51:30
4112,2130,AU2234774760389,checking,AUD,873.35,active,2023-03-08T05:45:33
4113,2130,AU8753179733028,savings,AUD,10191.65,closed,2022-09-25T09:02:06
4114,2131,FR6566880885367,credit,EUR,-1578.84,frozen,2025-09-29T03:31:13
4115,2132,DE6444077862659,savings,EUR,1958.49,active,2026-03-10T01:35:53
4116,2133,TR5321853367622,checking,TRY,191383.95,active,2021-11-02T10:43:08
4117,2133,TR7396869290691,checking,TRY,86925.43,active,2025-11-26T07:07:33
4118,2133,TR8361168469067,savings,TRY,522816.41,active,2025-04-26T17:00:46
4119,2134,US9072045591371,checking,USD,2984.01,active,2024-08-17T22:30:33
4120,2134,US3438984340841,checking,USD,3802.39,active,2024-05-28T18:11:58
4121,2134,US7723484498691,checking,USD,6208.71,active,2024-06-04T05:27:20
4122,2135,UA3976518178751,checking,UAH,198316,closed,2026-04-29T09:09:53
4123,2135,UA7863081271889,checking,UAH,259932.15,active,2026-01-01T16:44:57
4124,2136,ES9490921340584,savings,EUR,2480.1,frozen,2022-11-05T04:50:59
4125,2136,ES7078448195671,savings,EUR,60.49,active,2025-01-15T01:13:10
4126,2137,MX1985700519863,checking,MXN,18972.66,active,2025-09-19T19:22:33
4127,2137,MX2584681876938,savings,MXN,542209.56,closed,2025-06-28T09:05:47
4128,2137,MX1838618932046,checking,MXN,12073.95,active,2025-04-15T15:25:02
4129,2138,BR2459402974617,checking,BRL,28364.12,active,2022-06-02T22:32:50
4130,2138,BR1799805465555,savings,BRL,156319.58,active,2024-11-07T21:40:05
4131,2138,BR5419117521196,savings,BRL,170925.4,closed,2023-02-12T06:24:49
4132,2139,DE9036581146615,checking,EUR,5476.07,frozen,2026-05-16T01:20:48
4133,2140,MX6923090315461,savings,MXN,537615.54,active,2025-11-27T13:35:46
4134,2140,MX8302913818989,checking,MXN,131564.39,active,2025-10-09T19:49:58
4135,2141,IT9204009885461,checking,EUR,7975.65,active,2025-12-13T17:05:56
4136,2141,IT9547850137512,savings,EUR,37740.87,active,2026-01-13T06:18:32
4137,2142,PL1798556128637,checking,PLN,1818.9,active,2026-04-25T09:31:45
4138,2143,DE4598001236899,credit,EUR,-2998.69,active,2024-02-12T17:25:02
4139,2143,DE1533589143580,checking,EUR,3333.53,frozen,2025-06-16T14:19:16
4140,2143,DE8276619161890,checking,EUR,6496.28,active,2025-07-28T12:25:31
4141,2144,FR3830223663720,checking,EUR,1640.01,closed,2024-05-29T23:56:52
4142,2145,DE6997532249592,checking,EUR,7934.1,closed,2025-11-01T16:46:29
4143,2145,DE8075758653817,checking,EUR,1919.02,active,2022-12-16T21:51:58
4144,2146,US1637834357067,checking,USD,2972.47,active,2022-05-20T06:57:38
4145,2146,US2338229855434,savings,USD,20100.54,active,2022-11-29T22:54:29
4146,2146,US8791946613714,credit,USD,-4941.76,active,2026-04-11T17:52:41
4147,2147,BR2291356879776,savings,BRL,94139.87,frozen,2025-01-18T23:14:57
4148,2148,TR6823330342812,savings,TRY,102643.65,active,2022-01-03T01:51:27
4149,2148,TR4143539185415,savings,TRY,1244348.1,closed,2022-09-06T12:11:59
4150,2148,TR8458220364988,checking,TRY,210163.2,frozen,2022-06-17T08:16:12
4151,2149,IT6922984447479,credit,EUR,-3393.9,closed,2026-01-30T20:19:28
4152,2149,IT1239337159930,savings,EUR,22534.12,active,2025-03-31T16:01:46
4153,2149,IT6630191876386,savings,EUR,53.61,active,2024-05-31T17:27:23
4154,2149,IT3721350556151,checking,EUR,2830.86,closed,2025-09-19T22:30:56
4155,2150,US2033616733081,checking,USD,2897.05,active,2026-01-20T19:49:15
4156,2150,US5409936982600,checking,USD,2713.84,active,2026-02-11T16:01:55
4157,2150,US8408856018680,checking,USD,7685.15,active,2025-10-31T02:14:10
4158,2151,IT1693595214950,savings,EUR,13450.47,closed,2025-12-27T07:11:35
4159,2152,PT3521427955934,checking,EUR,2834.85,active,2026-05-01T08:37:31
4160,2153,US4243898628915,savings,USD,5173.32,closed,2024-10-17T02:31:21
4161,2153,US1694645679151,savings,USD,15333.28,active,2026-02-17T08:38:41
4162,2154,CN1906115652919,credit,CNY,-2259.12,closed,2023-06-20T06:40:20
4163,2155,DE2954544120570,savings,EUR,12612.76,closed,2026-02-04T06:07:09
4164,2155,DE6689437629523,savings,EUR,29301.04,closed,2024-07-13T05:29:49
4165,2156,MX1195238254179,checking,MXN,15135.41,active,2026-03-08T16:54:31
4166,2156,MX6856909980806,credit,MXN,-2281.05,active,2026-03-16T13:08:53
4167,2156,MX2106193936143,savings,MXN,234404.94,active,2026-01-06T09:05:46
4168,2157,IN4554115868443,credit,INR,-185615.18,frozen,2024-06-23T02:54:01
4169,2157,IN5104671623547,checking,INR,298314.95,active,2022-12-03T13:19:40
4170,2158,US8519549686451,checking,USD,652.79,active,2026-01-24T06:35:18
4171,2158,US6331082691099,checking,USD,7402.62,active,2026-02-03T03:49:33
4172,2159,PT7730727161659,checking,EUR,6100.89,active,2025-09-29T21:31:19
4173,2159,PT3730406852474,checking,EUR,4463.7,active,2021-05-26T06:27:40
4174,2159,PT2284041899217,savings,EUR,1851.59,closed,2025-06-02T08:57:27
4175,2159,PT7932667667042,checking,EUR,1730.39,active,2025-01-11T13:43:38
4176,2160,US3657998280323,savings,USD,14219.25,active,2025-12-30T00:49:37
4177,2160,US7935410332952,checking,USD,345.07,active,2025-05-06T16:52:21
4178,2161,DE7671556979917,checking,EUR,36.16,active,2025-11-19T05:05:50
4179,2161,DE4367940387969,credit,EUR,-4576.84,active,2026-03-31T05:46:00
4180,2161,DE1401272518767,checking,EUR,975.46,frozen,2026-01-02T07:16:11
4181,2162,BR9229671771906,checking,BRL,447.96,active,2024-11-29T18:36:50
4182,2163,IT3245885764941,savings,EUR,47.42,active,2026-01-15T19:28:40
4183,2163,IT9616754483288,savings,EUR,17801.94,closed,2025-12-06T00:25:59
4184,2164,FR5705770484830,checking,EUR,4213.48,closed,2026-01-19T19:11:23
4185,2164,FR5540480954025,savings,EUR,7274.04,closed,2025-06-18T12:20:32
4186,2164,FR7174607856321,savings,EUR,2077.62,active,2025-04-26T00:57:46
4187,2165,AE5405855499385,checking,AED,805.07,active,2024-05-17T05:01:56
4188,2165,AE8785784168653,checking,AED,5523.08,active,2025-09-01T03:55:42
4189,2165,AE4595167684964,savings,AED,15371.38,active,2023-11-15T06:38:16
4190,2166,ES6495913177867,checking,EUR,5447.05,active,2026-05-03T09:31:25
4191,2167,KR9848193216166,credit,KRW,-172461.35,active,2024-01-06T13:30:55
4192,2168,DE7206322777729,savings,EUR,15138.44,active,2025-06-21T23:22:14
4193,2168,DE8051989122952,savings,EUR,29373.59,active,2026-02-02T06:26:57
4194,2168,DE9076739167080,checking,EUR,5036.59,closed,2024-10-19T10:00:45
4195,2168,DE1383975672462,checking,EUR,6390.34,active,2026-02-12T05:45:30
4196,2169,TR3815959480615,checking,TRY,231526.76,active,2025-01-06T10:48:58
4197,2170,MX8026798848140,checking,MXN,89668.33,active,2024-07-12T02:55:15
4198,2170,MX2164494967294,checking,MXN,92537.42,active,2024-07-13T23:50:03
4199,2171,JP6393544080091,credit,JPY,-372770.4,active,2023-08-07T13:09:07
4200,2171,JP2731914632379,checking,JPY,132162.45,active,2023-02-21T13:32:52
4201,2171,JP3156682515436,savings,JPY,891115.82,active,2025-10-13T08:40:42
4202,2172,CA5135165050942,savings,CAD,88.46,frozen,2022-02-09T11:43:16
4203,2172,CA1282888063798,savings,CAD,8200.35,active,2025-01-03T09:09:50
4204,2173,BR6045804449633,checking,BRL,12781.9,active,2026-04-16T06:06:09
4205,2173,BR4038883957433,savings,BRL,199307.82,active,2026-03-01T18:34:58
4206,2173,BR8894237067830,savings,BRL,56244.21,closed,2023-03-08T03:59:55
4207,2174,BR8238717639734,checking,BRL,5177.95,active,2023-04-08T10:48:23
4208,2175,JP6803336655018,credit,JPY,-177189.02,active,2026-05-14T07:17:48
4209,2176,US4227955521590,credit,USD,-3277.89,active,2023-07-03T14:46:22
4210,2177,GB7443562214416,checking,GBP,6836.58,active,2024-01-05T09:50:27
4211,2177,GB5732973047620,checking,GBP,6683.65,active,2023-07-18T13:29:05
4212,2177,GB5235618695732,checking,GBP,6609.16,active,2022-10-22T07:54:45
4213,2178,US4505867727330,checking,USD,664.93,closed,2025-12-28T21:18:04
4214,2178,US8667367275875,checking,USD,2395.14,active,2024-10-21T16:55:21
4215,2179,MX1233639758125,savings,MXN,262174.24,active,2025-09-25T21:39:45
4216,2179,MX7181875634249,checking,MXN,66958.62,active,2022-10-03T02:32:14
4217,2180,DE2446092020331,savings,EUR,23354.56,frozen,2021-10-11T15:26:33
4218,2181,NL3725152670480,checking,EUR,6477.15,active,2024-05-29T21:42:09
4219,2181,NL3974598731235,savings,EUR,1987.08,active,2025-05-28T05:58:10
4220,2182,CN1001110181779,checking,CNY,3764.57,frozen,2024-03-18T21:51:30
4221,2182,CN8833665915308,savings,CNY,94.05,frozen,2023-09-20T09:16:18
4222,2183,CA6990146087139,checking,CAD,3953.62,active,2024-07-20T21:15:43
4223,2183,CA2708120557677,savings,CAD,2621.25,active,2026-03-14T20:57:05
4224,2183,CA9519215791532,checking,CAD,1590.1,active,2022-09-28T13:56:50
4225,2183,CA6864588011228,savings,CAD,33935.21,active,2025-12-18T16:43:10
4226,2184,DK2544982853597,savings,DKK,18246.81,closed,2025-11-06T04:30:56
4227,2184,DK6440182712585,checking,DKK,2965.68,closed,2025-10-31T19:23:32
4228,2185,IN8242482356442,savings,INR,622781.39,frozen,2026-02-08T06:46:45
4229,2186,IN5017287584091,checking,INR,460176.41,closed,2025-10-28T08:30:53
4230,2186,IN5887093393770,checking,INR,419184.75,active,2026-04-16T01:57:52
4231,2187,MX2739656663183,checking,MXN,88079.75,closed,2022-03-12T19:41:34
4232,2187,MX3178090882224,credit,MXN,-56196.45,active,2022-01-12T19:16:19
4233,2188,AU5494593780030,checking,AUD,5793.51,frozen,2026-01-16T03:04:35
4234,2188,AU7683988560073,savings,AUD,10420.13,active,2025-11-27T16:20:39
4235,2188,AU6106544899252,credit,AUD,-4911.8,active,2025-08-17T04:49:21
4236,2189,ES1491009594164,checking,EUR,5836.19,frozen,2023-09-26T11:28:06
4237,2189,ES7670152975433,checking,EUR,7095.05,active,2023-08-06T20:21:49
4238,2190,US3590637572809,checking,USD,1005.31,active,2025-12-21T20:26:16
4239,2190,US6684886664798,savings,USD,79.16,active,2024-10-05T17:01:08
4240,2191,GB7526624724180,savings,GBP,64.45,active,2026-04-12T00:59:45
4241,2191,GB4812571822038,checking,GBP,6442.3,active,2025-02-06T22:24:48
4242,2192,US9729698740676,savings,USD,29996.23,active,2025-04-27T10:53:13
4243,2192,US6532575629185,savings,USD,1401.67,active,2025-11-09T00:58:45
4244,2192,US6683181963424,checking,USD,4706.86,active,2025-03-10T16:40:06
4245,2193,DE3974301218195,savings,EUR,33681.34,active,2026-04-08T20:59:20
4246,2193,DE5477195763603,savings,EUR,28790.22,active,2026-04-06T12:00:59
4247,2194,AE5138484880438,checking,AED,7290.89,frozen,2025-11-04T22:20:59
4248,2194,AE3531179788582,savings,AED,9116.32,active,2022-03-07T17:59:01
4249,2195,CA1717450912403,savings,CAD,21352.31,closed,2026-04-10T22:31:21
4250,2196,SE9239535879797,savings,SEK,9047.39,closed,2024-08-06T05:10:56
4251,2196,SE2367140062095,savings,SEK,9283.85,closed,2024-04-05T05:29:46
4252,2197,US3117460493260,savings,USD,12098.61,active,2023-08-24T02:11:29
4253,2197,US3037437484914,checking,USD,2595.87,active,2023-11-10T12:11:22
4254,2198,US5737355897274,checking,USD,322.91,active,2025-03-13T22:23:37
4255,2199,IN5456538573954,credit,INR,-210635.46,active,2024-08-01T19:04:01
4256,2199,IN9856708729449,checking,INR,206679.67,frozen,2025-08-10T09:38:22
4257,2200,AU9441153613385,checking,AUD,7548.26,frozen,2023-04-19T05:14:43
4258,2200,AU3808186839288,credit,AUD,-4371.38,active,2024-03-18T13:34:29
4259,2200,AU7072150589953,savings,AUD,11315.79,active,2025-12-29T23:25:46
4260,2201,CA1862343462408,checking,CAD,4717.23,active,2026-05-09T11:18:43
4261,2201,CA2673937152003,savings,CAD,36299.24,closed,2025-06-21T16:37:40
4262,2202,ZA9051465447202,checking,ZAR,7439.03,active,2025-08-21T11:20:45
4263,2203,FR1446606863442,checking,EUR,1455.39,closed,2024-12-18T13:38:27
4264,2203,FR8680909286566,checking,EUR,1887.52,closed,2024-05-09T16:26:37
4265,2203,FR1321896027883,savings,EUR,79.9,active,2026-01-13T13:15:06
4266,2204,ZA9556536359993,checking,ZAR,2488.51,frozen,2023-11-22T08:50:18
4267,2204,ZA5560794757630,checking,ZAR,2635.6,active,2025-03-12T21:21:20
4268,2205,US8480472378865,checking,USD,7204.67,active,2024-10-30T05:15:44
4269,2206,DE5138983921174,savings,EUR,39289.07,active,2025-09-21T14:17:41
4270,2207,BE5960443839088,checking,EUR,4161.13,frozen,2025-07-19T12:09:33
4271,2208,CA1144443769135,checking,CAD,5639.34,closed,2026-02-02T14:35:08
4272,2208,CA6132985593113,savings,CAD,28337.27,active,2025-09-09T10:05:07
4273,2208,CA6305325893815,checking,CAD,5962.54,active,2026-02-10T14:51:33
4274,2209,US3352507799326,checking,USD,5933.94,active,2025-12-06T17:19:34
4275,2210,AU1184560229141,checking,AUD,5590.82,active,2025-04-03T08:29:19
4276,2210,AU7294368283324,credit,AUD,-2128.24,closed,2024-08-21T12:20:58
4277,2210,AU4810494739571,savings,AUD,13922.49,active,2024-06-24T12:09:51
4278,2211,US9702481122231,savings,USD,17817.3,active,2025-12-28T00:33:15
4279,2212,US6284460718766,savings,USD,9985.78,frozen,2022-04-29T19:45:41
4280,2212,US2345332531907,savings,USD,91.54,active,2023-01-18T23:03:56
4281,2212,US6649725776910,savings,USD,21098.29,active,2025-06-02T23:25:11
4282,2213,ZA6187700583770,checking,ZAR,3726.2,active,2026-04-01T13:28:26
4283,2213,ZA8741546438607,savings,ZAR,39852.85,active,2026-01-13T09:33:50
4284,2213,ZA9651003770495,checking,ZAR,1366.51,active,2026-01-12T23:36:33
4285,2214,BR6571199883596,checking,BRL,29734.79,active,2026-05-13T19:35:39
4286,2215,GB9674613648111,checking,GBP,3866.79,active,2026-04-20T23:53:05
4287,2216,SE9736838069804,credit,SEK,-4353.11,active,2025-05-30T02:17:16
4288,2216,SE2783347483520,checking,SEK,1993.63,closed,2022-02-06T01:12:30
4289,2217,US6744148369315,savings,USD,29780.33,frozen,2025-12-05T18:29:26
4290,2218,TR7329530060779,checking,TRY,57737.78,closed,2024-08-18T17:49:06
4291,2219,IT5848568677071,checking,EUR,579.41,active,2026-04-26T07:54:45
4292,2219,IT9979945984419,savings,EUR,96.03,active,2026-04-20T21:14:37
4293,2220,GB1580781148552,checking,GBP,1832.89,active,2023-08-22T23:28:09
4294,2221,FR2169272533314,savings,EUR,12206.55,active,2024-04-10T14:30:17
4295,2221,FR8585066154504,savings,EUR,37429.97,frozen,2024-04-21T18:45:49
4296,2222,ZA4862422624332,checking,ZAR,4723.41,frozen,2026-05-08T15:18:49
4297,2223,IT6618115334229,credit,EUR,-332.17,active,2025-04-11T04:27:41
4298,2224,AU5835153757099,savings,AUD,23287.87,active,2025-08-31T16:28:13
4299,2225,CA3971097783100,checking,CAD,659.89,active,2024-08-11T07:19:54
4300,2225,CA4540618525015,checking,CAD,5877.85,active,2025-04-06T19:02:02
4301,2226,CA3937232089055,checking,CAD,4046.86,active,2025-12-20T22:12:47
4302,2227,US3167688227193,checking,USD,6149.27,active,2026-03-08T05:10:51
4303,2228,FI3364431356204,savings,EUR,99.23,active,2023-07-15T17:39:34
4304,2228,FI5736025673552,credit,EUR,-2611.03,active,2025-06-18T18:48:04
4305,2229,SE5595209395771,checking,SEK,3551.16,active,2025-04-07T22:17:10
4306,2229,SE7752661372196,credit,SEK,-4087.51,active,2025-05-12T00:35:59
4307,2230,FR4151869451800,savings,EUR,66.69,closed,2025-07-31T12:32:30
4308,2230,FR2989757974302,checking,EUR,6999.82,active,2025-10-09T15:57:52
4309,2231,AU9248825262245,checking,AUD,7758.79,active,2024-04-24T08:42:16
4310,2231,AU7583223088702,checking,AUD,382.8,active,2025-07-30T18:46:38
4311,2232,BE4426544418372,checking,EUR,4383.47,active,2023-11-12T10:30:47
4312,2233,BE8643341352826,checking,EUR,5023.44,active,2026-04-22T19:43:43
4313,2233,BE3526903192712,checking,EUR,7959.47,active,2026-05-09T06:05:17
4314,2233,BE1204726539052,checking,EUR,6997.59,active,2026-04-19T09:57:37
4315,2234,PT5368338569957,checking,EUR,4519.71,active,2025-03-17T10:34:29
4316,2234,PT9805143195361,savings,EUR,5139,frozen,2024-12-10T03:49:02
4317,2235,FR1754102537889,savings,EUR,8614.03,active,2026-04-20T16:04:40
4318,2236,US3674852675761,savings,USD,40205.41,closed,2025-04-16T01:12:08
4319,2237,SG9907292230024,checking,SGD,925.56,active,2025-08-07T01:59:21
4320,2238,US5213213938797,checking,USD,5859.76,active,2026-03-20T11:42:53
4321,2238,US8794836744499,savings,USD,24139.22,active,2023-04-19T08:06:27
4322,2238,US3120904471365,checking,USD,3475.35,active,2024-03-08T05:41:57
4323,2238,US5503729118251,checking,USD,598.85,active,2025-04-14T23:10:25
4324,2239,FR8209858529885,savings,EUR,29177.22,closed,2025-07-27T20:35:56
4325,2239,FR6213016498354,credit,EUR,-3651.06,frozen,2025-09-03T04:57:10
4326,2239,FR6122551165899,checking,EUR,1810.64,active,2024-05-14T04:14:35
4327,2240,DE9673806398024,checking,EUR,2799.03,active,2023-08-30T17:27:25
4328,2240,DE8445630430370,checking,EUR,1933.26,closed,2023-09-27T16:36:01
4329,2240,DE2452850896179,checking,EUR,1017.75,active,2025-08-15T10:13:15
4330,2241,AE8863364698887,checking,AED,7612.11,closed,2025-08-27T23:15:49
4331,2241,AE8341289034970,checking,AED,4626.06,closed,2025-10-13T18:18:05
4332,2242,FR1593766243342,checking,EUR,5898.7,active,2025-02-10T12:01:10
4333,2242,FR7071828181461,savings,EUR,1406.93,active,2024-12-02T18:55:14
4334,2243,TR5126213554714,savings,TRY,425748.05,active,2025-10-08T00:38:02
4335,2243,TR6028394497899,credit,TRY,-85230.2,active,2025-11-08T14:58:13
4336,2244,US7525474940026,checking,USD,7292.26,frozen,2021-08-21T06:15:20
4337,2244,US9433165446722,savings,USD,18726.79,active,2024-09-01T05:22:38
4338,2244,US4772895586169,checking,USD,873.17,active,2022-10-07T20:46:44
4339,2245,US4648524152742,savings,USD,31971.04,frozen,2026-03-10T23:29:47
4340,2246,FR6462141582026,checking,EUR,2860.71,frozen,2026-04-01T05:08:46
4341,2246,FR2349467327127,checking,EUR,5877.54,active,2025-10-18T13:43:05
4342,2247,IN8629470027889,checking,INR,384572.77,frozen,2022-08-18T04:20:23
4343,2247,IN6648118735361,savings,INR,2106119.9,active,2022-11-25T11:35:07
4344,2247,IN3146926588086,checking,INR,46219.93,active,2023-04-26T11:25:50
4345,2248,US3530330273682,checking,USD,3007.77,active,2025-07-20T09:57:18
4346,2248,US3766618381111,savings,USD,11387.32,frozen,2026-01-01T13:28:48
4347,2248,US6716814349024,savings,USD,28938.93,active,2026-02-07T04:12:37
4348,2249,FR6442954464377,checking,EUR,3064.17,frozen,2025-10-24T17:55:07
4349,2250,JP6673294387130,checking,JPY,188097.37,frozen,2024-10-01T07:00:17
4350,2251,SG7147824471929,savings,SGD,12306.62,active,2026-04-18T23:15:15
4351,2251,SG7532457090930,checking,SGD,2163.34,active,2026-05-10T11:50:02
4352,2252,AT5847239865155,checking,EUR,4691.94,active,2026-02-04T14:53:26
4353,2252,AT3749093197350,checking,EUR,7174.51,frozen,2025-06-13T07:45:17
4354,2253,ES8996275697361,checking,EUR,6051.87,active,2024-06-05T16:20:33
4355,2253,ES3452430581982,savings,EUR,9342.51,active,2024-03-08T18:54:37
4356,2254,UA7475428049944,savings,UAH,1369178.36,active,2026-03-07T02:38:15
4357,2254,UA7999797097818,savings,UAH,413785.07,active,2026-03-12T19:16:12
4358,2255,SE2420015661405,credit,SEK,-1800.77,active,2026-01-22T18:19:44
4359,2256,AU3662244717889,savings,AUD,14776.47,active,2023-03-28T05:58:11
4360,2256,AU9464668388682,checking,AUD,6487.96,active,2025-10-19T08:05:17
4361,2257,US8584558233624,checking,USD,251.71,frozen,2024-02-13T03:13:01
4362,2258,IT9924820964491,savings,EUR,7829.94,frozen,2025-07-27T12:02:15
4363,2258,IT5839263343615,savings,EUR,18121.67,active,2025-08-27T18:37:34
4364,2258,IT2488376274020,checking,EUR,2592.42,active,2025-09-12T20:08:48
4365,2259,AE4156722095982,savings,AED,9819.16,active,2025-08-08T01:35:35
4366,2259,AE7619683290888,savings,AED,33861.21,active,2024-04-11T13:44:58
4367,2260,FR1277475199696,savings,EUR,35420.96,active,2024-03-02T08:27:36
4368,2260,FR1639473353700,savings,EUR,16733.29,active,2025-08-15T04:18:03
4369,2260,FR2493155056924,checking,EUR,3906.23,active,2026-01-05T16:35:13
4370,2260,FR2529444075066,checking,EUR,33.65,active,2025-08-02T05:59:26
4371,2261,NL1108411036447,checking,EUR,7464.6,frozen,2025-03-11T04:22:13
4372,2262,DE3981581963851,checking,EUR,5629.32,active,2023-10-02T08:35:20
4373,2263,US7363569255478,checking,USD,7285.4,active,2025-12-31T22:44:38
4374,2264,MX6423270216044,checking,MXN,62518.34,active,2026-01-08T00:39:22
4375,2264,MX4539967381933,checking,MXN,16870.29,active,2026-02-17T03:19:59
4376,2264,MX2608904554478,checking,MXN,96098.58,closed,2025-07-10T02:33:25
4377,2265,US3914629127190,savings,USD,16334.96,closed,2025-04-11T12:42:02
4378,2266,IN8323196732224,credit,INR,-385011.97,active,2026-01-22T11:09:59
4379,2266,IN8966106071771,credit,INR,-78482.28,active,2025-12-10T16:50:17
4380,2267,FR1451117785760,savings,EUR,23646.8,active,2025-06-01T15:03:06
4381,2268,SE3344449772154,savings,SEK,11900.25,frozen,2022-03-12T19:32:24
4382,2269,AE7601342235609,checking,AED,399.24,closed,2024-08-21T21:36:25
4383,2270,SG9583809560118,checking,SGD,2065.37,active,2025-07-24T14:07:45
4384,2270,SG7151396813497,checking,SGD,5780.6,active,2025-08-25T17:58:33
4385,2271,CA8417362351279,checking,CAD,2823.01,active,2024-03-15T07:01:48
4386,2271,CA4052588839971,credit,CAD,-3449.9,active,2023-08-29T09:08:20
4387,2271,CA6853975420213,checking,CAD,5159.42,active,2024-06-04T04:54:55
4388,2272,CA9606573946671,savings,CAD,25261.21,active,2026-02-27T10:46:54
4389,2273,US1157304597815,checking,USD,3872.45,active,2026-01-03T10:18:10
4390,2273,US5548378112496,checking,USD,1028.92,active,2026-02-19T03:12:06
4391,2273,US4641049122769,checking,USD,34.28,closed,2026-01-24T12:04:55
4392,2274,AU5894254559872,savings,AUD,28225.34,active,2025-12-31T21:02:37
4393,2275,FR2344743582471,checking,EUR,3040.74,active,2026-02-10T08:24:47
4394,2275,FR1854523532241,savings,EUR,25127.09,active,2024-12-03T14:53:34
4395,2276,CA7473336442463,savings,CAD,10825.89,frozen,2026-04-02T22:01:19
4396,2276,CA6681531819536,savings,CAD,5926.78,active,2025-06-28T08:44:25
4397,2276,CA2240322826948,savings,CAD,69.13,active,2025-09-26T13:15:09
4398,2277,DE2906200054520,savings,EUR,39320.86,frozen,2026-04-23T03:47:31
4399,2277,DE8487850982779,savings,EUR,28927.59,frozen,2026-03-02T20:02:26
4400,2277,DE5793320964321,savings,EUR,19427.27,active,2026-04-25T18:57:05
4401,2278,CA4703442562995,savings,CAD,82.11,active,2024-07-06T02:38:38
4402,2278,CA1055092766923,checking,CAD,4715.09,active,2025-05-17T03:54:13
4403,2279,FR6250757350566,checking,EUR,2122.21,active,2025-11-13T03:39:55
4404,2279,FR9690872915314,credit,EUR,-261.45,active,2025-10-14T00:20:09
4405,2279,FR2350005453355,savings,EUR,24900.76,closed,2025-12-05T00:10:41
4406,2279,FR1891540763319,savings,EUR,12069.13,active,2025-10-27T23:18:09
4407,2280,ES6695470496705,savings,EUR,27843.21,frozen,2025-02-17T11:56:40
4408,2281,US6535094831232,savings,USD,9991.26,active,2024-07-07T15:36:36
4409,2281,US2848558097776,checking,USD,1568.02,active,2026-05-12T03:33:08
4410,2282,US6310593014869,checking,USD,4694.51,active,2026-03-24T13:46:34
4411,2282,US6753531930246,checking,USD,276.68,active,2025-02-06T21:25:08
4412,2283,NL5961249248626,checking,EUR,3344.59,active,2025-04-07T18:26:24
4413,2284,GB9853508024602,checking,GBP,2737.39,frozen,2025-12-02T19:18:12
4414,2285,ES5723505144526,savings,EUR,30145.15,closed,2025-07-03T00:53:40
4415,2285,ES5719753192601,savings,EUR,18796.63,active,2024-05-09T20:47:45
4416,2286,ES6038473358822,checking,EUR,2440.96,closed,2025-04-12T16:12:02
4417,2286,ES2339958879558,savings,EUR,16550.89,active,2023-09-19T05:51:35
4418,2286,ES7671457412379,checking,EUR,4644.96,active,2024-10-13T12:23:31
4419,2287,GB2404593688801,savings,GBP,38097.59,frozen,2025-05-06T22:43:22
4420,2287,GB4938486823383,checking,GBP,6.86,active,2026-02-19T07:19:18
4421,2287,GB1166159713467,checking,GBP,2977.76,frozen,2024-12-02T22:14:41
4422,2287,GB5049027847112,savings,GBP,14392.8,closed,2025-06-07T02:18:14
4423,2288,AU4517137953139,checking,AUD,7816.22,active,2025-10-15T18:28:33
4424,2289,GB7409946332649,checking,GBP,4011.6,active,2025-12-22T10:07:10
4425,2290,ES1371323076983,savings,EUR,30061.01,closed,2025-11-26T00:42:05
4426,2290,ES8470614628175,checking,EUR,1395.39,active,2025-08-16T13:40:14
4427,2291,BR3144907175725,checking,BRL,25740.67,active,2023-03-24T01:02:31
4428,2291,BR1521265287487,checking,BRL,3097.48,frozen,2024-10-28T00:03:56
4429,2291,BR7572973942954,savings,BRL,117246.03,active,2025-11-09T06:39:10
4430,2292,UA2453548775728,checking,UAH,46170.6,active,2026-02-15T01:51:34
4431,2293,FI9172877143230,checking,EUR,6814.6,active,2022-09-28T04:31:02
4432,2293,FI5191134352452,checking,EUR,7011.03,active,2022-04-26T22:49:49
4433,2294,GB9843926622868,savings,GBP,33795.6,frozen,2026-03-23T08:41:17
4434,2294,GB9182026978798,savings,GBP,3609.64,closed,2025-09-23T11:46:44
4435,2295,FI5450294222318,checking,EUR,7280.2,active,2025-06-30T17:11:25
4436,2295,FI6981747723674,checking,EUR,5824.19,active,2026-03-05T06:19:28
4437,2296,GB7583646486806,savings,GBP,38433.66,active,2026-05-16T04:02:14
4438,2297,GB7689821649648,checking,GBP,435.08,active,2025-04-21T19:19:34
4439,2297,GB3585085563049,checking,GBP,6194.55,active,2026-04-01T15:54:58
4440,2298,SE3813922740590,savings,SEK,19361.31,frozen,2026-02-12T20:58:29
4441,2299,ES9210353497061,savings,EUR,10429.83,frozen,2022-07-17T20:27:00
4442,2299,ES4752062249304,checking,EUR,5114.63,closed,2023-09-01T09:10:49
4443,2299,ES8683261344223,checking,EUR,3992.36,active,2024-11-16T17:33:40
4444,2300,IT6403368592306,checking,EUR,3110.21,active,2026-05-12T10:58:02
4445,2301,CN5849303770504,savings,CNY,14523.24,active,2025-01-16T11:44:05
4446,2302,SE5044206071256,checking,SEK,4084.96,active,2025-11-15T11:47:25
4447,2302,SE9682762023078,checking,SEK,5366.09,active,2026-04-24T03:12:54
4448,2303,FR2786077964008,checking,EUR,1529.57,frozen,2024-05-17T15:19:03
4449,2303,FR1235991360916,savings,EUR,6412.72,frozen,2023-07-04T09:16:22
4450,2303,FR4763975831488,credit,EUR,-3292.93,active,2025-05-09T13:05:01
4451,2304,IT9425984571443,savings,EUR,22424.73,active,2026-02-22T00:01:02
4452,2304,IT3012292295859,checking,EUR,933.43,frozen,2025-11-17T04:19:04
4453,2305,IT3425924334821,checking,EUR,2152.61,active,2026-04-08T14:14:30
4454,2306,ZA5203897926065,checking,ZAR,4095.56,active,2026-02-16T13:58:11
4455,2307,DE5808766172006,savings,EUR,79.75,active,2026-03-08T14:16:57
4456,2308,IT4872512064807,checking,EUR,13.68,active,2026-02-06T21:13:16
4457,2309,ES3492742622123,savings,EUR,11797.86,active,2024-12-02T09:54:31
4458,2309,ES6355446797556,checking,EUR,2814.98,active,2024-12-08T10:24:30
4459,2309,ES1170819432274,checking,EUR,4003.45,active,2026-04-12T13:12:05
4460,2310,SG3172957829257,checking,SGD,6343.71,frozen,2024-02-24T06:46:00
4461,2310,SG7877851428118,checking,SGD,6621.71,active,2024-08-07T17:01:57
4462,2311,CN8078343437206,checking,CNY,4996.53,active,2025-07-31T18:53:18
4463,2311,CN4117254433215,checking,CNY,6377.26,frozen,2023-12-02T00:07:47
4464,2312,BR7860195336786,checking,BRL,25860.95,active,2024-03-02T00:44:37
4465,2313,SG4413151850674,checking,SGD,7417.49,active,2022-04-22T06:41:06
4466,2313,SG5254721369998,savings,SGD,37284.71,frozen,2024-03-23T22:49:32
4467,2314,TR3836814731146,savings,TRY,241635.5,frozen,2022-06-27T17:07:52
4468,2315,ES5051168453544,savings,EUR,28127.62,active,2025-09-26T05:12:57
4469,2315,ES2914082049387,checking,EUR,621.82,active,2025-07-19T17:54:55
4470,2316,US8966769755857,savings,USD,10764.67,active,2026-01-20T07:29:01
4471,2317,AU9090914423622,checking,AUD,435.56,active,2026-01-08T09:48:40
4472,2317,AU9267798056182,checking,AUD,3789.61,active,2025-11-20T04:50:23
4473,2317,AU5742792118974,checking,AUD,1370.09,active,2025-09-18T06:34:18
4474,2318,AU4571205236435,savings,AUD,33241.55,closed,2026-03-24T09:00:39
4475,2318,AU6929167766386,checking,AUD,1400.76,active,2026-04-24T16:41:42
4476,2319,PT6028777184039,savings,EUR,14083.57,active,2026-01-12T23:26:46
4477,2319,PT4775327975338,savings,EUR,38991.25,active,2025-12-03T23:09:58
4478,2320,BR4974697534682,savings,BRL,194575.42,closed,2024-10-16T10:56:10
4479,2321,GB2775554890419,credit,GBP,-3885.94,closed,2025-11-19T06:38:41
4480,2321,GB7747483242061,checking,GBP,3412.5,closed,2025-01-10T04:08:39
4481,2322,FR9850885291112,savings,EUR,34923.21,closed,2024-12-03T02:06:26
4482,2323,JP9546221369099,checking,JPY,329033.53,active,2025-10-26T05:59:30
4483,2323,JP6415330567590,checking,JPY,311981.91,active,2025-01-25T06:55:55
4484,2324,DE2133144246746,savings,EUR,29076.07,active,2023-08-22T15:21:17
4485,2324,DE9303465118154,credit,EUR,-3126.51,frozen,2023-11-09T07:39:17
4486,2325,US8924698047805,savings,USD,26014.44,active,2025-10-08T01:38:12
4487,2325,US3971109790724,savings,USD,37614.65,active,2025-09-24T21:49:52
4488,2326,CA8700896964210,savings,CAD,35639.27,active,2026-05-07T23:44:41
4489,2326,CA2300427257231,checking,CAD,5997.39,closed,2026-05-05T23:05:43
4490,2327,IT1269325774892,checking,EUR,191.05,active,2024-06-25T09:00:57
4491,2327,IT1831841020079,checking,EUR,4565.96,frozen,2026-03-15T13:24:06
4492,2328,US9500209540300,checking,USD,4388.87,active,2025-06-28T01:20:28
4493,2328,US8082056463639,checking,USD,855.96,active,2025-06-23T06:32:42
4494,2329,DE8072925649587,savings,EUR,22111.78,active,2025-11-26T07:47:24
4495,2330,FR8425533739218,savings,EUR,27850.76,closed,2024-10-08T06:44:07
4496,2331,IN5325782329477,checking,INR,316772.15,frozen,2025-08-02T10:52:51
4497,2331,IN6514720756885,savings,INR,188973.68,closed,2024-03-02T09:53:05
4498,2332,IE9055943682589,checking,EUR,2254.55,active,2022-07-29T05:25:53
4499,2333,IN2430268829691,checking,INR,127920.43,closed,2026-03-14T22:05:09
4500,2334,MX1947128295403,savings,MXN,49737.61,closed,2022-12-19T16:11:00
4501,2335,IT8008465876884,credit,EUR,-4621.19,frozen,2025-03-19T16:01:41
4502,2335,IT2839457224226,savings,EUR,6064.55,active,2025-07-18T02:26:42
4503,2335,IT3646796081551,checking,EUR,4861.89,frozen,2024-12-03T13:46:02
4504,2336,JP3783730018706,savings,JPY,1813.87,frozen,2025-05-30T11:56:49
4505,2336,JP8827139553310,checking,JPY,705294.13,closed,2025-12-19T16:02:54
4506,2336,JP7996360470419,checking,JPY,570449.59,active,2023-07-21T08:35:50
4507,2337,PL7222315081634,credit,PLN,-3027.38,frozen,2024-09-12T01:19:00
4508,2338,CN3013114089141,checking,CNY,6050.89,frozen,2026-04-08T20:26:32
4509,2338,CN2047364811504,checking,CNY,5133.32,active,2026-01-30T22:28:34
4510,2339,CA2254609141160,checking,CAD,5071.69,active,2024-01-06T07:02:41
4511,2339,CA4172066733069,checking,CAD,3689.4,active,2025-06-18T22:39:50
4512,2340,IN7127438148541,savings,INR,281518.55,active,2023-07-31T11:08:57
4513,2341,US3486843490774,checking,USD,7865.53,active,2025-11-19T07:19:46
4514,2341,US8658343975598,credit,USD,-2306.04,closed,2024-09-17T09:30:17
4515,2341,US9798444530249,checking,USD,3833.22,active,2024-11-16T18:30:30
4516,2342,GB7155918733155,checking,GBP,7629.51,active,2025-07-03T01:56:43
4517,2343,IT7041396168121,checking,EUR,4205.39,closed,2025-07-21T17:58:19
4518,2344,IN9884890288736,credit,INR,-48567.58,active,2025-09-26T05:47:44
4519,2344,IN1188962913542,credit,INR,-106836.05,frozen,2024-12-19T15:46:27
4520,2344,IN5322304215544,checking,INR,404.25,active,2025-07-17T15:28:12
4521,2344,IN8416376647751,checking,INR,487243.15,active,2025-08-04T12:04:52
4522,2345,US9480112135978,checking,USD,1339.64,active,2022-01-26T12:20:40
4523,2345,US1301438130008,savings,USD,25642.69,active,2022-07-05T03:10:56
4524,2346,US1979612950750,savings,USD,56.57,active,2025-04-14T09:49:40
4525,2346,US5372029775169,checking,USD,4414.54,closed,2025-10-02T20:23:11
4526,2346,US3378511579744,savings,USD,9005.19,active,2025-05-28T12:35:59
4527,2347,NO9699512010778,savings,NOK,23179.37,frozen,2025-04-01T13:17:57
4528,2347,NO2933884564923,checking,NOK,3598.67,active,2025-07-17T01:43:49
4529,2348,US8758568917954,savings,USD,30397.84,closed,2026-03-27T11:29:59
4530,2349,US5174377421751,checking,USD,1752.28,active,2025-03-13T15:58:09
4531,2350,FR6112676547379,checking,EUR,6374.16,active,2025-03-27T07:52:26
4532,2350,FR4184393875758,checking,EUR,3416.08,active,2025-06-03T12:53:46
4533,2350,FR7381358278375,credit,EUR,-1004.01,active,2025-07-28T16:34:44
4534,2351,PL3079541377587,checking,PLN,45.66,active,2026-05-02T21:01:43
4535,2351,PL8382488944559,savings,PLN,3710.52,active,2025-03-29T20:32:31
4536,2351,PL5098799241239,credit,PLN,-2589.76,active,2026-03-08T05:01:57
4537,2352,ES2673744555234,checking,EUR,5898.78,active,2024-04-11T19:39:07
4538,2352,ES5325864047058,checking,EUR,4090.81,active,2022-07-25T22:02:39
4539,2352,ES1714670222399,checking,EUR,1146.06,frozen,2024-08-13T06:21:06
4540,2353,GB7689591835543,checking,GBP,3674.29,active,2024-08-28T06:28:18
4541,2353,GB8804560872954,checking,GBP,5280.55,active,2023-08-06T16:36:32
4542,2354,US3541560323264,savings,USD,34136.73,active,2023-10-20T20:55:20
4543,2355,TR8101661319694,credit,TRY,-159878.15,active,2025-12-15T01:40:41
4544,2355,TR3717343113412,checking,TRY,187655.04,active,2026-02-22T17:44:41
4545,2356,ES4667322045438,savings,EUR,36070.2,frozen,2026-04-19T10:52:04
4546,2357,DE7243200919308,savings,EUR,7610.57,active,2025-01-21T11:49:12
4547,2357,DE2688208398343,savings,EUR,6982.82,active,2026-02-12T08:56:24
4548,2357,DE7573442953492,savings,EUR,32813.74,active,2025-11-19T13:02:39
4549,2358,US5722926616591,checking,USD,397.08,frozen,2024-07-26T04:47:02
4550,2358,US5257310776990,checking,USD,4604.51,active,2025-06-14T10:59:07
4551,2359,DE6284197028789,checking,EUR,2027.36,active,2025-12-19T07:20:04
4552,2359,DE1527226637521,savings,EUR,25.11,frozen,2025-12-04T16:05:16
4553,2360,US1824598852559,checking,USD,2219.09,active,2026-05-09T12:43:28
4554,2361,US5600464227545,checking,USD,5569.47,frozen,2025-03-06T17:38:57
4555,2362,CH4088059650453,savings,CHF,22610.53,frozen,2026-03-29T01:31:35
4556,2363,US9136632384414,checking,USD,1350.19,active,2025-05-03T17:29:02
4557,2363,US6030800575709,checking,USD,1712.09,closed,2023-03-29T20:28:22
4558,2364,FR6214234211512,credit,EUR,-1335.77,frozen,2025-04-16T21:07:49
4559,2364,FR2612020350627,checking,EUR,7656.69,active,2024-12-25T13:22:53
4560,2364,FR7371902595614,checking,EUR,1877.61,active,2025-12-23T01:04:45
4561,2365,GB5467846843067,savings,GBP,29311.43,active,2025-10-22T21:54:29
4562,2365,GB1505331876444,savings,GBP,27305.31,active,2026-03-18T05:24:41
4563,2365,GB9824375216683,checking,GBP,351.05,active,2026-03-25T20:48:44
4564,2366,BR7110023285919,checking,BRL,10951.73,active,2026-01-19T14:36:35
4565,2367,IN7224877681155,savings,INR,1701717.47,active,2025-06-09T19:53:40
4566,2367,IN5356078269636,checking,INR,426676,closed,2023-08-06T05:06:28
4567,2368,GB6439685927401,savings,GBP,32652.28,active,2026-01-25T01:22:13
4568,2369,IN6437841089003,checking,INR,199818.76,active,2026-02-21T12:49:10
4569,2369,IN7045096195808,checking,INR,183470.64,active,2025-12-29T15:47:46
4570,2369,IN8021716340854,checking,INR,253928.43,active,2026-01-03T03:12:11
4571,2369,IN2458015845444,checking,INR,163744.3,active,2025-11-18T00:25:31
4572,2370,AE2347864022164,checking,AED,4643.84,frozen,2023-09-22T02:02:47
4573,2370,AE5871751964791,checking,AED,7821.92,closed,2025-06-02T12:29:39
4574,2371,DE6448458494278,credit,EUR,-4879.04,active,2025-10-30T20:26:59
4575,2372,GB7457722563732,savings,GBP,35205.92,active,2026-05-03T08:46:56
4576,2372,GB4488934951542,checking,GBP,5065.8,active,2026-04-22T00:59:53
4577,2373,US1306233537395,checking,USD,4285.4,frozen,2025-11-29T10:44:01
4578,2373,US1023413694399,checking,USD,7084.01,active,2024-05-08T07:23:43
4579,2374,GB2786322310683,savings,GBP,20903.05,active,2024-11-13T08:36:31
4580,2374,GB5542206282685,savings,GBP,75.22,active,2025-04-12T19:07:59
4581,2374,GB8617649096920,checking,GBP,7996.61,closed,2025-10-29T17:58:58
4582,2374,GB5871175910586,checking,GBP,6838.14,active,2025-08-22T21:23:47
4583,2375,US6889984566819,savings,USD,1383.02,active,2025-12-31T11:18:17
4584,2375,US4491689633954,savings,USD,12350,frozen,2024-08-16T05:41:43
4585,2376,ES3892863191565,savings,EUR,30618.68,active,2025-10-28T17:57:19
4586,2376,ES3010535564317,savings,EUR,38.16,active,2025-02-21T04:44:32
4587,2377,UA7036433675617,checking,UAH,56925.79,active,2025-06-10T18:33:46
4588,2377,UA9532900718758,checking,UAH,13343.77,active,2025-10-26T18:59:39
4589,2378,BR3085911060669,checking,BRL,14226.17,closed,2024-04-22T08:42:54
4590,2379,US3368010297928,savings,USD,78.94,active,2024-12-23T05:12:54
4591,2379,US8308474810007,checking,USD,5643.47,active,2024-02-07T23:52:20
4592,2379,US3393475919390,savings,USD,38933.43,active,2024-11-17T08:41:16
4593,2380,JP2453046828592,checking,JPY,179829.51,active,2023-03-06T06:07:42
4594,2381,US1537802285225,savings,USD,12862.42,closed,2026-04-27T02:55:12
4595,2381,US4172969743819,checking,USD,6817.25,closed,2026-03-02T18:35:33
4596,2381,US3294484383861,checking,USD,3149.42,active,2025-12-06T17:33:40
4597,2382,BE8217751468853,checking,EUR,992.13,active,2026-05-07T08:15:05
4598,2382,BE4913278293449,savings,EUR,28977.58,closed,2023-06-01T07:27:31
4599,2383,FR9438662074804,checking,EUR,4098.51,active,2024-03-02T08:15:45
4600,2383,FR7163931580086,savings,EUR,17052.14,active,2025-05-26T08:43:34
4601,2384,FR5380539550208,credit,EUR,-4834.43,frozen,2023-02-26T19:43:38
4602,2384,FR8071088592329,checking,EUR,3299.24,frozen,2026-04-11T01:36:40
4603,2385,DE1370861780620,checking,EUR,2975.61,active,2025-07-08T10:16:18
4604,2385,DE3192662412783,checking,EUR,2881.31,closed,2025-05-18T04:28:08
4605,2385,DE1945402888070,savings,EUR,15227.23,active,2025-09-05T21:36:24
4606,2386,PL7444905712552,credit,PLN,-2396.37,active,2025-05-04T08:31:39
4607,2386,PL2075405596623,checking,PLN,1175.4,active,2024-07-22T17:55:01
4608,2387,US1641072681692,checking,USD,6202.19,closed,2022-08-27T11:03:12
4609,2387,US5024530514614,checking,USD,2394.7,active,2023-08-23T17:10:34
4610,2388,US2141437280791,checking,USD,370.94,active,2026-03-04T09:39:04
4611,2388,US1043567793241,savings,USD,27737.13,closed,2026-01-03T05:19:31
4612,2388,US5669207656181,checking,USD,7495.72,active,2026-02-23T04:59:42
4613,2388,US7360808670805,checking,USD,2637.71,closed,2026-01-19T04:03:03
4614,2389,US3635517428250,checking,USD,2850.17,closed,2026-01-16T22:19:05
4615,2389,US6108481748015,checking,USD,7214.79,closed,2024-06-05T21:20:26
4616,2389,US9611238793201,savings,USD,13.76,active,2025-04-07T10:26:38
4617,2390,ZA6746960386774,savings,ZAR,11463.17,frozen,2026-05-01T19:34:36
4618,2391,ZA9264669635141,checking,ZAR,4155.23,closed,2025-05-17T01:12:03
4619,2391,ZA1468599746311,checking,ZAR,7439.82,active,2024-12-24T02:14:19
4620,2391,ZA8535116646012,savings,ZAR,29602.16,active,2025-11-09T08:16:52
4621,2392,GB3057341088050,checking,GBP,1701.38,frozen,2023-05-28T01:45:41
4622,2392,GB9139499729578,checking,GBP,3793.34,active,2026-01-07T08:37:30
4623,2392,GB4471850574117,checking,GBP,3253.14,active,2022-05-21T06:03:50
4624,2392,GB1753951087429,checking,GBP,6718.32,active,2025-02-07T06:54:36
4625,2393,BR8072569945746,checking,BRL,38861.31,active,2025-07-21T00:27:23
4626,2393,BR4683465162171,checking,BRL,17069.45,active,2024-10-26T20:46:22
4627,2394,AU3901838045189,credit,AUD,-2013.89,active,2026-05-14T03:45:35
4628,2394,AU8306630387136,savings,AUD,4127.75,active,2024-06-17T04:09:30
4629,2395,GB3162536767143,checking,GBP,6172,active,2025-07-20T03:42:27
4630,2396,NL2108279862012,savings,EUR,0.02,closed,2024-12-10T23:45:53
4631,2397,MX6198624881160,checking,MXN,80648.16,closed,2023-05-24T15:42:02
4632,2397,MX6337150584257,checking,MXN,35926.6,active,2024-06-06T00:53:29
4633,2398,US5787295258543,savings,USD,7480.22,frozen,2024-10-29T12:53:27
4634,2399,AU1431856234754,checking,AUD,2187.16,frozen,2023-04-29T22:17:21
4635,2400,NL2919652637955,checking,EUR,4982.85,active,2025-08-11T16:06:01
4636,2400,NL7064945162534,checking,EUR,1562.49,closed,2024-05-28T13:21:06
4637,2400,NL5944974378772,checking,EUR,6036.12,closed,2025-05-28T19:55:09
4638,2401,FI4919674736159,credit,EUR,-2154.39,frozen,2022-09-18T06:32:24
4639,2401,FI3548515189117,savings,EUR,28930.75,active,2024-12-10T17:43:13
4640,2401,FI4277229343971,savings,EUR,32211.34,active,2022-04-25T12:39:42
4641,2402,ES4658992216177,savings,EUR,35653.04,active,2026-03-18T10:27:18
4642,2402,ES8890805729034,checking,EUR,5832.51,active,2025-04-24T09:40:35
4643,2402,ES1244138996493,checking,EUR,887.91,frozen,2025-08-28T05:02:04
4644,2403,DE6867108868586,savings,EUR,66.96,active,2024-11-06T18:27:27
4645,2404,IE4120995630177,savings,EUR,13975.31,active,2026-03-11T20:55:51
4646,2404,IE9146430560628,checking,EUR,1035.69,active,2026-03-30T15:12:40
4647,2405,AU1445931355766,checking,AUD,3176.37,active,2025-01-29T18:12:15
4648,2405,AU2016400512835,savings,AUD,8652.55,active,2022-10-14T00:04:16
4649,2406,NL3665100591221,checking,EUR,2537.14,active,2025-11-09T21:08:02
4650,2406,NL8187890367894,savings,EUR,13.7,active,2025-12-25T04:12:11
4651,2406,NL6993191150479,savings,EUR,28362.7,active,2026-03-06T16:05:56
4652,2407,US5284120823978,checking,USD,5180.57,closed,2026-05-07T05:26:50
4653,2408,TR4585499629982,savings,TRY,755904.56,frozen,2026-01-22T15:46:00
4654,2408,TR7798535093522,savings,TRY,570483.91,active,2024-02-09T00:47:23
4655,2409,AE5435751647286,checking,AED,1313.28,active,2025-07-17T10:32:42
4656,2410,FR7862896488714,savings,EUR,36916.35,active,2025-06-23T01:42:32
4657,2410,FR9350268190615,savings,EUR,26328.5,active,2024-04-13T11:49:17
4658,2411,AE5289332856851,checking,AED,2589.83,closed,2024-08-22T11:28:22
4659,2411,AE8767379646490,checking,AED,2415.04,active,2026-05-14T10:20:19
4660,2412,IN5083963525235,savings,INR,6417.02,frozen,2026-01-27T14:49:38
4661,2413,US3231054385457,savings,USD,24751.7,closed,2025-03-29T08:54:59
4662,2414,FR9540689972228,savings,EUR,25079.5,frozen,2026-04-12T18:35:35
4663,2414,FR9640322855874,credit,EUR,-3736.34,active,2023-06-27T03:28:53
4664,2415,JP6624972855836,checking,JPY,831580.75,frozen,2022-02-28T21:55:59
4665,2416,FR8708416943920,savings,EUR,21108.55,closed,2023-02-24T02:49:01
4666,2416,FR1154220826741,savings,EUR,30302.01,active,2026-02-19T12:18:50
4667,2417,DE6886371898167,savings,EUR,15967.79,closed,2025-01-20T19:18:40
4668,2417,DE1560784742414,savings,EUR,59.93,active,2023-05-25T20:58:15
4669,2418,IT2883696362602,checking,EUR,4835.82,active,2023-07-08T06:46:29
4670,2418,IT6650721891417,checking,EUR,4150.21,active,2024-06-13T16:01:40
4671,2418,IT6636119040661,credit,EUR,-4917.47,frozen,2023-01-29T08:40:24
4672,2418,IT9554933333748,checking,EUR,2805.83,frozen,2023-11-07T19:00:02
4673,2419,MX6866322531433,credit,MXN,-29110.7,active,2026-02-01T21:41:03
4674,2420,MX8835365053850,checking,MXN,53012.5,frozen,2024-08-07T00:53:59
4675,2420,MX4131663795379,checking,MXN,84347.03,active,2024-12-09T13:58:37
4676,2420,MX3108457115332,checking,MXN,101050.79,active,2024-06-27T03:37:52
4677,2421,AU4242017968458,checking,AUD,909.46,closed,2025-05-13T17:20:48
4678,2422,AU1415743273431,checking,AUD,7751.22,active,2026-04-17T09:18:31
4679,2422,AU9929425252111,checking,AUD,5631.73,active,2026-04-19T01:01:57
4680,2423,BR2880841671080,checking,BRL,37429.09,active,2024-12-22T09:17:14
4681,2423,BR2441575616136,savings,BRL,24761.22,frozen,2025-03-28T07:51:56
4682,2424,US2736550614921,checking,USD,2380.26,frozen,2026-04-05T19:47:05
4683,2424,US8630745718330,credit,USD,-1171.76,active,2026-02-25T08:00:02
4684,2425,DE3097922925627,savings,EUR,21286.32,active,2026-03-31T00:31:35
4685,2426,IT5642657489165,checking,EUR,7003.29,frozen,2024-07-19T11:48:30
4686,2427,AT6970816414478,checking,EUR,2385.82,active,2024-08-13T23:52:13
4687,2428,SE3398791965967,checking,SEK,665.39,active,2024-08-30T20:19:08
4688,2428,SE6477012323556,savings,SEK,29731.62,closed,2023-03-10T08:53:17
4689,2428,SE9770215814994,checking,SEK,6267.35,active,2026-03-09T18:30:43
4690,2428,SE5796769010118,checking,SEK,2474.9,active,2023-02-17T07:37:17
4691,2429,NO8526970340392,checking,NOK,3588.65,active,2025-12-15T02:53:29
4692,2429,NO5210656969199,savings,NOK,38367.8,active,2023-10-12T20:59:45
4693,2429,NO9604794914804,checking,NOK,5851.24,active,2025-03-22T09:28:03
4694,2429,NO9161854891444,savings,NOK,13922.55,frozen,2025-04-15T02:57:20
4695,2430,IN9661308384383,savings,INR,2505520.26,active,2025-05-06T23:31:41
4696,2430,IN9985321161798,credit,INR,-94226.58,active,2024-12-03T21:36:30
4697,2431,NO8731928792637,checking,NOK,2283.46,active,2024-10-12T00:15:01
4698,2431,NO6389336368290,checking,NOK,7400.85,closed,2025-08-13T13:39:54
4699,2432,US6204309741727,savings,USD,3914.44,closed,2026-05-06T19:11:01
4700,2433,US1433474499201,savings,USD,33200.99,active,2024-10-11T09:25:33
4701,2434,NL8803228831260,checking,EUR,864.7,active,2025-04-20T23:05:31
4702,2434,NL7129401837353,checking,EUR,6264.77,active,2025-11-05T12:35:23
4703,2434,NL2176732614519,savings,EUR,37269.12,active,2026-02-24T15:25:23
4704,2435,FI6819031486070,savings,EUR,30258.14,active,2026-04-30T19:26:41
4705,2435,FI7694400296075,checking,EUR,901.55,active,2025-07-22T13:19:27
4706,2436,BE4008224316646,savings,EUR,14837.59,closed,2026-03-13T06:26:12
4707,2437,DK6599952166454,checking,DKK,2849.59,active,2026-01-23T17:16:10
4708,2438,UA9838676188135,savings,UAH,674918.3,active,2026-01-09T12:07:52
4709,2439,CA2735514778110,credit,CAD,-2462.76,frozen,2026-04-13T13:13:59
4710,2439,CA7038716121269,checking,CAD,3870.73,active,2025-04-14T19:51:15
4711,2440,US3076033550450,savings,USD,29199.57,active,2024-09-27T10:39:15
4712,2440,US8419942510861,checking,USD,6698.37,active,2025-06-09T13:55:52
4713,2440,US1930958528867,savings,USD,27455,active,2025-08-17T10:42:58
4714,2440,US3156888621608,checking,USD,834.79,closed,2023-11-19T01:34:06
4715,2441,UA2842777876040,checking,UAH,126722.02,active,2026-03-10T18:30:35
4716,2441,UA2862355763792,checking,UAH,107307.16,active,2023-01-09T18:10:47
4717,2441,UA8186949982276,checking,UAH,124897.4,active,2024-02-08T18:00:11
4718,2442,BE6543873576548,checking,EUR,6105.88,active,2026-02-14T04:28:32
4719,2443,GB2627764615713,savings,GBP,38913.28,active,2025-11-02T08:48:50
4720,2444,SG7632666449318,checking,SGD,3424.6,active,2023-11-01T20:02:58
4721,2444,SG4509348646122,credit,SGD,-1420.55,active,2024-07-18T04:17:40
4722,2445,IT7381433590532,credit,EUR,-3091.61,active,2024-06-15T10:43:44
4723,2445,IT5880020441625,checking,EUR,7596.6,frozen,2023-03-18T09:40:44
4724,2446,DE1760872460521,checking,EUR,3270.1,active,2022-10-02T09:13:31
4725,2446,DE7273023077219,checking,EUR,1783.08,closed,2025-04-07T20:05:49
4726,2447,GB8802197228398,checking,GBP,7536.75,frozen,2026-04-13T06:08:54
4727,2448,IT4421011245944,checking,EUR,144.25,frozen,2024-07-31T00:21:14
4728,2448,IT4377984799537,checking,EUR,1768.01,frozen,2025-12-31T00:38:47
4729,2449,CN8429603216533,savings,CNY,10623.76,frozen,2023-11-13T23:00:40
4730,2449,CN5953984945361,savings,CNY,10537.88,active,2026-02-11T02:31:43
4731,2450,NL3787555318257,checking,EUR,6712.69,active,2024-09-11T12:48:35
4732,2451,IT8535042037754,savings,EUR,50.16,active,2025-11-09T15:02:32
4733,2451,IT1384600846156,savings,EUR,91.19,active,2024-09-24T18:46:38
4734,2451,IT5235793693843,checking,EUR,4758.57,frozen,2026-04-21T11:37:28
4735,2452,AE7406407773057,checking,AED,162.75,frozen,2026-05-10T01:16:13
4736,2452,AE8122479069823,savings,AED,29386.94,active,2026-05-13T11:43:26
4737,2453,IN7565444573980,checking,INR,92797.44,active,2025-02-22T03:12:11
4738,2453,IN1862076441931,credit,INR,-69992.41,frozen,2024-08-31T13:40:32
4739,2454,FR1431547853141,checking,EUR,6471.04,active,2022-10-23T02:14:43
4740,2454,FR4468783963137,checking,EUR,447.8,frozen,2024-04-10T01:07:01
4741,2454,FR8519254988377,savings,EUR,11388.81,closed,2023-02-03T16:16:55
4742,2455,DE9271787486026,savings,EUR,2309.21,active,2025-05-28T13:46:35
4743,2456,FR5768327531729,checking,EUR,3553.73,active,2024-07-23T22:49:40
4744,2457,FR6568184824127,checking,EUR,1911.85,closed,2025-07-18T03:17:54
4745,2458,US4797561971419,savings,USD,32995.68,active,2026-01-20T20:43:13
4746,2458,US4199857941385,savings,USD,7379.2,active,2023-11-28T13:17:13
4747,2458,US4017990228301,checking,USD,3505.91,active,2022-11-12T19:25:29
4748,2459,DE2716641972795,savings,EUR,34328.3,active,2026-05-11T07:48:46
4749,2460,AE1562652765713,savings,AED,11.07,active,2024-02-05T13:51:31
4750,2460,AE1701763026220,checking,AED,3682.04,active,2024-12-30T04:30:44
4751,2460,AE7900737642577,checking,AED,6991.98,active,2024-05-19T04:02:26
4752,2461,US7291663318708,checking,USD,7881.06,active,2024-04-24T22:47:37
4753,2461,US7881287430792,checking,USD,7960.5,active,2025-08-21T22:29:06
4754,2461,US4258010398537,checking,USD,2926.79,active,2024-02-28T21:40:14
4755,2462,US5223932063487,checking,USD,5460.25,frozen,2025-02-06T10:00:03
4756,2463,FR7849303944895,checking,EUR,4254.72,active,2024-11-17T14:06:18
4757,2464,TR1088893563520,checking,TRY,14128.35,active,2026-02-15T22:26:15
4758,2464,TR6526678937969,credit,TRY,-30719.25,active,2026-05-06T05:54:45
4759,2464,TR7573051534240,checking,TRY,181045.15,active,2024-01-20T01:08:10
4760,2465,US6377221786162,credit,USD,-2034.25,frozen,2026-04-27T11:10:50
4761,2466,UA3330183641686,savings,UAH,489639.75,active,2023-02-21T03:00:56
4762,2467,SE6007630822651,savings,SEK,27804.85,active,2025-09-11T13:25:55
4763,2467,SE9952314818687,checking,SEK,205.93,active,2024-05-28T19:21:17
4764,2468,IN2618456789744,credit,INR,-142124,frozen,2024-10-20T15:00:31
4765,2468,IN4635881250069,checking,INR,502616.96,active,2024-01-21T13:47:05
4766,2468,IN7724820265157,checking,INR,505331.83,active,2024-02-15T13:18:32
4767,2469,GB2122863358727,credit,GBP,-1352.79,frozen,2025-07-15T23:35:25
4768,2470,GB2019983731114,checking,GBP,3501.5,active,2024-10-05T11:48:21
4769,2470,GB6663642988105,checking,GBP,6092.39,frozen,2023-10-13T07:37:03
4770,2471,ZA6065202597596,savings,ZAR,7050.74,active,2024-06-03T17:21:39
4771,2472,IN4333955349250,checking,INR,212947.35,active,2025-07-26T18:58:37
4772,2473,FR5648999151095,savings,EUR,40128.07,active,2022-10-16T13:15:23
4773,2474,SE5603254999837,checking,SEK,771.04,frozen,2025-11-21T00:48:35
4774,2475,DE5352615599867,checking,EUR,7321.12,closed,2023-02-06T13:20:47
4775,2476,US3241716272447,savings,USD,19915.99,closed,2025-08-20T03:18:03
4776,2476,US1307542538609,checking,USD,3612.54,active,2024-05-18T23:28:33
4777,2477,PT6085276845194,checking,EUR,5373.94,active,2024-12-09T19:25:45
4778,2477,PT1948681919583,checking,EUR,1422.12,active,2025-12-24T13:46:31
4779,2477,PT2863843291053,savings,EUR,71.08,active,2025-07-01T16:00:04
4780,2478,UA9960269250392,checking,UAH,288724.05,active,2024-05-21T02:32:31
4781,2478,UA8677414658270,checking,UAH,278084.97,active,2025-02-15T19:07:34
4782,2479,SE5501235843362,checking,SEK,6725.58,closed,2025-01-05T07:49:14
4783,2480,ES4090444020663,credit,EUR,-528.41,closed,2026-02-12T14:56:20
4784,2480,ES3568332240825,checking,EUR,4368.23,active,2026-04-14T03:36:21
4785,2480,ES8389207920808,checking,EUR,3012.68,active,2025-09-10T04:12:49
4786,2480,ES5981890095392,savings,EUR,31777.74,active,2026-02-25T19:57:03
4787,2481,PL4680662174560,savings,PLN,1058.46,active,2025-06-19T04:35:32
4788,2481,PL9853170155426,checking,PLN,4443.25,active,2025-11-26T06:44:36
4789,2482,NL4481104221051,checking,EUR,4645.29,active,2025-12-20T18:33:08
4790,2482,NL4092563648533,credit,EUR,-202.68,active,2024-10-17T16:31:25
4791,2482,NL9539988724201,savings,EUR,27422.03,frozen,2025-06-13T05:57:27
4792,2483,ES4174746960204,savings,EUR,8239.76,closed,2025-03-22T13:39:31
4793,2483,ES2750151740836,checking,EUR,1046.64,active,2026-04-06T14:57:54
4794,2484,GB3410674446949,checking,GBP,1755.21,frozen,2025-08-19T21:48:39
4795,2484,GB4768198831315,savings,GBP,17898.84,active,2025-12-15T18:47:05
4796,2485,GB6377901999105,checking,GBP,1464.88,active,2026-01-09T06:39:38
4797,2486,US3880597219904,savings,USD,32093.79,active,2024-12-04T10:30:08
4798,2486,US4555838663076,checking,USD,5949.05,closed,2026-04-22T15:26:31
4799,2487,CA6447411820288,savings,CAD,66.55,closed,2024-04-22T06:36:04
4800,2487,CA7062621538355,savings,CAD,10650.93,active,2024-09-09T18:17:43
4801,2488,NO3530237443129,checking,NOK,5710.13,active,2025-03-03T03:25:05
4802,2488,NO6248044768003,checking,NOK,6238.25,closed,2021-12-01T07:01:33
4803,2488,NO2982443839253,savings,NOK,24188.66,frozen,2024-12-09T14:19:54
4804,2488,NO2882013413277,checking,NOK,3424.56,active,2021-12-29T08:12:57
4805,2489,BR9271730388703,savings,BRL,192828.56,active,2025-07-17T04:47:55
4806,2489,BR4941923529511,savings,BRL,22828.32,closed,2022-01-05T21:50:31
4807,2490,DE9200759867013,checking,EUR,7424.53,active,2026-04-05T00:13:30
4808,2490,DE9114334384903,credit,EUR,-270.4,active,2024-12-03T09:08:17
4809,2490,DE5293458438516,checking,EUR,4148.33,active,2025-11-12T08:07:10
4810,2491,FR5623719599144,checking,EUR,7930.94,closed,2025-02-06T19:54:00
4811,2491,FR9611138131610,checking,EUR,361.98,closed,2026-04-29T08:52:48
4812,2491,FR2536318820861,checking,EUR,4513.74,active,2026-01-14T00:15:40
4813,2492,BR5152061684948,savings,BRL,44381.98,active,2022-09-09T06:11:38
4814,2493,BR7414330094016,savings,BRL,204035.27,active,2024-12-23T15:41:33
4815,2494,DE1091777615667,savings,EUR,38500.78,frozen,2026-01-15T17:08:39
4816,2494,DE2904672013080,savings,EUR,32984.72,frozen,2026-01-19T10:07:04
4817,2495,JP2693412436612,checking,JPY,188673.85,active,2024-07-24T23:53:45
4818,2496,CN4997882111937,checking,CNY,310.8,active,2025-06-10T04:51:27
4819,2496,CN2811807454955,checking,CNY,6139.15,active,2025-03-21T13:16:33
4820,2497,IT7896785981921,savings,EUR,19778.87,active,2026-03-11T16:41:28
4821,2498,US6361038759031,savings,USD,31345.21,active,2026-01-24T20:07:05
4822,2499,SE6353995348425,checking,SEK,220.34,active,2023-06-18T13:45:54
4823,2499,SE4710966194415,checking,SEK,3215.5,active,2025-06-29T05:21:19
4824,2500,DE4948896266875,savings,EUR,34.93,closed,2026-01-18T15:23:57
4825,2501,PL7782367849102,savings,PLN,95.94,closed,2026-05-01T12:43:14
4826,2502,MX9925714734014,checking,MXN,132757.5,active,2026-04-23T17:52:32
4827,2502,MX1281831620106,checking,MXN,53824.43,closed,2025-01-15T14:36:39
4828,2502,MX2808743164786,checking,MXN,68408.3,active,2024-03-19T01:14:01
4829,2503,IT4415890050277,checking,EUR,1295.93,frozen,2022-12-21T22:17:21
4830,2503,IT9674042064993,credit,EUR,-719.27,closed,2022-06-01T20:31:17
4831,2504,ES7668036272195,savings,EUR,24331.13,active,2023-05-22T04:28:24
4832,2504,ES7145484311681,checking,EUR,618.46,closed,2023-02-15T09:02:01
4833,2504,ES8416917181734,savings,EUR,11779.63,active,2025-06-19T08:42:01
4834,2505,JP7602902745272,savings,JPY,1905499.83,active,2026-01-31T11:27:35
4835,2505,JP7499069814622,checking,JPY,550486.86,active,2026-03-19T05:27:44
4836,2506,ES9013614147322,savings,EUR,32223.17,active,2024-08-28T09:04:26
4837,2506,ES6422418095622,checking,EUR,2502.08,closed,2024-08-18T19:25:43
4838,2506,ES4950555649067,checking,EUR,4068.19,active,2024-05-16T14:05:29
4839,2507,MX7591881663340,savings,MXN,699.2,closed,2023-01-04T05:41:12
4840,2507,MX9140961155273,savings,MXN,302636.62,active,2026-04-18T06:39:08
4841,2508,JP5333539871619,checking,JPY,115885.37,active,2026-02-09T05:00:39
4842,2509,GB5785526430520,savings,GBP,3212.46,active,2021-10-21T06:27:08
4843,2510,KR1909181689557,checking,KRW,939090.8,active,2024-06-06T11:22:17
4844,2511,ES2643593148552,checking,EUR,1896.14,active,2026-02-16T07:59:33
4845,2512,BR6291385145909,savings,BRL,48817.55,active,2024-02-09T15:48:49
4846,2512,BR8630667241933,savings,BRL,44935.94,closed,2024-03-01T18:38:52
4847,2513,FI8765229952068,checking,EUR,5523.59,active,2026-02-09T18:14:14
4848,2514,AU3641158677659,checking,AUD,5882.32,active,2025-07-30T15:07:59
4849,2515,PL6872571412388,checking,PLN,5294.9,active,2022-03-24T05:10:26
4850,2515,PL4810868021866,checking,PLN,5242.15,active,2026-02-02T00:30:09
4851,2516,NL5388983768600,savings,EUR,37562.44,closed,2025-09-20T09:01:38
4852,2516,NL3116857878430,savings,EUR,10970.72,closed,2022-06-09T00:31:45
4853,2517,US5494187043659,savings,USD,34062.81,active,2025-08-26T12:55:54
4854,2518,NL7312251048572,checking,EUR,3383.7,frozen,2025-09-03T12:12:59
4855,2519,IT3988357249284,checking,EUR,4029.39,active,2025-11-05T21:46:26
4856,2519,IT4029843612678,savings,EUR,4188.34,active,2025-10-21T01:39:54
4857,2519,IT9667768356934,checking,EUR,4939.61,active,2025-03-12T10:42:17
4858,2520,GB6746162448743,checking,GBP,6653.93,active,2026-04-13T07:13:45
4859,2520,GB1039995092085,checking,GBP,4957.76,active,2026-02-19T07:43:20
4860,2521,PL9305319487208,savings,PLN,14959.99,active,2025-08-25T13:20:45
4861,2521,PL8338226570503,checking,PLN,2179.97,closed,2025-06-26T08:16:13
4862,2522,IT7391841786586,checking,EUR,5271.43,frozen,2026-02-11T22:19:27
4863,2522,IT8468188951744,savings,EUR,15.43,active,2024-05-30T06:24:52
4864,2522,IT1471262335355,checking,EUR,1213.13,active,2025-03-05T08:58:56
4865,2523,JP5744012429647,savings,JPY,559012.7,active,2025-07-13T03:08:36
4866,2524,DE6872695812945,checking,EUR,5083.65,closed,2021-12-01T05:59:16
4867,2524,DE1253889377497,savings,EUR,28555.31,closed,2025-11-09T07:33:14
4868,2525,FR7815825018233,credit,EUR,-1586.25,active,2025-10-30T19:25:27
4869,2525,FR2095929482371,checking,EUR,5457.48,frozen,2025-12-12T23:09:40
4870,2526,AU2998367263083,checking,AUD,5966.9,frozen,2026-04-09T20:46:17
4871,2526,AU7650536661799,credit,AUD,-1418.36,active,2025-09-07T01:35:29
4872,2527,SE4143442466265,checking,SEK,4357.31,active,2026-02-18T23:27:06
4873,2527,SE5801122276990,savings,SEK,40565.34,active,2026-04-28T05:51:51
4874,2528,AU2653455538444,savings,AUD,35335.05,closed,2025-07-24T03:26:27
4875,2529,IT2964439765550,savings,EUR,15902.59,active,2026-03-27T15:09:14
4876,2530,US5749384189708,checking,USD,4731.86,active,2025-06-16T03:19:49
4877,2530,US4576381193224,savings,USD,35478.17,active,2025-05-06T22:54:28
4878,2531,GB2709538986354,checking,GBP,3755.94,frozen,2025-02-01T01:45:33
4879,2531,GB3091626417367,credit,GBP,-3709.86,active,2025-05-06T13:21:42
4880,2532,UA4291649518979,savings,UAH,2617.98,active,2024-05-27T08:57:52
4881,2532,UA2514303712635,credit,UAH,-63378.16,active,2025-07-12T01:35:47
4882,2533,SG6866256356594,checking,SGD,7762.86,active,2025-08-18T18:43:52
4883,2534,NL3417783321310,checking,EUR,3192.92,closed,2023-02-03T07:25:59
4884,2534,NL3785874010628,checking,EUR,2135.01,closed,2022-12-25T12:07:32
4885,2535,SE7459566646334,credit,SEK,-4707.99,active,2025-05-03T03:23:33
4886,2535,SE2408338212993,savings,SEK,14204.72,active,2023-03-03T17:55:25
4887,2536,PT3704795480477,savings,EUR,19199.08,closed,2022-08-28T21:05:48
4888,2537,CN3123584731430,checking,CNY,781.42,active,2026-03-21T18:36:10
4889,2537,CN4779659599927,savings,CNY,9274.33,active,2026-02-16T10:43:05
4890,2538,US9524639074254,checking,USD,1009.45,frozen,2026-04-28T03:51:45
4891,2539,FR8398627596366,checking,EUR,7107.9,active,2025-02-11T02:45:08
4892,2539,FR2097507673058,checking,EUR,7037.74,closed,2025-10-22T23:21:11
4893,2539,FR5090585215461,savings,EUR,30927.96,active,2025-01-11T11:09:48
4894,2540,UA6483776079116,savings,UAH,1230180.6,active,2024-10-19T16:37:49
4895,2540,UA7576634665913,savings,UAH,861213.35,active,2024-08-08T08:07:58
4896,2540,UA1332813288989,savings,UAH,246646.07,closed,2026-03-05T00:23:11
4897,2541,US3037482456407,checking,USD,2126.91,active,2026-04-14T04:58:16
4898,2541,US2882270785420,checking,USD,663.13,frozen,2026-04-09T10:26:02
4899,2542,SE7787987286315,savings,SEK,10320.52,active,2022-07-09T21:37:08
4900,2543,PL3153123681122,credit,PLN,-1763.61,closed,2025-07-21T04:15:11
4901,2544,CA3927969745757,checking,CAD,4893.64,active,2023-06-21T20:21:54
4902,2545,GB4174256129242,credit,GBP,-4244.5,frozen,2025-11-17T19:53:14
4903,2546,DE2776563325394,checking,EUR,3614.01,closed,2024-02-27T08:59:43
4904,2546,DE4668141416796,savings,EUR,11936.53,active,2024-11-20T22:43:08
4905,2546,DE2900354338625,checking,EUR,5050.35,active,2022-08-17T00:50:50
4906,2547,AU3408516872384,savings,AUD,2674.31,active,2021-10-07T21:20:26
4907,2547,AU9285114984148,checking,AUD,3827.66,frozen,2024-03-26T11:56:53
4908,2547,AU2127605635103,checking,AUD,160.4,frozen,2021-12-04T05:07:44
4909,2548,US7905115019457,savings,USD,17484.18,active,2024-11-19T00:41:54
4910,2549,DK6910216458067,savings,DKK,9433.94,active,2025-01-29T08:34:24
4911,2550,SG5179820332829,savings,SGD,32099.21,active,2026-01-28T12:16:06
4912,2550,SG7426488716272,checking,SGD,1651.79,active,2025-12-19T19:09:11
4913,2551,DE7974239090371,checking,EUR,7764.84,closed,2024-01-17T09:59:46
4914,2552,GB4875564131619,checking,GBP,1862.19,closed,2026-04-25T16:07:57
4915,2552,GB7600196896793,savings,GBP,5732.01,closed,2026-04-03T10:38:36
4916,2553,AU4668906092283,savings,AUD,68.45,closed,2025-01-31T21:57:32
4917,2553,AU8713562674838,savings,AUD,33142.07,active,2025-11-26T13:14:17
4918,2554,FR1652349173985,checking,EUR,6694.66,active,2025-07-25T23:15:57
4919,2554,FR9730247443382,savings,EUR,27601.49,frozen,2026-03-04T04:02:51
4920,2554,FR3167862878293,checking,EUR,1426.94,frozen,2025-01-21T23:46:49
4921,2555,DE3635030045164,checking,EUR,363.73,active,2024-05-30T23:07:41
4922,2556,KR8209382945998,savings,KRW,2941231.67,active,2025-12-18T01:38:14
4923,2557,DK4556167451418,checking,DKK,1562.53,active,2025-10-24T09:04:53
4924,2558,IT2527106764497,savings,EUR,10480.34,active,2026-03-14T19:35:05
4925,2559,US1363569785489,credit,USD,-4808.1,active,2024-07-16T01:44:27
4926,2560,FR1731197641206,checking,EUR,4613.34,closed,2024-11-15T13:03:38
4927,2560,FR4369442191936,credit,EUR,-2961.62,closed,2025-07-11T04:46:30
4928,2560,FR2832511129996,checking,EUR,3480.35,active,2025-04-15T20:39:45
4929,2561,DE8038443934374,savings,EUR,7605.45,active,2026-04-04T09:01:10
4930,2562,US2420346651365,checking,USD,6377.32,active,2021-09-30T22:52:43
4931,2562,US6708764366603,checking,USD,3354.66,frozen,2025-07-04T05:50:12
4932,2562,US4351379150622,savings,USD,22996.69,closed,2025-04-10T18:23:53
4933,2563,AU7319169189049,savings,AUD,3434.82,active,2025-02-09T06:02:45
4934,2563,AU3414678741379,savings,AUD,10173.42,active,2026-03-18T12:54:21
4935,2563,AU5867285754667,savings,AUD,18761.4,active,2026-04-08T01:17:20
4936,2563,AU1902050645345,savings,AUD,75.27,closed,2026-03-10T03:37:25
4937,2564,DE3255380263949,checking,EUR,5081.23,active,2026-04-26T02:28:28
4938,2564,DE5430479980051,credit,EUR,-4877.11,closed,2026-04-14T23:27:04
4939,2565,US4667249214385,checking,USD,1037.99,closed,2025-01-14T09:55:26
4940,2565,US6608016468094,savings,USD,13451.69,frozen,2026-02-19T14:54:51
4941,2565,US2195527999564,checking,USD,6430.37,active,2025-12-19T04:51:45
4942,2566,NL6435314484064,savings,EUR,13070.7,active,2025-09-01T15:44:53
4943,2567,UA2996473683032,checking,UAH,216876.33,active,2026-03-29T16:24:04
4944,2567,UA6232343280210,checking,UAH,261725.98,frozen,2026-05-05T09:35:55
4945,2567,UA1159833210543,checking,UAH,68071.46,active,2026-01-26T08:31:21
4946,2568,JP8082736120537,checking,JPY,550742.6,active,2026-04-14T11:05:52
4947,2569,BE3291160146679,checking,EUR,6888.12,active,2024-06-22T04:02:14
4948,2570,NL9891677120269,savings,EUR,13663.71,closed,2025-08-05T18:05:25
4949,2571,IN4308126943368,savings,INR,2952809.38,active,2024-08-22T09:29:29
4950,2572,US3740767060622,savings,USD,37677.26,active,2025-05-26T22:23:35
4951,2573,NL2424357285973,checking,EUR,256.52,active,2025-02-17T01:56:37
4952,2574,NO9946953596299,checking,NOK,6560.4,active,2024-11-30T23:52:04
4953,2575,US3736559321129,savings,USD,34712.06,closed,2023-11-14T16:12:32
4954,2575,US1791802278693,checking,USD,3182.59,active,2025-05-22T09:25:40
4955,2576,US9012770229149,credit,USD,-2599.16,active,2025-08-27T03:57:16
4956,2576,US6494817374588,checking,USD,6890.97,frozen,2026-01-08T03:56:36
4957,2576,US8817787948572,checking,USD,5620.42,active,2025-11-08T07:40:43
4958,2577,SE2812616099844,checking,SEK,2524.66,closed,2024-11-22T14:18:45
4959,2577,SE5314428547257,checking,SEK,1330.92,active,2025-03-13T00:32:33
4960,2578,NL3983562696510,savings,EUR,12847.34,active,2025-03-14T06:12:02
4961,2579,US2978287743451,savings,USD,24123.98,closed,2024-06-21T04:33:00
4962,2580,DE5103838192206,savings,EUR,34584.64,active,2024-10-14T09:29:59
4963,2580,DE9456649551638,savings,EUR,7992.72,active,2023-06-26T13:34:21
4964,2581,IE5125219817665,checking,EUR,1586.92,frozen,2026-02-08T11:37:56
4965,2581,IE1048602348845,checking,EUR,7956.03,frozen,2023-03-31T14:56:21
4966,2581,IE6961082189099,checking,EUR,5724.63,frozen,2022-10-14T07:19:07
4967,2581,IE5441934739778,credit,EUR,-1048.66,active,2026-03-17T18:37:33
4968,2582,GB9819842933228,checking,GBP,4250.29,closed,2026-04-14T01:47:15
4969,2583,GB6101882416261,savings,GBP,19241.17,active,2025-04-17T21:22:41
4970,2583,GB4234352227851,checking,GBP,3234.31,active,2023-02-24T11:34:04
4971,2584,SE2041699627175,checking,SEK,659.16,active,2026-04-21T07:24:54
4972,2585,DK2615443994046,savings,DKK,26489.53,active,2024-11-08T15:04:01
4973,2586,PT3161520851710,savings,EUR,33288.68,active,2024-05-15T10:43:57
4974,2586,PT5018878816695,checking,EUR,5672.3,closed,2025-12-03T23:34:44
4975,2586,PT4357894647072,credit,EUR,-2948.91,closed,2025-09-15T08:33:01
4976,2586,PT9519072556115,savings,EUR,66.16,frozen,2026-01-20T07:24:05
4977,2587,PT7932009069781,savings,EUR,14691.01,closed,2026-01-04T15:21:42
4978,2587,PT4304404537531,savings,EUR,6.68,active,2025-10-03T20:53:08
4979,2587,PT4059940591568,checking,EUR,1862.72,active,2024-12-06T08:18:34
4980,2588,PL1922158546707,savings,PLN,5268.35,frozen,2025-08-26T04:33:14
4981,2588,PL3500883135570,checking,PLN,4761,active,2025-08-15T17:06:34
4982,2589,DE3049714520482,credit,EUR,-1257.92,frozen,2025-07-27T18:09:58
4983,2590,JP8086330160889,savings,JPY,313625.03,active,2025-11-04T13:36:08
4984,2591,FR6364280138446,savings,EUR,16402.92,active,2022-06-15T22:38:45
4985,2591,FR3096499153684,savings,EUR,12178.96,active,2023-07-29T16:28:15
4986,2592,SE5679720075038,checking,SEK,6874.04,active,2022-06-18T20:11:49
4987,2592,SE3423040862225,savings,SEK,12704.47,frozen,2023-09-02T17:34:19
4988,2593,IN3743074896516,checking,INR,126810.69,active,2024-09-03T18:50:27
4989,2593,IN8979688111596,savings,INR,557014.69,closed,2025-07-21T10:16:22
4990,2594,JP3416986283528,savings,JPY,1072.37,active,2025-12-31T05:47:28
4991,2594,JP1565498595438,savings,JPY,2331956.53,active,2025-12-06T10:29:51
4992,2594,JP1735992312872,checking,JPY,273897.06,frozen,2024-12-01T10:16:05
4993,2595,IN1561648446032,checking,INR,581110.03,active,2025-05-24T02:13:35
4994,2596,NL1757139088785,savings,EUR,16586.5,frozen,2021-08-15T14:32:25
4995,2596,NL5565352575393,checking,EUR,5779.23,active,2023-04-06T01:59:51
4996,2596,NL1640780826891,checking,EUR,5015.36,active,2025-04-23T15:39:54
4997,2597,BR1818626333900,savings,BRL,431.67,active,2024-12-22T06:56:51
4998,2597,BR6952276057261,checking,BRL,17938.69,active,2025-11-08T18:45:47
4999,2598,CA8182933480837,checking,CAD,6955.89,active,2022-06-03T14:04:51
5000,2599,ZA4387559920156,savings,ZAR,11863.38,active,2025-12-19T23:40:25
5001,2600,CA5090469611422,savings,CAD,24372.15,active,2025-05-22T16:12:43
5002,2600,CA6766608884829,credit,CAD,-3433.74,closed,2026-02-05T19:01:03
5003,2601,TR8808784230256,checking,TRY,132452.1,active,2024-12-21T19:39:01
5004,2602,CA8749947368510,checking,CAD,7840.3,active,2026-05-14T16:08:07
5005,2603,US7148496964518,savings,USD,26205.85,active,2025-01-19T12:10:15
5006,2604,GB9003716197666,checking,GBP,4140.54,active,2025-06-19T20:56:30
5007,2604,GB6334737028527,checking,GBP,2632.12,closed,2026-02-20T03:05:53
5008,2605,BR3422926984932,checking,BRL,18266.19,active,2024-10-09T05:13:36
5009,2605,BR4772785463425,checking,BRL,30454.88,active,2022-05-07T21:33:06
5010,2606,ZA2628986975168,credit,ZAR,-3785.02,closed,2026-01-14T00:50:25
5011,2606,ZA8863525228969,savings,ZAR,14125.53,active,2025-12-27T04:22:40
5012,2606,ZA2990878578105,checking,ZAR,5255.18,frozen,2026-05-02T15:55:47
5013,2607,BE4543586863459,checking,EUR,3901.98,active,2025-12-30T01:39:56
5014,2608,FR2486349788090,checking,EUR,3583.65,active,2026-02-10T19:18:21
5015,2608,FR6703561953343,savings,EUR,31639.46,active,2026-02-03T22:10:20
5016,2608,FR3992146180934,checking,EUR,7216.12,frozen,2026-03-21T05:16:57
5017,2609,US6619492942556,checking,USD,5503.23,active,2025-03-08T06:05:41
5018,2610,AE9382758852829,savings,AED,25872.49,active,2024-08-20T12:18:17
5019,2611,CA1944495643975,checking,CAD,765.6,active,2025-08-09T02:06:01
5020,2612,AU3926094915581,checking,AUD,2754.88,active,2024-11-08T14:22:48
5021,2613,GB1556646256330,checking,GBP,6143.65,frozen,2023-09-14T08:34:26
5022,2614,US1197595890519,savings,USD,21606.12,active,2026-05-06T12:03:54
5023,2614,US4200480742431,checking,USD,5232.4,active,2023-12-23T07:12:37
5024,2614,US6557692869373,checking,USD,5821.87,active,2024-05-10T21:05:33
5025,2614,US6021367985922,savings,USD,18562.89,closed,2023-11-18T11:22:02
5026,2615,ZA7947333113878,checking,ZAR,6249.5,active,2025-06-22T03:14:52
5027,2615,ZA5782719050001,checking,ZAR,5926.42,active,2025-12-31T16:46:09
5028,2616,AE3418866693010,checking,AED,4300.69,active,2024-01-31T17:52:12
5029,2616,AE1249901372610,checking,AED,2799.34,active,2025-08-16T09:10:01
5030,2616,AE5194740074815,savings,AED,35230.28,active,2024-09-01T17:48:28
5031,2617,PL7708420838645,savings,PLN,4.8,active,2024-12-22T12:12:35
5032,2617,PL2997312829137,savings,PLN,7180.21,frozen,2025-04-21T17:29:47
5033,2618,DE7100323719506,checking,EUR,4849.08,frozen,2021-12-10T21:57:47
5034,2619,CA5824912099255,checking,CAD,4837.88,closed,2026-01-25T20:02:58
5035,2619,CA2084066257823,checking,CAD,6616.43,frozen,2026-03-20T10:11:47
5036,2619,CA7866365886939,checking,CAD,6433.61,frozen,2026-04-26T00:53:49
5037,2620,US9593606424329,checking,USD,4753.53,active,2026-04-24T12:19:42
5038,2621,US4821713187852,checking,USD,3477.64,active,2025-01-23T06:22:47
5039,2621,US3316873422013,checking,USD,7578.14,active,2023-11-14T18:24:56
5040,2622,US9409832899577,checking,USD,3614.91,active,2025-10-21T05:48:51
5041,2623,SG3927871493836,savings,SGD,3966.69,active,2025-03-14T10:20:10
5042,2623,SG1988873251070,savings,SGD,14.46,frozen,2026-02-15T15:10:12
5043,2624,SE1843426739106,checking,SEK,5806.25,active,2025-06-28T11:55:51
5044,2624,SE8672732244693,checking,SEK,3664.82,active,2024-01-04T12:05:04
5045,2624,SE3718204884479,savings,SEK,10689.05,active,2023-07-23T18:18:58
5046,2625,IE4310874833707,credit,EUR,-2639.57,active,2024-12-31T20:04:43
5047,2625,IE4547522312274,checking,EUR,5131.15,frozen,2025-09-13T12:45:41
5048,2626,BE7581556155823,savings,EUR,29699.54,active,2023-10-29T06:09:42
5049,2627,BR5478997669895,credit,BRL,-22385.43,active,2025-12-07T23:58:54
5050,2627,BR9583475937185,savings,BRL,22688.3,active,2025-05-03T10:17:01
5051,2627,BR1915046486053,checking,BRL,8887.44,closed,2026-04-13T14:24:33
5052,2628,TR3833968381646,checking,TRY,154415.06,active,2025-04-25T06:14:01
5053,2628,TR8749910950402,checking,TRY,183045.17,frozen,2025-09-14T01:16:43
5054,2629,US1695444154125,savings,USD,5094.01,closed,2026-01-04T03:51:09
5055,2629,US7251935426085,checking,USD,6496.34,closed,2026-03-25T03:11:23
5056,2629,US8667570879921,savings,USD,9875.39,active,2026-04-08T10:53:31
5057,2630,US4267709345777,savings,USD,19703.41,closed,2024-11-27T12:19:22
5058,2631,BR4000629237883,checking,BRL,16388.05,active,2024-06-05T21:29:43
5059,2631,BR4182662637925,checking,BRL,27621.47,frozen,2024-10-24T20:31:45
5060,2632,AU1320257031224,checking,AUD,435.83,frozen,2024-05-28T15:32:32
5061,2632,AU3531527538518,checking,AUD,4826.42,active,2023-08-13T07:33:48
5062,2633,US4932832756752,checking,USD,4966.02,frozen,2022-03-29T20:17:53
5063,2634,PL2473030560198,checking,PLN,565.2,active,2023-02-06T02:18:45
5064,2635,NL9539242782950,checking,EUR,4796.03,active,2026-05-16T11:20:03
5065,2635,NL7446441282955,credit,EUR,-211.96,active,2026-05-15T14:49:04
5066,2636,GB5585861926094,savings,GBP,28073,frozen,2026-05-12T21:06:56
5067,2637,IN1709364856203,checking,INR,526502.35,active,2026-03-09T05:01:54
5068,2638,KR9109912472286,savings,KRW,8497.67,frozen,2023-03-21T15:17:29
5069,2638,KR8326979218695,savings,KRW,2466689.17,active,2022-11-28T11:09:39
5070,2639,AE3211935672929,savings,AED,28801.52,active,2025-07-27T16:48:56
5071,2640,BR6422992428490,credit,BRL,-5740.3,active,2026-02-27T06:56:26
5072,2640,BR4695592668661,checking,BRL,4262.84,active,2025-09-21T06:15:18
5073,2641,CA6642440550409,credit,CAD,-1656.74,frozen,2025-08-25T19:44:43
5074,2642,US6660727816335,credit,USD,-66.79,active,2025-04-26T22:02:46
5075,2642,US1442046968877,savings,USD,33103.22,frozen,2025-09-30T06:26:42
5076,2643,AT6081186574637,savings,EUR,7083.44,active,2025-06-15T16:14:28
5077,2643,AT1972219769492,checking,EUR,5705.36,active,2022-04-01T06:27:22
5078,2644,US7165379892418,checking,USD,594.43,active,2025-03-04T05:31:03
5079,2645,MX3765385592340,checking,MXN,50901.99,frozen,2022-01-29T01:52:57
5080,2645,MX8941331691317,savings,MXN,448708.48,closed,2025-02-19T07:20:25
5081,2646,SE6594574154440,checking,SEK,1885.5,active,2025-12-09T12:35:45
5082,2646,SE2437516073877,checking,SEK,622.61,active,2025-12-21T02:46:31
5083,2647,US2268031070308,checking,USD,4330.04,active,2024-02-02T14:00:08
5084,2647,US8899328349478,credit,USD,-2571.15,active,2024-07-05T06:05:31
5085,2647,US2179146389930,savings,USD,29988.54,closed,2024-01-29T02:05:35
5086,2648,ES2878448265405,savings,EUR,30558.73,closed,2026-03-18T00:32:57
5087,2648,ES8825042479828,checking,EUR,5949.4,active,2025-08-25T22:55:37
5088,2649,TR5059150951401,savings,TRY,155381.2,closed,2023-09-29T20:54:12
5089,2649,TR4801136294876,checking,TRY,121938.43,active,2022-10-26T14:23:41
5090,2650,UA7199054855653,savings,UAH,1052610.44,active,2025-08-19T15:45:06
5091,2650,UA6740334775733,savings,UAH,464440.54,active,2026-05-15T17:47:16
5092,2651,UA4162853363629,savings,UAH,1474660.22,active,2026-02-23T19:01:22
5093,2652,US1751356848963,checking,USD,2109.65,active,2025-12-13T12:55:04
5094,2652,US5705946459642,credit,USD,-1184.31,active,2023-03-01T00:30:18
5095,2653,US2014316651861,checking,USD,6792.67,active,2025-09-07T08:20:10
5096,2654,IN6111740179671,savings,INR,2660117.15,active,2023-04-07T09:57:19
5097,2654,IN8168912358516,savings,INR,1210623.22,frozen,2025-07-23T01:11:55
5098,2654,IN6320890274833,checking,INR,421566.76,active,2024-06-06T11:40:57
5099,2655,DE8875122246193,savings,EUR,17642.85,active,2024-12-24T21:24:56
5100,2655,DE1503019694907,savings,EUR,8316.4,active,2026-04-20T17:36:10
5101,2655,DE8917908172554,checking,EUR,7230.23,closed,2025-01-10T14:35:58
5102,2656,DE9034229545625,checking,EUR,4851.77,frozen,2025-01-03T19:44:58
5103,2657,UA3062018985431,checking,UAH,133304.73,closed,2025-12-19T10:22:53
5104,2657,UA6191665063757,savings,UAH,829289.43,active,2025-12-10T12:35:22
5105,2657,UA8590712056637,savings,UAH,1214037.43,active,2026-02-06T19:34:03
5106,2658,IN5132744425579,checking,INR,296160.36,closed,2023-12-28T21:13:38
5107,2658,IN1794188665714,checking,INR,623558.64,active,2025-06-17T11:28:19
5108,2659,SG4365557944750,checking,SGD,6427.22,active,2025-03-13T20:51:44
5109,2659,SG1074223832310,savings,SGD,10086.47,active,2025-08-20T06:21:48
5110,2660,JP1501791926583,checking,JPY,140546.74,active,2026-05-08T06:46:37
5111,2661,GB9877312885258,checking,GBP,6614.98,active,2025-11-29T17:12:56
5112,2662,CA4153475439106,savings,CAD,1457.45,frozen,2026-05-13T03:26:05
5113,2662,CA5770324496332,credit,CAD,-4391.31,closed,2026-05-11T15:37:01
5114,2663,PL3684179576479,credit,PLN,-4474.05,active,2026-04-13T20:01:44
5115,2663,PL9340989362379,checking,PLN,7326.9,active,2025-08-10T13:41:09
5116,2663,PL8127498411580,savings,PLN,39287.91,closed,2024-12-27T00:29:00
5117,2664,UA6169306974017,checking,UAH,199816.64,active,2026-04-03T18:22:06
5118,2664,UA5844056275054,savings,UAH,774813.98,frozen,2024-10-31T19:53:52
5119,2665,SG2285277237686,checking,SGD,386.99,frozen,2024-02-10T02:31:00
5120,2665,SG5111690918552,checking,SGD,2254.86,active,2025-10-12T14:28:48
5121,2666,SG7191506033590,checking,SGD,3059.56,active,2025-10-30T09:33:51
5122,2667,DE7422346813811,checking,EUR,6598.79,active,2025-04-07T16:31:21
5123,2667,DE3207622860566,credit,EUR,-177.84,active,2024-05-31T20:39:48
5124,2668,DK5830109183009,checking,DKK,937,active,2025-07-19T10:03:49
5125,2668,DK6571204247744,savings,DKK,17569.89,closed,2026-04-21T21:55:18
5126,2669,TR5491187625987,checking,TRY,120784.91,active,2025-09-26T10:40:28
5127,2669,TR9109028479278,savings,TRY,311406.85,active,2025-08-26T06:51:57
5128,2669,TR9607847360494,checking,TRY,169102.3,frozen,2025-06-27T03:56:02
5129,2670,FR3870743517828,checking,EUR,5655.32,active,2024-11-21T14:59:54
5130,2670,FR2961833835352,checking,EUR,5407.94,active,2024-11-22T10:03:31
5131,2670,FR9256842572147,savings,EUR,38106.36,active,2026-01-02T06:03:22
5132,2671,GB2371275025995,checking,GBP,1081.01,active,2024-05-09T13:03:53
5133,2672,MX4243509114107,credit,MXN,-49031.5,active,2026-05-06T13:07:47
5134,2672,MX9736714562334,checking,MXN,35994.54,active,2026-04-19T09:37:22
5135,2672,MX7780897655672,checking,MXN,92098.87,closed,2026-05-07T21:45:00
5136,2672,MX3688736723177,credit,MXN,-6006.65,frozen,2026-05-07T02:08:51
5137,2673,GB1662263062582,checking,GBP,6660.22,active,2025-10-17T22:38:52
5138,2673,GB5974154770866,savings,GBP,37500.88,frozen,2022-09-12T11:56:10
5139,2673,GB5380940895197,checking,GBP,3032.89,closed,2023-06-13T09:15:30
5140,2674,US4117476277592,checking,USD,5514.42,active,2025-10-15T03:50:21
5141,2675,IT5709198685772,checking,EUR,4332.66,frozen,2026-02-05T06:24:32
5142,2675,IT5502680779947,checking,EUR,5963.86,closed,2024-12-16T14:20:26
5143,2675,IT5187382664576,savings,EUR,11259.87,active,2025-04-29T17:18:56
5144,2676,FI8360763069898,savings,EUR,40847.87,frozen,2025-11-11T23:54:12
5145,2677,JP7566493922600,savings,JPY,3056055.49,closed,2024-02-05T03:21:44
5146,2677,JP3124628010274,checking,JPY,671995.42,frozen,2026-05-01T16:56:23
5147,2678,CA8833935826321,checking,CAD,1920.98,active,2026-01-28T14:56:19
5148,2679,ZA3329993995526,checking,ZAR,5689.93,active,2025-08-13T22:56:35
5149,2680,US3200534419009,savings,USD,65.94,active,2025-02-04T10:44:54
5150,2681,DE6189242314510,checking,EUR,3070.24,frozen,2025-10-24T15:32:22
5151,2682,FR3985514760582,checking,EUR,1433.43,active,2025-08-27T08:34:16
5152,2683,BR9709426337188,checking,BRL,22584.66,active,2024-11-04T09:08:19
5153,2684,CH1321681112334,savings,CHF,29712.57,active,2026-01-17T06:10:31
5154,2684,CH8240068361586,checking,CHF,234.3,closed,2026-02-12T04:56:56
5155,2685,US2550110145077,checking,USD,5025.43,active,2024-03-01T16:31:25
5156,2685,US8276556973980,savings,USD,28.92,active,2024-12-31T20:07:36
5157,2686,AU8961098599185,checking,AUD,7134.03,active,2026-05-05T15:51:42
5158,2686,AU9803812644766,savings,AUD,23.04,active,2026-05-09T02:58:39
5159,2687,BR3972488644587,checking,BRL,965.75,active,2024-07-27T00:18:40
5160,2688,US4444447285951,checking,USD,4385.43,active,2025-12-25T12:35:53
5161,2688,US3997205847577,checking,USD,368.44,active,2025-03-23T07:02:25
5162,2689,DE7147701170490,checking,EUR,6372.22,active,2025-09-20T05:15:16
5163,2689,DE3865037537761,checking,EUR,1563.05,active,2026-05-12T20:09:20
5164,2689,DE6200101771274,savings,EUR,12071.24,frozen,2024-11-30T21:46:21
5165,2690,NL2280044537999,savings,EUR,23412.37,closed,2024-08-16T10:49:48
5166,2690,NL6165748973002,checking,EUR,4764.5,active,2024-11-04T03:36:03
5167,2691,DE4444531793096,checking,EUR,6013.96,active,2025-11-07T00:08:53
5168,2691,DE5750647294067,savings,EUR,12136.16,closed,2025-08-21T15:25:54
5169,2692,US1610222874904,checking,USD,4759.8,frozen,2026-01-01T14:15:04
5170,2693,US6612939766335,checking,USD,6707.59,active,2025-12-15T07:05:50
5171,2693,US4853445184244,checking,USD,1838.9,closed,2025-10-17T04:03:00
5172,2694,CA3780957072753,checking,CAD,6951.1,active,2023-09-02T00:10:26
5173,2695,JP8655367524878,savings,JPY,4374203.3,active,2022-09-20T14:03:20
5174,2695,JP3855057787548,savings,JPY,2414143.35,active,2025-03-06T01:24:45
5175,2696,NL9715690277342,checking,EUR,1253.81,active,2025-08-19T05:19:44
5176,2696,NL5254291695536,checking,EUR,1943.51,active,2026-04-01T14:16:47
5177,2697,US8493449735012,checking,USD,6858.48,active,2026-05-11T09:58:10
5178,2697,US1210099643579,checking,USD,609.31,active,2026-05-07T00:10:29
5179,2697,US9483443383372,checking,USD,6648.11,active,2026-05-13T14:46:18
5180,2698,NL8743650014029,savings,EUR,29462.6,active,2026-03-07T05:18:54
5181,2698,NL3836862218772,savings,EUR,7908.38,closed,2025-10-22T04:40:49
5182,2698,NL6358527979375,checking,EUR,2322.02,active,2025-10-21T03:09:50
5183,2699,SG9560986093044,checking,SGD,6754.72,frozen,2024-10-16T11:51:09
5184,2700,GB5122032398605,checking,GBP,317.37,active,2025-06-27T04:57:21
5185,2700,GB8411894181959,checking,GBP,3564.12,active,2026-05-02T02:45:37
5186,2701,ES8223184052444,checking,EUR,6254.93,active,2026-02-16T16:39:28
5187,2701,ES3831260823702,checking,EUR,2424.79,active,2026-03-04T23:28:10
5188,2701,ES3004887556684,checking,EUR,5490.93,frozen,2026-03-22T07:48:47
5189,2702,IE5872776578997,checking,EUR,2445.73,frozen,2022-03-30T16:02:35
5190,2702,IE6663523592448,checking,EUR,627.07,closed,2024-05-13T15:27:57
5191,2702,IE6451299283373,checking,EUR,34.42,closed,2024-04-24T00:51:16
5192,2703,CA7971920194223,checking,CAD,2737.63,active,2022-06-02T01:32:47
5193,2703,CA5021657213419,checking,CAD,3955.39,active,2023-08-14T19:01:16
5194,2703,CA3317103294870,checking,CAD,1991.6,active,2026-04-01T05:24:45
5195,2704,JP7094339754431,checking,JPY,377594.64,active,2024-09-27T16:17:50
5196,2705,AE6515395213607,checking,AED,3034.79,active,2025-12-12T20:53:09
5197,2705,AE8762391714399,savings,AED,20124.84,active,2025-04-01T00:45:46
5198,2705,AE6768885135027,savings,AED,23487.73,closed,2025-01-30T19:59:38
5199,2706,AT4108289564481,savings,EUR,9888.7,active,2026-04-02T04:14:57
5200,2706,AT2053781499011,savings,EUR,7903.51,frozen,2026-03-24T08:07:17
5201,2707,CH7922392775214,checking,CHF,2871.49,active,2025-02-04T03:45:30
5202,2707,CH8386386634607,savings,CHF,33397.44,frozen,2024-12-24T09:36:52
5203,2707,CH8038160229911,savings,CHF,11867.41,closed,2024-08-11T01:51:53
5204,2708,AU6164355998561,savings,AUD,11710.75,frozen,2024-08-22T08:40:57
5205,2709,FI9800789950011,checking,EUR,7440.09,closed,2025-11-16T10:12:44
5206,2709,FI4527467872507,checking,EUR,5340.77,frozen,2024-08-21T03:03:10
5207,2709,FI3323027728874,checking,EUR,6072.01,frozen,2024-07-12T17:14:16
5208,2710,AU2019580913169,credit,AUD,-1910.85,active,2026-01-08T10:28:52
5209,2710,AU3490559422084,savings,AUD,30196.93,frozen,2023-10-07T06:20:35
5210,2711,IN6512595453797,checking,INR,583320.09,closed,2026-02-05T13:26:21
5211,2712,FR2097985184795,savings,EUR,50.85,active,2025-12-21T13:38:37
5212,2713,AU7633909558426,checking,AUD,4763.02,closed,2025-10-11T20:03:09
5213,2713,AU4129658663859,savings,AUD,24750.32,active,2025-09-28T18:36:21
5214,2714,US2745425859965,savings,USD,20287.52,active,2024-02-16T18:34:27
5215,2714,US8071199614142,credit,USD,-37.67,closed,2022-01-01T04:49:39
5216,2714,US7194062815453,savings,USD,37263.48,active,2022-05-31T14:54:28
5217,2715,IN5797788852682,savings,INR,1089540.86,closed,2025-10-06T05:56:28
5218,2715,IN1279425739833,savings,INR,1426406.47,active,2026-05-05T04:25:50
5219,2716,DE8918265495772,checking,EUR,2031.99,closed,2026-04-30T19:53:58
5220,2716,DE7990738527964,checking,EUR,1214.14,active,2025-10-06T14:47:06
5221,2717,US6983501773198,checking,USD,5200.29,active,2024-11-04T23:11:16
5222,2717,US6031839364135,checking,USD,7231.66,active,2026-04-09T19:06:27
5223,2717,US1206601675039,checking,USD,1524.58,active,2024-10-05T19:47:27
5224,2718,US4123967239829,checking,USD,4878.07,closed,2025-09-01T18:36:42
5225,2719,BR3310495539803,savings,BRL,70703.43,frozen,2023-08-19T16:24:46
5226,2719,BR5799528263643,checking,BRL,24700.06,active,2025-05-16T07:19:24
5227,2720,US4001510883743,checking,USD,6998.69,closed,2025-08-15T11:40:12
5228,2721,TR8685610086423,credit,TRY,-65805.81,frozen,2024-09-10T12:24:42
5229,2721,TR5211115213442,checking,TRY,35226.58,active,2025-08-03T15:19:46
5230,2721,TR1928535496879,savings,TRY,97312.48,active,2023-04-15T13:20:29
5231,2722,DE3949399122046,savings,EUR,3029.85,frozen,2025-04-09T15:58:23
5232,2722,DE3817137323539,savings,EUR,29316.54,active,2025-09-26T21:59:17
5233,2722,DE2501884477612,checking,EUR,4384.3,active,2025-08-07T16:02:38
5234,2723,TR7297710958670,checking,TRY,131388.33,active,2025-12-19T09:10:19
5235,2724,AE2933774373342,checking,AED,5261.7,frozen,2022-10-01T06:34:08
5236,2725,DE3148855536446,savings,EUR,20357.02,active,2026-02-17T10:02:48
5237,2726,DE5314429794208,savings,EUR,15331.21,active,2023-05-31T09:35:31
5238,2727,AU8504010294314,checking,AUD,6206.92,active,2024-06-08T20:35:44
5239,2727,AU7116584338468,checking,AUD,2931.06,active,2024-05-20T22:18:49
5240,2728,CA4047764337971,checking,CAD,633.82,active,2025-02-28T16:09:39
5241,2729,DK7524040389918,savings,DKK,26293.73,active,2024-05-27T10:41:50
5242,2729,DK8590477754021,credit,DKK,-2982.96,active,2023-05-04T04:08:51
5243,2730,US6638850244159,checking,USD,2485.19,closed,2026-02-15T10:27:33
5244,2730,US9696684178049,credit,USD,-4224.58,active,2025-03-19T22:54:58
5245,2730,US3273970234881,checking,USD,5756.39,active,2025-06-15T07:03:26
5246,2731,CA8314347079913,checking,CAD,1286.2,frozen,2026-05-10T14:56:36
5247,2732,ES5961375263747,savings,EUR,8210.01,active,2025-06-29T12:46:50
5248,2733,UA5207930078871,checking,UAH,266298.19,closed,2026-04-24T02:00:04
5249,2733,UA6611808315829,checking,UAH,281155.3,active,2023-02-09T06:32:05
5250,2733,UA6288556647497,savings,UAH,1087949.32,active,2025-07-14T21:54:45
5251,2734,AU1058186061461,savings,AUD,33226.78,active,2025-11-13T07:21:26
5252,2735,SE9057322946200,credit,SEK,-776.57,active,2026-05-06T05:04:02
5253,2735,SE7071146851042,checking,SEK,2644.67,active,2026-04-30T12:14:51
5254,2735,SE8047188137571,savings,SEK,29524.79,active,2026-04-14T06:42:13
5255,2735,SE4150119184984,savings,SEK,2355.18,closed,2026-04-11T00:25:01
5256,2736,IE5473744351345,checking,EUR,3105.85,active,2025-03-02T18:41:29
5257,2736,IE8408174812379,checking,EUR,5445.22,active,2026-02-07T10:29:56
5258,2736,IE1423709528155,checking,EUR,7376.28,active,2025-03-12T21:26:23
5259,2736,IE6624113669094,checking,EUR,698.99,active,2026-01-21T02:13:34
5260,2737,ES3031478688478,checking,EUR,3856.45,active,2023-01-22T12:30:28
5261,2738,IT4597653944692,savings,EUR,29392.43,frozen,2024-08-02T19:54:32
5262,2738,IT7913823535652,savings,EUR,6610.01,closed,2024-06-18T13:34:33
5263,2739,US7659242222234,savings,USD,38.01,active,2025-10-26T12:13:06
5264,2739,US6354194398120,checking,USD,1742.84,active,2026-01-20T07:52:13
5265,2739,US4102060021676,checking,USD,659.82,frozen,2026-04-16T00:56:59
5266,2740,ES4932425785837,credit,EUR,-3573.64,frozen,2023-08-05T17:51:13
5267,2740,ES4102925736489,savings,EUR,19479.87,active,2024-05-26T06:05:36
5268,2740,ES3763755367646,savings,EUR,2110.83,closed,2025-01-22T17:18:00
5269,2741,FI5613954386599,credit,EUR,-258.98,active,2025-10-10T23:18:49
5270,2742,AT2362335783906,savings,EUR,11.05,active,2025-10-12T07:32:21
5271,2742,AT3712739957246,savings,EUR,16489.61,closed,2025-05-24T16:34:01
5272,2743,BR3326666882920,savings,BRL,110673.1,active,2024-12-19T19:34:51
5273,2743,BR9546357010152,credit,BRL,-6049.4,active,2025-08-09T14:51:54
5274,2743,BR6760808166398,savings,BRL,171622.94,active,2025-11-05T20:13:34
5275,2743,BR6309960534027,checking,BRL,36444.43,active,2026-04-28T18:34:20
5276,2744,US7403333775390,savings,USD,39694.94,active,2024-12-18T14:37:50
5277,2744,US2550964019922,checking,USD,5922.56,closed,2024-04-27T14:02:22
5278,2744,US3367051396422,checking,USD,63.28,active,2025-04-12T14:46:51
5279,2745,US4509974214040,credit,USD,-1236.69,active,2026-05-08T19:49:24
5280,2746,IN9785429438610,checking,INR,497781.28,active,2024-09-17T23:09:20
5281,2747,CA9330628979592,checking,CAD,3304.28,frozen,2025-12-11T15:25:46
5282,2748,GB2610365167603,checking,GBP,3672.61,closed,2025-02-09T14:48:27
5283,2748,GB2410270375124,savings,GBP,3184.62,active,2024-03-22T14:42:10
5284,2748,GB6159800863280,savings,GBP,14340.59,frozen,2025-09-30T04:26:53
5285,2749,UA7582071930548,checking,UAH,176593.05,closed,2026-01-21T00:58:49
5286,2750,US7605364669778,checking,USD,886.83,active,2024-09-23T11:12:48
5287,2750,US3437374046762,checking,USD,6155.83,frozen,2024-12-26T00:08:07
5288,2751,PL6896091141826,savings,PLN,13581.71,closed,2025-06-30T01:54:51
5289,2751,PL3255642849546,checking,PLN,5690.23,active,2025-03-22T14:38:34
5290,2752,BR7440462991299,credit,BRL,-337.94,active,2023-11-12T03:36:27
5291,2752,BR1340863736136,checking,BRL,39098.16,active,2022-05-29T06:47:48
5292,2753,KR2589386576374,checking,KRW,860150.02,active,2023-06-03T00:37:44
5293,2753,KR8579168654324,savings,KRW,3705345.3,active,2024-05-08T20:39:43
5294,2754,GB3431999444258,checking,GBP,379.44,active,2024-06-15T06:17:10
5295,2754,GB6038346722158,checking,GBP,6252.5,active,2025-07-12T01:14:49
5296,2755,PL8757697852833,checking,PLN,5572.85,frozen,2025-07-25T05:53:21
5297,2755,PL6223056567256,savings,PLN,26406.33,active,2024-11-24T03:50:54
5298,2756,GB7136641068522,savings,GBP,32909.46,frozen,2025-06-01T22:07:26
5299,2757,SE7955770549695,savings,SEK,21835.38,active,2023-07-08T23:42:04
5300,2757,SE8059061941680,checking,SEK,5920.48,active,2023-07-20T09:35:41
5301,2758,UA4453595969276,savings,UAH,670392.1,active,2025-02-07T04:43:29
5302,2758,UA4918358215863,checking,UAH,225674.51,frozen,2025-05-12T01:18:36
5303,2759,BR1836321953560,checking,BRL,33410.08,frozen,2025-06-19T17:41:10
5304,2760,US4378595593457,savings,USD,26768.72,active,2025-07-03T21:04:18
5305,2760,US6325893835997,savings,USD,74.05,active,2026-02-15T06:35:35
5306,2760,US6701443095793,credit,USD,-3792.05,active,2026-02-10T19:44:53
5307,2761,ZA8055471186177,credit,ZAR,-4451.35,active,2025-11-04T11:33:16
5308,2761,ZA9797880964750,savings,ZAR,7872.99,active,2024-11-24T16:45:10
5309,2762,AE8913012994670,checking,AED,2679.27,active,2025-09-02T11:04:05
5310,2763,BR5561816478043,checking,BRL,12897.32,frozen,2022-06-25T18:51:27
5311,2763,BR7105259563663,checking,BRL,6125.67,closed,2026-01-04T02:56:10
5312,2764,CH2866023662082,checking,CHF,3618.46,frozen,2026-01-25T21:29:21
5313,2764,CH4164726136201,savings,CHF,9461.53,closed,2025-12-16T13:39:36
5314,2764,CH1632328857788,savings,CHF,17505.23,closed,2026-01-12T20:35:02
5315,2765,US4491663363008,checking,USD,3221.62,closed,2023-12-24T12:43:46
5316,2766,IE9382533595789,checking,EUR,370.02,active,2023-06-25T18:40:47
5317,2766,IE4230922690413,checking,EUR,1364.45,active,2025-08-23T07:39:57
5318,2767,GB1063960413565,checking,GBP,7947.84,active,2026-02-12T11:05:02
5319,2767,GB2731142065187,savings,GBP,40691.84,active,2025-12-05T10:31:58
5320,2768,TR7207578354211,checking,TRY,48539.08,frozen,2023-05-06T06:53:59
5321,2768,TR1475358782400,credit,TRY,-99308.33,frozen,2023-09-12T04:16:26
5322,2768,TR1939654151270,checking,TRY,35089.32,closed,2024-10-19T10:14:14
5323,2769,GB4124444559787,savings,GBP,28030.79,active,2025-08-01T06:12:21
5324,2769,GB1493691591381,checking,GBP,2985.55,active,2025-05-07T08:58:06
5325,2769,GB1765195249514,savings,GBP,13582.47,closed,2025-07-18T09:58:08
5326,2770,PL3011851993604,checking,PLN,4133.94,active,2026-03-26T09:22:57
5327,2770,PL8705619314755,savings,PLN,18000.04,active,2025-08-24T13:37:18
5328,2770,PL2209822147987,checking,PLN,7233.36,active,2026-04-23T13:20:38
5329,2770,PL7693428523559,credit,PLN,-2384.98,frozen,2025-12-18T12:24:16
5330,2771,DE4208321112241,savings,EUR,18530.92,active,2026-05-13T14:30:25
5331,2771,DE8966246315010,credit,EUR,-4918.63,active,2026-04-16T04:40:06
5332,2772,CA1510502089927,checking,CAD,7732.47,active,2024-03-08T05:51:47
5333,2772,CA8030254259118,checking,CAD,5285.36,closed,2024-12-26T05:38:13
5334,2772,CA7717614051920,checking,CAD,7108.35,frozen,2025-07-09T01:53:51
5335,2773,US8942401765751,credit,USD,-2845.88,closed,2025-12-24T22:49:10
5336,2774,GB1199775416867,checking,GBP,1896.68,active,2026-01-04T11:29:09
5337,2774,GB1219044619757,savings,GBP,28309.78,frozen,2025-03-09T14:24:42
5338,2774,GB9514507334521,savings,GBP,26376.47,active,2025-06-03T03:44:59
5339,2775,FR5167070452088,checking,EUR,340.43,active,2025-10-23T13:20:35
5340,2776,FR3611075145722,checking,EUR,7812.91,active,2025-02-23T07:04:41
5341,2776,FR2430087678967,checking,EUR,811.91,frozen,2025-01-18T11:39:39
5342,2776,FR3991678767140,savings,EUR,1295.61,frozen,2024-11-04T00:48:23
5343,2777,GB6603043627580,checking,GBP,7248.39,active,2025-05-10T14:07:31
5344,2777,GB5530880563455,savings,GBP,4464.74,active,2023-06-15T11:51:11
5345,2778,FR2657414023548,credit,EUR,-824.89,closed,2024-12-24T06:28:45
5346,2778,FR8843709194621,checking,EUR,1292.21,active,2023-07-24T19:24:21
5347,2778,FR6237191990011,credit,EUR,-3488.85,active,2024-08-10T01:59:47
5348,2779,CA5292775410228,credit,CAD,-1779.74,active,2024-01-28T23:43:41
5349,2779,CA2393050564439,checking,CAD,111.13,active,2024-11-27T05:25:55
5350,2779,CA9663653227280,checking,CAD,252.8,frozen,2025-10-26T23:52:08
5351,2780,AU3068481997536,checking,AUD,5979.5,active,2025-03-23T02:08:50
5352,2780,AU8915218921399,checking,AUD,7452.1,active,2024-07-21T08:30:08
5353,2780,AU4376684267950,checking,AUD,209.18,active,2023-07-26T11:22:37
5354,2781,IN8563485999255,savings,INR,2922866.95,active,2026-04-05T16:33:35
5355,2781,IN8772437890863,checking,INR,50167.39,active,2024-11-18T16:20:59
5356,2782,AE9398829353138,savings,AED,23836.23,active,2026-04-29T13:06:59
5357,2782,AE9245848010379,credit,AED,-4427.49,frozen,2026-03-28T22:48:17
5358,2783,GB5260809049958,credit,GBP,-4341.24,frozen,2025-10-14T02:05:52
5359,2783,GB1849314268506,savings,GBP,15406.92,frozen,2025-07-29T16:26:55
5360,2784,US8400367591500,checking,USD,3197.31,active,2026-01-01T06:53:10
5361,2784,US9637287629151,savings,USD,16187.38,active,2025-11-13T06:44:38
5362,2785,US7731845735915,credit,USD,-3802.08,active,2026-03-26T00:40:25
5363,2786,NL8040366577000,savings,EUR,29415.48,closed,2024-01-01T13:57:50
5364,2787,CA1759035370560,checking,CAD,656.87,active,2023-09-26T05:06:22
5365,2788,AE2231245611885,checking,AED,6732.51,active,2026-02-12T20:54:47
5366,2788,AE7263754828346,checking,AED,5662.47,active,2025-11-09T04:28:44
5367,2788,AE9788189967303,savings,AED,96.27,closed,2025-05-29T05:43:33
5368,2789,DE2355797029167,savings,EUR,18198.16,active,2025-06-05T07:29:01
5369,2790,US9928888781832,savings,USD,4246.04,closed,2026-04-17T17:37:42
5370,2791,GB1614484778859,checking,GBP,2139.74,active,2025-01-01T04:41:12
5371,2791,GB3768180216495,checking,GBP,6542.8,frozen,2024-10-12T10:35:13
5372,2791,GB9092897196703,savings,GBP,13301.08,active,2025-04-19T19:35:58
5373,2791,GB4632875541997,checking,GBP,3070.16,active,2026-01-15T01:12:37
5374,2792,PT3924801571042,checking,EUR,7963.25,frozen,2025-12-24T04:16:24
5375,2792,PT5535822074180,checking,EUR,7828.21,closed,2022-07-01T01:19:23
5376,2793,IT3676424615538,savings,EUR,17583.89,active,2026-01-15T10:06:25
5377,2794,CA5966025452002,savings,CAD,6748.11,active,2024-02-04T18:51:40
5378,2794,CA3138215281524,checking,CAD,265.63,frozen,2024-12-04T00:48:04
5379,2795,US3545908827146,checking,USD,62.53,active,2023-04-20T19:31:29
5380,2795,US4777315769846,checking,USD,2915.34,closed,2022-05-15T06:27:57
5381,2795,US8511768713617,savings,USD,8670.07,active,2025-07-23T16:45:31
5382,2795,US1278964482940,savings,USD,35353.95,active,2022-11-07T11:51:11
5383,2796,UA7904493320385,checking,UAH,31657,frozen,2024-09-06T17:31:12
5384,2796,UA6817621982501,savings,UAH,485721.64,closed,2026-05-07T07:30:52
5385,2796,UA8646959489963,savings,UAH,207351.77,closed,2024-04-04T22:11:27
5386,2797,GB7195460312123,savings,GBP,7768.83,active,2024-09-24T17:43:53
5387,2797,GB8771007128201,savings,GBP,6499.16,active,2026-03-07T12:16:07
5388,2798,NL3085786273564,credit,EUR,-2518.84,active,2026-05-11T20:33:57
5389,2798,NL5099482851709,checking,EUR,3703.51,active,2024-11-20T06:01:47
5390,2799,GB7051401053146,checking,GBP,5777.68,active,2024-04-15T22:26:09
5391,2800,GB2071974044386,checking,GBP,6787.7,active,2026-03-31T12:53:37
5392,2800,GB5786292329819,credit,GBP,-4229.76,active,2026-03-20T13:11:12
5393,2800,GB2201588439843,checking,GBP,7070.86,active,2025-11-21T05:13:23
5394,2800,GB4934411020095,savings,GBP,18607.57,active,2025-12-08T13:22:27
5395,2801,DE2765612259488,checking,EUR,3484.5,closed,2024-05-14T05:10:41
5396,2801,DE7666950024673,checking,EUR,4834.47,closed,2024-11-09T16:45:38
5397,2801,DE6808644122417,checking,EUR,994.69,active,2025-02-25T12:05:41
5398,2802,US6070248050199,checking,USD,2958.08,closed,2025-09-20T04:29:18
5399,2803,US1797221814318,checking,USD,1643.91,closed,2026-05-15T06:37:13
5400,2803,US8977969173912,checking,USD,4447.38,active,2025-03-08T22:16:32
5401,2803,US8273516957278,checking,USD,7003.28,active,2026-03-14T00:51:06
5402,2804,CA6637052549621,savings,CAD,5764.89,active,2025-02-07T02:14:57
5403,2804,CA3604342692689,savings,CAD,40153.51,active,2024-06-13T10:43:29
5404,2804,CA8723321970696,checking,CAD,2113.75,active,2023-11-19T16:07:50
5405,2804,CA7944541946650,savings,CAD,35473.48,active,2023-09-06T23:56:16
5406,2805,DK2371935392965,savings,DKK,30189.31,active,2025-02-04T15:30:06
5407,2806,TR2078256146325,savings,TRY,794494.27,active,2025-10-07T06:02:42
5408,2806,TR9755248185572,savings,TRY,221351.49,closed,2025-10-09T06:18:49
5409,2807,AE6088329056763,checking,AED,1364.99,closed,2026-04-22T03:59:17
5410,2807,AE3396074090214,checking,AED,29.99,frozen,2026-03-21T00:19:57
5411,2807,AE4752361127229,savings,AED,4382.01,active,2026-04-11T22:20:19
5412,2808,PT5818009975908,checking,EUR,5314.43,active,2025-10-05T04:28:27
5413,2808,PT2858663583139,savings,EUR,13119.49,active,2025-08-05T07:25:30
5414,2809,GB6624791966751,savings,GBP,8781.5,active,2026-03-18T19:43:56
5415,2810,IT4566861785040,checking,EUR,6039.51,active,2026-03-15T04:42:30
5416,2811,BR6831650857630,checking,BRL,11530.9,frozen,2025-01-19T05:39:48
5417,2812,UA1655195950624,checking,UAH,229422.77,closed,2025-05-01T14:33:09
5418,2812,UA3836387182125,savings,UAH,655600.14,active,2025-06-06T11:20:31
5419,2813,NL9935661252120,savings,EUR,26547.95,active,2025-01-18T12:28:12
5420,2813,NL9654758557348,savings,EUR,10906.54,active,2024-06-08T16:30:27
5421,2814,FR8538302576470,checking,EUR,962.48,active,2025-05-24T18:48:23
5422,2814,FR7134431740324,credit,EUR,-344.81,active,2025-07-04T16:31:57
5423,2815,FR5337246634408,credit,EUR,-4870.09,active,2025-11-20T08:42:53
5424,2815,FR2322725413602,checking,EUR,2106.16,active,2025-11-11T11:09:30
5425,2816,US6666875986643,checking,USD,1628.71,active,2025-11-09T17:20:56
5426,2816,US2774302838198,savings,USD,14355.47,active,2025-02-15T17:09:45
5427,2817,UA1842495399928,savings,UAH,168085.74,active,2026-04-17T07:31:52
5428,2817,UA4696671114593,checking,UAH,204435.25,active,2026-02-11T13:16:45
5429,2817,UA1818286583320,checking,UAH,188712.21,active,2026-01-13T09:01:11
5430,2818,ES4910034090228,checking,EUR,748.68,active,2024-08-12T01:12:28
5431,2819,CA9554540030369,savings,CAD,3622.93,active,2024-02-26T01:52:14
5432,2820,PL4935223271270,checking,PLN,4147.53,active,2024-07-22T18:58:53
5433,2820,PL5176222885554,checking,PLN,1741.69,closed,2023-08-21T03:44:36
5434,2820,PL3273860963176,checking,PLN,282.19,active,2024-06-22T20:11:59
5435,2821,BE5159313992151,checking,EUR,2462.51,closed,2025-04-02T00:47:27
5436,2821,BE8478341065982,credit,EUR,-983.7,active,2025-07-20T03:21:19
5437,2821,BE4634884796334,checking,EUR,6097.83,active,2025-12-01T21:47:03
5438,2822,US2621355524175,savings,USD,33383.9,active,2025-08-04T13:48:42
5439,2822,US7923419415199,savings,USD,4899.04,closed,2022-12-17T00:29:27
5440,2822,US1083027153403,savings,USD,7644.43,active,2024-03-02T07:30:34
5441,2823,FR2746898273695,savings,EUR,12429.8,closed,2025-07-31T05:21:15
5442,2823,FR3214276718760,savings,EUR,64.7,active,2025-07-20T15:50:31
5443,2823,FR3382591630712,savings,EUR,11745.19,frozen,2025-07-07T11:39:25
5444,2823,FR3882923462782,checking,EUR,7161.97,active,2025-12-30T07:40:59
5445,2824,GB3412158128026,savings,GBP,12309.09,active,2026-01-09T17:55:34
5446,2824,GB5554129973039,savings,GBP,12.57,active,2025-09-11T18:54:03
5447,2825,ES3718431759994,savings,EUR,29066.96,active,2025-09-22T23:55:50
5448,2825,ES2227701776726,checking,EUR,2040.93,active,2025-11-10T17:23:24
5449,2826,PL4074757356232,checking,PLN,1756.75,active,2025-12-15T13:46:45
5450,2826,PL2172193458611,savings,PLN,59.21,active,2025-06-11T13:15:37
5451,2827,UA4837812874974,checking,UAH,233060.67,closed,2025-04-06T07:24:43
5452,2827,UA2946414913894,checking,UAH,164819.28,closed,2026-03-23T14:47:49
5453,2828,IN1473843585698,checking,INR,522430.48,closed,2026-04-01T00:16:30
5454,2828,IN6840996377086,checking,INR,592265.6,closed,2026-03-11T17:39:46
5455,2829,AU3542052921582,savings,AUD,15466.49,closed,2026-04-13T19:14:01
5456,2829,AU3419350486090,checking,AUD,4448.86,closed,2026-05-03T23:29:03
5457,2830,JP7180912169601,savings,JPY,306230.95,frozen,2026-05-03T06:33:26
5458,2831,IT1970948689942,checking,EUR,3312.83,frozen,2025-02-16T17:19:19
5459,2831,IT9783980265763,savings,EUR,16160.58,active,2022-11-25T11:43:35
5460,2832,AE1243307631473,checking,AED,4888.93,frozen,2025-03-05T01:57:32
5461,2832,AE8233957114929,savings,AED,38305.13,active,2025-04-07T07:17:48
5462,2833,GB5538539767987,credit,GBP,-4919.99,active,2026-03-03T15:52:09
5463,2834,DE2982514671570,savings,EUR,36421.99,active,2024-10-02T13:42:18
5464,2835,IN8084401653876,checking,INR,311605.94,active,2025-06-23T21:30:56
5465,2835,IN8356367052359,savings,INR,3229157.77,active,2024-05-21T08:58:53
5466,2836,TR9367420191236,checking,TRY,143419.89,active,2024-06-11T00:36:40
5467,2836,TR4204915711501,checking,TRY,210651.58,active,2025-08-03T07:15:37
5468,2837,AU5049378498294,checking,AUD,520,closed,2026-04-12T20:31:34
5469,2838,AU7792009220214,checking,AUD,4450.49,closed,2025-10-07T18:16:29
5470,2839,US4228683314377,savings,USD,20674.37,active,2025-01-22T09:17:28
5471,2840,FR8267900472530,savings,EUR,8577.42,frozen,2026-05-09T16:52:13
5472,2841,US7957990655623,checking,USD,3662.6,frozen,2024-10-27T07:11:34
5473,2842,PL8186462029076,checking,PLN,3653.13,active,2023-12-06T20:18:23
5474,2843,SG7891550148470,savings,SGD,6424.63,active,2026-01-17T03:56:24
5475,2844,US4505634551191,savings,USD,27987.08,active,2024-08-01T08:09:54
5476,2844,US7183137026466,checking,USD,5098.62,active,2023-01-19T08:40:31
5477,2845,US8014898095212,savings,USD,38591.65,closed,2024-07-31T15:06:41
5478,2845,US3786255179832,checking,USD,3948.2,active,2024-09-06T05:02:21
5479,2846,IT5038709821459,savings,EUR,13936.45,frozen,2025-01-05T00:12:46
5480,2847,MX6942493935574,savings,MXN,547938.28,active,2025-11-29T05:41:54
5481,2847,MX7142488826156,checking,MXN,89359.74,active,2025-05-27T01:26:17
5482,2847,MX3052363557282,credit,MXN,-36463.09,active,2024-02-29T08:35:17
5483,2848,US5193997046502,checking,USD,2347.67,active,2022-08-23T20:30:17
5484,2849,NL7401308336283,checking,EUR,7854.15,active,2026-03-30T16:35:43
5485,2849,NL3722987939296,savings,EUR,24479.45,active,2026-02-18T01:31:15
5486,2849,NL2780937539829,checking,EUR,448.13,active,2025-09-28T21:09:19
5487,2850,UA4190155145948,savings,UAH,698838.28,closed,2023-09-06T08:41:23
5488,2851,US5917512492567,checking,USD,5036.09,active,2025-09-19T13:58:19
5489,2851,US2924791689485,checking,USD,582.42,active,2026-02-10T18:59:36
5490,2852,IT6118874847698,credit,EUR,-3080.57,active,2026-04-28T03:50:08
5491,2852,IT5020584852711,savings,EUR,37275.07,active,2025-02-10T12:22:06
5492,2853,IT6222675031140,savings,EUR,17929.59,frozen,2021-11-26T21:13:51
5493,2854,FR8732358428037,savings,EUR,3255.24,closed,2026-03-27T10:01:22
5494,2855,PL6879876845970,checking,PLN,4709.18,frozen,2024-06-06T13:57:46
5495,2855,PL2923768196346,credit,PLN,-3811.97,active,2023-09-18T00:11:19
5496,2855,PL8288808748244,checking,PLN,3679.14,frozen,2024-08-09T05:12:50
5497,2856,UA1566875278797,checking,UAH,197300.31,frozen,2023-02-08T00:01:34
5498,2857,SG3912886741841,checking,SGD,927.84,frozen,2024-05-15T18:05:44
5499,2857,SG1452520037646,checking,SGD,7513.83,active,2023-01-28T04:22:28
5500,2858,MX3518263033794,savings,MXN,673828.72,active,2023-04-30T18:23:34
5501,2858,MX2407599728942,checking,MXN,112585.57,active,2023-06-28T15:50:07
5502,2858,MX3266917635058,savings,MXN,483081.81,frozen,2025-01-16T01:32:20
5503,2859,NL1563958237795,savings,EUR,5234.15,active,2024-06-05T13:31:42
5504,2859,NL7838180373244,checking,EUR,1367.25,frozen,2024-03-09T19:01:10
5505,2860,ES1711014165502,credit,EUR,-4491.08,closed,2026-03-21T16:05:54
5506,2861,MX2021649347316,savings,MXN,1000.46,frozen,2025-07-20T11:23:50
5507,2862,BE6469259197442,checking,EUR,3682.55,frozen,2023-05-15T01:43:53
5508,2863,SG4939792159948,checking,SGD,7582.46,active,2025-01-21T01:30:19
5509,2863,SG5500509595742,checking,SGD,4228.12,active,2025-11-02T14:45:56
5510,2864,GB4674795649368,savings,GBP,7287.89,active,2025-12-08T18:06:48
5511,2865,CH5479099560460,checking,CHF,1542.27,active,2022-03-28T17:46:11
5512,2865,CH5273959459573,checking,CHF,4627.17,active,2023-10-29T13:51:24
5513,2866,SE7039196338250,savings,SEK,11876.01,active,2025-11-17T21:03:16
5514,2867,ZA2340456797172,checking,ZAR,3158.71,active,2025-12-05T23:30:15
5515,2868,FR1295848049735,savings,EUR,4840.73,frozen,2026-01-31T01:41:43
5516,2869,PL5934237212070,checking,PLN,3998.64,active,2025-12-22T18:49:08
5517,2869,PL3584425916588,savings,PLN,3399.47,frozen,2024-10-14T00:07:25
5518,2870,KR3926683417175,checking,KRW,698832.96,frozen,2025-02-22T21:07:44
5519,2870,KR2284146056494,checking,KRW,697530.85,frozen,2024-11-07T06:52:00
5520,2871,BR6923388240995,checking,BRL,23516.36,closed,2026-03-05T04:25:41
5521,2871,BR4795416998681,checking,BRL,152.22,active,2025-05-24T11:51:39
5522,2872,ES4321660446725,checking,EUR,7096.99,frozen,2024-07-29T20:49:23
5523,2873,TR7906223651859,checking,TRY,134823.39,frozen,2025-04-04T12:30:09
5524,2873,TR5936372841299,checking,TRY,103154.22,active,2026-01-20T21:07:10
5525,2874,CA2401156576325,savings,CAD,54.9,active,2026-03-23T07:33:34
5526,2874,CA3734360211213,savings,CAD,38246.09,active,2025-09-26T09:24:48
5527,2874,CA5303159760651,savings,CAD,15.01,closed,2025-06-24T23:23:42
5528,2875,JP4695514658941,checking,JPY,246696.45,active,2026-03-18T23:49:13
5529,2876,GB9212742477409,checking,GBP,6853.6,active,2026-04-30T11:09:44
5530,2877,DK7075124499961,credit,DKK,-4218.79,active,2025-10-20T10:54:07
5531,2877,DK2706393352190,savings,DKK,11983.23,active,2026-03-18T21:27:05
5532,2877,DK4562359460924,savings,DKK,9784.52,closed,2026-04-25T21:11:03
5533,2878,ES3148000097501,checking,EUR,3397.94,active,2026-03-04T16:35:37
5534,2879,ES3139660455506,checking,EUR,5761.31,active,2026-05-01T03:51:32
5535,2880,UA1679996353573,savings,UAH,3433.19,active,2024-07-31T00:57:14
5536,2880,UA4386181467783,checking,UAH,283211.39,active,2023-08-09T16:00:26
5537,2880,UA4186183684221,savings,UAH,344998.15,active,2025-08-16T07:37:48
5538,2881,IT8894664528583,savings,EUR,18269.61,closed,2024-09-30T20:54:58
5539,2882,NL2836649545596,savings,EUR,1553.91,frozen,2026-01-26T09:50:44
5540,2883,FR9251962832761,savings,EUR,28555.04,active,2025-03-16T20:32:14
5541,2883,FR8807243142677,savings,EUR,16534.58,closed,2024-08-09T10:35:02
5542,2883,FR4796879956565,savings,EUR,89.12,frozen,2024-08-22T17:32:43
5543,2884,PL5005664836520,credit,PLN,-141.52,frozen,2025-04-28T11:53:23
5544,2884,PL7197759080283,savings,PLN,13532.84,closed,2025-11-05T07:46:20
5545,2885,ES9383080595109,checking,EUR,6250.02,active,2025-06-29T17:20:03
5546,2885,ES3906696379858,savings,EUR,11184.31,active,2025-12-11T14:43:53
5547,2886,US5894739947462,checking,USD,4553.14,active,2021-06-27T15:09:13
5548,2886,US9519406423654,checking,USD,2723.39,active,2024-09-25T00:37:36
5549,2886,US7957464022381,savings,USD,3416.22,active,2024-08-13T21:36:05
5550,2887,IE9481508563450,checking,EUR,3894.75,active,2024-03-06T22:53:24
5551,2887,IE2314419453474,savings,EUR,5276.49,active,2022-06-16T15:46:19
5552,2888,US8164727491606,checking,USD,3780.13,closed,2024-12-21T08:20:16
5553,2889,TR7746101852235,credit,TRY,-70626.88,frozen,2025-06-23T02:21:57
5554,2889,TR6028799952602,savings,TRY,1027809.75,closed,2023-08-29T16:10:01
5555,2890,BR2195466031936,checking,BRL,14827.26,frozen,2023-12-28T17:54:14
5556,2891,IN2131263571081,checking,INR,469140.32,active,2023-05-23T20:00:57
5557,2892,AU9835249299663,checking,AUD,398.46,active,2026-01-01T15:30:11
5558,2893,DE3500646119842,checking,EUR,6105.05,active,2025-07-20T16:57:26
5559,2893,DE8389706936211,checking,EUR,3222.4,active,2025-05-24T08:39:12
5560,2893,DE8753310222363,checking,EUR,3702.75,closed,2025-08-19T10:15:04
5561,2894,UA8920659093790,checking,UAH,156854.5,frozen,2023-05-20T04:39:14
5562,2894,UA6831555952405,checking,UAH,53307.57,active,2025-11-19T06:44:39
5563,2895,US8405324060338,credit,USD,-289.14,active,2026-05-07T22:34:01
5564,2895,US6268775565744,checking,USD,7987.86,frozen,2026-03-18T14:21:06
5565,2896,FR7431363676895,checking,EUR,4097.64,active,2024-09-22T07:57:24
5566,2897,MX2100788862128,checking,MXN,67959.82,active,2026-05-13T17:12:37
5567,2897,MX3765871931772,credit,MXN,-32493.75,active,2026-04-30T11:56:47
5568,2897,MX9138946310446,checking,MXN,97815.27,active,2026-04-19T02:08:54
5569,2897,MX3845174568794,checking,MXN,68314.65,frozen,2026-04-09T02:00:05
5570,2898,GB2425656783732,checking,GBP,5808.26,active,2025-01-08T23:56:13
5571,2898,GB7188880720510,checking,GBP,6248.36,active,2025-11-24T14:57:51
5572,2899,DE8983434128665,savings,EUR,1457.77,active,2024-03-02T09:58:24
5573,2899,DE6860754060941,checking,EUR,1132.82,active,2024-12-06T00:46:25
5574,2899,DE6128138673442,checking,EUR,6603.16,active,2024-05-08T10:11:28
5575,2900,US7509390247061,credit,USD,-4593.63,active,2024-07-21T07:13:15
5576,2900,US4574909033697,checking,USD,2587.94,frozen,2023-03-14T15:28:56
5577,2900,US8815334732147,savings,USD,23792.22,active,2023-05-27T04:54:46
5578,2901,FR8427228152662,savings,EUR,38026.27,active,2026-01-13T21:40:44
5579,2901,FR4625580035594,savings,EUR,52.46,closed,2026-02-07T09:35:44
5580,2902,US5288552274626,credit,USD,-3313.6,active,2025-12-07T11:39:15
5581,2903,JP8979393865642,savings,JPY,2493723.83,frozen,2025-05-31T03:38:39
5582,2904,ES9346513778772,checking,EUR,6665.18,active,2026-05-08T10:14:54
5583,2904,ES7481863376727,checking,EUR,2477.56,active,2026-05-02T16:53:41
5584,2904,ES4609272093824,checking,EUR,3767.61,active,2026-04-20T13:04:40
5585,2905,BR4209401935868,savings,BRL,135638.04,active,2025-07-30T09:11:21
5586,2905,BR2697994577696,credit,BRL,-23314.95,active,2026-05-02T02:14:50
5587,2905,BR6399822737519,checking,BRL,31203.38,closed,2025-05-14T22:23:27
5588,2906,US9819650564693,savings,USD,33.8,frozen,2025-11-06T01:15:44
5589,2906,US6256179485643,credit,USD,-1746.13,active,2025-03-11T15:04:51
5590,2906,US4864408042820,checking,USD,6754,active,2023-05-16T19:37:26
5591,2906,US9797722446193,savings,USD,33479.99,active,2026-01-16T15:33:29
5592,2907,PL3607944820287,savings,PLN,39661.23,active,2023-01-23T17:23:10
5593,2908,IT2562282969376,checking,EUR,2515.87,active,2023-07-29T19:21:29
5594,2909,MX3494752280690,checking,MXN,107747.82,active,2024-11-28T17:48:21
5595,2910,CA4918259146947,credit,CAD,-4944.53,active,2026-04-12T11:22:28
5596,2910,CA3552917451924,checking,CAD,3956.04,frozen,2026-03-18T12:08:52
5597,2911,MX6015391050987,savings,MXN,635733.76,active,2025-10-26T08:04:35
5598,2912,IN4026804699174,credit,INR,-128216.84,closed,2023-09-04T19:33:53
5599,2913,PL1144502396818,savings,PLN,8880.97,frozen,2024-07-22T04:29:23
5600,2913,PL1370390788532,checking,PLN,5504.05,closed,2023-01-17T01:11:36
5601,2914,MX6335486247527,checking,MXN,83763.68,active,2023-06-23T18:44:17
5602,2914,MX6597832644082,checking,MXN,43770.49,active,2024-07-24T01:54:57
5603,2915,BR7305160520002,savings,BRL,98701.69,active,2022-12-12T07:23:11
5604,2915,BR7233031742765,credit,BRL,-15195.81,active,2023-12-12T14:01:15
5605,2916,ES8037276527073,credit,EUR,-3991.37,active,2024-11-28T12:47:46
5606,2916,ES7651095296772,savings,EUR,18186.07,active,2024-06-17T13:49:05
5607,2916,ES9831016162579,savings,EUR,35337.87,active,2024-06-27T14:21:13
5608,2917,FR7458451160348,credit,EUR,-2222.69,active,2022-07-04T01:47:00
5609,2918,AE7904029161277,credit,AED,-3021.64,active,2023-07-09T17:56:34
5610,2918,AE2154734872525,savings,AED,10310.06,active,2024-05-21T18:43:43
5611,2918,AE8776415682207,savings,AED,30117.54,active,2023-03-18T09:19:53
5612,2919,NL5699109233674,credit,EUR,-4535.62,active,2025-12-20T02:00:36
5613,2920,SG1705268494345,checking,SGD,5766.92,active,2024-06-22T16:34:35
5614,2921,JP9980030582571,credit,JPY,-149164.76,frozen,2025-06-11T22:16:58
5615,2921,JP7933150689434,checking,JPY,371013.1,closed,2024-12-30T08:25:53
5616,2922,ES7575399866172,checking,EUR,7734.38,active,2025-09-17T13:15:36
5617,2922,ES7917300443364,savings,EUR,8717.58,active,2026-04-08T08:34:21
5618,2923,GB7132009857798,savings,GBP,36243.72,frozen,2024-10-23T06:14:41
5619,2923,GB7781513074539,savings,GBP,14881.15,active,2025-09-05T19:51:04
5620,2924,SG4286510799193,savings,SGD,14999.68,frozen,2024-08-30T09:33:37
5621,2925,PL5417637252366,checking,PLN,1929.56,closed,2024-09-05T17:38:40
5622,2926,IN9600966787552,checking,INR,166421.78,active,2022-11-24T16:57:02
5623,2926,IN9987846190591,savings,INR,3144896.79,active,2021-10-21T02:39:13
5624,2927,IN1012582484196,checking,INR,201316.46,active,2024-04-26T18:41:23
5625,2928,AT7404654588959,checking,EUR,5219.06,active,2025-03-15T00:56:48
5626,2929,MX4048203363230,checking,MXN,36053.83,frozen,2025-10-12T08:17:03
5627,2930,CA2467084179408,savings,CAD,23645.2,active,2022-08-09T15:16:31
5628,2931,AU4359528199057,credit,AUD,-2654.49,frozen,2025-09-11T12:50:57
5629,2932,DE2237760418732,checking,EUR,6988.72,active,2025-07-30T21:31:08
5630,2933,AE6021095092313,savings,AED,13229.84,active,2026-03-14T02:18:51
5631,2934,JP2986560016186,checking,JPY,895730.32,active,2025-03-15T08:37:59
5632,2935,GB8109289527803,savings,GBP,34127.27,closed,2025-09-04T21:50:51
5633,2935,GB4162908330336,savings,GBP,14849.41,frozen,2026-05-13T10:23:49
5634,2935,GB1584469829980,savings,GBP,16600.99,active,2025-03-21T21:43:45
5635,2936,AT7738261142672,checking,EUR,2926.75,closed,2024-08-19T09:09:24
5636,2936,AT3013455574905,checking,EUR,5410.06,active,2026-02-02T03:22:16
5637,2937,IT3745140290425,checking,EUR,6840.8,active,2026-04-23T16:10:32
5638,2937,IT9662491915358,checking,EUR,1899.47,active,2026-04-12T04:06:12
5639,2938,BR7887426559678,checking,BRL,22597.54,active,2022-08-29T23:49:54
5640,2938,BR1138999661189,savings,BRL,172566.85,active,2023-11-04T10:08:33
5641,2939,IT6779128326861,checking,EUR,3471.73,active,2026-01-28T21:04:07
5642,2939,IT8890602038324,checking,EUR,246.42,active,2022-08-12T12:33:12
5643,2939,IT4245530099769,checking,EUR,6312.39,active,2024-12-21T09:13:46
5644,2940,DE4365231389513,credit,EUR,-996.57,frozen,2026-05-12T12:44:18
5645,2940,DE8237102193587,checking,EUR,2089.11,active,2026-04-14T07:30:43
5646,2941,GB3799549473714,checking,GBP,6598.07,frozen,2024-08-11T07:49:53
5647,2941,GB2595050579019,savings,GBP,20209.42,closed,2025-04-23T22:36:06
5648,2941,GB1741605521348,savings,GBP,39492.34,frozen,2025-07-10T08:17:21
5649,2941,GB8157505144854,checking,GBP,6201.44,active,2025-12-06T22:06:11
5650,2942,UA4730018373565,savings,UAH,114149.93,closed,2023-10-11T14:13:18
5651,2942,UA6089308848528,checking,UAH,185667.03,active,2025-01-06T11:48:24
5652,2942,UA9126463771249,checking,UAH,16991.29,closed,2024-05-07T10:34:37
5653,2943,TR8042315027252,checking,TRY,151578.14,closed,2025-09-01T19:44:37
5654,2944,US1427788610919,savings,USD,26718.84,active,2026-02-21T15:01:53
5655,2944,US5510329974382,credit,USD,-1163.18,active,2024-11-28T21:24:41
5656,2945,PT6564026056481,checking,EUR,3125.43,active,2026-02-02T04:39:12
5657,2946,US7611344614781,checking,USD,368.55,active,2026-05-16T01:08:46
5658,2946,US3037582892518,checking,USD,953.47,active,2026-04-24T13:41:05
5659,2947,IN9829223724564,checking,INR,592022.9,active,2025-08-02T03:46:35
5660,2948,US3397880860860,checking,USD,1018.38,active,2025-09-09T07:55:11
5661,2948,US5098007446289,checking,USD,6054.11,closed,2024-03-28T23:36:51
5662,2948,US1440747842848,checking,USD,4685.6,active,2025-10-05T23:53:22
5663,2948,US8341600035075,checking,USD,4492.98,active,2024-04-14T10:42:04
5664,2949,ZA7780827370769,checking,ZAR,3812.68,active,2024-10-02T02:13:53
5665,2949,ZA5450167391774,checking,ZAR,2600.83,active,2023-06-01T02:05:32
5666,2950,GB1073843464715,checking,GBP,7835.92,frozen,2023-01-11T05:15:46
5667,2951,JP5475889611644,checking,JPY,315100.18,active,2023-11-11T01:42:30
5668,2952,IN8833868618325,savings,INR,2422605.55,active,2026-03-23T03:27:56
5669,2952,IN6799641324237,checking,INR,291718.27,active,2025-03-20T19:32:35
5670,2953,PL7047014035693,checking,PLN,6350.12,frozen,2026-04-15T22:03:46
5671,2953,PL7217638950875,credit,PLN,-32.35,active,2023-08-04T05:56:31
5672,2953,PL4605724951235,savings,PLN,24120.6,active,2023-09-03T05:47:39
5673,2954,ES5596425756458,savings,EUR,12718.94,frozen,2023-01-31T14:55:17
5674,2954,ES9840978297261,savings,EUR,36535.02,active,2024-12-06T23:06:04
5675,2955,AU5208233276662,credit,AUD,-3284.16,active,2025-12-16T09:04:02
5676,2955,AU4871618572053,credit,AUD,-2170.62,frozen,2026-03-08T13:59:41
5677,2956,DE1011661520427,savings,EUR,32953.54,active,2022-05-21T00:05:54
5678,2957,SG1539287217686,checking,SGD,5964.26,active,2025-01-25T10:16:32
5679,2957,SG1197771744964,savings,SGD,38108.21,closed,2024-03-25T15:16:39
5680,2957,SG1458869536494,savings,SGD,37022.91,active,2024-11-02T17:05:51
5681,2958,CA5237756277891,checking,CAD,237.41,active,2021-09-19T17:08:55
5682,2958,CA6578734085911,savings,CAD,24818.93,closed,2021-08-07T14:59:08
5683,2958,CA1707193569046,credit,CAD,-27.61,active,2024-04-29T05:27:22
5684,2959,JP1267064552206,savings,JPY,3159246.58,active,2025-10-10T03:08:48
5685,2959,JP8567976112071,checking,JPY,547738.92,active,2024-02-20T19:12:11
5686,2960,IT2240006388381,checking,EUR,3163.04,active,2023-05-14T04:10:10
5687,2960,IT3659670059500,savings,EUR,28.12,closed,2023-06-20T16:40:04
5688,2961,JP7985326842756,savings,JPY,3808657.51,active,2024-11-16T08:25:05
5689,2962,IN7645357382302,savings,INR,2928453.14,frozen,2025-11-14T23:24:25
5690,2962,IN4567016629791,savings,INR,1868706.26,closed,2023-09-14T01:51:47
5691,2962,IN4230223771871,checking,INR,605473.52,active,2023-01-19T21:21:11
5692,2963,GB9680323651372,savings,GBP,7878.25,active,2025-03-14T01:07:28
5693,2964,GB6787799578404,checking,GBP,1778.78,closed,2023-09-25T16:30:55
5694,2964,GB4729293170927,checking,GBP,6890.95,frozen,2024-08-11T14:17:01
5695,2965,CA5188627038531,savings,CAD,28840.39,active,2026-01-26T07:37:46
5696,2965,CA2375603692018,savings,CAD,34514.95,frozen,2024-03-07T21:08:34
5697,2966,CN1569291582271,savings,CNY,38780.97,active,2023-11-21T07:42:12
5698,2967,ES1137971877590,savings,EUR,14156.51,active,2025-12-27T08:10:29
5699,2967,ES8658890213434,checking,EUR,4236.89,closed,2024-03-27T11:29:42
5700,2968,NO1968200593726,checking,NOK,931.32,active,2024-02-24T11:30:59
5701,2968,NO9082663848244,savings,NOK,28166.55,frozen,2023-01-14T14:11:23
5702,2969,CA4271837333043,credit,CAD,-2274.86,frozen,2026-02-05T18:14:58
5703,2970,IT1381687052442,checking,EUR,909.9,active,2026-04-10T12:01:50
5704,2971,NL1588653181768,savings,EUR,28772.5,closed,2024-01-20T03:50:17
5705,2972,US2333478340852,checking,USD,3148.31,frozen,2024-03-21T12:48:43
5706,2973,IN2645478044177,savings,INR,1426123.95,active,2026-05-12T18:15:36
5707,2973,IN7103260057863,checking,INR,548824.94,closed,2024-12-28T18:58:00
5708,2974,ES1322283447737,savings,EUR,24931.6,active,2026-01-31T16:17:47
5709,2974,ES5591301774710,checking,EUR,6729.77,active,2026-04-29T07:16:41
5710,2975,CA1307130692437,checking,CAD,957.6,active,2021-10-23T04:00:36
5711,2976,US3925685673294,checking,USD,5930.73,active,2022-06-16T05:23:07
5712,2976,US5909097919089,savings,USD,18758.75,active,2023-04-28T20:59:15
5713,2976,US6727887329047,checking,USD,6499.1,active,2023-01-23T22:51:22
5714,2977,US8176339922757,savings,USD,1469.33,frozen,2026-05-07T13:06:00
5715,2977,US8968811977906,checking,USD,2259.98,active,2026-05-10T21:05:02
5716,2978,US8849886610754,savings,USD,6922.26,closed,2023-11-14T01:33:46
5717,2978,US3357622535139,savings,USD,17079.58,active,2023-09-27T00:21:05
5718,2979,JP4600944141349,checking,JPY,828007.13,active,2024-08-02T07:29:44
5719,2979,JP4758778098215,savings,JPY,4012857.64,active,2025-11-26T20:33:38
5720,2979,JP5729635641136,credit,JPY,-254545.24,frozen,2024-10-02T02:41:08
5721,2980,DE3600437168321,savings,EUR,14659.39,active,2025-10-11T02:53:51
5722,2980,DE1696075412297,savings,EUR,6332.58,active,2025-11-26T21:14:54
5723,2981,KR1837246068845,checking,KRW,356652.75,active,2026-02-04T19:06:39
5724,2981,KR7562024759510,savings,KRW,2216606.09,active,2025-05-31T13:24:12
5725,2981,KR4579767489401,credit,KRW,-587356.14,active,2025-07-24T22:01:58
5726,2982,SG5931738119626,credit,SGD,-406.73,active,2026-01-25T02:56:46
5727,2983,JP2863468627669,savings,JPY,2374304.82,frozen,2024-09-13T18:38:58
5728,2983,JP5511425535762,savings,JPY,5273169.61,frozen,2026-02-14T01:40:50
5729,2984,BE1662019587827,checking,EUR,3030.14,active,2022-08-15T14:15:41
5730,2985,US9617105499246,checking,USD,3111.22,closed,2023-06-15T00:44:16
5731,2985,US4736515948424,checking,USD,4787.19,active,2024-05-21T22:54:16
5732,2986,CA8308597255703,checking,CAD,7463.3,active,2025-11-03T14:48:43
5733,2986,CA4287979843082,savings,CAD,84.58,active,2024-05-05T20:38:23
5734,2986,CA3497904643129,savings,CAD,2436.96,active,2023-06-03T19:03:10
5735,2987,SG8345610875438,checking,SGD,6514.63,closed,2025-03-15T21:22:38
5736,2987,SG7458959560242,checking,SGD,5721.83,active,2025-05-06T13:12:10
5737,2987,SG5306190963473,checking,SGD,6904.31,active,2026-05-12T01:21:55
5738,2988,CH9540819880852,checking,CHF,6846.01,active,2025-09-12T21:34:12
5739,2988,CH7522173512653,checking,CHF,6979.15,active,2025-05-06T18:37:38
5740,2988,CH4086077660429,checking,CHF,900.36,active,2025-06-16T11:21:08
5741,2989,KR5668381668978,checking,KRW,463756.17,active,2025-07-14T17:22:39
5742,2990,DE9478870276553,checking,EUR,879.46,active,2025-08-29T16:10:55
5743,2991,AE4057434994701,checking,AED,4411.96,active,2025-11-29T07:27:15
5744,2991,AE7198919730874,savings,AED,72.73,active,2022-10-28T04:03:36
5745,2991,AE6411420428348,checking,AED,2040.84,closed,2024-02-10T22:46:32
5746,2991,AE3380414182716,savings,AED,33166.14,active,2025-03-29T10:23:12
5747,2992,US8446559731510,savings,USD,10317.38,active,2025-09-28T20:04:40
5748,2992,US2303619063130,checking,USD,7310.03,active,2025-08-27T02:26:47
5749,2992,US7416492065793,savings,USD,40168.69,active,2023-12-16T18:23:35
5750,2993,PL5649598044200,savings,PLN,32523.91,frozen,2026-01-27T20:28:17
5751,2994,SG8199441059752,checking,SGD,1136.47,closed,2026-05-11T12:25:27
5752,2994,SG5083113954130,checking,SGD,6579.04,closed,2026-05-16T02:46:37
5753,2994,SG7449048521730,savings,SGD,39302.29,closed,2026-04-25T19:57:49
5754,2995,FR9134973098803,savings,EUR,38446.55,active,2026-04-06T00:29:08
5755,2995,FR8199722681565,credit,EUR,-2561.6,active,2025-08-03T20:02:19
5756,2996,US5688756598364,checking,USD,2785.94,active,2023-10-04T12:31:53
5757,2996,US1906130932957,checking,USD,1736.07,closed,2025-12-06T02:06:13
5758,2997,IT4931138766273,savings,EUR,64.32,active,2025-06-23T09:29:48
5759,2997,IT3356062770059,savings,EUR,19939.52,active,2024-09-22T20:08:28
5760,2998,IN5146221777428,savings,INR,2674261.8,active,2024-03-04T18:47:34
5761,2999,GB9025013272332,savings,GBP,6123.72,frozen,2026-04-11T16:20:57
5762,3000,CA2130937113782,savings,CAD,78.64,frozen,2025-02-28T01:39:07
5763,3001,ES8736020788149,checking,EUR,3650.36,closed,2025-07-17T19:04:35
5764,3001,ES4832118767620,savings,EUR,17917.98,active,2026-01-23T14:01:49
5765,3002,US1788247942461,checking,USD,7490.77,active,2025-11-29T08:17:54
5766,3002,US7680478275769,checking,USD,6903.88,active,2026-02-24T01:22:29
5767,3002,US9220130133454,checking,USD,5299.21,active,2025-11-30T02:33:39
5768,3002,US2150598584388,checking,USD,6680.17,active,2026-01-03T04:30:09
5769,3003,DE8790059255120,savings,EUR,39758.54,active,2024-12-08T15:09:51
5770,3003,DE5835175831003,checking,EUR,1127.09,frozen,2024-11-07T22:17:12
5771,3004,FR3183535556026,savings,EUR,11665.3,active,2025-05-03T16:31:30
5772,3005,BR8000364385740,checking,BRL,5527.42,active,2026-01-24T01:49:02
5773,3006,IN4218867189813,savings,INR,1161990.67,frozen,2025-02-04T23:47:55
5774,3007,BE2455840024470,checking,EUR,3484.8,frozen,2025-11-28T18:50:18
5775,3008,AU5212949139074,credit,AUD,-4764.8,active,2025-11-30T10:23:02
5776,3009,US2609870841623,credit,USD,-1338.12,active,2024-08-09T22:57:53
5777,3009,US1717288851533,checking,USD,166.96,active,2024-10-03T07:15:33
5778,3010,BR4806771597991,savings,BRL,9321.68,active,2024-03-19T14:00:56
5779,3011,US5638100618657,checking,USD,4863.63,frozen,2025-08-06T23:14:12
5780,3011,US7067775264904,credit,USD,-4439.56,active,2023-12-20T08:53:36
5781,3011,US7463524264407,checking,USD,6479.56,active,2023-11-26T06:54:51
5782,3011,US5563476664765,checking,USD,4306.63,active,2023-05-24T13:11:28
5783,3012,IN5336090314713,checking,INR,81553.78,active,2026-03-28T23:51:28
5784,3012,IN9210836048826,checking,INR,104925.09,frozen,2025-04-28T15:02:03
5785,3012,IN8583097349974,checking,INR,450472.22,active,2025-12-18T23:07:56
5786,3013,AU2173109612818,checking,AUD,5065.47,frozen,2025-01-16T07:06:48
5787,3013,AU6094232128610,checking,AUD,4365.42,active,2025-12-11T19:08:31
5788,3014,DE1963170830711,savings,EUR,39254.44,active,2026-03-25T09:12:46
5789,3014,DE2679506528866,checking,EUR,1536.39,active,2023-06-13T00:20:35
5790,3015,SE7471529040187,savings,SEK,1000.88,active,2026-04-20T14:31:10
5791,3016,SE5937131624485,credit,SEK,-1392.45,active,2025-03-30T05:14:39
5792,3016,SE2102318996290,credit,SEK,-3103.61,active,2023-07-26T22:16:56
5793,3016,SE7316721179444,checking,SEK,4601.77,closed,2024-06-03T07:46:36
5794,3016,SE9232370491905,checking,SEK,5346.05,closed,2024-05-31T22:43:30
5795,3017,PT5198811078427,savings,EUR,36012.54,active,2024-10-24T23:10:06
5796,3018,US6889298748260,checking,USD,1889.5,active,2026-01-22T03:09:17
5797,3019,DE1657833099296,savings,EUR,22526.32,active,2025-09-22T09:28:59
5798,3019,DE5734579383698,savings,EUR,8199.61,active,2025-08-09T05:13:32
5799,3020,NO9604962322325,checking,NOK,3085.48,active,2023-05-23T07:13:07
5800,3020,NO9387259298117,savings,NOK,15604.86,active,2023-09-21T05:56:37
5801,3021,ES7229860454409,checking,EUR,7465.29,active,2023-05-30T14:24:02
5802,3021,ES3356510894045,checking,EUR,6406.48,active,2025-12-28T11:14:39
5803,3022,GB2460924438362,savings,GBP,11469.03,active,2025-01-16T05:32:33
5804,3022,GB4463819743693,credit,GBP,-656.2,active,2025-05-06T21:45:07
5805,3022,GB5723655981206,checking,GBP,663.8,active,2025-09-13T17:45:25
5806,3023,IN9701933984173,savings,INR,2803788.1,active,2025-10-17T01:20:00
5807,3023,IN6932105484174,savings,INR,3189924.61,active,2024-07-31T14:25:50
5808,3024,IE5921054881826,credit,EUR,-2041.65,active,2026-04-17T21:41:02
5809,3025,DE5930161370979,savings,EUR,25899.24,active,2023-03-01T15:27:28
5810,3026,NO1645701618837,checking,NOK,1247.56,active,2025-02-10T22:27:56
5811,3026,NO8143606059371,checking,NOK,2453.38,closed,2025-05-14T16:31:40
5812,3027,UA8803581378360,checking,UAH,259840.42,closed,2025-01-09T03:31:04
5813,3028,SE7629356186238,checking,SEK,1750.83,closed,2026-03-01T13:37:17
5814,3029,CN9594142732694,checking,CNY,2428.7,active,2024-03-31T20:05:01
5815,3029,CN6219385737731,credit,CNY,-244.72,closed,2024-10-10T08:32:09
5816,3030,BR4015759081346,checking,BRL,38992.55,active,2023-07-26T05:22:22
5817,3031,JP6429488814350,checking,JPY,773189.07,frozen,2024-08-30T15:09:34
5818,3031,JP4239422179334,checking,JPY,495859.05,active,2025-04-19T23:47:43
5819,3032,DE7833824425683,savings,EUR,9396.7,active,2025-09-20T20:30:37
5820,3032,DE3811121354428,checking,EUR,5914.09,closed,2025-08-05T08:05:08
5821,3032,DE8394729773803,checking,EUR,222.13,closed,2025-06-26T02:37:23
5822,3033,DE2407437739072,savings,EUR,5682.08,active,2024-10-12T13:22:17
5823,3034,CA5833992988117,savings,CAD,30884.99,active,2026-03-08T00:26:17
5824,3035,PL8543802129832,checking,PLN,3396.29,active,2025-05-14T16:39:30
5825,3036,PL5259278258298,checking,PLN,7233.91,active,2026-04-02T20:46:24
5826,3037,JP9379517287301,savings,JPY,4437571.09,frozen,2025-12-07T06:47:02
5827,3038,NO8385167997208,checking,NOK,1675,active,2025-07-19T01:16:07
5828,3038,NO5991510246982,checking,NOK,5555.81,active,2025-06-02T00:50:00
5829,3039,US3256901542959,checking,USD,258.53,active,2023-01-24T04:31:47
5830,3039,US4112603565222,checking,USD,5567.16,frozen,2024-06-12T22:33:16
5831,3040,IN7600869739515,credit,INR,-81565.81,active,2024-12-03T12:54:13
5832,3040,IN3501776127483,savings,INR,1373042.72,active,2023-10-05T07:05:43
5833,3040,IN4440037255255,credit,INR,-14948.8,closed,2024-04-19T16:02:29
5834,3041,ES2294407441611,checking,EUR,1714.48,frozen,2025-04-09T17:10:49
5835,3041,ES9180408268381,credit,EUR,-4883.66,closed,2024-12-02T16:09:43
5836,3042,IT8564016449993,savings,EUR,15786.7,closed,2025-03-11T20:02:56
5837,3042,IT7802320716769,checking,EUR,2750.66,active,2025-11-04T22:59:55
5838,3043,ZA8540345146899,checking,ZAR,2670.1,active,2021-10-18T03:21:04
5839,3043,ZA1586808344519,savings,ZAR,8422.4,active,2025-10-10T11:43:33
5840,3043,ZA7917566180834,credit,ZAR,-356.89,closed,2022-01-10T13:38:24
5841,3043,ZA2226407550755,savings,ZAR,31970.07,active,2026-04-02T22:46:19
5842,3044,SE6656924010488,checking,SEK,6659.48,active,2025-01-06T01:57:56
5843,3044,SE5015136542795,checking,SEK,6727.22,active,2025-10-08T02:50:13
5844,3045,IT4102321270040,checking,EUR,3782.99,active,2025-09-12T16:47:35
5845,3045,IT1363987611690,checking,EUR,1756.28,closed,2025-09-28T02:38:46
5846,3045,IT9499086890739,savings,EUR,58.72,active,2025-08-23T03:54:10
5847,3045,IT7862322970804,checking,EUR,6767.86,active,2025-06-13T01:42:03
5848,3046,DE5210865997070,savings,EUR,33569.01,active,2025-08-20T22:16:42
5849,3047,BE3972536156400,savings,EUR,31668.04,active,2023-04-15T11:34:50
5850,3048,IT7634310476950,checking,EUR,1007.36,active,2026-04-09T12:50:47
5851,3049,ES4030540734714,savings,EUR,36713.4,active,2024-10-27T15:23:52
5852,3050,ZA5475671613145,savings,ZAR,34435.83,active,2022-11-11T17:53:11
5853,3051,AE5891822726291,checking,AED,3383.73,active,2026-02-07T16:51:04
5854,3051,AE4788188356521,checking,AED,5054.83,active,2026-02-10T07:14:43
5855,3051,AE7365227078466,savings,AED,8757.36,active,2026-04-14T14:57:07
5856,3052,US3535914650830,savings,USD,7899.44,active,2026-02-25T05:19:41
5857,3053,PT6066826488206,checking,EUR,7062.66,closed,2025-07-30T09:19:20
5858,3053,PT2744040481782,savings,EUR,37556.01,active,2026-04-27T00:05:10
5859,3054,GB4324663912956,credit,GBP,-484.94,active,2024-02-21T13:23:21
5860,3055,IN2246112058745,savings,INR,1010212.8,active,2024-10-18T17:53:03
5861,3055,IN7807439877471,savings,INR,1742289.58,active,2024-01-24T05:43:10
5862,3055,IN6144748217255,checking,INR,530573.23,frozen,2025-12-06T16:47:41
5863,3056,DE1679810881337,checking,EUR,2948.07,closed,2026-03-03T05:41:04
5864,3057,JP2790856935738,checking,JPY,624132.82,active,2026-05-05T08:16:31
5865,3057,JP6725748058740,checking,JPY,712814.37,frozen,2026-04-14T12:01:07
5866,3058,GB3387390594615,checking,GBP,6583.87,active,2025-12-29T07:12:28
5867,3059,CA7407973095161,checking,CAD,548.04,frozen,2026-04-09T14:13:38
5868,3060,CA6533951993077,savings,CAD,25152.63,active,2022-05-12T15:34:52
5869,3061,CA4913981826325,checking,CAD,4413.53,active,2025-02-03T09:45:52
5870,3062,US5996629111965,checking,USD,691.18,frozen,2023-12-30T07:45:06
5871,3062,US9897818749157,credit,USD,-1780.63,frozen,2024-01-02T03:10:19
5872,3063,CA6231296157529,credit,CAD,-1730.15,active,2025-10-20T15:56:15
5873,3063,CA3864786858155,checking,CAD,2941.62,closed,2025-06-22T20:04:25
5874,3063,CA7836985372214,checking,CAD,2492.34,active,2023-03-15T17:07:33
5875,3064,IN1330779617537,checking,INR,247538.11,closed,2026-05-07T19:14:08
5876,3064,IN2621453364731,checking,INR,124146.94,active,2024-10-07T05:55:11
5877,3064,IN4390064895768,credit,INR,-181195.78,frozen,2023-11-15T07:02:35
5878,3065,TR2621594341233,savings,TRY,266118.54,active,2025-10-25T15:16:00
5879,3065,TR6014512736975,credit,TRY,-137545.29,frozen,2025-04-03T13:59:33
5880,3065,TR9685794118585,savings,TRY,525526.81,active,2026-03-09T03:16:06
5881,3066,ES1189179380506,checking,EUR,321.74,closed,2025-12-19T17:18:32
5882,3066,ES7395013622291,credit,EUR,-4492.32,frozen,2025-05-25T04:13:38
5883,3067,NO9057354727483,checking,NOK,4760.09,frozen,2024-12-04T02:03:28
5884,3068,US2922698695080,savings,USD,39611.82,active,2021-12-07T14:45:24
5885,3068,US4488679940576,savings,USD,15208.38,active,2025-12-10T10:44:41
5886,3069,FR5035005123086,credit,EUR,-1299.87,closed,2025-12-20T14:20:16
5887,3069,FR6003518329533,checking,EUR,4518.39,active,2026-03-10T03:46:32
5888,3069,FR6994558116487,savings,EUR,30096.34,active,2026-01-09T02:53:15
5889,3069,FR5190713091261,checking,EUR,5157.51,closed,2026-03-06T04:01:25
5890,3070,US4796089451429,credit,USD,-4149.74,active,2026-03-24T15:29:58
5891,3070,US5677163940071,checking,USD,3669.63,active,2025-10-02T18:16:04
5892,3071,TR2131535173043,checking,TRY,28980.92,active,2025-04-10T17:45:11
5893,3072,US7126097910851,checking,USD,4161.21,active,2026-03-01T13:07:56
5894,3073,JP3149245979853,savings,JPY,1917977.48,active,2023-06-02T07:50:24
5895,3073,JP9637969817905,credit,JPY,-404754.89,active,2024-05-11T07:41:49
5896,3073,JP7541224544863,savings,JPY,5109723.69,frozen,2025-06-03T13:52:43
5897,3074,GB8290429542563,checking,GBP,3553.87,active,2026-02-12T23:19:43
5898,3074,GB7064881685063,checking,GBP,2091.97,active,2026-01-22T14:27:56
5899,3075,US4505031226815,savings,USD,6204.31,active,2023-02-07T01:26:38
5900,3076,CN2643417046135,savings,CNY,14004.9,active,2025-11-09T05:27:12
5901,3076,CN5178255395811,checking,CNY,935.33,active,2026-02-22T12:56:42
5902,3076,CN5446285475418,checking,CNY,6418.89,active,2024-07-20T14:27:42
5903,3077,IT6668082385076,savings,EUR,23252.42,frozen,2024-03-15T12:35:05
5904,3077,IT7689226978328,credit,EUR,-3899.97,active,2024-11-18T02:27:45
5905,3077,IT8115278923418,savings,EUR,6477.18,active,2024-11-14T03:10:54
5906,3078,SG7135775525495,checking,SGD,7192.73,closed,2024-09-04T19:45:42
5907,3078,SG5597545117216,savings,SGD,22400.59,active,2024-10-29T09:06:00
5908,3078,SG1592193328283,savings,SGD,39322.84,frozen,2026-01-31T08:41:41
5909,3079,NL4725913885351,credit,EUR,-492.56,closed,2024-02-24T20:36:05
5910,3080,FR8423993720657,checking,EUR,5448.85,closed,2025-05-27T10:53:32
5911,3081,US8773712789216,savings,USD,13189.39,active,2026-04-14T19:49:32
5912,3081,US5381268175212,checking,USD,7166.43,active,2025-02-04T21:12:41
5913,3082,CN5919471225064,savings,CNY,16.88,closed,2026-05-10T04:55:51
5914,3083,ZA8848381345478,checking,ZAR,2239.73,active,2025-07-03T14:59:33
5915,3083,ZA7906978422166,savings,ZAR,19859.12,active,2025-09-27T13:43:50
5916,3083,ZA6921691618400,checking,ZAR,2429.56,active,2026-01-30T07:20:37
5917,3084,MX5843425873958,checking,MXN,103025.95,active,2024-03-30T17:24:30
5918,3084,MX4855411011723,savings,MXN,476123.1,closed,2026-01-22T15:33:52
5919,3085,US9712910717553,savings,USD,3510.98,closed,2024-08-03T19:49:35
5920,3086,DE5214795718517,credit,EUR,-79.26,frozen,2025-10-28T15:06:24
5921,3086,DE3062866772596,savings,EUR,38011.15,active,2024-07-02T12:56:55
5922,3087,IT8739680232432,savings,EUR,9369.34,frozen,2026-03-15T17:49:54
5923,3088,IN6578855275969,savings,INR,1283845.11,active,2025-12-27T20:44:40
5924,3089,NO7491712817131,savings,NOK,20283.02,active,2023-02-28T17:31:42
5925,3089,NO8812318642670,savings,NOK,60,closed,2025-06-16T18:45:10
5926,3089,NO5407334984549,savings,NOK,14530.98,active,2026-04-04T01:36:42
5927,3090,US5884162140567,checking,USD,7318.3,frozen,2025-06-26T00:48:40
5928,3090,US7475660423247,checking,USD,5808.88,closed,2025-08-31T18:37:09
5929,3091,DE4988444967327,checking,EUR,4135.82,active,2024-04-14T18:58:19
5930,3092,BR4599660249822,savings,BRL,23639.06,closed,2025-12-30T05:29:36
5931,3092,BR6722229682123,checking,BRL,16151.31,active,2025-03-08T15:04:29
5932,3093,US4571158436050,checking,USD,1799.16,frozen,2022-11-22T08:39:14
5933,3093,US4533424170010,checking,USD,431.5,active,2025-12-16T13:27:38
5934,3093,US3879972161788,checking,USD,4579.66,active,2026-04-13T04:41:52
5935,3094,NL9071919384058,savings,EUR,22280.49,closed,2025-06-15T23:33:33
5936,3094,NL8633989076984,checking,EUR,2627.54,active,2025-08-04T13:03:17
5937,3095,NL6847347040626,checking,EUR,5030.72,active,2025-03-15T07:32:47
5938,3096,IN7389086842203,checking,INR,257825.78,active,2026-02-15T19:31:14
5939,3097,SE2019575791787,checking,SEK,6291.16,closed,2025-05-29T10:21:03
5940,3097,SE2354375533337,savings,SEK,10131.41,frozen,2024-06-25T10:01:54
5941,3098,NL6205779868262,checking,EUR,5991.5,active,2024-07-13T22:08:13
5942,3098,NL1511695816911,checking,EUR,7509.7,frozen,2022-08-10T20:12:23
5943,3098,NL6530633357001,checking,EUR,179.38,active,2025-01-12T22:45:11
5944,3099,CA4556445260701,checking,CAD,5351.99,frozen,2026-01-01T23:18:31
5945,3100,PL2082913119969,checking,PLN,2718.62,closed,2025-11-12T00:17:30
5946,3101,UA6844726071711,checking,UAH,99065.15,active,2025-08-08T22:17:54
5947,3101,UA3639543469704,savings,UAH,769632.76,closed,2026-01-31T09:34:20
5948,3102,JP9916851750950,checking,JPY,52187.6,active,2026-04-15T19:04:54
5949,3103,PL7839910171172,checking,PLN,4717.11,active,2025-05-16T15:57:03
5950,3103,PL9853270131872,checking,PLN,3602.56,active,2022-11-27T22:20:19
5951,3104,FR5109692563557,checking,EUR,1219.93,active,2024-03-01T01:30:54
5952,3104,FR2008699585210,checking,EUR,4251.68,active,2024-11-12T12:49:40
5953,3105,GB3225794426555,checking,GBP,4758.75,active,2025-08-19T02:45:16
5954,3106,US8178147858086,checking,USD,6330.63,active,2025-03-12T12:26:38
5955,3107,US7631125477185,checking,USD,2467.88,frozen,2025-12-24T00:43:01
5956,3107,US3117604876891,savings,USD,6744.97,closed,2026-02-06T22:06:24
5957,3108,GB3701174696001,checking,GBP,4061.02,active,2025-08-27T15:27:55
5958,3109,ZA3902298999661,checking,ZAR,5783.51,closed,2024-03-03T16:56:38
5959,3109,ZA3799088059763,checking,ZAR,3285.09,frozen,2021-10-29T13:38:21
5960,3110,FR4863613321397,checking,EUR,7997.56,active,2025-02-07T07:39:48
5961,3111,IT2150856310339,savings,EUR,18444.51,closed,2024-11-28T01:24:41
5962,3111,IT2760500754684,savings,EUR,9261.6,frozen,2024-03-31T21:27:49
5963,3112,GB1920622194009,checking,GBP,1431.27,active,2024-11-27T03:27:30
5964,3113,IN1861048324558,credit,INR,-46440.36,active,2025-08-13T08:44:34
5965,3114,US2742332419694,savings,USD,24496.58,frozen,2025-01-26T18:03:26
5966,3115,JP9490226469271,checking,JPY,604970.86,closed,2026-03-26T06:59:44
5967,3116,IT8867753346853,checking,EUR,5938.2,active,2024-06-29T08:26:01
5968,3116,IT8605916554993,checking,EUR,7958.8,active,2025-02-13T01:03:46
5969,3117,DK9610756254985,checking,DKK,6514.65,active,2026-03-15T23:12:09
5970,3118,FR7291039484098,savings,EUR,14228.42,closed,2026-02-12T20:54:25
5971,3119,US3400597391642,savings,USD,17982.8,active,2025-02-03T00:01:30
5972,3120,US4645478447325,checking,USD,7339.48,closed,2024-07-07T06:39:49
5973,3121,FR3382111483221,checking,EUR,4390.32,active,2025-03-25T08:43:20
5974,3122,AU7605997073432,checking,AUD,412.7,closed,2023-06-29T04:37:39
5975,3122,AU2945879463615,savings,AUD,20774.16,active,2024-06-03T02:49:58
5976,3123,GB3596967423724,savings,GBP,30164.47,active,2022-10-18T06:11:17
5977,3124,US2575697981176,checking,USD,7109.6,closed,2026-05-09T23:15:26
5978,3125,GB4773332873402,checking,GBP,5480.21,active,2025-04-14T01:02:10
5979,3125,GB2119346973894,checking,GBP,1877.76,active,2024-03-18T11:39:48
5980,3125,GB4440752538822,savings,GBP,8165.74,active,2026-04-21T00:10:27
5981,3126,CN2276244279959,checking,CNY,4923.4,active,2024-11-14T05:44:45
5982,3126,CN6292544567393,savings,CNY,22292.69,active,2026-05-03T02:38:49
5983,3126,CN5173001142620,checking,CNY,6308.24,active,2025-04-09T15:26:03
5984,3127,IN4999919575461,checking,INR,415692.42,active,2026-03-06T00:02:28
5985,3128,US5358161033293,checking,USD,975.69,closed,2025-12-03T03:25:37
5986,3128,US6173436991903,savings,USD,21219.88,frozen,2024-02-26T07:20:07
5987,3129,CA3434806344965,checking,CAD,7400.63,active,2024-11-19T19:31:38
5988,3130,PL2224594935721,checking,PLN,994.86,frozen,2023-09-23T03:17:42
5989,3131,GB2634716751246,savings,GBP,10181.58,active,2024-12-06T21:07:51
5990,3132,IE5858502331134,savings,EUR,18143.14,active,2025-10-11T18:56:41
5991,3132,IE6973351517652,credit,EUR,-3054.56,active,2026-03-31T00:06:13
5992,3133,FR1186439268166,checking,EUR,4552.44,active,2026-01-14T12:15:12
5993,3133,FR4843622598430,checking,EUR,6449.49,closed,2024-09-12T18:51:59
5994,3134,PL6771007976865,savings,PLN,33053.51,active,2023-03-07T12:53:30
5995,3134,PL7073655781987,checking,PLN,4455.69,frozen,2024-01-07T10:02:15
5996,3134,PL3801740442145,checking,PLN,6138.48,closed,2025-03-29T18:57:35
5997,3135,AU8754979566786,savings,AUD,38911.38,active,2026-01-28T14:21:25
5998,3135,AU5491035199201,savings,AUD,36589.23,frozen,2025-12-08T21:55:53
5999,3136,BR2083038121592,savings,BRL,139194.21,active,2024-07-13T22:35:08
6000,3136,BR3850262875736,savings,BRL,29343.68,active,2026-01-20T13:39:01
6001,3136,BR1293099625847,savings,BRL,200.5,active,2025-08-01T01:03:38
6002,3137,US5614534047654,checking,USD,3197.76,active,2023-09-19T17:28:56
6003,3137,US3056573128998,checking,USD,7313.66,active,2024-05-31T13:34:11
6004,3138,ES6060813518540,savings,EUR,64.84,active,2024-10-15T09:17:44
6005,3139,IT6410764432347,checking,EUR,766.11,closed,2025-09-21T16:20:23
6006,3139,IT2684130851447,savings,EUR,4457.37,active,2026-03-14T16:02:13
6007,3139,IT1216437966526,checking,EUR,5302.59,active,2026-03-17T07:42:55
6008,3140,UA3882438417771,credit,UAH,-104724.72,active,2026-04-08T17:55:29
6009,3141,US7772299354989,checking,USD,3680.58,closed,2024-06-26T22:45:09
6010,3142,IT6514557531650,savings,EUR,2244.18,active,2023-02-14T08:23:29
6011,3143,CA9642897361224,checking,CAD,1376.82,frozen,2025-01-18T10:55:48
6012,3144,JP9766103190768,checking,JPY,767065.38,active,2025-11-05T16:04:17
6013,3144,JP3832111713661,credit,JPY,-38051.19,active,2025-11-21T17:24:25
6014,3145,CA5391648273077,checking,CAD,4796.08,active,2024-10-16T04:57:45
6015,3146,DE9649342468219,checking,EUR,118.88,active,2026-04-18T04:28:04
6016,3147,US2810497382763,checking,USD,805.24,active,2021-12-27T18:35:41
6017,3147,US1157938815216,checking,USD,6757.43,active,2026-03-02T02:26:45
6018,3148,CA1001530962055,checking,CAD,6853.74,frozen,2025-01-19T00:07:29
6019,3149,PL4918499432857,checking,PLN,7592.38,active,2024-12-11T05:09:37
6020,3150,IN9895509923424,checking,INR,450600.77,active,2025-07-23T02:24:27
6021,3150,IN5961960886562,checking,INR,31203.41,active,2026-01-16T04:13:55
6022,3151,DE3941405074983,credit,EUR,-2279.75,active,2024-08-05T19:19:36
6023,3152,MX2231615492933,checking,MXN,65794.83,active,2024-09-20T18:56:48
6024,3153,BE9978402195309,savings,EUR,11096.13,active,2025-11-27T21:17:46
6025,3154,UA5864775426406,checking,UAH,45523.52,active,2024-06-19T22:37:08
6026,3154,UA7212170312435,savings,UAH,1066.77,active,2026-05-14T03:37:49
6027,3155,US9781948262583,checking,USD,4211.04,frozen,2023-09-12T21:19:48
6028,3155,US7519585369107,checking,USD,3263.3,active,2023-05-27T16:53:51
6029,3156,IN1718204975041,checking,INR,294197.36,frozen,2026-02-10T00:37:46
6030,3156,IN3438228524679,checking,INR,191250,active,2025-08-20T03:14:08
6031,3156,IN5820678872982,checking,INR,307482.18,active,2026-01-27T03:37:41
6032,3157,AU6902265584506,checking,AUD,7133.47,frozen,2025-09-28T23:11:27
6033,3157,AU4733183914362,credit,AUD,-1700.45,active,2024-12-03T09:31:07
6034,3158,CH5311708255230,checking,CHF,7450.22,closed,2024-10-18T02:09:14
6035,3158,CH5949026510041,checking,CHF,3396.72,closed,2025-04-08T11:15:27
6036,3159,GB7957468037651,checking,GBP,7142.55,closed,2025-09-12T07:09:00
6037,3159,GB6724033892206,checking,GBP,2540.6,closed,2024-02-04T22:16:05
6038,3159,GB7309704447655,checking,GBP,2658.79,active,2023-09-08T01:20:21
6039,3160,IN9971959181057,savings,INR,1665200.08,active,2025-05-14T05:52:52
6040,3160,IN9318535626569,checking,INR,597553.91,active,2024-05-21T15:07:18
6041,3161,AU9476363085694,checking,AUD,2049.26,frozen,2023-05-09T10:18:01
6042,3162,IT7643397961131,checking,EUR,894.51,frozen,2026-04-03T15:46:49
6043,3162,IT7103742329378,savings,EUR,14622.27,closed,2026-03-17T16:32:25
6044,3163,US3940499742138,savings,USD,36176.86,active,2026-05-11T05:00:21
6045,3164,ES3410762551682,savings,EUR,24437.58,active,2024-11-16T02:21:26
6046,3164,ES2993248227589,savings,EUR,39024.59,frozen,2025-10-25T13:10:01
6047,3165,GB4010176750558,checking,GBP,2361.27,active,2025-05-19T01:45:21
6048,3166,IN9035828821712,checking,INR,548687.95,active,2024-11-10T13:27:32
6049,3166,IN2910163020255,checking,INR,252471.07,active,2025-03-26T16:32:28
6050,3166,IN5503633334208,checking,INR,419199.8,closed,2025-04-10T11:31:36
6051,3167,UA7518059876218,checking,UAH,112915.21,active,2026-02-15T07:16:09
6052,3168,US3484389288237,checking,USD,2641.92,active,2025-06-15T02:09:20
6053,3168,US3076129357243,checking,USD,2536.96,frozen,2026-01-21T00:16:42
6054,3169,SE7432339973328,checking,SEK,7539.46,active,2026-04-04T21:04:34
6055,3169,SE7308003150046,savings,SEK,1788.61,active,2025-11-04T16:17:13
6056,3169,SE4433619188809,savings,SEK,31359.71,active,2026-01-10T14:47:06
6057,3170,IN9769574796532,checking,INR,546392.86,active,2026-03-03T14:15:39
6058,3170,IN7586411560228,savings,INR,2354849.23,active,2026-03-26T18:25:13
6059,3171,ES2124907160960,checking,EUR,7983.66,closed,2024-09-17T05:41:55
6060,3171,ES6866792861213,checking,EUR,4188.38,active,2024-11-01T19:37:51
6061,3172,US9335269026144,checking,USD,337.24,active,2025-05-06T00:53:21
6062,3173,PL7544446999058,checking,PLN,2867.99,frozen,2026-04-29T20:16:39
6063,3174,NL7859863223019,checking,EUR,5082.49,closed,2024-08-08T20:28:57
6064,3174,NL2241286023357,checking,EUR,758.07,active,2026-04-10T01:32:52
6065,3175,UA6103148260175,checking,UAH,124546.99,active,2022-08-03T23:17:20
6066,3175,UA7340908390455,savings,UAH,1165923.23,active,2024-08-01T20:26:09
6067,3176,US1116112161451,checking,USD,1247.22,frozen,2025-09-08T12:36:12
6068,3177,AE2855859153984,checking,AED,5279.03,active,2026-05-07T18:19:23
6069,3178,NL1249490716286,checking,EUR,2040.75,closed,2025-07-17T09:29:12
6070,3178,NL2216734747423,checking,EUR,4078.03,frozen,2026-03-13T11:34:10
6071,3178,NL7827897695345,savings,EUR,31206.63,active,2025-05-09T22:02:01
6072,3179,DE3704116520802,checking,EUR,741.88,active,2025-10-31T19:29:07
6073,3180,GB1717994027871,checking,GBP,7798.99,active,2026-03-27T21:05:40
6074,3181,GB5770200257782,savings,GBP,23043.27,active,2024-04-12T04:45:19
6075,3182,US7521633531986,checking,USD,7111.28,closed,2025-06-19T03:53:53
6076,3183,IN9312883619004,savings,INR,896483.44,active,2026-04-10T01:10:19
6077,3183,IN4300167250044,savings,INR,3241031.76,active,2026-04-04T09:11:51
6078,3184,GB9895717369380,checking,GBP,1193.96,frozen,2025-12-01T17:25:02
6079,3184,GB2540129129784,checking,GBP,810.23,active,2026-04-24T17:13:21
6080,3184,GB6678236919544,savings,GBP,32389.59,frozen,2025-09-23T21:06:41
6081,3185,FR2617977672539,checking,EUR,5021.85,closed,2026-03-02T11:37:38
6082,3185,FR3808197290431,savings,EUR,34865.66,active,2025-08-01T17:59:32
6083,3186,US8509279840138,checking,USD,2162.76,closed,2026-03-13T12:11:16
6084,3186,US5591560491273,savings,USD,94.51,closed,2025-10-08T03:56:08
6085,3186,US8219667877750,credit,USD,-4606.47,active,2025-03-11T13:29:16
6086,3187,US9348565620065,credit,USD,-1339.21,frozen,2026-04-28T08:36:08
6087,3187,US1674618682649,savings,USD,20.72,closed,2026-05-09T14:12:14
6088,3187,US7069618119337,checking,USD,133.62,active,2026-05-11T20:59:39
6089,3188,IN1207876134078,checking,INR,580631.59,active,2026-04-14T18:25:25
6090,3188,IN5731687313295,checking,INR,218275.42,active,2026-05-16T13:06:49
6091,3189,PL9168912776035,checking,PLN,3130.51,active,2022-06-23T18:04:37
6092,3189,PL9748846266866,checking,PLN,7520.9,active,2022-03-07T17:21:39
6093,3190,IN8586942315245,checking,INR,290514.1,closed,2023-06-06T03:56:25
6094,3190,IN2688833767343,checking,INR,80838.19,closed,2026-02-13T01:55:23
6095,3191,UA7693557071778,checking,UAH,194069.22,closed,2026-04-03T20:14:24
6096,3192,PL9453248336854,savings,PLN,27390.02,active,2024-09-27T06:49:45
6097,3192,PL1487692677712,savings,PLN,16497.41,closed,2023-06-29T14:23:05
6098,3193,SG2060300331979,savings,SGD,8947.58,closed,2024-01-18T04:35:40
6099,3194,SE2305804268003,checking,SEK,6650.93,active,2025-12-11T18:32:02
6100,3195,US8602967088992,savings,USD,5849.85,active,2025-12-15T17:45:00
6101,3195,US3809597226183,savings,USD,16362.39,active,2023-05-28T05:17:35
6102,3195,US8756700219518,checking,USD,6661.34,active,2023-06-11T18:07:36
6103,3196,ZA2208694325737,checking,ZAR,3205.11,frozen,2024-08-24T18:27:07
6104,3197,AU4492414348650,checking,AUD,6184.37,frozen,2026-04-29T05:05:07
6105,3197,AU9877753110474,checking,AUD,7925.04,active,2026-04-18T20:25:31
6106,3198,IT3741756263599,checking,EUR,4665.39,frozen,2023-05-24T18:13:31
6107,3198,IT1306128883437,checking,EUR,5836.3,active,2025-02-23T21:36:07
6108,3199,NL9002107178760,checking,EUR,3128.49,active,2026-02-11T17:46:43
6109,3199,NL3388743589997,savings,EUR,30067.18,active,2026-05-08T21:49:39
6110,3199,NL5968610988583,checking,EUR,3136.1,active,2025-02-09T11:00:07
6111,3200,IT1670495117739,checking,EUR,3940.61,active,2025-11-27T19:31:29
6112,3200,IT7680709021416,checking,EUR,1813.44,active,2025-06-30T16:44:59
6113,3200,IT7649113335698,checking,EUR,483.38,active,2025-06-16T09:01:25
6114,3201,FR5948821287720,savings,EUR,19969.99,active,2023-03-20T23:33:57
6115,3201,FR7055351259892,checking,EUR,1424,active,2024-09-01T15:36:04
6116,3202,NL8182102152514,checking,EUR,3514.35,closed,2025-09-23T13:28:41
6117,3203,BR6214336198417,checking,BRL,24812.15,active,2026-03-06T23:16:04
6118,3204,ES4286140829379,checking,EUR,3127.69,active,2025-04-12T07:22:09
6119,3205,AU9666659641904,checking,AUD,3289.46,closed,2026-03-31T17:28:50
6120,3206,KR8620568468741,checking,KRW,605636.53,frozen,2026-03-30T13:36:07
6121,3207,MX4257025589137,savings,MXN,642118.64,active,2026-04-14T05:59:11
6122,3207,MX9371063256783,savings,MXN,55126.16,active,2026-01-22T21:49:23
6123,3208,IE5072839098013,savings,EUR,24835.17,active,2024-01-28T17:38:08
6124,3209,PL3425994225389,savings,PLN,35614.8,active,2026-04-30T20:59:00
6125,3210,GB6611810256700,savings,GBP,32761.93,active,2025-04-14T20:36:55
6126,3210,GB3902840685961,credit,GBP,-4035.06,active,2025-12-06T09:27:27
6127,3210,GB9773406222471,checking,GBP,4569.18,active,2024-04-27T06:55:46
6128,3211,JP1038017747786,savings,JPY,847404.33,active,2022-05-07T00:02:40
6129,3211,JP4348585869189,checking,JPY,746067.11,active,2021-09-10T12:26:43
6130,3212,JP8101916847807,savings,JPY,1331318.59,active,2024-06-11T03:30:52
6131,3212,JP3460359617052,savings,JPY,662271.81,active,2026-01-02T16:56:35
6132,3213,US6517682629647,savings,USD,18313.58,closed,2025-06-13T07:30:42
6133,3213,US9269955332809,savings,USD,30096.65,active,2022-01-15T14:47:24
6134,3213,US9647474149515,savings,USD,29023.3,frozen,2024-07-06T19:22:13
6135,3214,FR8709070618077,credit,EUR,-3466.22,frozen,2024-10-22T00:21:33
6136,3215,ES3822379931670,checking,EUR,3873.27,closed,2026-04-25T16:14:59
6137,3215,ES2991279135265,checking,EUR,3290.8,frozen,2026-01-15T11:03:12
6138,3215,ES8256268396356,checking,EUR,2114.97,active,2026-04-17T09:40:59
6139,3216,BR8987612869083,credit,BRL,-24700.98,closed,2023-05-27T23:18:41
6140,3216,BR5008793975008,checking,BRL,7835.23,active,2025-09-13T16:08:34
6141,3216,BR4749820855465,checking,BRL,4390.34,active,2024-01-15T15:59:34
6142,3217,FI2890239832477,checking,EUR,2730.44,active,2024-08-01T14:31:43
6143,3217,FI5871584774964,checking,EUR,5368.66,active,2025-03-31T22:37:56
6144,3217,FI5753367746774,checking,EUR,4928.63,closed,2025-10-22T08:33:15
6145,3217,FI9992833685665,checking,EUR,296.07,active,2022-12-24T20:02:36
6146,3218,US2001761361030,savings,USD,28.07,active,2025-12-30T15:01:04
6147,3218,US4983210296306,checking,USD,3195.57,active,2026-01-28T19:42:08
6148,3218,US1406763253955,checking,USD,5472.36,frozen,2024-09-04T16:29:28
6149,3219,GB1509352786396,checking,GBP,7271,active,2025-12-07T11:19:04
6150,3220,SE3846276183953,checking,SEK,222.68,frozen,2025-06-27T18:21:15
6151,3220,SE2001948076253,checking,SEK,684.03,frozen,2024-07-04T01:04:46
6152,3221,DE4951299936368,savings,EUR,2935.02,active,2024-04-10T14:04:45
6153,3221,DE6543572458108,checking,EUR,5052,active,2025-06-02T02:07:00
6154,3221,DE4868259188460,savings,EUR,3503.54,active,2025-06-27T21:16:31
6155,3222,MX7461985143305,checking,MXN,55304.73,active,2025-08-06T18:06:18
6156,3223,IN2449741827290,savings,INR,1519704.24,active,2024-01-27T10:01:51
6157,3223,IN9226993696457,credit,INR,-134757.94,active,2023-04-24T09:50:56
6158,3224,CA2240144878254,savings,CAD,27895.65,closed,2025-10-27T23:24:52
6159,3224,CA8263128465427,checking,CAD,2383.48,closed,2025-12-08T10:53:27
6160,3224,CA7981367772025,checking,CAD,6163.13,closed,2024-05-09T05:05:33
6161,3224,CA6269750645618,savings,CAD,26130.04,active,2024-03-22T22:51:35
6162,3225,US1404978799647,checking,USD,7099.87,frozen,2025-10-13T18:32:56
6163,3225,US6573503949046,savings,USD,77.89,active,2026-02-26T22:36:59
6164,3226,BE2891205125284,checking,EUR,4587.46,active,2025-03-01T06:35:21
6165,3226,BE8060222421165,checking,EUR,4082.03,active,2023-08-23T00:30:11
6166,3226,BE7324627345241,checking,EUR,7977.68,active,2024-04-10T06:38:22
6167,3227,AU8365834957843,checking,AUD,3963.22,active,2025-04-27T08:20:57
6168,3227,AU6283996597273,savings,AUD,37475.7,active,2025-10-01T13:00:22
6169,3228,US9801455337661,savings,USD,28266.8,frozen,2022-11-01T23:51:12
6170,3229,JP2542142943322,checking,JPY,487654.26,frozen,2025-11-24T14:37:44
6171,3229,JP9284947836356,savings,JPY,2068520.73,frozen,2025-09-19T10:34:04
6172,3229,JP3890912467032,checking,JPY,305093.29,closed,2026-05-15T02:44:11
6173,3230,CH5551517293602,checking,CHF,6477.15,active,2024-08-16T18:00:35
6174,3230,CH3990089824238,savings,CHF,23278.55,closed,2025-03-19T22:58:57
6175,3231,GB7034232693185,savings,GBP,47.73,active,2021-11-12T08:00:55
6176,3231,GB4221049986958,checking,GBP,3644.29,active,2026-03-26T19:12:52
6177,3232,IN5990109363321,savings,INR,1137591.74,frozen,2022-12-23T12:57:35
6178,3233,PL9433502679454,checking,PLN,7404.02,active,2024-06-12T17:13:00
6179,3234,SG4016119720573,checking,SGD,6749.88,active,2026-01-30T09:25:56
6180,3235,PL5703245659774,savings,PLN,6129.57,active,2021-12-20T14:02:05
6181,3236,FR5001312669521,checking,EUR,4447.11,active,2024-05-17T11:50:46
6182,3236,FR2803895750078,savings,EUR,22856,closed,2024-03-18T00:55:34
6183,3236,FR6143765474551,checking,EUR,3771.43,active,2023-11-14T07:45:24
6184,3237,CA1666585816155,checking,CAD,1253.15,active,2026-04-20T21:48:16
6185,3238,CA8829125175219,savings,CAD,5807.35,closed,2024-12-12T01:02:56
6186,3238,CA4897327860194,savings,CAD,8212.08,active,2025-05-13T07:12:49
6187,3239,JP8211907032488,savings,JPY,2275531.33,closed,2025-03-19T15:19:27
6188,3240,PL1142144323662,checking,PLN,5769.73,active,2026-05-09T09:21:34
6189,3241,UA5758394069887,savings,UAH,1322704.94,closed,2023-11-05T22:19:58
6190,3241,UA4080510474439,checking,UAH,128106.32,closed,2024-07-16T16:36:53
6191,3242,CA4858613449478,credit,CAD,-2607.37,closed,2024-06-08T18:22:35
6192,3242,CA7004589631205,checking,CAD,3263.22,active,2025-01-13T01:07:09
6193,3242,CA7232876359301,savings,CAD,13009.84,active,2023-10-31T09:58:57
6194,3243,UA6182641172878,savings,UAH,1232170.34,closed,2024-08-07T03:50:40
6195,3243,UA5544815876772,savings,UAH,1543370.8,frozen,2022-01-21T17:43:32
6196,3243,UA7404558647760,checking,UAH,227130.68,active,2023-08-02T00:43:31
6197,3244,AU4742130578215,checking,AUD,3734,active,2024-08-25T02:28:57
6198,3244,AU2132250478311,checking,AUD,6958.61,frozen,2026-04-05T04:02:11
6199,3245,AU9257992217223,checking,AUD,4405.63,frozen,2024-03-17T11:35:11
6200,3246,DE3067244371673,checking,EUR,4615.57,active,2025-02-05T07:56:56
6201,3246,DE6928226337524,savings,EUR,3542.19,active,2023-06-29T22:52:51
6202,3246,DE4240353989300,savings,EUR,3723.78,active,2024-10-15T12:35:06
6203,3247,AU2061070674652,savings,AUD,34962.24,closed,2023-01-06T13:47:03
6204,3248,IE2540206274332,credit,EUR,-1955.42,active,2023-02-12T08:18:53
6205,3248,IE8513254880953,checking,EUR,1124.13,closed,2026-04-06T12:31:11
6206,3248,IE8547900343464,credit,EUR,-1695.56,closed,2025-12-15T07:09:20
6207,3248,IE8533227867615,checking,EUR,5228.48,active,2024-09-11T12:29:43
6208,3249,US4886163919716,checking,USD,168.86,active,2022-12-06T20:07:20
6209,3250,FR6839649091305,savings,EUR,25659.55,frozen,2024-08-31T13:53:49
6210,3250,FR8650505941030,credit,EUR,-2019.47,active,2024-10-15T15:25:25
6211,3251,GB3412942683731,savings,GBP,9003.4,active,2021-12-08T17:40:38
6212,3251,GB3637968335637,savings,GBP,27668.62,active,2023-02-28T03:51:19
6213,3252,JP1991898798454,checking,JPY,296364.1,frozen,2022-05-06T08:16:44
6214,3252,JP7413484452898,checking,JPY,143875.68,active,2023-05-11T15:59:47
6215,3253,US1800445382404,checking,USD,4713.89,active,2023-11-11T07:21:51
6216,3254,NL2862481277520,checking,EUR,200.06,closed,2025-02-23T22:04:06
6217,3254,NL5453326829512,savings,EUR,32556.81,active,2026-03-20T05:49:23
6218,3255,GB2032875528347,checking,GBP,678.32,active,2026-02-22T07:07:34
6219,3256,DE6324891824139,savings,EUR,2205.78,active,2025-11-27T10:05:36
6220,3257,US2683960089348,savings,USD,30910.5,closed,2025-07-22T07:55:59
6221,3258,ES5055817426948,savings,EUR,31522.34,closed,2026-02-01T06:08:05
6222,3258,ES3151682921377,checking,EUR,6566.19,active,2026-04-13T08:04:36
6223,3259,UA1328986674000,checking,UAH,73301.01,frozen,2024-07-12T05:10:05
6224,3260,US8347298088390,savings,USD,38.22,closed,2026-05-15T08:36:09
6225,3261,ES6003083235029,savings,EUR,19482.73,active,2023-01-04T08:36:12
6226,3262,IT7706010957387,checking,EUR,749.87,active,2025-03-28T03:08:21
6227,3263,IE5498819586578,checking,EUR,2699.18,active,2026-02-19T02:51:06
6228,3263,IE7817159294349,savings,EUR,6640.29,closed,2025-07-06T16:20:14
6229,3264,US9412699252402,savings,USD,33725.87,active,2024-04-14T22:26:35
6230,3264,US9032130652340,savings,USD,2465.57,active,2024-03-01T17:54:03
6231,3265,GB5197386917181,savings,GBP,1.29,active,2024-11-26T03:40:46
6232,3266,TR1089972284683,credit,TRY,-54969,active,2025-04-10T03:12:54
6233,3266,TR8233279562113,checking,TRY,143370.51,active,2023-01-30T18:32:35
6234,3267,MX6292399428896,savings,MXN,434810.52,active,2024-06-27T23:58:52
6235,3268,NO9050899189621,credit,NOK,-2245.49,active,2025-10-23T08:14:04
6236,3269,IT2524337780067,checking,EUR,1375.28,active,2026-02-09T09:45:31
6237,3270,DE7889223945102,checking,EUR,7842.81,frozen,2025-06-09T13:14:31
6238,3271,DE3522961940171,checking,EUR,7012.74,active,2024-02-03T16:33:04
6239,3272,UA9854378818138,checking,UAH,211014.01,active,2024-10-13T20:56:44
6240,3272,UA8131543665933,checking,UAH,193427.05,active,2026-01-24T20:32:58
6241,3273,GB6958358449977,checking,GBP,3748.37,active,2026-04-04T13:54:24
6242,3274,BR7727755211201,savings,BRL,131471.51,frozen,2024-12-15T04:41:13
6243,3274,BR3460275568474,checking,BRL,10866.57,active,2023-03-05T08:59:27
6244,3275,US8607000695725,checking,USD,1538.85,active,2024-11-08T03:56:20
6245,3275,US3855278543425,checking,USD,4876.42,frozen,2026-04-11T02:01:33
6246,3275,US4243037116849,checking,USD,792.54,active,2023-07-08T00:01:19
6247,3276,SG9203135526251,savings,SGD,40194.89,active,2023-03-25T01:53:56
6248,3277,ES3922119816931,checking,EUR,1477.19,closed,2024-07-27T11:44:39
6249,3278,DE9967760213894,credit,EUR,-4583.65,active,2026-03-28T02:21:58
6250,3278,DE6749757646095,savings,EUR,57.69,active,2026-04-21T01:55:30
6251,3279,AT2499534794377,checking,EUR,2287.93,active,2024-09-28T21:54:46
6252,3280,JP6259390270573,savings,JPY,5267632.41,active,2025-12-20T07:27:40
6253,3281,IN3056525021232,checking,INR,101262.92,frozen,2025-09-18T21:26:02
6254,3282,JP2098540486641,credit,JPY,-622394.35,closed,2026-02-05T14:43:47
6255,3282,JP9722576830050,checking,JPY,6772.06,active,2024-02-13T08:01:25
6256,3282,JP2852067944815,checking,JPY,266985.22,frozen,2022-08-07T02:50:50
6257,3283,CA7324249415637,checking,CAD,7250.43,frozen,2025-01-30T07:51:52
6258,3283,CA1236756624791,credit,CAD,-2271.9,frozen,2024-06-07T07:24:26
6259,3283,CA8135458741072,checking,CAD,4105.14,active,2024-04-27T08:31:50
6260,3283,CA5237015740758,savings,CAD,30970.26,active,2024-11-14T17:12:16
6261,3284,BR6510658066105,savings,BRL,13205.71,active,2026-04-20T07:42:23
6262,3285,DE3296059923928,savings,EUR,18692.54,active,2024-05-11T01:43:54
6263,3286,IN4198206627891,checking,INR,128584.62,active,2025-10-15T07:53:07
6264,3286,IN9113665427364,savings,INR,2168494.17,active,2025-08-25T21:37:07
6265,3286,IN6809676071849,credit,INR,-360694.8,active,2026-03-13T23:34:34
6266,3287,CA4680873194481,checking,CAD,1598.85,active,2026-03-08T01:08:02
6267,3288,IN7562663230659,savings,INR,988942.86,active,2025-07-09T23:37:19
6268,3288,IN6756068540460,savings,INR,1970130.47,closed,2025-02-18T07:34:29
6269,3289,DE3974973349111,savings,EUR,15484.1,active,2023-04-11T21:44:18
6270,3289,DE8205386360703,credit,EUR,-2575.14,frozen,2022-12-03T07:21:06
6271,3290,DE1747008281263,savings,EUR,21983.5,active,2022-08-06T04:14:44
6272,3291,AU4012213478501,checking,AUD,7532.6,active,2025-12-05T17:50:49
6273,3292,ZA5395196686107,credit,ZAR,-3335.97,active,2023-12-08T19:16:04
6274,3292,ZA4252809645341,checking,ZAR,3939.62,frozen,2023-10-19T12:55:16
6275,3293,ES9979845317667,savings,EUR,8670.13,active,2026-02-10T07:41:12
6276,3293,ES7782825651524,savings,EUR,10716.57,frozen,2025-04-11T19:52:11
6277,3294,FR1454114473687,checking,EUR,6860.62,closed,2025-08-23T17:47:49
6278,3294,FR9704346579107,savings,EUR,8575.14,active,2024-03-16T15:22:35
6279,3294,FR1822229736669,checking,EUR,3035.87,active,2026-04-18T21:10:46
6280,3294,FR4418206932352,checking,EUR,5964.73,active,2025-05-17T11:53:03
6281,3295,ES6643230049223,checking,EUR,4937.19,active,2026-01-16T19:51:09
6282,3295,ES3315586654186,checking,EUR,5704.81,active,2023-06-09T17:53:58
6283,3295,ES5547574342689,checking,EUR,4748.75,active,2023-01-31T21:44:22
6284,3296,DE2311516549810,checking,EUR,5180.13,active,2026-03-12T14:21:59
6285,3296,DE3553599412653,savings,EUR,16365.94,active,2024-09-27T04:56:32
6286,3296,DE9287546082633,savings,EUR,36947.45,closed,2025-02-17T16:03:19
6287,3297,FR9897092315001,savings,EUR,12530.46,active,2025-07-10T07:31:37
6288,3298,AU6778336381951,checking,AUD,4525.41,frozen,2025-03-20T10:56:18
6289,3298,AU8012789943581,checking,AUD,6485.68,active,2025-04-12T16:44:54
6290,3299,GB3947885794548,savings,GBP,20257.58,active,2025-05-14T20:36:16
6291,3299,GB3626127231662,checking,GBP,497.81,active,2025-04-20T04:12:24
6292,3300,GB8143944851966,credit,GBP,-50.41,closed,2024-12-05T21:15:54
6293,3300,GB6368091593472,savings,GBP,22839.53,active,2025-05-14T18:10:50
6294,3300,GB7316135011017,checking,GBP,2802.24,active,2024-10-07T21:02:13
6295,3301,CH2231894697019,checking,CHF,1351.72,active,2026-01-19T06:15:13
6296,3302,IE6622368088563,checking,EUR,3790.51,active,2024-10-14T19:48:09
6297,3302,IE2556668654998,checking,EUR,7870.19,active,2021-10-06T04:19:53
6298,3302,IE2208569049467,savings,EUR,19263.42,closed,2021-12-15T16:03:38
6299,3303,ES6527757494684,checking,EUR,3368.03,active,2024-04-09T06:22:25
6300,3303,ES4121689350088,savings,EUR,4356.3,active,2024-03-07T18:33:55
6301,3303,ES4653010759787,credit,EUR,-3627.08,active,2026-01-17T16:40:27
6302,3304,FR8483461190762,checking,EUR,1959.73,active,2024-03-02T00:17:04
6303,3304,FR6337989697228,credit,EUR,-3624.92,frozen,2021-06-11T06:25:02
6304,3305,US9330158327070,checking,USD,1022.45,active,2025-08-30T19:15:21
6305,3305,US6177098140480,credit,USD,-80.7,closed,2025-07-29T21:04:46
6306,3305,US8152932710348,checking,USD,2750.92,active,2026-04-14T14:22:25
6307,3306,TR5506905147204,checking,TRY,124337.24,active,2024-01-10T03:40:37
6308,3306,TR7252855527004,credit,TRY,-100973.49,closed,2024-10-10T21:33:26
6309,3307,DE9018459072164,checking,EUR,4497.64,frozen,2025-12-28T11:08:44
6310,3308,JP7610673443881,savings,JPY,4081871.48,active,2026-02-13T11:57:40
6311,3308,JP5229273528104,credit,JPY,-162107.87,active,2022-09-05T12:36:07
6312,3309,IT8770860923875,checking,EUR,1226.06,active,2024-07-27T11:35:50
6313,3309,IT1160714930226,savings,EUR,26831.56,closed,2026-05-04T08:37:31
6314,3310,UA9838954112637,checking,UAH,152201.7,frozen,2026-05-07T22:58:01
6315,3310,UA5468953934033,checking,UAH,302992.1,active,2026-03-04T20:41:07
6316,3310,UA2447779869133,savings,UAH,211980.95,closed,2026-02-10T09:15:41
6317,3311,AU4229289948981,savings,AUD,10247.48,active,2026-01-06T17:56:18
6318,3311,AU5762100567177,checking,AUD,3665.01,active,2025-11-28T02:00:30
6319,3311,AU6048847072633,savings,AUD,17888.94,frozen,2026-01-04T09:31:35
6320,3312,US9099495097562,checking,USD,3289.2,closed,2025-06-21T21:53:20
6321,3312,US1241297486040,checking,USD,5842.15,active,2022-04-13T00:50:05
6322,3312,US5382667817902,checking,USD,4977.74,active,2021-07-10T20:27:30
6323,3312,US3591262673239,savings,USD,30642.55,frozen,2022-10-02T05:06:59
6324,3313,IT5682260117726,savings,EUR,9493.12,frozen,2022-03-25T04:41:01
6325,3313,IT8229243370643,checking,EUR,5712.36,active,2022-08-04T08:20:07
6326,3313,IT5785722812995,checking,EUR,5115.6,active,2022-05-13T11:13:18
6327,3314,JP9897269876963,checking,JPY,1029196.55,frozen,2026-02-18T23:13:00
6328,3314,JP6785996496464,checking,JPY,44218.17,active,2026-03-25T16:45:15
6329,3315,UA2103907851541,checking,UAH,272112.47,frozen,2025-09-10T21:14:44
6330,3315,UA1075756113628,savings,UAH,1401286.98,frozen,2026-03-03T03:38:48
6331,3316,US6783774319241,checking,USD,6706.91,active,2025-08-05T07:21:02
6332,3317,MX4235331948813,checking,MXN,111882.77,frozen,2023-11-11T02:28:32
6333,3317,MX5916329411184,checking,MXN,56203.39,active,2025-03-31T15:15:31
6334,3317,MX8555924942696,checking,MXN,134232.33,active,2026-03-08T05:47:41
6335,3317,MX8542467849174,savings,MXN,648749.17,active,2024-03-08T19:28:53
6336,3318,GB8942254030271,checking,GBP,3238.79,active,2024-08-19T06:48:39
6337,3318,GB9555873929320,savings,GBP,32641.79,active,2025-05-11T23:04:02
6338,3319,US7315999224263,savings,USD,40007.6,active,2024-04-28T07:02:47
6339,3319,US9077342842825,checking,USD,3356.82,active,2024-10-09T00:47:04
6340,3320,FR4830980958512,savings,EUR,8372.91,active,2025-10-08T03:11:40
6341,3321,US7303954782334,checking,USD,6892.31,active,2025-07-19T13:51:28
6342,3321,US9014216365696,checking,USD,196.61,active,2025-06-04T06:15:59
6343,3321,US2966525320801,credit,USD,-4963.02,active,2025-10-12T19:45:42
6344,3322,AE6575750675937,checking,AED,2353.31,active,2023-07-30T20:46:34
6345,3322,AE8815062033175,checking,AED,3941.26,frozen,2025-04-07T16:21:55
6346,3323,SG9597730273570,checking,SGD,4667.76,active,2026-05-13T03:22:12
6347,3323,SG2486512749560,credit,SGD,-1221.34,active,2026-04-30T16:51:25
6348,3323,SG4869902180344,savings,SGD,19277.38,active,2026-05-04T21:27:55
6349,3323,SG2143670080747,checking,SGD,7680.61,active,2026-04-20T00:44:39
6350,3324,DE4630476764206,checking,EUR,1660.59,frozen,2026-03-09T00:36:32
6351,3325,TR1475291888273,checking,TRY,241060.66,frozen,2024-04-12T11:49:00
6352,3325,TR4653213484763,savings,TRY,2230.34,active,2024-09-15T17:19:39
6353,3325,TR8891585048534,checking,TRY,17454.9,closed,2025-07-27T12:31:21
6354,3326,US5216636344099,credit,USD,-4106.31,active,2024-01-24T16:08:43
6355,3326,US5694332883544,checking,USD,5717.24,closed,2025-06-22T10:56:39
6356,3327,US4652228477792,credit,USD,-4816.51,active,2025-03-25T16:30:57
6357,3327,US9030667868966,credit,USD,-4216.15,active,2023-01-22T16:04:29
6358,3328,TR6373213421948,savings,TRY,560378.39,active,2023-06-24T01:45:53
6359,3328,TR3572605489351,checking,TRY,139812.72,active,2024-12-06T23:56:27
6360,3328,TR4617873668353,savings,TRY,651548.72,frozen,2025-08-04T22:56:16
6361,3328,TR8759850823940,checking,TRY,227338.65,active,2025-11-20T21:23:36
6362,3329,DE7710578455490,checking,EUR,532.85,closed,2025-06-06T03:56:40
6363,3329,DE5371731937921,checking,EUR,7963.61,closed,2025-01-17T04:21:37
6364,3329,DE3818283418378,checking,EUR,7206.51,active,2024-04-02T03:18:10
6365,3330,US7490735161547,savings,USD,3237.62,active,2026-04-29T03:52:05
6366,3331,FR3910581083679,checking,EUR,46.75,frozen,2024-12-01T06:23:00
6367,3331,FR6790415040677,savings,EUR,2787.52,active,2024-08-08T17:14:31
6368,3332,JP4545960351652,checking,JPY,511255.18,active,2024-03-04T04:39:14
6369,3332,JP7279253481360,savings,JPY,4637376.75,closed,2026-02-18T02:08:24
6370,3333,AU8058761573894,savings,AUD,31222.87,closed,2025-08-03T09:31:40
6371,3334,GB5610768818761,checking,GBP,3530.38,active,2024-09-18T19:01:13
6372,3334,GB3392121833696,checking,GBP,5714.44,frozen,2025-04-03T23:39:50
6373,3335,AT7316734714096,checking,EUR,701.95,active,2026-05-04T18:34:33
6374,3335,AT9437851149738,savings,EUR,13966.66,active,2024-10-07T00:01:42
6375,3336,PL7758012483920,savings,PLN,30238.04,active,2023-05-06T08:16:24
6376,3337,ES9236853542804,savings,EUR,11436.47,frozen,2026-04-23T13:48:03
6377,3337,ES9992343241691,checking,EUR,1200.36,active,2025-12-24T22:41:33
6378,3337,ES3933997127143,checking,EUR,949.54,active,2025-02-21T07:22:20
6379,3338,DE7493940514475,checking,EUR,7380.58,frozen,2024-01-12T05:58:42
6380,3339,SE4646412318524,checking,SEK,2620.11,active,2025-09-27T17:04:53
6381,3340,US1648400662219,checking,USD,6061.82,active,2023-08-14T12:59:11
6382,3340,US5074980737153,checking,USD,48.96,frozen,2024-08-10T06:43:54
6383,3341,BR9863411538834,checking,BRL,14870.55,frozen,2023-06-05T19:04:46
6384,3341,BR5717677888386,credit,BRL,-16658.23,active,2025-02-24T14:42:33
6385,3341,BR6417248980262,checking,BRL,1769.75,closed,2024-01-04T08:48:48
6386,3342,US3988763021865,savings,USD,7437.23,active,2023-01-29T11:41:37
6387,3342,US8515149518217,credit,USD,-764.23,frozen,2024-01-29T16:12:00
6388,3343,PL7811372811218,checking,PLN,7337.6,closed,2026-04-28T13:17:55
6389,3344,CH2194959137236,savings,CHF,7238.52,active,2024-05-07T19:54:15
6390,3344,CH3809304542544,savings,CHF,70.21,active,2023-03-24T00:14:24
6391,3344,CH3018240639143,checking,CHF,3904.83,frozen,2026-02-22T22:54:38
6392,3345,PL5978757151228,savings,PLN,8572.11,active,2025-06-10T09:37:13
6393,3346,IT3147326872764,savings,EUR,14628.1,frozen,2022-06-07T17:10:51
6394,3347,NL4823367535854,checking,EUR,5527.46,active,2026-04-24T09:52:31
6395,3347,NL8276085024988,credit,EUR,-1101.67,frozen,2026-01-11T14:03:34
6396,3348,FR9242435755415,checking,EUR,4962.91,active,2024-11-18T18:48:54
6397,3349,SE1988016466556,savings,SEK,21922.84,frozen,2026-03-03T02:50:09
6398,3349,SE6496057743702,checking,SEK,2047.92,active,2025-06-26T19:31:46
6399,3350,ZA3953467846245,savings,ZAR,35628.53,closed,2026-01-11T21:24:13
6400,3350,ZA7638283885869,savings,ZAR,24814.14,closed,2026-02-20T07:57:23
6401,3350,ZA4668376665383,checking,ZAR,4734.13,active,2025-10-15T20:47:14
6402,3351,IN6612238019970,checking,INR,495368.97,active,2026-04-21T17:12:41
6403,3352,IT8608175732171,savings,EUR,4238.52,active,2025-04-17T11:06:36
6404,3353,GB6896906820941,credit,GBP,-2420.99,active,2024-09-15T12:12:55
6405,3354,TR3525330385420,savings,TRY,1150079.1,active,2026-04-30T08:30:23
6406,3355,FR7907914586366,checking,EUR,7274.83,closed,2024-12-23T06:35:43
6407,3356,SE8707031134848,credit,SEK,-4985.92,active,2023-11-05T14:49:55
6408,3356,SE3106150572209,checking,SEK,3727.23,active,2025-10-29T17:55:57
6409,3356,SE6253779894415,checking,SEK,7778.03,active,2025-04-15T11:34:51
6410,3357,IT9028233767216,savings,EUR,36783.75,active,2026-02-15T06:46:20
6411,3357,IT1679535585117,checking,EUR,2915.92,active,2026-05-16T03:05:02
6412,3357,IT3630769838495,checking,EUR,4354.12,active,2024-06-08T20:22:01
6413,3357,IT7936992811451,checking,EUR,4130.29,frozen,2025-06-26T22:53:11
6414,3358,IT4351022275513,savings,EUR,40631.48,active,2026-02-28T03:28:48
6415,3359,AT2051313959682,checking,EUR,3042.2,active,2023-05-08T11:07:01
6416,3359,AT4563765976388,savings,EUR,16317.37,frozen,2024-02-28T19:32:06
6417,3359,AT7140522736171,checking,EUR,1926.81,active,2025-12-18T19:34:14
6418,3360,CA4465690051264,checking,CAD,5369.85,active,2025-05-10T23:47:49
6419,3361,JP8027836496807,checking,JPY,858209.78,frozen,2023-05-16T21:28:13
6420,3362,US3466064577056,checking,USD,1048.1,active,2025-03-02T16:24:13
6421,3362,US8484460263921,checking,USD,6861.62,frozen,2024-12-27T03:23:37
6422,3362,US5423833557207,credit,USD,-4780.09,active,2026-01-18T21:35:49
6423,3363,ZA7530220276833,checking,ZAR,3917,closed,2025-08-28T14:06:18
6424,3363,ZA1200305872092,checking,ZAR,1901.33,closed,2025-09-02T10:47:26
6425,3363,ZA9859166580945,checking,ZAR,7552.27,closed,2025-12-04T03:01:34
6426,3364,MX3560678582744,checking,MXN,36156.58,active,2024-07-13T23:01:56
6427,3364,MX6368245120173,credit,MXN,-54534.4,closed,2025-04-02T18:10:12
6428,3365,CA3466529459928,checking,CAD,3059.78,active,2026-04-05T02:51:18
6429,3365,CA4835288847586,checking,CAD,3137.77,active,2024-06-30T09:52:07
6430,3366,GB3276601867933,savings,GBP,30306.39,active,2022-02-21T07:07:36
6431,3367,ES8756673499619,credit,EUR,-26.79,active,2026-04-07T15:10:13
6432,3368,DK9429962426681,credit,DKK,-3810.24,active,2025-05-10T17:25:16
6433,3368,DK9282859989067,credit,DKK,-1.72,active,2026-04-10T09:27:47
6434,3369,NL7198157854315,savings,EUR,30399.59,active,2026-04-26T11:59:10
6435,3369,NL5177448848006,checking,EUR,2969.54,active,2026-04-27T10:17:45
6436,3369,NL7549222374774,savings,EUR,15614.73,active,2026-05-14T13:09:51
6437,3370,ES2572158762567,checking,EUR,2702.5,active,2023-11-18T18:20:31
6438,3371,DK7673005325172,savings,DKK,31684.73,active,2026-04-23T20:29:54
6439,3371,DK6869475126720,savings,DKK,17377.74,closed,2026-03-29T17:30:05
6440,3372,SE9628310149434,savings,SEK,99.99,frozen,2023-10-24T05:24:01
6441,3372,SE5268803544573,credit,SEK,-1295.77,frozen,2026-04-09T08:01:58
6442,3373,UA5751792945719,checking,UAH,301213.23,frozen,2026-03-04T15:54:39
6443,3373,UA9678741113633,checking,UAH,226531.85,active,2025-09-02T15:23:50
6444,3373,UA6081961265192,checking,UAH,261558,active,2026-02-05T05:31:33
6445,3374,FI9945131890378,checking,EUR,1450.68,closed,2026-04-30T13:57:46
6446,3374,FI5593027476096,checking,EUR,2366.37,active,2026-02-09T17:01:13
6447,3375,PT1553038678998,savings,EUR,30057.11,active,2023-10-24T07:48:07
6448,3375,PT4960511924771,checking,EUR,929.86,active,2025-03-23T05:33:07
6449,3375,PT2563169689799,checking,EUR,3678.62,closed,2026-02-23T04:30:08
6450,3376,US1827417135579,checking,USD,2243.21,active,2025-03-20T21:44:42
6451,3376,US9267854046078,savings,USD,12122.16,active,2024-10-15T05:27:32
6452,3376,US5946121165380,checking,USD,6421.7,active,2025-10-14T01:14:31
6453,3376,US3403053723507,checking,USD,7603.03,frozen,2025-06-19T20:18:18
6454,3377,NO8715358772954,checking,NOK,6075.6,frozen,2025-12-14T04:36:41
6455,3377,NO2749805328926,checking,NOK,4623.06,active,2025-11-03T10:18:08
6456,3377,NO8281360370756,checking,NOK,1627.33,active,2025-10-04T09:37:34
6457,3378,US5883409826305,savings,USD,95.25,active,2026-03-08T02:47:01
6458,3379,US8908110951145,checking,USD,5519.69,closed,2025-02-06T04:36:47
6459,3380,MX9799194786536,savings,MXN,49872.82,active,2026-03-15T15:08:48
6460,3380,MX2587689340175,savings,MXN,665847.9,active,2026-01-05T23:03:29
6461,3380,MX2603273463283,savings,MXN,1463.63,closed,2026-04-20T03:11:25
6462,3381,FR2790421034890,savings,EUR,0.82,active,2025-06-27T05:33:44
6463,3381,FR1374230427906,checking,EUR,1392.3,active,2025-11-23T19:27:00
6464,3382,PL4478389860888,credit,PLN,-4896.68,closed,2024-09-25T04:36:40
6465,3382,PL8501788897487,savings,PLN,5127.08,frozen,2024-12-19T06:52:17
6466,3383,PL5233715951024,checking,PLN,3790,active,2024-10-01T18:42:59
6467,3383,PL6243195344336,credit,PLN,-1592.41,active,2025-05-11T17:08:46
6468,3384,CA8395496076428,credit,CAD,-2303.44,closed,2026-05-09T14:36:39
6469,3385,BR7820674122164,credit,BRL,-17696.54,active,2025-09-26T09:16:56
6470,3386,SE4992490416166,savings,SEK,11990.51,active,2024-01-08T10:56:24
6471,3386,SE2735065124332,checking,SEK,702.53,active,2023-05-11T22:31:15
6472,3387,ES6238919939059,checking,EUR,1141.19,active,2025-05-29T10:07:06
6473,3387,ES1317461074159,checking,EUR,5503.86,active,2026-01-16T18:45:46
6474,3388,US8749725453526,checking,USD,3848.34,closed,2023-08-09T11:04:55
6475,3388,US4615395324512,checking,USD,4858.81,active,2025-01-22T21:37:50
6476,3388,US6358264331871,savings,USD,32755.09,active,2024-02-09T21:26:10
6477,3388,US9853397716067,checking,USD,7194.7,active,2025-11-06T22:47:25
6478,3389,ES1680510069558,savings,EUR,26082.54,active,2026-05-03T16:46:51
6479,3389,ES3312699517242,savings,EUR,29052.81,frozen,2025-08-13T01:13:17
6480,3390,AU7586271111038,savings,AUD,24265.18,active,2025-03-28T21:47:45
6481,3391,ES1736128952493,checking,EUR,1557.4,active,2025-06-22T06:26:24
6482,3392,US9407369770769,checking,USD,6825.44,frozen,2024-03-05T18:03:03
6483,3392,US3462622536305,checking,USD,7605.03,active,2021-10-08T10:02:17
6484,3392,US7934512775956,savings,USD,75.82,frozen,2025-08-27T19:40:37
6485,3393,JP6125951133293,checking,JPY,271421.5,closed,2021-12-21T14:18:24
6486,3393,JP5996132094279,checking,JPY,776897.33,active,2025-09-15T08:03:11
6487,3394,IN3308786413185,savings,INR,261724.98,closed,2026-01-16T04:10:38
6488,3394,IN2435747843325,checking,INR,32353.96,closed,2025-12-11T17:56:40
6489,3395,DE8043430524788,checking,EUR,2610.54,frozen,2025-10-16T21:13:52
6490,3395,DE4675019667242,savings,EUR,30475.07,frozen,2021-07-16T01:37:02
6491,3395,DE8029492681378,savings,EUR,12164.02,active,2026-01-03T13:57:37
6492,3395,DE8791778544159,checking,EUR,2114.43,active,2025-12-26T20:52:36
6493,3396,TR7278911784773,savings,TRY,789940.98,active,2026-03-05T11:21:46
6494,3397,US3716880544900,checking,USD,490.58,frozen,2026-04-17T03:16:41
6495,3398,AU1234958483891,checking,AUD,689.81,active,2024-10-18T03:30:40
6496,3399,FR3171490627658,savings,EUR,32644.32,active,2025-08-27T08:29:12
6497,3400,BR3688605010010,checking,BRL,2797.61,active,2024-12-26T21:18:44
6498,3400,BR2970186676505,savings,BRL,123631.35,active,2024-12-13T01:23:46
6499,3401,DE4265552413427,checking,EUR,147.32,active,2024-10-19T14:44:23
6500,3401,DE6864600080416,checking,EUR,4254.82,active,2024-05-17T16:51:26
6501,3402,FR2674158526545,checking,EUR,7196.12,active,2025-07-12T12:55:00
6502,3403,PL8766396921358,checking,PLN,5749.23,active,2023-09-25T12:58:40
6503,3403,PL5729586776986,savings,PLN,3571.12,frozen,2025-11-09T21:24:44
6504,3403,PL4324691511686,checking,PLN,7899.9,active,2025-12-26T17:11:21
6505,3404,DE6955877642932,credit,EUR,-1857.1,closed,2026-01-21T10:27:42
6506,3405,IT1658713053369,credit,EUR,-14.63,active,2023-08-14T19:18:54
6507,3405,IT1275310748555,checking,EUR,3835.34,frozen,2023-08-31T07:41:47
6508,3405,IT8916699057087,credit,EUR,-1626.03,closed,2025-06-01T19:39:43
6509,3406,FR4075288335734,savings,EUR,36882.92,active,2025-12-10T05:36:02
6510,3406,FR6024541112293,checking,EUR,3376.31,active,2025-03-06T12:26:34
6511,3406,FR8312107526735,checking,EUR,7555.27,active,2026-03-04T10:13:55
6512,3406,FR9750977243082,checking,EUR,4111.14,frozen,2025-01-16T06:46:07
6513,3407,CA2887559939490,checking,CAD,2045.77,frozen,2025-01-03T15:36:55
6514,3407,CA3758509328686,checking,CAD,2994.94,frozen,2025-05-23T16:30:29
6515,3407,CA4503941174543,credit,CAD,-2192.29,closed,2024-10-15T19:52:09
6516,3408,US6397062474596,savings,USD,33.15,active,2023-09-23T15:52:46
6517,3409,ES4475850477923,savings,EUR,2699.93,active,2024-06-19T05:56:09
6518,3409,ES5447524723499,checking,EUR,4646.08,active,2023-07-25T14:23:27
6519,3410,BR8967380969856,savings,BRL,72805.53,active,2022-09-17T14:28:04
6520,3411,DE4933100024163,checking,EUR,1335.5,active,2026-05-04T23:23:43
6521,3412,NL7549118172700,savings,EUR,22602.81,active,2023-11-24T00:56:07
6522,3412,NL5253702335770,savings,EUR,18828.81,active,2024-09-17T06:17:27
6523,3413,IN7065635015636,checking,INR,632658.94,active,2024-05-20T20:13:02
6524,3413,IN7681077077484,checking,INR,167458.98,active,2025-05-07T08:11:38
6525,3414,DE9308953651425,checking,EUR,3227.11,active,2026-02-08T08:16:04
6526,3415,US1803656090121,savings,USD,36570.1,closed,2025-05-29T06:40:14
6527,3415,US3283925420194,credit,USD,-3761.53,active,2024-10-24T17:49:06
6528,3416,MX5231511528435,savings,MXN,568596.25,frozen,2025-03-09T23:37:32
6529,3416,MX7572353542019,credit,MXN,-65053.46,active,2025-08-30T02:33:18
6530,3417,FR1396332728531,checking,EUR,922.47,frozen,2025-11-08T05:31:47
6531,3417,FR3170349126183,credit,EUR,-2268.64,active,2025-10-01T08:46:37
6532,3418,GB1571560624956,checking,GBP,534.73,active,2023-07-20T05:32:15
6533,3419,FR4656322851420,checking,EUR,7989.63,active,2026-04-12T02:34:44
6534,3419,FR2319757283959,checking,EUR,3121.66,active,2026-01-05T11:16:53
6535,3419,FR7315172545644,credit,EUR,-4298.23,active,2025-12-11T02:59:57
6536,3420,FI7646984514350,savings,EUR,6127.98,active,2026-04-01T13:27:15
6537,3420,FI6594873157357,savings,EUR,10325.5,active,2026-03-11T13:39:54
6538,3420,FI7475743455893,checking,EUR,106.34,active,2026-03-17T16:07:50
6539,3421,GB7169329749410,checking,GBP,5163.6,active,2026-01-09T10:27:22
6540,3421,GB1017933941875,checking,GBP,3260.62,active,2025-12-26T22:44:28
6541,3421,GB5782702055205,checking,GBP,6995.06,active,2025-02-01T09:50:49
6542,3422,CN8632138853389,checking,CNY,1400.21,active,2026-03-25T09:59:40
6543,3422,CN4414622312761,checking,CNY,7472.06,active,2024-01-13T09:49:12
6544,3423,JP6353800295007,savings,JPY,1497738.01,active,2026-04-27T05:27:51
6545,3423,JP6220351498497,checking,JPY,738889.85,active,2024-05-16T20:47:01
6546,3424,BR9222607666442,checking,BRL,3036.04,active,2025-03-15T00:38:47
6547,3425,FI6273317081428,checking,EUR,7009.76,active,2021-09-29T07:01:34
6548,3425,FI9094343493640,checking,EUR,3865.09,frozen,2023-01-16T23:09:16
6549,3426,GB7230808715989,checking,GBP,3706.41,active,2024-05-20T22:45:03
6550,3427,UA7365899318396,credit,UAH,-48058.23,frozen,2024-06-20T18:19:27
6551,3427,UA7670999035966,checking,UAH,112100.9,active,2025-08-12T15:14:40
6552,3427,UA5680040425622,credit,UAH,-160149.46,frozen,2026-01-20T22:32:51
6553,3428,SG9932043050777,checking,SGD,4194.12,closed,2026-03-11T10:36:56
6554,3428,SG5326634464931,savings,SGD,29218.59,active,2026-02-24T23:09:52
6555,3428,SG6613378235466,checking,SGD,7872.67,active,2025-12-25T23:51:50
6556,3429,CA6839091276517,savings,CAD,6792.76,active,2024-10-04T10:24:09
6557,3429,CA5212325590033,checking,CAD,5488.64,frozen,2023-06-20T13:39:00
6558,3430,FR3522368069561,checking,EUR,7323.65,active,2024-02-26T22:49:15
6559,3430,FR5371001019066,savings,EUR,8088.92,active,2023-04-13T04:37:13
6560,3431,TR2883083961480,checking,TRY,100917.72,active,2024-07-26T02:58:15
6561,3432,IT6165888465273,savings,EUR,31468.42,frozen,2026-01-28T15:39:22
6562,3433,US4430153653871,savings,USD,17259.41,active,2026-01-16T18:08:26
6563,3434,FI4628386852595,savings,EUR,17554.44,active,2022-06-05T23:10:45
6564,3435,IT1095256018474,checking,EUR,3211.85,closed,2025-06-15T10:04:30
6565,3436,DE4187440347479,checking,EUR,3076.45,closed,2025-04-10T05:36:54
6566,3436,DE5160187647200,checking,EUR,626.28,closed,2024-05-05T04:12:27
6567,3437,GB4825858589109,savings,GBP,30.07,active,2025-06-13T14:03:02
6568,3437,GB8440035295867,checking,GBP,5107.85,active,2025-09-24T13:39:57
6569,3438,FR9510642642784,checking,EUR,3150.79,active,2025-10-27T05:17:26
6570,3438,FR9484838629583,savings,EUR,18912.45,frozen,2026-03-07T09:43:13
6571,3439,GB7649603716265,checking,GBP,6604.19,closed,2022-06-30T13:08:05
6572,3440,US4738052238415,checking,USD,5309.97,active,2026-02-07T11:26:13
6573,3441,CH6672921061678,credit,CHF,-933.57,active,2025-11-16T03:51:28
6574,3441,CH4110264112700,savings,CHF,11183.66,frozen,2025-12-19T09:26:26
6575,3442,IE4179806854123,checking,EUR,1908.8,frozen,2023-01-11T00:49:11
6576,3443,IN9385925583669,savings,INR,3257540.99,active,2024-05-01T04:45:01
6577,3444,FR5488397777960,checking,EUR,5940.08,active,2026-01-02T09:54:01
6578,3444,FR6397758796816,checking,EUR,5547.89,active,2026-04-26T12:02:45
6579,3445,IT2148740858167,savings,EUR,27518.02,active,2022-05-08T15:54:15
6580,3445,IT8516687242962,savings,EUR,18220.18,closed,2024-08-07T06:03:47
6581,3446,GB6514205696427,checking,GBP,4885.2,active,2026-01-24T20:00:12
6582,3447,US9599187141765,savings,USD,21956.57,active,2022-12-09T06:13:25
6583,3448,SE3210405636970,checking,SEK,1972.25,closed,2025-11-26T06:54:08
6584,3449,BR9440838389849,savings,BRL,45848.71,active,2026-04-12T10:42:20
6585,3449,BR4088723944730,checking,BRL,12941.71,active,2024-05-19T04:17:35
6586,3450,FR2609296699119,checking,EUR,3648.95,active,2026-03-30T14:15:40
6587,3450,FR1126443996457,checking,EUR,4752.1,active,2024-01-08T21:16:01
6588,3451,TR5751892655396,credit,TRY,-29367.05,active,2022-03-17T10:46:33
6589,3451,TR8344788729151,savings,TRY,289971.44,active,2025-10-09T03:57:28
6590,3452,NL7044993927218,savings,EUR,25526,frozen,2026-01-17T06:28:08
6591,3452,NL3613341127785,savings,EUR,5255.08,active,2026-03-25T13:18:39
6592,3452,NL4934341866157,checking,EUR,1898.33,active,2026-03-09T19:05:21
6593,3453,CA5931144513936,credit,CAD,-3806.68,closed,2025-05-27T16:29:36
6594,3453,CA7490432647400,savings,CAD,32425.52,active,2026-03-09T05:43:27
6595,3454,PL9239164324822,checking,PLN,5710.76,active,2026-03-27T05:56:26
6596,3455,DE1440179547272,savings,EUR,15291.11,active,2025-08-08T16:37:18
6597,3455,DE6188471796542,checking,EUR,2943.28,active,2026-02-18T18:15:17
6598,3456,JP8448126717099,credit,JPY,-571971.99,frozen,2025-07-30T10:41:56
6599,3456,JP3617042917485,checking,JPY,35531.05,active,2024-01-23T15:11:57
6600,3457,GB1541832267903,savings,GBP,10142.71,frozen,2024-12-04T15:04:12
6601,3458,FR1984511058071,checking,EUR,4472.13,frozen,2025-01-18T11:36:42
6602,3459,US8422437359932,checking,USD,7471.07,closed,2024-11-04T06:00:33
6603,3459,US8619907529292,checking,USD,451.63,active,2024-09-19T15:13:00
6604,3460,NO9807552356824,checking,NOK,569.97,active,2025-06-12T00:47:10
6605,3460,NO2408136234465,checking,NOK,2807.47,closed,2026-02-01T12:59:02
6606,3460,NO9564784118376,checking,NOK,5639.05,active,2025-12-12T06:32:14
6607,3461,BE9758974344112,savings,EUR,7149.95,closed,2024-05-29T23:02:17
6608,3462,DK9095105635435,checking,DKK,5482.59,active,2025-07-13T13:06:37
6609,3462,DK4710428768973,savings,DKK,31524.86,active,2024-04-10T04:57:23
6610,3462,DK7038540883481,credit,DKK,-19.77,frozen,2023-11-04T07:52:33
6611,3462,DK7304911918101,savings,DKK,33317.99,frozen,2025-10-31T17:09:15
6612,3463,US2604804543828,checking,USD,5757.91,active,2026-04-19T13:56:42
6613,3463,US9523161925283,savings,USD,27804.17,active,2026-02-25T22:58:01
6614,3464,US7140964716879,savings,USD,10330.29,active,2024-08-04T15:35:07
6615,3464,US1051200784066,checking,USD,6210.04,active,2025-02-22T05:11:21
6616,3465,GB5313528595359,checking,GBP,5725.67,frozen,2025-11-25T21:10:31
6617,3466,ZA9834609024978,checking,ZAR,7369.95,active,2026-04-09T15:52:59
6618,3467,CN3799627626350,credit,CNY,-4935.38,active,2025-05-16T20:34:35
6619,3467,CN5682051217114,checking,CNY,798.28,active,2022-10-23T19:08:58
6620,3468,BR7525578948024,checking,BRL,8038.03,active,2023-05-14T02:15:22
6621,3469,ZA3608195450009,checking,ZAR,7675.46,active,2024-08-08T17:03:05
6622,3469,ZA7203807986420,checking,ZAR,1957.78,active,2025-10-26T13:33:43
6623,3469,ZA9298168178733,savings,ZAR,22237.55,frozen,2024-12-02T11:47:41
6624,3469,ZA1792551028567,savings,ZAR,19575.21,active,2025-07-07T05:30:10
6625,3470,AU6121504158760,checking,AUD,3706.63,active,2025-11-13T18:19:26
6626,3470,AU1609238197372,savings,AUD,5178.98,active,2025-06-18T07:25:24
6627,3470,AU2888040794980,savings,AUD,9879.96,frozen,2023-05-03T05:05:45
6628,3471,FR8447215549340,checking,EUR,5071.37,active,2022-06-18T16:22:23
6629,3471,FR5151452663343,savings,EUR,5722.57,active,2026-01-02T15:46:20
6630,3472,US4097789888204,savings,USD,33737.99,active,2023-01-27T02:45:14
6631,3472,US7780098937814,savings,USD,40423.27,active,2022-11-20T21:14:18
6632,3472,US1030850887690,checking,USD,7289.77,active,2022-05-19T08:02:54
6633,3473,US4767663617493,checking,USD,5170.74,active,2026-05-04T07:13:22
6634,3473,US4639846672111,savings,USD,22702.38,frozen,2026-05-04T05:02:17
6635,3473,US3928565097392,savings,USD,11252.01,active,2025-08-17T19:46:38
6636,3474,UA8193059099370,credit,UAH,-94850.49,closed,2025-09-30T14:10:57
6637,3475,IN1623596825201,checking,INR,115828.36,closed,2026-03-02T07:32:28
6638,3475,IN5765122611721,savings,INR,522759.39,closed,2025-05-15T20:21:21
6639,3476,US7506555880008,savings,USD,20126.23,active,2023-03-16T20:01:49
6640,3476,US7613871391488,checking,USD,625.51,active,2025-11-11T14:05:11
6641,3477,US1148255253996,savings,USD,68.19,frozen,2024-07-09T21:19:24
6642,3477,US3736681275932,savings,USD,39856.92,frozen,2024-03-06T04:42:24
6643,3478,IT3828106321693,credit,EUR,-1948.52,active,2024-11-21T11:23:16
6644,3478,IT7310589512464,checking,EUR,1520.76,active,2023-02-06T06:18:06
6645,3478,IT1425925955304,savings,EUR,9112.9,closed,2024-03-08T03:25:03
6646,3479,IN9036971827146,credit,INR,-135344.6,active,2025-02-10T05:26:26
6647,3479,IN5134555792042,checking,INR,94442.42,frozen,2024-08-20T17:07:59
6648,3479,IN9273305557566,checking,INR,358365.73,active,2025-10-09T21:12:42
6649,3479,IN2414070041839,checking,INR,252139.42,active,2025-01-06T10:13:04
6650,3480,ES6494532076348,savings,EUR,7391.63,frozen,2024-01-07T05:29:23
6651,3480,ES5543831245117,checking,EUR,6566.99,frozen,2024-09-21T13:32:28
6652,3481,SE4920799511840,savings,SEK,2511.05,closed,2025-06-16T11:33:05
6653,3482,GB2233035798736,savings,GBP,15828.23,active,2025-09-13T06:39:15
6654,3483,AU3009027884486,savings,AUD,16349.48,closed,2024-11-14T14:46:04
6655,3484,NO5513962262380,checking,NOK,3898.36,active,2025-10-31T21:26:35
6656,3485,GB3232357522296,savings,GBP,14278.57,active,2026-01-23T16:14:18
6657,3486,CA2156280724298,checking,CAD,6604.31,active,2026-05-02T17:09:13
6658,3486,CA6374725431180,savings,CAD,8737.96,active,2026-01-29T14:04:12
6659,3486,CA5647759092288,checking,CAD,1054.59,frozen,2026-03-11T10:07:40
6660,3486,CA3016525266622,savings,CAD,2852.34,closed,2026-04-14T05:22:49
6661,3487,IN2964648661233,checking,INR,64136.53,active,2024-04-23T01:47:47
6662,3488,IN3519339241883,checking,INR,83562.67,active,2026-04-20T12:16:43
6663,3488,IN1122815772543,checking,INR,577301.63,active,2025-12-11T14:55:05
6664,3489,ES5043447654317,checking,EUR,3884.01,frozen,2025-01-25T05:30:16
6665,3489,ES7472887548015,credit,EUR,-3147.71,active,2024-12-21T20:45:28
6666,3489,ES7585219072883,savings,EUR,53.52,active,2025-09-30T11:38:40
6667,3489,ES7657433537536,checking,EUR,5724.14,active,2022-09-03T20:58:54
6668,3490,JP9938761493991,savings,JPY,3378967.22,active,2025-10-10T20:11:57
6669,3490,JP5807018457961,checking,JPY,1900.35,active,2023-05-19T22:39:45
6670,3490,JP5402132617257,savings,JPY,1219012.33,active,2022-07-27T00:48:52
6671,3491,NL1116751337555,checking,EUR,2206.57,active,2026-03-12T10:59:23
6672,3491,NL7764870896934,savings,EUR,39061.05,active,2026-04-08T15:36:47
6673,3492,IN1643146170550,checking,INR,486822.98,active,2025-03-21T15:37:32
6674,3493,AE5575586869125,savings,AED,5085.69,closed,2026-03-30T04:16:42
6675,3493,AE1563177597652,checking,AED,5321.97,frozen,2025-03-16T08:31:46
6676,3493,AE1856515862423,checking,AED,3508.45,frozen,2026-01-22T17:08:15
6677,3494,FR8893635141048,checking,EUR,7943.34,frozen,2024-03-07T07:15:11
6678,3494,FR7867192859887,checking,EUR,2124.88,active,2023-05-10T22:37:08
6679,3495,NL5171602629016,checking,EUR,4020.12,active,2024-07-18T10:07:30
6680,3495,NL7997915835243,checking,EUR,410.05,active,2024-08-29T21:16:36
6681,3496,NO7124042864135,savings,NOK,16017.28,closed,2025-10-18T23:44:09
6682,3497,BE7051547644134,checking,EUR,4998.41,frozen,2025-11-24T00:25:34
6683,3498,DE5974319637742,checking,EUR,5162.32,active,2026-01-16T04:17:01
6684,3498,DE4119483848127,checking,EUR,6503.88,frozen,2025-07-23T14:01:33
6685,3499,US3643046967042,checking,USD,3874.51,active,2024-10-03T17:00:54
6686,3499,US5884263140819,checking,USD,686.09,closed,2026-01-01T19:00:07
6687,3499,US9317703394592,checking,USD,7548.05,active,2026-01-03T04:39:20
6688,3499,US8946806473637,checking,USD,6279.55,active,2025-06-11T05:11:56
6689,3500,US3293554222355,savings,USD,3373.37,active,2026-03-24T19:49:03
6690,3500,US9203028831585,savings,USD,3416.21,active,2026-03-11T03:23:31
6691,3501,FR5038202717670,checking,EUR,5406.03,closed,2026-02-18T08:48:40
6692,3501,FR7961589980021,checking,EUR,470.08,active,2023-02-03T19:58:56
6693,3502,US9346425642289,savings,USD,34990.33,frozen,2026-03-27T18:06:31
6694,3503,US5152894575533,checking,USD,1066.8,active,2024-06-06T19:14:53
6695,3503,US8100516120838,savings,USD,15869.94,active,2025-03-22T11:32:03
6696,3503,US4266174283510,credit,USD,-2160.92,frozen,2024-09-14T09:09:55
6697,3504,PT5856349591529,savings,EUR,27643.53,closed,2026-02-03T08:34:35
6698,3504,PT4922662365782,checking,EUR,3309.32,active,2025-08-30T03:46:15
6699,3505,IT2530348939332,savings,EUR,21104.98,closed,2025-07-07T11:29:55
6700,3506,BR7279153785407,savings,BRL,155261.2,closed,2025-03-16T15:28:38
6701,3507,GB6722873163686,savings,GBP,36669.13,active,2025-04-18T05:33:12
6702,3507,GB5705671055456,checking,GBP,4600.34,active,2025-04-14T17:15:34
6703,3508,DE6706700879213,checking,EUR,5390.67,active,2025-08-23T02:57:48
6704,3509,SE7044203210651,savings,SEK,9379.19,active,2025-05-14T06:53:13
6705,3510,BR8174544497363,checking,BRL,14153.37,active,2025-04-20T18:00:28
6706,3510,BR5310498049684,checking,BRL,36944.95,active,2024-01-08T14:14:48
6707,3510,BR8611811515768,checking,BRL,10750.3,active,2023-04-28T01:17:15
6708,3511,NL9958277669476,checking,EUR,2514.39,frozen,2026-05-09T23:06:35
6709,3512,PL4206396058189,checking,PLN,4921.32,active,2026-02-17T07:33:55
6710,3513,DE1774544752486,checking,EUR,2830.73,active,2024-02-24T20:16:01
6711,3514,US9168131341427,savings,USD,17998.62,active,2023-06-16T22:40:59
6712,3514,US9852246680842,checking,USD,812.8,closed,2026-04-07T06:49:43
6713,3515,ES6713643081130,savings,EUR,12706.64,active,2026-03-08T01:21:22
6714,3516,JP4652896337610,credit,JPY,-635322.59,closed,2025-07-28T14:07:54
6715,3516,JP4557233670734,checking,JPY,421353.35,frozen,2023-08-25T17:56:16
6716,3516,JP9284078844754,checking,JPY,200561.43,active,2025-11-23T22:33:25
6717,3517,MX8847578150079,checking,MXN,92564.17,closed,2026-04-25T21:17:45
6718,3517,MX3403134085758,checking,MXN,72608.25,active,2024-06-26T19:42:37
6719,3518,TR8033668461733,credit,TRY,-87652.59,closed,2024-02-20T23:41:03
6720,3519,SE2628376156467,savings,SEK,17643.09,frozen,2026-05-13T16:34:37
6721,3519,SE7889184558060,credit,SEK,-1465.76,active,2023-04-19T15:34:36
6722,3520,JP9459785238919,checking,JPY,815108.55,active,2026-04-10T01:53:17
6723,3520,JP4103715750024,checking,JPY,309088.5,closed,2026-04-12T01:33:52
6724,3521,DE6687260790114,savings,EUR,13783.19,active,2026-05-05T12:04:35
6725,3521,DE6735077546487,checking,EUR,5351.84,active,2025-04-20T15:56:53
6726,3522,IN6620396265023,checking,INR,22954.54,active,2026-04-21T15:50:09
6727,3522,IN5887421482026,credit,INR,-285660.22,active,2025-09-23T04:02:01
6728,3522,IN1833663858200,checking,INR,360025.58,frozen,2026-02-24T14:00:56
6729,3522,IN3875291647034,savings,INR,735974.45,frozen,2025-01-05T10:17:17
6730,3523,FR7103918142797,savings,EUR,39432.29,closed,2024-04-26T21:10:12
6731,3523,FR7601822769687,savings,EUR,3637.15,frozen,2024-03-06T05:26:37
6732,3524,FR7520242050460,credit,EUR,-0.04,frozen,2026-05-12T04:19:30
6733,3525,IT6293436387626,credit,EUR,-4314.69,active,2024-06-17T22:21:59
6734,3526,DE8670226678159,checking,EUR,1024.62,closed,2023-12-25T19:00:40
6735,3526,DE9629846023972,checking,EUR,1085.62,closed,2024-11-25T07:42:50
6736,3526,DE9180500775524,savings,EUR,31616.12,active,2024-03-11T07:46:29
6737,3526,DE9667003280616,checking,EUR,7884.15,active,2025-09-10T05:17:09
6738,3527,PL5424617423602,checking,PLN,4551.63,closed,2023-11-28T02:36:00
6739,3528,JP1109736289177,checking,JPY,166383.41,frozen,2026-01-23T05:49:14
6740,3528,JP2649077680145,savings,JPY,4167959.73,active,2026-03-30T09:48:49
6741,3529,UA8451808173114,checking,UAH,293976.14,frozen,2025-10-06T16:37:25
6742,3529,UA1268573336285,checking,UAH,75768.36,active,2024-11-21T19:51:16
6743,3529,UA6930767427049,credit,UAH,-10142,active,2024-03-06T21:43:27
6744,3529,UA2423532339042,checking,UAH,210261.97,active,2026-05-15T04:00:09
6745,3530,DE4655682154272,checking,EUR,4950.18,active,2026-01-03T20:02:40
6746,3531,JP7309908641984,savings,JPY,754161.18,closed,2026-02-10T09:25:52
6747,3532,AT8713900559418,savings,EUR,67.17,closed,2024-12-04T10:37:59
6748,3532,AT2687490539702,credit,EUR,-556.5,active,2025-08-24T02:38:30
6749,3533,GB9300473588299,checking,GBP,2596.19,frozen,2026-04-05T03:50:21
6750,3533,GB8108153577055,checking,GBP,4054.64,active,2026-05-15T16:33:55
6751,3533,GB2589865693557,savings,GBP,31291.98,active,2026-02-21T14:16:41
6752,3534,PL8228943687537,checking,PLN,7964.15,active,2025-12-06T07:19:32
6753,3535,PL5494147521915,savings,PLN,4669.49,frozen,2023-08-24T16:16:48
6754,3535,PL6798995229297,checking,PLN,4098.49,active,2026-02-23T07:22:43
6755,3536,UA6580914336576,checking,UAH,60656.87,active,2026-04-24T16:41:58
6756,3537,US2506032624395,savings,USD,33900.3,active,2026-01-30T20:08:08
6757,3538,BR6959395218243,checking,BRL,39891.06,closed,2026-04-24T17:13:26
6758,3538,BR5964659964105,credit,BRL,-9959.32,active,2026-04-06T01:25:56
6759,3538,BR1882819924637,savings,BRL,42371.23,active,2025-09-25T18:35:35
6760,3539,US4115179949711,credit,USD,-165.32,active,2025-12-22T11:09:02
6761,3540,ES8933529483808,savings,EUR,25.54,active,2024-08-06T09:29:08
6762,3540,ES2002752017753,checking,EUR,6306.09,closed,2024-08-31T10:34:52
6763,3541,PT6476960430809,savings,EUR,30899.34,active,2026-02-04T11:37:43
6764,3541,PT7359463811332,savings,EUR,32487.12,closed,2024-11-15T12:10:15
6765,3542,FR5447157913061,savings,EUR,32063.75,frozen,2025-07-24T03:47:44
6766,3543,DE3825651615745,savings,EUR,19359.36,active,2025-11-14T13:53:15
6767,3543,DE1559812334185,savings,EUR,46.35,active,2026-03-14T00:42:40
6768,3544,US5316522632851,checking,USD,4138.74,active,2024-05-03T11:05:55
6769,3544,US4153806371040,credit,USD,-4585.36,closed,2023-06-03T07:30:16
6770,3544,US7955401723596,checking,USD,4482.36,closed,2024-06-03T15:56:05
6771,3545,BE2933516179988,savings,EUR,34431.15,closed,2026-03-31T00:28:50
6772,3546,BR4541529015472,savings,BRL,97703.94,active,2026-02-11T13:33:00
6773,3546,BR1479702810978,checking,BRL,21671.32,active,2026-03-22T03:55:11
6774,3546,BR6324321188104,checking,BRL,24590.61,active,2026-02-26T15:43:17
6775,3547,DE2789102192280,checking,EUR,4205.54,active,2026-01-19T03:18:49
6776,3547,DE4867056162642,checking,EUR,6250.3,active,2026-01-04T15:42:57
6777,3547,DE6202884170422,checking,EUR,2341.24,active,2026-04-01T09:35:48
6778,3548,ES9180756750717,checking,EUR,5232.67,active,2025-09-24T23:35:26
6779,3549,DE5560447157427,checking,EUR,7936.32,active,2025-11-11T17:13:24
6780,3550,ZA1681555758584,credit,ZAR,-1171.88,active,2023-04-12T07:54:29
6781,3550,ZA5639647786043,checking,ZAR,5954.2,frozen,2023-10-21T12:32:48
6782,3550,ZA5326949961795,savings,ZAR,25712.91,active,2026-02-04T14:25:43
6783,3551,NL3615477536138,credit,EUR,-4289.51,active,2023-02-19T16:50:13
6784,3552,GB6088614881112,savings,GBP,16802.81,active,2025-05-16T15:19:33
6785,3553,US3226606984623,checking,USD,7820.84,active,2026-04-14T21:59:48
6786,3554,DE5136644893770,checking,EUR,3012.8,closed,2025-09-09T05:28:04
6787,3554,DE9880573633359,checking,EUR,532.28,closed,2026-01-02T18:45:00
6788,3555,US4353589693903,savings,USD,70.31,frozen,2025-11-19T22:42:38
6789,3556,IT8834742173342,savings,EUR,2565.55,active,2025-05-30T04:58:20
6790,3556,IT3719500894185,checking,EUR,3667.52,closed,2025-12-04T07:39:35
6791,3556,IT5398712698223,checking,EUR,1820.36,closed,2026-01-01T03:33:00
6792,3557,BR5401095174074,savings,BRL,61351.12,active,2025-08-01T17:26:02
6793,3558,UA7327730073504,savings,UAH,239369.18,active,2025-06-29T06:17:51
6794,3558,UA7647866391184,checking,UAH,238616.71,active,2025-03-14T00:59:21
6795,3559,SG1625777815019,credit,SGD,-4920.32,active,2024-08-15T23:04:11
6796,3559,SG3260951337196,savings,SGD,73.33,closed,2024-04-16T12:32:15
6797,3560,SE6251139342215,savings,SEK,6873.91,closed,2026-05-10T06:57:50
6798,3561,US3511730411894,checking,USD,914.6,active,2026-04-23T00:03:27
6799,3561,US9113217389676,savings,USD,6852.15,closed,2025-02-04T08:04:20
6800,3561,US3590774039346,savings,USD,10613.9,active,2025-11-03T15:00:48
6801,3562,US5846514962966,checking,USD,3733.52,frozen,2023-10-31T15:45:27
6802,3563,NL6229790671734,checking,EUR,7633.07,frozen,2025-11-25T14:43:41
6803,3564,AE2841197471189,savings,AED,38207.83,active,2025-12-17T09:19:16
6804,3565,UA9786834299343,savings,UAH,577287.56,active,2026-01-13T09:55:41
6805,3566,AE3947253253867,checking,AED,6730.8,active,2026-03-16T13:22:55
6806,3566,AE8158283120206,savings,AED,20587.83,active,2026-01-10T00:59:36
6807,3567,AE3633523454553,checking,AED,3162.21,closed,2025-07-15T21:53:20
6808,3568,FR7783235844168,checking,EUR,7620.68,active,2026-04-12T21:58:11
6809,3568,FR9943954194606,checking,EUR,367.97,active,2026-05-09T20:45:04
6810,3568,FR5565296919681,checking,EUR,4297.13,active,2026-04-16T07:35:45
6811,3569,GB4834814437461,savings,GBP,31049.16,active,2022-04-30T11:29:17
6812,3570,IT3626608061546,checking,EUR,6168.93,frozen,2024-09-28T14:54:17
6813,3570,IT8903426941820,savings,EUR,35587.3,frozen,2026-03-02T16:16:35
6814,3571,US6945627372733,savings,USD,28544.7,active,2023-11-19T00:45:04
6815,3571,US3678591885869,savings,USD,25585.28,closed,2024-11-25T00:44:43
6816,3572,AU8202856232248,savings,AUD,10071.86,active,2025-03-12T03:03:30
6817,3572,AU1691873158068,savings,AUD,4073.59,active,2024-09-30T16:30:13
6818,3573,AU9439252642241,credit,AUD,-2939.06,active,2026-01-29T04:29:59
6819,3573,AU8052520125378,checking,AUD,3285.8,active,2026-03-27T06:31:43
6820,3574,US4528290647340,credit,USD,-949.16,active,2025-02-02T10:06:28
6821,3574,US1204733226046,savings,USD,9366.77,active,2025-06-14T13:01:09
6822,3574,US2868862955087,checking,USD,7480.53,active,2022-05-26T11:59:54
6823,3575,AU4874281418968,savings,AUD,10226.1,frozen,2025-11-23T12:17:31
6824,3575,AU7519365442193,checking,AUD,7355.35,active,2024-06-04T10:10:59
6825,3576,DE1372294413091,checking,EUR,3430.52,closed,2025-05-04T20:11:42
6826,3577,JP8596613655372,savings,JPY,4979726.92,active,2025-10-18T13:35:27
6827,3578,PL6953090039884,checking,PLN,7989.16,closed,2026-05-14T18:57:17
6828,3578,PL5754342164144,checking,PLN,1945.61,active,2026-04-27T04:45:34
6829,3579,SG2146281984204,checking,SGD,2135.29,closed,2023-05-21T19:50:12
6830,3580,DE9296176940715,checking,EUR,2196.9,closed,2026-03-12T03:19:55
6831,3580,DE2911189997795,checking,EUR,5756.84,active,2025-12-16T11:02:52
6832,3580,DE1025149787329,checking,EUR,3389.44,active,2025-09-09T18:36:03
6833,3581,IN8922252423537,savings,INR,1753360.3,active,2024-10-12T19:42:58
6834,3582,GB8487676878492,savings,GBP,27816.05,closed,2023-06-10T17:25:54
6835,3583,IT4560615558489,checking,EUR,2768.23,active,2025-10-07T02:31:34
6836,3583,IT4291685450468,checking,EUR,2025.53,closed,2025-10-17T10:42:16
6837,3583,IT7948751911144,checking,EUR,7983.07,active,2026-03-14T08:24:53
6838,3584,US7552051434663,checking,USD,4638.49,closed,2026-05-16T06:14:04
6839,3584,US7210116364025,checking,USD,3207.43,frozen,2026-03-20T16:23:00
6840,3584,US5636845138600,checking,USD,1263.72,active,2026-03-07T11:19:39
6841,3585,SG3746920091584,checking,SGD,2624.57,active,2026-04-11T06:27:22
6842,3586,US8274564756820,savings,USD,39156.76,frozen,2025-08-17T16:53:46
6843,3586,US9092483182455,checking,USD,7956.4,frozen,2024-10-23T03:04:01
6844,3587,US7716885712034,credit,USD,-1440.16,active,2026-04-20T00:49:46
6845,3587,US5842602636966,credit,USD,-3109.4,active,2026-04-05T19:37:29
6846,3587,US1813959877777,credit,USD,-3081.86,active,2026-04-26T13:05:55
6847,3588,SG1305670249151,savings,SGD,31542.86,closed,2024-06-17T01:09:06
6848,3589,NL8020991876248,savings,EUR,10235.9,active,2026-04-26T08:31:07
6849,3589,NL2497798963064,checking,EUR,1664.07,active,2025-03-07T05:42:58
6850,3590,AE3377606612363,savings,AED,32692.56,active,2026-05-12T09:31:38
6851,3591,US1785489561300,credit,USD,-825.53,active,2024-05-31T03:55:06
6852,3591,US4198598225120,checking,USD,7336.79,frozen,2024-06-03T07:48:13
6853,3591,US5951820513952,savings,USD,24789.27,active,2025-07-30T09:01:06
6854,3592,CA1025104571359,checking,CAD,5324.11,active,2023-12-10T14:00:09
6855,3592,CA8871946971836,checking,CAD,2081.8,closed,2022-03-21T07:50:46
6856,3593,US9039666446678,checking,USD,6445.92,active,2024-10-03T22:23:09
6857,3594,PL7700449521494,savings,PLN,21534.72,active,2025-11-09T20:37:15
6858,3595,CA7595465951590,credit,CAD,-4917.62,active,2026-03-24T16:39:37
6859,3596,IT1771119618481,savings,EUR,13322.4,active,2025-05-24T00:32:56
6860,3596,IT9856270933809,checking,EUR,6819.32,closed,2024-11-04T18:12:43
6861,3596,IT7733889370945,checking,EUR,3921.31,active,2025-09-28T14:35:43
6862,3596,IT1375211167074,savings,EUR,16948.8,closed,2024-11-15T22:14:09
6863,3597,US5658132745253,savings,USD,20576.88,active,2024-09-22T16:08:35
6864,3597,US9285208754661,savings,USD,36165.27,active,2024-10-10T23:05:15
6865,3598,DE8467107775654,checking,EUR,627.46,frozen,2024-11-02T05:24:46
6866,3598,DE9603730136422,credit,EUR,-3271.4,closed,2024-01-29T21:12:56
6867,3599,GB1360386112356,savings,GBP,1985.28,closed,2025-06-16T21:02:27
6868,3599,GB1296445169690,checking,GBP,979.79,frozen,2024-08-06T08:09:17
6869,3600,IN5324095113937,savings,INR,2659352.26,active,2025-12-27T13:22:45
6870,3600,IN4436103151806,savings,INR,1044426.42,frozen,2026-04-18T23:26:16
6871,3600,IN7774408741285,checking,INR,9081.78,active,2026-01-27T21:36:07
6872,3601,US6659498388384,savings,USD,38845.62,active,2025-03-21T16:28:10
6873,3601,US5024418676215,savings,USD,9672.39,active,2024-09-06T22:25:57
6874,3601,US6698155889080,savings,USD,37566.29,frozen,2024-03-07T06:02:35
6875,3602,MX1129610111342,savings,MXN,388578.28,frozen,2024-07-28T22:35:10
6876,3602,MX4312572071862,checking,MXN,67865.5,active,2026-03-09T10:41:02
6877,3602,MX7772185892994,checking,MXN,68467.56,active,2023-04-30T11:56:32
6878,3603,IN5412694816476,checking,INR,23841.77,active,2024-03-23T22:17:45
6879,3604,MX4865916055720,checking,MXN,61468.35,active,2024-12-05T20:56:10
6880,3604,MX9807109020178,credit,MXN,-76938.83,active,2025-09-28T06:30:22
6881,3605,AE5478041938428,checking,AED,2278.92,active,2026-02-16T14:56:48
6882,3606,US7679122136137,savings,USD,2.29,active,2025-09-23T12:57:46
6883,3607,BR2729205994702,credit,BRL,-3688.16,closed,2023-11-10T16:41:30
6884,3607,BR6746347659405,checking,BRL,34906.5,active,2026-01-29T06:28:12
6885,3607,BR8070350467204,savings,BRL,167.44,active,2025-05-02T15:56:42
6886,3607,BR6445635082290,credit,BRL,-951.83,active,2024-09-18T03:38:17
6887,3608,GB6580035490103,checking,GBP,2476.74,active,2026-04-28T11:16:44
6888,3608,GB5660726290369,savings,GBP,15177.35,active,2026-05-14T09:45:47
6889,3609,DK8924845269283,savings,DKK,15576.54,active,2024-10-10T07:13:06
6890,3610,GB9629316813296,savings,GBP,16043.8,active,2026-04-24T15:36:51
6891,3610,GB4511519563095,credit,GBP,-2524.05,active,2026-04-28T08:54:26
6892,3611,MX7377510162624,checking,MXN,27383.99,closed,2026-01-24T03:29:19
6893,3612,US2098405015977,checking,USD,1308.25,frozen,2025-06-06T22:53:14
6894,3612,US7161482987514,checking,USD,6351.58,closed,2025-08-22T09:09:14
6895,3613,DE6887242627617,savings,EUR,30269.26,frozen,2024-12-03T01:52:21
6896,3614,US9253213822658,savings,USD,6567.5,active,2025-11-22T21:09:42
6897,3614,US7470962116227,checking,USD,525.85,active,2024-11-23T06:05:23
6898,3615,IN5469912897430,checking,INR,438484.72,active,2025-10-23T07:18:07
6899,3615,IN6719014838976,savings,INR,2609024.71,active,2026-05-10T07:25:24
6900,3616,MX8612144049084,checking,MXN,98726.99,active,2025-12-12T14:29:23
6901,3616,MX1138364590514,checking,MXN,79867.51,active,2026-01-29T12:31:20
6902,3617,UA3762486576892,savings,UAH,1203210.04,active,2024-01-12T17:53:31
6903,3617,UA9537630234176,credit,UAH,-142337.57,closed,2024-08-19T13:21:34
6904,3618,IT5255544549185,checking,EUR,5314.14,active,2025-03-15T18:25:16
6905,3618,IT1024525966914,savings,EUR,15148.55,frozen,2025-08-08T18:40:17
6906,3619,FR2856884096951,checking,EUR,1941.96,closed,2023-11-17T03:30:42
6907,3619,FR6611685019836,checking,EUR,234.34,active,2021-09-19T13:40:56
6908,3620,FR3396368681242,checking,EUR,3840.72,closed,2026-02-04T09:33:04
6909,3620,FR1076145375177,checking,EUR,7369.05,active,2026-04-07T21:28:00
6910,3621,AU2838104272691,checking,AUD,5838.07,frozen,2025-07-18T14:28:59
6911,3622,US8111707692934,checking,USD,5268.64,active,2024-09-10T06:44:49
6912,3623,US2350830060768,checking,USD,3737.11,closed,2024-01-07T11:12:33
6913,3624,IN1240263549101,checking,INR,154714,active,2025-11-18T15:27:36
6914,3625,GB9322166340149,savings,GBP,35486.53,active,2023-04-12T18:11:19
6915,3626,MX6073259974418,savings,MXN,613168.39,frozen,2023-07-15T21:31:01
6916,3627,US8527745817398,checking,USD,2152.4,active,2023-06-30T00:30:19
6917,3627,US2909463946614,checking,USD,6223.89,frozen,2023-07-14T08:15:53
6918,3628,DE7381939019416,checking,EUR,6299.14,closed,2023-07-04T17:04:04
6919,3629,US8288877840238,savings,USD,2021.53,closed,2025-11-08T06:13:26
6920,3629,US7177099690896,checking,USD,7677.89,closed,2025-11-21T23:52:24
6921,3629,US7273863619029,savings,USD,15398.77,active,2026-04-06T14:23:59
6922,3630,UA3483115564902,credit,UAH,-181283.63,active,2026-05-15T07:24:06
6923,3631,US8716806330039,checking,USD,5173.3,active,2026-05-14T04:55:11
6924,3631,US8589731758531,savings,USD,34787.79,active,2026-04-10T23:28:55
6925,3631,US8831318287056,checking,USD,5819.93,active,2026-01-26T00:44:43
6926,3632,JP1528262872667,savings,JPY,2113237.73,active,2026-04-29T04:15:12
6927,3632,JP2258770040728,checking,JPY,881965.69,frozen,2025-12-22T05:12:27
6928,3632,JP6947584322635,savings,JPY,1496733.4,closed,2026-05-13T05:04:35
6929,3633,PL1450318523111,savings,PLN,19499.64,active,2025-04-16T19:08:39
6930,3634,JP2107038981591,checking,JPY,384597.17,active,2024-09-05T19:35:16
6931,3634,JP6043338511340,checking,JPY,598607.15,active,2025-06-27T11:22:18
6932,3635,US9810974677424,checking,USD,6386.26,active,2025-06-13T15:29:26
6933,3635,US4582615694246,checking,USD,3314.68,active,2025-08-26T23:51:36
6934,3635,US7364358461409,savings,USD,24519.88,active,2025-10-25T10:47:34
6935,3636,GB6706892820287,checking,GBP,5676.98,frozen,2026-04-01T20:45:44
6936,3636,GB6870388193182,savings,GBP,30026.87,frozen,2026-04-04T05:00:28
6937,3637,ZA6838557797060,checking,ZAR,442.04,closed,2023-02-22T16:08:20
6938,3637,ZA2159710015814,checking,ZAR,5689.69,active,2023-11-09T02:34:36
6939,3638,US4171369150397,savings,USD,29836.87,closed,2022-08-11T17:50:25
6940,3638,US3249357880129,savings,USD,13110.58,active,2024-02-06T03:06:55
6941,3639,TR1645956582027,checking,TRY,141983,active,2026-04-28T03:38:46
6942,3639,TR4435345513587,checking,TRY,87511.91,active,2026-03-15T07:28:21
6943,3639,TR5776207952400,checking,TRY,30478.21,active,2026-04-01T05:42:41
6944,3639,TR9652407379863,checking,TRY,106416.19,active,2026-05-13T07:47:17
6945,3640,US4116562651801,savings,USD,39956.65,closed,2025-04-13T08:38:45
6946,3641,DE1441024245977,savings,EUR,2091.04,active,2025-08-22T01:58:04
6947,3642,MX4967925029711,savings,MXN,224279.94,active,2023-04-16T01:48:56
6948,3642,MX3899312181692,checking,MXN,123079.07,frozen,2025-11-29T07:14:36
6949,3643,FR1565382269344,savings,EUR,22406.81,active,2026-04-17T09:59:51
6950,3644,US3612234967776,checking,USD,3397.57,frozen,2025-10-26T01:10:15
6951,3644,US2941549665636,checking,USD,222.26,frozen,2025-11-04T02:14:56
6952,3645,PL7287827338895,checking,PLN,2565.15,frozen,2026-04-21T23:11:53
6953,3646,DE8273272886060,savings,EUR,14710.07,frozen,2025-03-01T11:01:27
6954,3647,US3223424794778,savings,USD,21657.92,active,2025-12-09T21:16:38
6955,3647,US6122363635546,savings,USD,28934.15,frozen,2025-09-26T17:02:02
6956,3648,IN4189770193077,credit,INR,-86922.24,frozen,2025-08-01T20:56:11
6957,3649,FR7137773556203,savings,EUR,21.91,active,2026-02-17T07:12:35
6958,3649,FR3928409334659,checking,EUR,1747.91,active,2026-04-24T23:02:57
6959,3649,FR6628003270124,savings,EUR,7759.31,active,2026-02-14T22:42:34
6960,3650,US2762305242138,savings,USD,32724.52,frozen,2024-01-09T09:20:54
6961,3651,BR2393025592348,savings,BRL,216.18,active,2024-12-22T16:31:44
6962,3652,UA2184509851180,checking,UAH,206910.78,frozen,2023-11-05T17:02:32
6963,3653,BR5726502894155,credit,BRL,-9131.86,active,2025-12-09T16:33:50
6964,3654,PT5870735354540,savings,EUR,15970.53,closed,2024-12-24T05:55:09
6965,3654,PT3580144781113,savings,EUR,21321.89,closed,2024-09-30T09:22:32
6966,3655,IN8098322581364,checking,INR,393490.12,frozen,2022-12-17T05:05:34
6967,3656,US1369585661449,checking,USD,4143.15,active,2024-05-30T06:26:15
6968,3657,TR7882882138733,savings,TRY,231443.66,active,2025-10-04T09:02:09
6969,3657,TR3133200042162,savings,TRY,317665.36,closed,2026-05-14T01:09:53
6970,3657,TR5165101654692,savings,TRY,739138.51,active,2026-03-28T07:20:13
6971,3658,US7576536361375,savings,USD,8032.95,frozen,2023-04-28T23:48:21
6972,3659,BR3083713138412,savings,BRL,123063.21,active,2025-12-27T21:23:36
6973,3659,BR8627838130662,checking,BRL,13607.51,active,2025-12-23T01:31:46
6974,3660,PT7625735159027,savings,EUR,27949.01,closed,2025-02-17T23:16:21
6975,3660,PT6018343379287,checking,EUR,4057.71,active,2025-12-03T04:03:28
6976,3660,PT2691180549420,checking,EUR,5866.93,active,2025-10-18T05:22:28
6977,3661,CA5383877935863,savings,CAD,14001.76,frozen,2026-04-27T12:10:09
6978,3661,CA7680004651538,checking,CAD,3531.61,active,2026-03-31T03:15:58
6979,3662,NL6532157478947,checking,EUR,7754.33,active,2026-01-02T07:44:59
6980,3663,US2287136965867,checking,USD,5222.47,active,2025-04-25T01:46:07
6981,3663,US7670206677577,credit,USD,-1625.63,active,2024-11-30T20:56:45
6982,3664,US1625658540833,checking,USD,5556.01,closed,2025-09-22T19:06:37
6983,3664,US6403185397464,savings,USD,18531.02,closed,2026-02-23T12:05:18
6984,3665,TR8141147195002,credit,TRY,-90053.74,active,2026-05-08T17:55:54
6985,3666,BR3023176215368,credit,BRL,-4499.97,closed,2025-10-14T21:45:39
6986,3666,BR3427801288579,savings,BRL,165159.92,active,2025-08-23T05:30:35
6987,3667,GB9082631327155,savings,GBP,11318.05,active,2024-03-01T23:28:47
6988,3668,GB5363221587848,checking,GBP,5953.99,active,2026-04-01T05:43:37
6989,3669,CA5998694260894,checking,CAD,5245.21,active,2025-12-07T00:02:41
6990,3669,CA8692494371759,savings,CAD,40037.65,frozen,2024-06-09T10:47:27
6991,3669,CA3901386035833,checking,CAD,7755.51,active,2024-08-19T18:15:54
6992,3670,PL8308115816548,checking,PLN,4759.93,active,2024-08-20T04:11:47
6993,3670,PL2260896953107,checking,PLN,6890.14,active,2024-10-21T13:03:39
6994,3671,JP1992387225022,checking,JPY,721235.2,active,2025-12-27T00:47:37
6995,3672,GB4489959942229,checking,GBP,3667.07,closed,2025-09-19T19:32:02
6996,3672,GB4604862274493,checking,GBP,7687.06,active,2025-05-22T01:14:16
6997,3673,US2923756174058,savings,USD,16687.35,frozen,2024-04-04T23:06:01
6998,3673,US8424831413464,checking,USD,5731.99,closed,2023-12-14T01:19:06
6999,3673,US2752726825543,credit,USD,-1997.92,active,2023-11-12T00:13:07
7000,3674,US5070182421391,checking,USD,1431.73,active,2024-11-16T23:57:31
7001,3674,US1442329111500,checking,USD,5565.76,active,2022-06-05T04:24:32
7002,3675,MX6484585470928,checking,MXN,109300.88,closed,2025-09-30T04:07:23
7003,3675,MX4486642978626,checking,MXN,94991.88,active,2025-06-03T15:45:37
7004,3676,US6410067983153,savings,USD,28846.07,active,2026-04-20T15:04:24
7005,3677,US7654265794596,checking,USD,5467.76,closed,2026-03-31T11:44:37
7006,3677,US9882715977653,checking,USD,5494.23,active,2025-11-17T08:50:30
7007,3677,US5371026941140,checking,USD,4539.6,closed,2024-05-12T10:44:36
7008,3678,NO8887455544974,checking,NOK,6414.2,active,2025-01-29T22:51:06
7009,3678,NO8972609866897,checking,NOK,3377.12,frozen,2025-06-03T15:09:23
7010,3678,NO2083748127473,checking,NOK,7771.77,active,2025-12-29T15:21:55
7011,3679,US7776314028888,checking,USD,3211.1,closed,2025-02-04T01:54:05
7012,3679,US9580331858602,credit,USD,-2546.84,frozen,2023-10-10T04:02:45
7013,3679,US5339613399986,checking,USD,7127.58,active,2024-05-13T23:01:36
7014,3680,DE3789373265340,savings,EUR,26641.11,active,2025-11-28T00:48:53
7015,3680,DE3345084685205,credit,EUR,-4180.6,active,2024-08-18T12:00:06
7016,3681,FR6380929031681,checking,EUR,1953.66,active,2026-01-10T11:32:53
7017,3681,FR3292295648473,checking,EUR,3433.19,active,2024-04-13T10:20:37
7018,3682,GB8284749637983,savings,GBP,56.31,frozen,2026-04-15T06:47:51
7019,3682,GB7135640863723,checking,GBP,7236.4,active,2024-05-22T12:06:13
7020,3682,GB2772562820097,checking,GBP,4948.64,active,2025-01-25T01:15:29
7021,3683,GB1169805337537,checking,GBP,5378.21,frozen,2026-02-24T07:47:31
7022,3683,GB9478972397868,checking,GBP,3019.66,active,2025-04-04T13:35:48
7023,3684,BE8260444166077,savings,EUR,34415.72,active,2025-09-18T20:33:17
7024,3684,BE6578859330216,credit,EUR,-1357.32,frozen,2022-12-30T13:27:12
7025,3685,AE2557209377080,checking,AED,6322.07,closed,2026-04-11T13:35:58
7026,3686,CA1318429320622,savings,CAD,12373.92,active,2024-03-11T04:52:52
7027,3686,CA8029898033788,checking,CAD,3411.88,frozen,2022-10-14T07:48:08
7028,3686,CA3466138276335,checking,CAD,840.38,frozen,2023-01-09T10:11:57
7029,3687,ES6050943853025,credit,EUR,-4458.87,active,2026-05-06T00:23:32
7030,3687,ES9206491241756,savings,EUR,26295.17,active,2026-05-10T13:37:31
7031,3687,ES6308408296831,checking,EUR,4511.22,active,2026-04-21T03:56:26
7032,3688,DK7403522489256,checking,DKK,3001.74,active,2023-03-14T00:23:36
7033,3688,DK7299761475894,checking,DKK,3253.4,frozen,2023-02-11T16:47:46
7034,3688,DK2476678525136,savings,DKK,32987.4,active,2023-10-23T13:38:56
7035,3688,DK8766904573094,savings,DKK,16434.52,closed,2023-03-28T07:57:43
7036,3689,SG7573568096062,checking,SGD,4340.64,active,2024-05-23T10:55:37
7037,3689,SG3917110355643,checking,SGD,4930.76,active,2024-09-19T14:47:34
7038,3690,IN6470153994081,checking,INR,203519.45,frozen,2026-02-06T00:28:57
7039,3690,IN3055633020428,checking,INR,269095.5,active,2026-01-25T07:15:09
7040,3691,TR7567906792189,savings,TRY,1141048.63,active,2023-12-17T08:24:10
7041,3692,US6223904741559,savings,USD,73.05,active,2026-05-12T17:29:49
7042,3692,US9417627480469,savings,USD,21044.67,active,2026-02-13T21:16:17
7043,3693,US9395713538436,checking,USD,6040.47,active,2022-06-25T07:46:50
7044,3693,US2059343060507,checking,USD,2668.81,active,2026-01-30T15:53:54
7045,3693,US9925272648487,checking,USD,5225.32,frozen,2023-07-28T04:17:52
7046,3694,CA2277271547648,checking,CAD,6177.87,active,2024-03-12T01:07:10
7047,3694,CA5013080953659,checking,CAD,3971.65,active,2023-09-14T15:35:56
7048,3695,UA2230030459752,savings,UAH,1963.71,active,2025-07-06T06:05:49
7049,3696,IN1334254961909,credit,INR,-272618.66,active,2026-05-16T13:06:16
7050,3696,IN8268979563472,checking,INR,495775.67,frozen,2026-05-02T20:03:24
7051,3697,US9648305130346,checking,USD,3603.58,active,2026-03-18T10:52:35
7052,3698,FR5192252548887,checking,EUR,216.98,active,2024-03-25T11:32:53
7053,3698,FR1057032266060,credit,EUR,-445.9,active,2022-04-19T13:18:52
7054,3699,IT7090421691927,checking,EUR,3812.39,active,2025-09-14T12:26:18
7055,3700,JP7761370640580,checking,JPY,980993.71,frozen,2025-05-04T17:59:33
7056,3701,IN5457043044967,checking,INR,567035.16,closed,2025-05-29T04:38:27
7057,3701,IN6698296121138,checking,INR,156808.02,frozen,2025-05-30T01:36:22
7058,3701,IN6328066457974,checking,INR,193371.83,closed,2024-04-29T19:23:46
7059,3701,IN6075167328247,checking,INR,375862.26,active,2025-10-07T15:24:54
7060,3702,AU6243704888633,checking,AUD,98.76,active,2025-08-07T12:18:35
7061,3702,AU8720683495015,savings,AUD,36937.81,active,2025-02-26T07:32:39
7062,3703,US9064218177983,checking,USD,6990.15,active,2024-05-05T11:32:48
7063,3703,US2726890992969,savings,USD,15.31,closed,2024-09-14T01:40:52
7064,3703,US4599302542827,checking,USD,7666.39,active,2023-07-11T19:25:13
7065,3704,PL7721117487848,credit,PLN,-3947.5,closed,2024-05-26T08:21:23
7066,3704,PL5889355823771,checking,PLN,5413.63,frozen,2024-08-19T04:23:17
7067,3705,US3822554216781,savings,USD,30580.38,active,2025-12-01T10:15:07
7068,3705,US5581525772569,checking,USD,6819.93,frozen,2025-06-17T09:12:39
7069,3706,GB2326382844908,checking,GBP,2542.5,active,2025-02-10T18:37:39
7070,3707,KR1225018647482,checking,KRW,584819.89,active,2023-03-16T11:25:58
7071,3708,IT3921517540565,savings,EUR,21809.89,active,2026-05-10T22:38:57
7072,3709,AU8140074944048,checking,AUD,2958.31,frozen,2025-10-02T23:05:30
7073,3709,AU2038334455529,credit,AUD,-3030.52,active,2024-04-06T22:58:33
7074,3710,DE1672416918902,checking,EUR,5577.45,active,2025-10-28T03:24:21
7075,3711,FR8303524322009,checking,EUR,2595.26,frozen,2025-12-26T14:09:03
7076,3711,FR1350223559257,credit,EUR,-2308.39,closed,2024-05-19T18:59:51
7077,3712,US8259202351952,checking,USD,6969.21,frozen,2025-05-22T09:55:56
7078,3713,ES8441268878619,savings,EUR,11376.66,frozen,2025-12-18T02:00:16
7079,3713,ES3954045095081,checking,EUR,2511.41,closed,2024-09-02T17:31:21
7080,3714,US9857497696034,checking,USD,1970.01,active,2026-02-26T00:29:56
7081,3714,US8127430571437,checking,USD,776.69,active,2025-07-29T12:17:39
7082,3714,US2405284270139,checking,USD,6546.94,active,2025-03-02T13:10:29
7083,3715,IN6547333735767,savings,INR,1536400.46,active,2025-01-24T07:34:22
7084,3715,IN2672263193434,checking,INR,427488.68,active,2025-12-17T18:34:54
7085,3716,JP5930941865092,checking,JPY,759564.59,frozen,2023-06-18T07:26:44
7086,3716,JP4662265291046,savings,JPY,2286386.46,closed,2024-09-22T22:09:41
7087,3717,BR1106410971428,savings,BRL,189260.99,active,2025-10-16T23:43:46
7088,3717,BR2669189155512,savings,BRL,17696.24,active,2025-07-23T09:24:45
7089,3718,US1570374131201,savings,USD,11999.22,active,2026-05-15T21:51:51
7090,3718,US9052334921512,savings,USD,34595.98,active,2026-04-30T22:47:30
7091,3719,MX4064482617592,checking,MXN,30427.96,active,2025-07-27T18:35:20
7092,3719,MX6369132581388,checking,MXN,94846.48,closed,2024-02-20T01:54:48
7093,3719,MX6750576842207,checking,MXN,104127.51,active,2022-08-10T14:24:01
7094,3720,ES4328635786307,checking,EUR,6482.29,active,2025-03-22T01:16:48
7095,3720,ES2576047874663,savings,EUR,31524.64,active,2025-07-24T19:47:39
7096,3721,IT1414720379084,checking,EUR,2910.8,frozen,2025-07-06T09:51:21
7097,3721,IT1165059863971,credit,EUR,-754.41,frozen,2025-07-12T11:42:48
7098,3721,IT7479320224529,savings,EUR,12.22,active,2024-08-11T02:16:18
7099,3721,IT6112917034896,credit,EUR,-3331.15,active,2026-04-11T08:57:08
7100,3722,IN2124187139739,checking,INR,189354.88,closed,2025-12-07T14:46:42
7101,3722,IN2248048357484,checking,INR,337826.16,active,2022-12-28T09:42:26
7102,3723,MX4675981716927,credit,MXN,-26048.59,active,2025-09-13T10:33:54
7103,3724,FI5064590862741,checking,EUR,285.47,active,2025-10-15T00:24:13
7104,3724,FI4829477985153,credit,EUR,-372.75,active,2025-11-15T21:26:46
7105,3724,FI6409388183905,credit,EUR,-2025.92,frozen,2024-12-10T20:48:25
7106,3725,NO7727268948706,savings,NOK,15637.12,active,2025-12-03T14:44:08
7107,3726,IT6137095626478,checking,EUR,7353.43,frozen,2025-09-06T18:40:57
7108,3726,IT4427754926836,checking,EUR,5422.62,closed,2022-10-26T08:25:10
7109,3726,IT4030228952616,checking,EUR,6775.02,active,2025-07-18T02:11:15
7110,3727,GB1964665064447,savings,GBP,26610.6,active,2025-11-20T12:38:10
7111,3727,GB6460623056140,checking,GBP,5260.11,active,2023-08-13T22:18:59
7112,3728,IN8518901179365,savings,INR,2740212.27,frozen,2025-08-14T17:12:14
7113,3728,IN9931607510417,checking,INR,101545.79,active,2023-08-03T22:21:03
7114,3728,IN1144675681428,checking,INR,251914.71,frozen,2026-01-10T05:00:37
7115,3729,JP2071268397156,checking,JPY,649924.83,active,2024-09-06T10:52:44
7116,3729,JP5915180436070,checking,JPY,1019878.55,active,2024-09-27T11:15:22
7117,3730,SE9144087718178,credit,SEK,-736.72,active,2026-04-28T04:10:43
7118,3731,US6135918543972,checking,USD,2330.07,active,2025-06-30T09:22:19
7119,3731,US3238027085321,checking,USD,4232.77,active,2025-07-12T08:21:41
7120,3731,US4751044218623,checking,USD,6801.55,closed,2026-04-12T01:13:24
7121,3731,US9204487474660,checking,USD,6820.4,active,2026-01-11T19:59:19
7122,3732,UA6328756117612,checking,UAH,132503.17,closed,2026-04-19T09:34:33
7123,3733,NL9541051093082,checking,EUR,2970.49,frozen,2026-02-16T12:22:08
7124,3734,CA7240694356988,savings,CAD,24696.06,active,2025-08-12T07:00:56
7125,3734,CA9438384831293,credit,CAD,-2408.51,active,2026-03-05T02:10:56
7126,3734,CA2857659959694,savings,CAD,21692.44,active,2025-11-17T12:51:28
7127,3734,CA9896877566030,checking,CAD,5486.65,active,2025-10-07T12:04:25
7128,3735,ZA8476187714761,checking,ZAR,4612.24,active,2024-12-20T11:11:04
7129,3735,ZA1462679539143,savings,ZAR,5439.61,active,2026-05-11T08:39:14
7130,3736,AU1785037877060,checking,AUD,4766.29,active,2024-12-31T02:15:17
7131,3737,DK6077252310833,savings,DKK,20634.15,active,2025-09-17T06:30:10
7132,3738,JP5380991412292,savings,JPY,5161941.74,active,2026-05-03T03:40:16
7133,3739,TR1649709915211,checking,TRY,174375.74,closed,2026-05-10T19:37:51
7134,3739,TR5965679546652,savings,TRY,831.41,active,2026-01-21T11:02:29
7135,3739,TR4688335399314,credit,TRY,-37995.25,active,2026-01-31T04:11:51
7136,3740,JP5673730755411,credit,JPY,-54671.23,active,2026-03-23T09:54:30
7137,3740,JP7816151744191,checking,JPY,235789.5,frozen,2024-01-12T12:47:43
7138,3741,US1516069220617,checking,USD,3010.03,active,2023-05-18T16:52:16
7139,3741,US2952745598423,checking,USD,532.39,active,2024-10-31T15:33:34
7140,3742,DE2952775027898,checking,EUR,3731.83,frozen,2025-08-11T13:36:06
7141,3743,DK4474212811974,checking,DKK,3798.86,active,2024-05-04T06:03:43
7142,3743,DK4482632826140,checking,DKK,1958.15,active,2024-07-06T03:11:16
7143,3744,TR7880835329486,checking,TRY,141408.22,active,2024-08-30T07:29:37
7144,3744,TR9357833947269,checking,TRY,190756.9,closed,2023-08-09T16:52:07
7145,3745,GB6176964778838,credit,GBP,-1390.95,frozen,2025-09-29T18:59:09
7146,3745,GB8174882195047,savings,GBP,37156.97,active,2025-07-12T23:28:26
7147,3745,GB1283147475717,checking,GBP,4897.22,frozen,2026-05-15T09:37:54
7148,3746,US3537989482505,checking,USD,1200.81,active,2026-02-03T07:10:17
7149,3746,US2288767446054,checking,USD,5080.85,active,2025-06-25T17:21:48
7150,3747,MX4632961860689,savings,MXN,342875.45,active,2022-10-30T23:02:45
7151,3747,MX4094935250102,checking,MXN,6774.21,active,2021-09-03T07:30:20
7152,3748,JP4780514745968,checking,JPY,7904.34,active,2025-10-22T17:48:09
7153,3748,JP6055917026251,savings,JPY,1467708.51,frozen,2025-04-28T04:34:19
7154,3748,JP4070352710101,savings,JPY,3142893.55,active,2026-01-16T07:01:22
7155,3749,IT4474253280057,checking,EUR,160.48,active,2025-08-02T05:39:33
7156,3749,IT6823322766674,savings,EUR,19340.4,active,2026-02-25T21:21:03
7157,3750,UA7261092211181,credit,UAH,-81833.15,active,2025-08-18T16:47:30
7158,3751,DE5621733461199,savings,EUR,38695.72,active,2026-03-06T06:19:51
7159,3752,GB1154297543641,checking,GBP,1220.71,active,2026-03-25T00:26:17
7160,3753,NL6339224624799,checking,EUR,2597.31,active,2023-10-13T00:44:10
7161,3753,NL8050562087372,savings,EUR,89.98,active,2025-01-31T04:04:59
7162,3754,AU4187479538402,checking,AUD,1448.5,active,2023-05-12T19:54:09
7163,3754,AU8967192273221,savings,AUD,1797.13,active,2024-08-11T14:29:54
7164,3754,AU8078783749294,checking,AUD,7362.37,closed,2023-02-09T05:15:54
7165,3755,UA6095335163414,checking,UAH,17550.98,frozen,2024-06-27T17:23:43
7166,3755,UA8124886130896,checking,UAH,254847.62,active,2024-09-08T07:14:25
7167,3756,IN6214684788601,savings,INR,2281952.64,frozen,2025-06-18T15:32:23
7168,3756,IN5364540332974,checking,INR,276997.83,closed,2025-11-10T16:43:25
7169,3757,JP6413390760995,savings,JPY,2533382.75,frozen,2025-03-18T16:45:10
7170,3758,CA7196016976408,savings,CAD,25350.35,frozen,2026-05-01T02:26:42
7171,3758,CA9959908149857,credit,CAD,-3513.41,active,2026-04-26T19:53:59
7172,3758,CA8724332185296,checking,CAD,2885.33,active,2026-01-21T09:55:15
7173,3759,GB1755083848322,savings,GBP,8451.28,active,2026-04-10T17:06:39
7174,3759,GB1532859967357,savings,GBP,17740.69,frozen,2026-05-08T10:35:55
7175,3760,DE3532965265616,savings,EUR,32090.02,frozen,2025-10-02T14:52:56
7176,3760,DE1098517215048,checking,EUR,6282.89,closed,2026-02-24T23:52:21
7177,3761,US4724473950329,checking,USD,7472.79,closed,2025-06-13T16:26:10
7178,3761,US8375130291504,savings,USD,99.94,active,2024-07-30T23:41:41
7179,3762,US1083848542251,credit,USD,-4980,active,2025-12-07T18:13:32
7180,3762,US3156029083780,checking,USD,1592.29,active,2025-10-21T02:14:42
7181,3763,CN6764707988951,checking,CNY,4328.93,active,2026-04-10T00:06:07
7182,3764,PT2862317523868,savings,EUR,35113.2,frozen,2025-11-11T23:01:09
7183,3765,BR2900125174354,checking,BRL,24720.06,active,2025-07-31T13:07:51
7184,3766,ES1807983256404,checking,EUR,1568.26,active,2022-07-20T17:27:40
7185,3766,ES5661666892654,checking,EUR,66.9,active,2023-08-21T09:58:58
7186,3767,SE4049406885006,savings,SEK,1525.94,frozen,2024-11-03T09:05:12
7187,3767,SE9610960957911,checking,SEK,3524.61,closed,2024-02-02T21:42:56
7188,3767,SE2185394784666,checking,SEK,5680.46,active,2023-09-29T10:45:51
7189,3768,IN9228451586127,checking,INR,405932.02,frozen,2025-03-22T08:32:51
7190,3768,IN3850518564098,checking,INR,417777.58,active,2026-04-19T15:58:25
7191,3769,FR6345067793174,checking,EUR,5176.06,active,2025-07-18T06:52:05
7192,3770,FR9058807578112,checking,EUR,7365.89,closed,2025-09-26T00:34:38
7193,3770,FR2389489464880,savings,EUR,9165.88,active,2025-04-11T11:49:41
7194,3771,IN9943413293679,savings,INR,522433.66,active,2025-08-05T02:24:13
7195,3771,IN3680103143138,checking,INR,627470.15,active,2026-03-28T11:36:08
7196,3771,IN5864338529972,savings,INR,329933.84,active,2025-02-24T06:26:20
7197,3772,ZA5934189280727,checking,ZAR,4237.36,active,2022-11-16T01:55:54
7198,3772,ZA6496429081052,savings,ZAR,26807.46,active,2025-02-28T04:31:03
7199,3773,US6665758119376,checking,USD,7052.92,closed,2026-05-04T00:20:24
7200,3773,US6686985193066,checking,USD,4323.52,active,2025-10-22T14:29:37
7201,3774,IN9507939774195,savings,INR,512681.31,frozen,2024-10-12T12:29:24
7202,3774,IN7346523866364,checking,INR,28902.19,active,2025-04-15T04:52:59
7203,3774,IN2392741898773,checking,INR,496814.1,active,2025-04-10T07:20:07
7204,3775,CN6548698681918,savings,CNY,9644.86,active,2025-11-30T09:51:45
7205,3776,NL3812606877730,checking,EUR,3381.67,active,2025-01-08T14:09:13
7206,3777,BE5554844025519,checking,EUR,6653.35,active,2026-05-15T09:18:01
7207,3777,BE8300207448561,checking,EUR,2735.19,active,2026-02-15T19:03:03
7208,3778,US8229713251562,savings,USD,12257.79,active,2026-04-23T14:50:04
7209,3779,CA8215362469934,checking,CAD,7604.96,active,2025-06-09T23:16:20
7210,3779,CA7272595389249,checking,CAD,7434.76,active,2025-02-01T20:35:46
7211,3780,US2388950310385,savings,USD,40825.22,active,2025-03-13T17:14:15
7212,3781,DE7555081593827,checking,EUR,7846.28,active,2025-07-21T07:12:27
7213,3781,DE5193011690916,savings,EUR,14354.63,active,2024-12-12T11:36:13
7214,3781,DE7387831517770,checking,EUR,4369.57,active,2022-02-11T18:52:45
7215,3782,SE1241077531644,checking,SEK,4503.16,active,2026-03-18T17:00:29
7216,3782,SE9691507765731,credit,SEK,-4238.92,active,2026-03-24T16:26:47
7217,3782,SE3771391054477,checking,SEK,1860.82,frozen,2026-04-16T03:53:45
7218,3783,US5072515562028,savings,USD,88.65,active,2026-04-10T02:19:34
7219,3783,US3163376392066,checking,USD,340.59,closed,2026-05-08T22:05:12
7220,3784,SG1716877974673,checking,SGD,4817.69,active,2025-07-25T17:15:47
7221,3785,US8156204768368,savings,USD,40172.79,active,2025-04-01T22:14:11
7222,3786,FR4576730018993,savings,EUR,1180.6,active,2024-04-26T06:11:30
7223,3787,TR5635646316819,savings,TRY,240163.37,frozen,2026-04-22T03:57:17
7224,3788,CA2919930158812,checking,CAD,5413.69,active,2026-03-02T04:30:41
7225,3788,CA4819344033609,checking,CAD,5250.88,frozen,2026-03-17T19:06:46
7226,3789,IE2951790855779,checking,EUR,7749.27,active,2023-03-24T15:43:39
7227,3789,IE2619129031985,checking,EUR,5117.15,frozen,2022-09-21T01:20:00
7228,3789,IE2700709945090,checking,EUR,132.77,active,2022-07-04T18:19:45
7229,3789,IE7680118497712,savings,EUR,23698.19,frozen,2025-09-17T08:48:44
7230,3790,TR1110315497198,savings,TRY,460050.31,active,2025-01-11T10:59:41
7231,3790,TR3697204094652,savings,TRY,1020356.03,frozen,2024-10-22T00:43:24
7232,3790,TR7356225619159,savings,TRY,200476.09,active,2025-06-14T12:40:37
7233,3791,NL7421932732031,checking,EUR,4923.75,closed,2024-01-27T07:27:06
7234,3791,NL4232721786829,checking,EUR,3413.27,closed,2025-07-18T08:07:39
7235,3791,NL3913636575184,checking,EUR,2414.71,active,2026-01-18T18:24:20
7236,3791,NL5409669519082,savings,EUR,26775.61,active,2024-03-26T10:03:16
7237,3792,JP2922249568971,checking,JPY,315286.43,active,2026-01-31T08:54:54
7238,3792,JP3084110250079,checking,JPY,284483.24,closed,2026-03-14T11:32:09
7239,3792,JP1012951819582,savings,JPY,38.73,active,2026-05-07T00:00:08
7240,3793,US5096468859405,checking,USD,6650.82,frozen,2025-05-04T05:33:59
7241,3794,US3778909631573,checking,USD,4069.86,frozen,2023-10-23T17:11:57
7242,3794,US5295659476537,checking,USD,4485.91,frozen,2026-01-30T11:18:55
7243,3795,US8511430834204,checking,USD,4171.61,active,2025-12-26T17:20:42
7244,3795,US7973620619151,checking,USD,7241.26,frozen,2026-04-01T22:39:19
7245,3796,JP7868661112120,savings,JPY,792227.52,active,2023-11-15T19:29:53
7246,3797,DE3131500657223,checking,EUR,258.65,frozen,2025-06-29T20:53:56
7247,3798,IN7637189341813,savings,INR,1941682.49,frozen,2024-10-29T13:21:18
7248,3799,IN5049437140222,savings,INR,822071.32,closed,2025-12-28T10:34:26
7249,3799,IN4957121843351,checking,INR,451126.59,active,2025-05-26T02:57:15
7250,3800,GB2467883034608,checking,GBP,1827.7,closed,2024-07-27T04:23:59
7251,3801,US4159354685020,savings,USD,27756.65,active,2026-01-16T01:01:49
7252,3801,US1257251535112,credit,USD,-394.84,closed,2025-11-21T02:41:31
7253,3802,US6150696870306,checking,USD,6994.78,active,2025-09-16T10:10:50
7254,3803,AU5218159653852,savings,AUD,29621.71,frozen,2026-05-03T01:34:49
7255,3804,GB1688595454800,checking,GBP,6117.72,active,2024-12-20T16:36:08
7256,3804,GB7813203180318,checking,GBP,3301.69,frozen,2024-06-23T16:26:41
7257,3805,GB2863745141484,checking,GBP,7891.95,frozen,2026-04-14T03:19:52
7258,3805,GB6915878625301,checking,GBP,1487.09,active,2026-05-04T21:15:41
7259,3805,GB3385373226610,savings,GBP,87.32,frozen,2026-03-03T22:27:49
7260,3806,FR3623486072244,savings,EUR,20904.75,active,2025-03-15T15:15:39
7261,3806,FR3255889326913,savings,EUR,39274.24,frozen,2022-08-28T01:41:51
7262,3806,FR4564982529592,savings,EUR,12998.94,closed,2024-03-17T03:46:08
7263,3807,AU8885814332205,checking,AUD,879.05,active,2021-11-30T16:18:22
7264,3808,BR7032761647348,checking,BRL,5656.59,active,2023-03-05T08:42:38
7265,3808,BR3246328388120,savings,BRL,46713.56,closed,2023-03-21T07:47:42
7266,3809,US1377917893246,checking,USD,4397.88,active,2024-04-02T13:24:35
7267,3810,IN1688834458513,checking,INR,57072.29,active,2024-06-16T22:58:25
7268,3810,IN2407941498251,checking,INR,228471.34,active,2022-09-06T10:54:44
7269,3810,IN1286624081321,checking,INR,265820.61,active,2022-12-19T10:23:09
7270,3811,AU1455627985589,savings,AUD,11.45,closed,2022-03-13T23:04:00
7271,3811,AU8295367063519,savings,AUD,11213.71,active,2023-09-15T11:24:02
7272,3812,US3411589460752,checking,USD,1360.34,active,2023-11-10T12:51:57
7273,3813,GB7766279298073,checking,GBP,1320.47,frozen,2025-09-17T18:55:23
7274,3814,BR6804195888224,checking,BRL,1133.32,frozen,2025-11-02T01:50:50
7275,3815,CA3045335091225,savings,CAD,65.72,closed,2026-01-29T11:05:11
7276,3815,CA1524397361537,savings,CAD,9513.36,active,2026-04-09T21:48:09
7277,3815,CA6456850494296,savings,CAD,3796.99,active,2023-09-15T23:10:05
7278,3816,BR8300341395779,checking,BRL,32322.66,frozen,2026-05-07T18:52:19
7279,3816,BR5083787214691,checking,BRL,26724.06,active,2025-11-28T14:34:55
7280,3817,IT1172353588540,checking,EUR,5911.69,active,2026-03-19T22:53:22
7281,3817,IT1080482668556,checking,EUR,7834.27,active,2025-03-27T21:27:31
7282,3817,IT9841481416738,checking,EUR,3699.19,active,2025-08-20T12:58:34
7283,3817,IT3176742445505,credit,EUR,-681.04,active,2026-04-14T20:15:31
7284,3818,GB7518576358837,checking,GBP,5309.22,closed,2026-01-25T17:14:07
7285,3818,GB6499321453701,checking,GBP,2839.75,frozen,2026-04-15T03:09:04
7286,3818,GB8588948375267,checking,GBP,1267.05,active,2026-02-20T14:25:45
7287,3819,SG3462160325986,checking,SGD,1253.97,active,2025-06-03T18:48:36
7288,3819,SG1562796224953,checking,SGD,3626.09,active,2024-12-23T18:45:46
7289,3820,PL8957903478774,checking,PLN,4376.56,active,2022-12-28T21:54:56
7290,3821,FR1863187134876,savings,EUR,5294.7,active,2025-03-04T16:07:49
7291,3821,FR9748158593891,savings,EUR,30581.84,active,2025-01-15T05:35:40
7292,3822,FR7592773178822,checking,EUR,1365.3,active,2026-02-16T14:14:12
7293,3822,FR7327242199517,checking,EUR,6693.65,frozen,2025-12-10T19:18:01
7294,3822,FR8705571914900,savings,EUR,21140.71,active,2026-03-05T22:22:54
7295,3823,GB5017983228953,checking,GBP,4457.27,active,2026-02-18T04:48:09
7296,3823,GB8363688168164,savings,GBP,39287.45,active,2026-05-06T04:05:15
7297,3824,FR3101646246573,checking,EUR,1964.25,closed,2026-04-10T13:46:44
7298,3825,ES8861248611343,checking,EUR,1746.27,closed,2026-02-09T18:07:21
7299,3826,PL2156388764869,checking,PLN,6745.76,active,2026-05-13T19:27:33
7300,3827,AU8748574974922,savings,AUD,24563.34,closed,2026-03-23T22:55:18
7301,3828,JP4742621328924,checking,JPY,2473.49,active,2026-01-18T20:47:25
7302,3829,ES3101507156891,checking,EUR,4186.09,frozen,2024-07-11T09:55:40
7303,3829,ES8617350599509,checking,EUR,4223.14,active,2025-10-14T23:09:37
7304,3830,CA5778542977375,checking,CAD,3517.18,frozen,2026-03-12T14:04:56
7305,3830,CA9945929979532,savings,CAD,20139.57,active,2025-06-12T19:54:50
7306,3831,NL6873723966480,credit,EUR,-361.67,active,2025-02-19T20:47:55
7307,3831,NL8636080598626,checking,EUR,6781.52,active,2023-06-04T13:00:40
7308,3832,DE5116470451840,checking,EUR,5292.61,frozen,2026-04-01T10:21:04
7309,3832,DE9453215289909,checking,EUR,5140.55,active,2025-03-06T13:30:57
7310,3833,IT2421416773146,savings,EUR,12781.08,active,2025-09-05T14:19:12
7311,3834,AE1335763817498,savings,AED,38192.95,active,2026-01-24T10:25:44
7312,3834,AE2012186910177,savings,AED,58.17,closed,2025-05-09T05:47:27
7313,3834,AE6736744826799,savings,AED,61.29,closed,2025-12-18T12:28:11
7314,3835,ES6534645412878,checking,EUR,2467.77,frozen,2025-05-16T06:38:48
7315,3835,ES4888969843991,checking,EUR,3476.6,active,2024-03-01T09:23:33
7316,3835,ES1891145167665,savings,EUR,5330.15,active,2022-10-13T00:55:17
7317,3836,DE2471204161617,savings,EUR,32.42,frozen,2026-05-12T22:40:57
7318,3836,DE7730849357426,checking,EUR,6781.81,active,2025-08-01T23:35:43
7319,3836,DE8454907425238,checking,EUR,3393.06,active,2026-04-04T10:41:17
7320,3837,GB4523054986229,credit,GBP,-1110.07,active,2023-08-17T13:40:24
7321,3838,JP1663815614951,savings,JPY,4692095.76,active,2025-02-27T07:56:57
7322,3838,JP4413069257691,savings,JPY,1445244.93,active,2025-02-26T11:54:38
7323,3838,JP4626068411681,savings,JPY,4209285.48,active,2024-11-13T18:06:08
7324,3839,SE2411242476378,savings,SEK,36974.07,active,2025-11-16T09:22:51
7325,3840,ZA6915094353088,savings,ZAR,61.96,active,2024-05-15T06:03:44
7326,3840,ZA4997919396877,savings,ZAR,29206.61,active,2025-02-03T10:11:28
7327,3841,NL4131877944316,checking,EUR,1343.74,active,2024-01-24T05:46:41
7328,3841,NL9295117996015,checking,EUR,6306.34,active,2023-11-12T16:33:31
7329,3841,NL9669550848206,checking,EUR,2649.27,active,2024-06-29T10:23:42
7330,3842,JP9551611629778,credit,JPY,-97437.46,closed,2024-07-02T11:51:58
7331,3842,JP2383548140544,checking,JPY,706824.9,frozen,2024-06-13T22:23:46
7332,3842,JP8973202494058,checking,JPY,112999.56,active,2026-05-08T16:08:01
7333,3843,US9031533139825,savings,USD,26089.5,active,2026-02-10T15:20:57
7334,3844,NL1811979454624,savings,EUR,24403.22,frozen,2025-12-22T18:25:30
7335,3844,NL5013559228839,checking,EUR,5126.69,active,2025-08-25T03:27:36
7336,3845,CH7226707518779,checking,CHF,20.75,frozen,2026-03-12T00:26:06
7337,3845,CH2961238850029,checking,CHF,7654.98,active,2025-12-17T14:24:57
7338,3845,CH5272344980265,credit,CHF,-4561.86,active,2025-11-19T06:58:18
7339,3845,CH1545876348065,checking,CHF,4276.07,active,2026-01-18T13:02:44
7340,3846,SG6092990662860,checking,SGD,6584,active,2026-01-23T18:58:33
7341,3846,SG5016873558941,savings,SGD,4759.06,active,2026-04-13T20:15:35
7342,3846,SG8428819128224,checking,SGD,953.94,active,2025-12-21T11:12:49
7343,3847,DE9975681722394,checking,EUR,2207.46,active,2023-08-03T18:37:58
7344,3847,DE3809212428830,savings,EUR,74.17,closed,2025-04-25T13:29:02
7345,3847,DE6059127874372,checking,EUR,7766.05,active,2023-06-01T09:05:32
7346,3847,DE4325657355530,checking,EUR,3466.18,active,2023-03-05T23:12:04
7347,3848,AU3271990410527,checking,AUD,4921.44,active,2024-07-01T01:28:16
7348,3848,AU1439407449033,savings,AUD,34944.23,active,2025-12-26T00:20:43
7349,3849,BR8576068814412,savings,BRL,140575.84,active,2025-04-30T19:35:35
7350,3849,BR8487010941627,credit,BRL,-23963.34,active,2025-02-14T01:41:50
7351,3849,BR5378775139783,savings,BRL,190585.2,frozen,2025-05-15T16:50:44
7352,3850,IT9283425584321,checking,EUR,982.57,closed,2021-08-16T17:34:54
7353,3850,IT2690502221893,checking,EUR,6134.79,active,2022-08-23T12:24:14
7354,3851,GB2237572797101,checking,GBP,5804.73,active,2026-03-09T10:38:52
7355,3851,GB3922642488221,checking,GBP,7352.44,active,2026-04-27T22:48:01
7356,3852,US7842399289432,savings,USD,12259.2,active,2025-08-16T16:27:39
7357,3853,GB9104824620133,checking,GBP,6088.77,closed,2026-04-29T11:42:48
7358,3853,GB4184388540514,savings,GBP,17292.98,frozen,2026-05-16T00:49:04
7359,3854,ES6124173438764,credit,EUR,-3742.69,active,2025-03-11T07:40:24
7360,3854,ES4726513258854,credit,EUR,-1046.31,frozen,2026-01-21T23:34:09
7361,3854,ES6181859787550,credit,EUR,-1981.97,active,2025-06-05T17:38:26
7362,3855,FR5092655314474,savings,EUR,6077.36,frozen,2024-06-24T03:28:16
7363,3855,FR7253471359932,checking,EUR,3901.86,active,2026-05-03T22:40:23
7364,3855,FR5398043610049,savings,EUR,34266.94,active,2024-05-24T09:29:07
7365,3856,IT2062109074584,checking,EUR,3538.91,frozen,2026-04-26T10:10:12
7366,3856,IT1063129621363,checking,EUR,367.16,active,2026-04-07T07:12:26
7367,3857,US8587394729069,checking,USD,2054.46,active,2023-12-24T11:15:15
7368,3857,US6142392776804,savings,USD,48.76,frozen,2026-04-24T14:54:07
7369,3857,US8791888056786,savings,USD,14393,closed,2023-02-25T05:44:42
7370,3858,IN4338084721442,savings,INR,1477487.59,closed,2023-11-26T20:17:35
7371,3859,GB8531578328290,savings,GBP,13270.17,active,2024-11-25T11:15:37
7372,3859,GB4713245910749,savings,GBP,26013.17,active,2024-06-15T00:15:33
7373,3859,GB4597355813502,checking,GBP,6808.09,closed,2025-11-29T04:23:55
7374,3860,US8379846637102,savings,USD,17325.41,active,2026-04-15T04:07:51
7375,3860,US1658280122911,savings,USD,38685.63,closed,2025-05-04T21:05:57
7376,3860,US1883177984856,checking,USD,4478.28,active,2026-04-13T22:47:19
7377,3861,TR6810027971463,checking,TRY,540.45,active,2022-11-17T08:11:48
7378,3861,TR6301356449850,savings,TRY,410674.53,active,2025-12-23T22:53:11
7379,3861,TR8118653285533,checking,TRY,130814.1,active,2025-08-26T17:54:53
7380,3861,TR3921694457520,checking,TRY,178048.18,active,2022-04-30T17:58:51
7381,3862,MX7732673026998,checking,MXN,34351.96,active,2024-05-28T19:24:31
7382,3862,MX5152052291387,checking,MXN,106749.14,active,2024-01-31T17:53:13
7383,3862,MX7378962264579,credit,MXN,-52254.1,active,2025-11-15T20:20:31
7384,3862,MX6141397630266,savings,MXN,535560.43,active,2026-02-19T06:21:44
7385,3863,ES1454735676891,savings,EUR,19365.19,active,2025-06-02T02:55:04
7386,3864,CA9434955974313,checking,CAD,5977.84,active,2023-03-16T16:24:48
7387,3865,US6381883680646,credit,USD,-1630.89,active,2022-11-10T11:13:17
7388,3865,US4635798259056,checking,USD,6326.75,active,2024-03-08T19:33:20
7389,3866,AU1415994353289,checking,AUD,1007.85,closed,2026-04-17T04:35:49
7390,3866,AU2393265278034,checking,AUD,3139.33,active,2025-02-11T22:22:40
7391,3866,AU5131754794497,checking,AUD,4180.7,active,2025-08-02T17:52:31
7392,3866,AU1665091554419,savings,AUD,21590.19,closed,2024-07-12T22:34:26
7393,3867,JP9809395739130,credit,JPY,-513023.02,active,2026-02-28T06:11:49
7394,3867,JP4603190343774,checking,JPY,116410.11,active,2022-12-12T12:10:04
7395,3867,JP3414365479007,checking,JPY,921182.79,active,2024-11-16T16:30:47
7396,3867,JP4324494460433,credit,JPY,-451658.37,active,2023-12-24T14:40:15
7397,3868,IT7205013458330,checking,EUR,7759.99,active,2024-06-29T11:53:10
7398,3869,IN4273115097370,checking,INR,426849.69,active,2026-04-27T11:50:51
7399,3869,IN3357786384035,checking,INR,166301.04,active,2026-04-02T18:22:28
7400,3870,CA1292326677866,checking,CAD,3408.12,active,2025-07-12T22:15:56
7401,3871,AU3744964829777,savings,AUD,4405.41,active,2024-10-10T00:12:53
7402,3871,AU3221007295782,checking,AUD,3341.85,active,2024-05-13T01:18:45
7403,3871,AU1880370919871,checking,AUD,4806.25,closed,2024-05-20T18:39:16
7404,3872,ZA6135971991958,checking,ZAR,3501.16,active,2025-02-24T00:02:07
7405,3873,SE3628156144123,savings,SEK,12417.03,active,2026-05-03T16:23:02
7406,3873,SE1289722650763,credit,SEK,-1967.82,frozen,2026-05-09T00:36:53
7407,3874,PL6425730280738,credit,PLN,-4368.55,active,2026-03-16T04:23:46
7408,3874,PL1757324332824,savings,PLN,22559.56,frozen,2026-01-03T00:40:10
7409,3875,GB9744602831229,savings,GBP,60.4,closed,2025-10-13T18:19:20
7410,3876,BR6250080767981,checking,BRL,20559.21,closed,2023-07-04T10:54:25
7411,3876,BR7677327734488,checking,BRL,28117.42,closed,2023-08-05T01:14:37
7412,3876,BR1700225442652,checking,BRL,33250.51,active,2025-05-29T19:31:17
7413,3877,US7105972021936,checking,USD,6199.02,active,2025-06-22T11:42:52
7414,3878,US1563134646540,savings,USD,40254.65,active,2026-05-08T18:41:41
7415,3879,CA5743411235737,credit,CAD,-2098.32,frozen,2024-05-23T17:01:55
7416,3879,CA6585364815742,savings,CAD,33439.42,closed,2024-08-02T06:22:33
7417,3880,US1661533879655,checking,USD,1387.4,active,2026-03-13T00:36:48
7418,3880,US6694981263987,savings,USD,10864,closed,2025-05-09T07:35:23
7419,3880,US6846760918207,savings,USD,82.8,closed,2024-05-23T07:51:45
7420,3881,NO6667761521963,checking,NOK,5338.59,active,2024-12-20T00:15:04
7421,3881,NO4648127113911,savings,NOK,4613.36,active,2025-02-20T04:39:53
7422,3881,NO2768515113957,checking,NOK,3699.64,frozen,2025-05-15T13:44:54
7423,3882,NL5649132734013,checking,EUR,2439.68,active,2026-04-20T03:13:41
7424,3883,FR9433606027537,checking,EUR,3811.06,active,2026-03-29T06:11:14
7425,3884,GB1573776736651,credit,GBP,-261.04,active,2025-05-01T10:59:53
7426,3884,GB4738991119802,checking,GBP,2205.94,active,2026-03-09T04:39:04
7427,3885,BR3983787280020,checking,BRL,26491.33,frozen,2025-01-03T01:28:06
7428,3885,BR5855276028041,savings,BRL,118708.89,active,2024-04-13T16:36:35
7429,3886,SE4121495948612,credit,SEK,-4029.33,active,2025-01-02T00:41:33
7430,3886,SE2454110428355,checking,SEK,4296.86,active,2024-11-11T14:51:56
7431,3886,SE5283366784022,checking,SEK,4265.88,active,2025-07-20T10:40:34
7432,3887,NL9460013431497,checking,EUR,1205.26,active,2024-07-21T04:08:17
7433,3887,NL6966459982836,checking,EUR,3590.46,active,2025-07-01T00:49:21
7434,3887,NL3228471668880,checking,EUR,2936.83,active,2024-11-07T22:05:34
7435,3887,NL8836498683240,checking,EUR,3793.95,frozen,2025-02-07T10:17:06
7436,3888,MX3876479549011,checking,MXN,53096.78,active,2023-02-11T08:29:13
7437,3888,MX1876072098016,checking,MXN,129075.07,active,2023-02-21T11:10:09
7438,3889,US4632675930652,checking,USD,1179.58,active,2025-07-27T10:16:07
7439,3890,SE5045146122534,credit,SEK,-997.16,frozen,2026-03-29T03:12:53
7440,3890,SE1485983187415,checking,SEK,2305.78,active,2026-02-28T13:05:38
7441,3890,SE5987176642729,savings,SEK,31416.41,active,2026-05-07T01:19:05
7442,3891,CA3254678360670,credit,CAD,-191.29,closed,2026-02-14T03:32:32
7443,3892,AU9991241791138,checking,AUD,2826.66,active,2025-06-27T10:08:55
7444,3892,AU1933984837713,savings,AUD,21690.54,closed,2025-07-17T04:17:35
7445,3893,IN6882546373731,savings,INR,215367.09,active,2023-06-03T11:11:57
7446,3894,IN9917188577801,savings,INR,936083.12,active,2025-08-14T11:00:14
7447,3895,CA8540718673077,credit,CAD,-1955.07,frozen,2025-10-20T06:48:23
7448,3895,CA1021178514621,checking,CAD,2459.57,active,2026-05-03T14:24:44
7449,3895,CA1541161395817,checking,CAD,3645.66,active,2024-08-10T13:44:15
7450,3896,JP6582354063227,savings,JPY,5162302.77,active,2024-12-17T05:09:57
7451,3897,AU1099744274147,checking,AUD,3767.47,closed,2024-12-12T20:29:16
7452,3898,US1121508178134,checking,USD,2853.86,closed,2026-02-22T22:58:39
7453,3899,AU2011569783704,checking,AUD,4608.99,active,2026-03-05T12:30:36
7454,3899,AU1813943333477,savings,AUD,17676.56,active,2024-05-21T07:20:08
7455,3900,US7169427314039,checking,USD,2379.7,closed,2023-07-27T06:31:13
7456,3900,US1728371233433,savings,USD,13525.32,frozen,2023-09-29T14:15:42
7457,3901,US2570683495829,checking,USD,3484.31,frozen,2024-11-02T04:16:51
7458,3902,JP4651135347382,credit,JPY,-621514.71,active,2025-11-03T06:27:37
7459,3903,DE4754565085170,savings,EUR,1053.84,active,2024-12-05T21:42:52
7460,3904,ES1850755983910,savings,EUR,7048.47,active,2025-10-13T23:42:18
7461,3904,ES8333772428777,credit,EUR,-1662.42,active,2024-08-20T06:19:23
7462,3905,BR8780061731199,savings,BRL,17374.58,active,2025-11-19T07:52:19
7463,3906,AE8928323039074,checking,AED,4894.13,closed,2023-01-21T11:44:15
7464,3906,AE4852682527271,savings,AED,16362.33,active,2022-01-19T04:47:46
7465,3907,GB8265595891321,savings,GBP,36765.4,active,2025-06-18T01:48:18
7466,3908,SE7395169581721,checking,SEK,6283.04,active,2025-12-19T21:47:00
7467,3908,SE4416780176357,savings,SEK,73.53,active,2025-08-20T14:56:33
7468,3909,DE9916905583008,savings,EUR,33075.78,active,2026-03-30T22:16:07
7469,3909,DE9466482913940,checking,EUR,3280.07,active,2026-01-08T09:22:15
7470,3910,JP2272639068755,checking,JPY,361728.75,active,2022-10-17T02:47:59
7471,3910,JP2670725943223,savings,JPY,4206879.78,active,2022-11-07T05:31:18
7472,3911,FR5265889326292,savings,EUR,35577.39,active,2025-06-21T19:56:49
7473,3912,UA3220191393338,checking,UAH,196300.21,closed,2023-07-01T16:30:11
7474,3912,UA4567464934116,checking,UAH,125967.33,frozen,2023-09-09T08:24:06
7475,3912,UA7326303740274,savings,UAH,1054617.59,frozen,2023-07-11T03:58:17
7476,3912,UA1750334168136,checking,UAH,155965.05,active,2023-03-24T08:15:35
7477,3913,DE7495143162718,checking,EUR,2781.95,frozen,2025-11-12T07:10:00
7478,3914,US8611913642153,savings,USD,20488.83,frozen,2024-11-27T21:45:15
7479,3915,GB9968787328326,savings,GBP,8258.48,active,2024-03-24T13:58:59
7480,3915,GB2882699555040,credit,GBP,-4068.51,active,2025-03-27T23:12:59
7481,3916,IN9206112642354,checking,INR,604975.89,active,2024-07-20T21:11:03
7482,3916,IN5504172576598,savings,INR,2692550.63,active,2025-12-10T10:44:09
7483,3917,IT9465077245028,savings,EUR,9611.67,active,2024-07-29T19:32:54
7484,3917,IT9058013433914,checking,EUR,408.32,active,2025-06-30T03:40:14
7485,3918,JP7954055472124,checking,JPY,978969.92,active,2024-03-10T03:26:07
7486,3918,JP2049422830419,savings,JPY,829443.22,active,2022-10-07T09:07:07
7487,3919,ES5713336921070,checking,EUR,5630.92,closed,2024-11-15T11:36:03
7488,3919,ES5078661150192,checking,EUR,3800.43,active,2024-02-09T14:52:11
7489,3920,DE9905583653930,checking,EUR,6790.82,active,2026-05-01T09:23:43
7490,3920,DE7264128281921,checking,EUR,1367.53,active,2026-04-30T20:51:20
7491,3921,ES5464335424464,savings,EUR,33421.26,active,2022-10-14T01:08:41
7492,3921,ES8555790533273,checking,EUR,1117.83,active,2025-06-10T05:00:22
7493,3922,BR4187948041720,checking,BRL,37319.86,active,2025-01-02T19:13:38
7494,3922,BR1207803872463,savings,BRL,102052.15,active,2026-03-12T19:10:32
7495,3923,AU1966839819724,savings,AUD,25479.57,active,2025-08-25T20:57:23
7496,3923,AU3325782249149,savings,AUD,19365.9,active,2024-03-17T08:42:44
7497,3924,US7103358620226,checking,USD,3691.29,frozen,2024-05-30T19:00:47
7498,3924,US2899012262763,checking,USD,3201.22,active,2025-06-06T12:31:56
7499,3924,US1709547949550,savings,USD,33708.76,frozen,2025-01-05T15:12:01
7500,3924,US8248020112113,checking,USD,160.52,active,2025-09-30T04:52:36
7501,3925,IT7317416141172,checking,EUR,1381.12,active,2026-04-23T18:04:59
7502,3926,SE5713944610815,checking,SEK,3999.41,closed,2025-09-16T14:31:36
7503,3926,SE3922841385581,checking,SEK,7827.14,active,2026-02-27T22:07:33
7504,3926,SE3747722425324,savings,SEK,2.67,active,2026-05-10T15:19:36
7505,3927,US3377313278314,checking,USD,290.96,active,2026-03-29T18:42:37
7506,3927,US2494903875323,savings,USD,13729.99,active,2026-02-28T10:00:58
7507,3927,US3320752916207,credit,USD,-2056.75,closed,2026-02-01T02:46:07
7508,3927,US8270642299832,savings,USD,62.47,active,2026-03-10T22:17:43
7509,3928,US7146573496307,checking,USD,1308.68,active,2025-11-27T09:54:51
7510,3929,AT2634008256381,checking,EUR,7678.94,closed,2024-09-18T13:29:55
7511,3929,AT7555382817006,credit,EUR,-1956.84,frozen,2024-04-28T19:33:34
7512,3930,US5036028048051,checking,USD,1209.64,active,2023-11-17T22:03:46
7513,3930,US3466337532544,checking,USD,5088.58,active,2026-01-12T15:19:14
7514,3930,US8868027396645,savings,USD,15600.81,active,2023-09-21T03:42:34
7515,3931,DE4214892746639,checking,EUR,214.35,closed,2025-11-25T02:42:50
7516,3931,DE3953546179538,credit,EUR,-2418.13,frozen,2025-07-23T19:48:26
7517,3932,SG4497076121396,checking,SGD,6413.05,frozen,2025-06-08T03:14:01
7518,3932,SG7077304348039,checking,SGD,2117.81,active,2025-09-28T20:03:55
7519,3932,SG5242493264327,checking,SGD,1200.27,active,2026-01-12T02:33:04
7520,3933,ZA8613437648944,savings,ZAR,30396.47,closed,2024-04-21T09:12:41
7521,3934,US1444832276320,checking,USD,2181.29,closed,2024-09-10T12:08:29
7522,3934,US2019235772396,savings,USD,23302.92,active,2024-12-12T17:09:39
7523,3934,US2482156740760,checking,USD,5548.94,frozen,2025-10-10T02:50:09
7524,3935,UA4580257679743,savings,UAH,1033717.14,closed,2025-12-17T06:18:40
7525,3935,UA9648278847768,savings,UAH,1123910.24,frozen,2025-12-07T09:35:30
7526,3936,ZA1432424920152,savings,ZAR,40133.08,frozen,2025-09-30T11:46:57
7527,3936,ZA3478030441772,checking,ZAR,2147.23,active,2026-02-11T04:04:48
7528,3936,ZA8160343899811,savings,ZAR,18.8,active,2025-04-26T01:33:14
7529,3937,IN7029309856558,checking,INR,485245.82,active,2024-07-29T15:00:17
7530,3938,US3199166115303,checking,USD,2213.93,active,2026-03-02T10:30:59
7531,3939,US8604829379011,checking,USD,2374.07,active,2024-07-07T20:32:26
7532,3940,JP8814369115754,savings,JPY,2882986.71,active,2024-10-21T21:29:22
7533,3941,GB8622536587881,checking,GBP,2152.26,active,2023-11-07T05:58:15
7534,3941,GB1596903198265,checking,GBP,18.26,active,2025-10-30T14:07:00
7535,3942,PL1853897015247,checking,PLN,7299.81,frozen,2023-04-25T17:09:01
7536,3943,FR5833247214983,checking,EUR,1325.93,active,2025-12-08T00:12:34
7537,3943,FR2503527375044,checking,EUR,4787.07,active,2024-10-08T07:18:38
7538,3944,GB9744541861604,savings,GBP,11114.1,active,2026-04-21T11:01:49
7539,3945,NO7263724646262,checking,NOK,4446.31,active,2025-04-29T22:00:37
7540,3946,MX5783092052435,checking,MXN,103399.71,active,2023-12-22T18:47:50
7541,3947,CN3248366176684,checking,CNY,1934.08,active,2026-05-06T20:27:16
7542,3948,CH7142455394649,credit,CHF,-845.56,active,2026-01-22T15:01:49
7543,3948,CH8868805595574,checking,CHF,219.46,active,2026-01-18T21:41:52
7544,3949,US8487479541005,credit,USD,-4115.53,frozen,2026-03-13T08:48:26
7545,3950,BR6565029461352,checking,BRL,39425.14,active,2025-03-19T08:29:41
7546,3950,BR4719317914684,checking,BRL,23814.9,closed,2025-01-17T10:09:16
7547,3950,BR3189408990508,checking,BRL,28295.94,active,2024-06-15T23:36:50
7548,3951,CH4401145462307,savings,CHF,40994.94,closed,2026-05-14T23:22:53
7549,3951,CH5905075223905,checking,CHF,1027.62,frozen,2026-05-02T08:09:26
7550,3951,CH8541500177821,checking,CHF,35.97,active,2026-04-27T02:59:29
7551,3952,SE9056445295915,savings,SEK,14042.3,active,2024-03-24T18:55:12
7552,3953,CA3562221379020,savings,CAD,4053.72,active,2025-06-07T11:40:44
7553,3953,CA3499267093797,savings,CAD,35146.51,active,2026-05-09T09:13:17
7554,3954,KR5479380575191,checking,KRW,835105.46,active,2025-06-07T06:22:12
7555,3955,US7968048873789,checking,USD,175.05,frozen,2026-04-16T02:56:58
7556,3955,US3056653860699,savings,USD,19850.82,active,2026-02-08T20:44:11
7557,3956,IT1221090750134,savings,EUR,20546.17,frozen,2025-09-14T22:02:42
7558,3957,CN9507209467067,checking,CNY,4863.38,frozen,2024-01-09T12:16:39
7559,3958,IT2240070023880,checking,EUR,7727.12,active,2026-03-05T11:45:01
7560,3959,IT2428190386644,savings,EUR,23521.54,active,2026-02-05T22:42:58
7561,3959,IT2988265524193,savings,EUR,37656.76,active,2026-04-15T17:39:51
7562,3960,BR3617660327052,savings,BRL,10866.05,closed,2024-07-01T17:24:33
7563,3960,BR1945256031433,checking,BRL,6111.11,active,2022-03-27T03:15:26
7564,3961,GB4871615511021,savings,GBP,20387.17,active,2025-10-15T22:31:35
7565,3961,GB7062509132039,credit,GBP,-1337.03,frozen,2025-04-22T02:41:00
7566,3962,NL5484727811201,checking,EUR,477.59,frozen,2026-03-23T10:17:00
7567,3963,US2481642344085,credit,USD,-1638.95,active,2022-10-11T09:20:03
7568,3964,US7686343023263,savings,USD,24921.56,active,2025-12-15T06:14:12
7569,3964,US8639139231558,credit,USD,-2628.94,active,2026-04-23T10:09:01
7570,3965,IT5028567871601,savings,EUR,26119.75,active,2024-05-25T11:40:34
7571,3965,IT2054939583949,checking,EUR,6439.82,active,2023-10-22T18:55:47
7572,3965,IT6530354822903,savings,EUR,42.39,active,2025-03-09T11:34:27
7573,3966,PL1977561246348,checking,PLN,6243.14,active,2025-04-01T07:20:37
7574,3967,FR8887475163237,checking,EUR,1406.68,frozen,2024-12-15T17:33:24
7575,3968,UA8565748970008,savings,UAH,1116223.9,active,2026-04-23T23:03:38
7576,3969,PL9047245146205,checking,PLN,1936.48,frozen,2026-03-31T07:35:03
7577,3970,KR3979861937324,savings,KRW,1065716,active,2024-08-08T06:21:36
7578,3971,IN8666180473318,checking,INR,402389.89,active,2022-11-27T12:10:42
7579,3971,IN2612634654154,checking,INR,325675.79,active,2023-06-23T18:26:03
7580,3971,IN6774453744591,checking,INR,255998.04,active,2023-10-11T22:06:37
7581,3972,PT8674114788350,checking,EUR,4997.54,active,2026-04-05T16:43:24
7582,3973,MX5398276795470,checking,MXN,102913,active,2025-06-27T13:08:53
7583,3973,MX1586206741545,checking,MXN,21323.83,closed,2025-08-15T18:04:27
7584,3974,DE6974164938048,savings,EUR,20926.15,active,2024-04-23T21:49:02
7585,3974,DE7397793262599,savings,EUR,75.61,active,2025-04-02T03:18:16
7586,3974,DE2924961175202,savings,EUR,96.83,frozen,2025-06-15T17:49:59
7587,3975,GB6876133626295,savings,GBP,6639.63,closed,2025-07-04T02:00:20
7588,3975,GB4410763251783,checking,GBP,5888.75,active,2025-02-10T11:00:02
7589,3976,PL1791860021801,checking,PLN,2555.09,active,2024-06-23T21:35:03
7590,3977,US4301561233024,credit,USD,-4647.94,active,2024-01-23T21:55:27
7591,3977,US7095702513423,savings,USD,25384.26,active,2023-12-31T05:11:19
7592,3978,IN5520291754761,checking,INR,442793.76,closed,2025-01-23T03:29:20
7593,3978,IN9227921639242,credit,INR,-136952.1,active,2023-12-24T02:12:22
7594,3978,IN5145247491110,checking,INR,450443.19,active,2025-05-24T11:01:49
7595,3979,UA3699345324305,checking,UAH,248637.61,active,2025-10-29T10:06:39
7596,3980,SG1412009298682,checking,SGD,4694.38,active,2024-04-11T13:32:28
7597,3980,SG7466767414409,checking,SGD,7860.96,active,2023-06-25T18:13:47
7598,3981,FR2536281728745,checking,EUR,6512.01,active,2025-07-13T17:38:34
7599,3981,FR9910609142842,checking,EUR,4180.69,closed,2024-05-20T15:16:10
7600,3982,US3430107576778,savings,USD,14398.78,active,2021-07-24T15:43:46
7601,3982,US8638216611034,savings,USD,27698.87,closed,2025-11-03T13:45:43
7602,3983,JP5870711069183,savings,JPY,2829399.86,closed,2025-04-13T19:15:12
7603,3984,KR1471140156234,checking,KRW,493937.85,active,2025-07-11T22:56:16
7604,3984,KR9116989880497,checking,KRW,627201.99,closed,2025-09-16T10:45:18
7605,3985,AE7941207223744,checking,AED,5609,active,2022-07-21T20:38:44
7606,3985,AE1335350795437,savings,AED,35761.68,active,2022-05-08T04:49:48
7607,3985,AE5165000690018,savings,AED,12070.24,active,2022-07-18T20:28:13
7608,3986,AE2971038627141,savings,AED,26037.24,active,2024-07-24T13:06:34
7609,3986,AE7542818016948,checking,AED,1799.39,active,2025-05-20T01:43:04
7610,3986,AE9896096895388,savings,AED,18579.82,active,2026-05-11T04:47:21
7611,3987,BR7913704436796,checking,BRL,16366.9,active,2026-01-30T18:53:30
7612,3988,US8279583121553,savings,USD,1071.45,frozen,2026-03-08T14:53:17
7613,3989,ES7000228359412,checking,EUR,2409.73,active,2026-02-20T06:55:34
7614,3990,US4362181833100,checking,USD,7157.49,active,2024-11-21T00:15:57
7615,3991,PT3932534399425,checking,EUR,4991.02,frozen,2023-07-31T08:55:10
7616,3992,US2209082293580,checking,USD,2694.57,active,2025-12-23T03:08:47
7617,3992,US3197771278527,checking,USD,1549.61,active,2025-10-17T01:38:19
7618,3992,US9108947519215,checking,USD,1848.02,frozen,2026-04-24T12:50:29
7619,3993,DE9466178985340,checking,EUR,1214.31,active,2025-09-25T12:09:16
7620,3994,FR1789276737171,checking,EUR,2071.78,frozen,2026-03-03T01:07:22
7621,3994,FR5457829325911,savings,EUR,38834.74,closed,2024-12-16T21:07:11
7622,3995,ZA1929006443172,checking,ZAR,7135.13,closed,2025-03-02T01:39:12
7623,3996,FI1174527689458,savings,EUR,21809.32,closed,2023-07-29T21:34:00
7624,3997,FR3121267117462,checking,EUR,4507.9,active,2025-12-20T10:37:32
7625,3998,US3227313274030,savings,USD,7331.99,active,2025-05-13T17:44:07
7626,3998,US4209858319131,checking,USD,6376.91,closed,2024-01-14T09:23:08
7627,3998,US5176789863198,checking,USD,3554.82,active,2025-02-07T05:33:17
7628,3999,SE2307756043290,checking,SEK,2787.31,closed,2023-08-27T07:03:24
7629,4000,IT3722726473997,savings,EUR,5692.28,active,2024-02-11T08:27:38
7630,4000,IT2358678515870,credit,EUR,-2765.56,active,2025-12-07T16:27:21
7631,4001,NL6963862168185,savings,EUR,8842.93,active,2026-04-23T01:15:42
7632,4002,US1935136581926,savings,USD,36278.38,closed,2024-08-10T16:56:05
7633,4003,US9494209890101,savings,USD,28687.27,active,2025-10-19T23:59:28
7634,4004,DE7879722868044,savings,EUR,40590.01,frozen,2022-04-02T19:05:21
7635,4004,DE3081694797912,credit,EUR,-1060.06,frozen,2025-03-04T00:05:50
7636,4005,SG3419875077521,savings,SGD,26239.41,closed,2024-03-08T18:52:00
7637,4005,SG6559047583028,checking,SGD,1795.89,active,2025-11-19T12:50:47
7638,4006,US4538542029912,checking,USD,7150.7,active,2026-05-06T21:08:31
7639,4007,US2912830174572,checking,USD,1450.44,active,2025-08-05T12:38:12
7640,4007,US2379417446576,credit,USD,-4707.25,active,2024-11-24T07:44:40
7641,4007,US3482780375480,savings,USD,30381.71,active,2025-09-11T09:07:47
7642,4007,US5140439865522,savings,USD,21801.67,active,2025-07-10T10:06:36
7643,4008,DE4430999186029,checking,EUR,6363.92,active,2023-01-31T13:42:28
7644,4009,ZA8217436295231,savings,ZAR,25321.91,active,2024-07-01T22:18:52
7645,4010,IT6301958167816,savings,EUR,39247.62,active,2025-09-05T09:28:57
7646,4010,IT9340796189521,checking,EUR,766.06,active,2025-11-01T06:17:29
7647,4011,DE6709140591854,checking,EUR,1356.2,active,2026-02-15T21:28:02
7648,4011,DE8024840526834,checking,EUR,3397.54,closed,2025-08-17T06:57:45
7649,4012,IN2257571444888,checking,INR,505361.27,active,2026-03-24T15:42:28
7650,4012,IN6557854954627,checking,INR,569015.41,frozen,2025-11-11T04:58:14
7651,4013,FR7116532794167,checking,EUR,4519.73,active,2025-12-02T00:17:42
7652,4013,FR4615463988553,checking,EUR,3588.34,active,2025-06-07T11:28:29
7653,4014,IN9098446337107,savings,INR,1462338.1,frozen,2022-05-25T01:04:21
7654,4015,US7652825021187,savings,USD,10.75,active,2024-01-06T20:25:13
7655,4015,US6972658460503,checking,USD,4826.65,active,2022-12-27T10:38:06
7656,4016,GB5954981369409,credit,GBP,-3733.93,active,2025-07-04T01:50:33
7657,4016,GB2686874377448,savings,GBP,6043.77,closed,2025-05-18T07:26:38
7658,4016,GB8907018975471,savings,GBP,53.86,frozen,2025-04-26T09:40:24
7659,4017,CA3688941264009,checking,CAD,3941.94,active,2026-03-15T07:33:44
7660,4017,CA6001289721143,savings,CAD,3408.25,active,2026-03-27T10:00:45
7661,4017,CA4045308535846,checking,CAD,6037.25,active,2025-11-26T05:28:21
7662,4017,CA4797521627715,savings,CAD,35711.95,active,2026-05-04T20:34:28
7663,4018,US7721086970793,credit,USD,-1077.89,active,2025-08-08T05:07:18
7664,4019,NL3674195384639,checking,EUR,5798.32,active,2024-09-20T01:21:48
7665,4019,NL2780007750110,credit,EUR,-231.19,active,2025-04-30T14:20:31
7666,4020,KR3353390999547,savings,KRW,2982501.56,active,2025-08-03T14:49:17
7667,4020,KR4006988257795,checking,KRW,32631.21,frozen,2024-05-15T06:24:03
7668,4021,DE6066414248124,checking,EUR,6163.52,active,2026-05-13T14:39:26
7669,4022,NO3455397285279,checking,NOK,7136.71,active,2024-07-01T07:53:39
7670,4022,NO9628291045533,checking,NOK,6767.41,active,2024-11-21T05:23:51
7671,4023,JP9261427197327,checking,JPY,896496.26,frozen,2023-05-18T06:08:33
7672,4023,JP3126688072787,credit,JPY,-550051.83,closed,2025-02-10T16:50:45
7673,4023,JP3742932391944,checking,JPY,699568.75,active,2025-03-04T07:53:47
7674,4024,ZA2229056240007,checking,ZAR,1156.36,active,2026-01-11T12:16:51
7675,4025,US5833758471280,checking,USD,644.79,closed,2025-01-27T09:08:24
7676,4026,CA1134872365936,checking,CAD,3424.67,active,2025-03-28T11:15:03
7677,4026,CA5250859320372,checking,CAD,441.99,frozen,2025-09-29T22:01:53
7678,4027,BR4760708054154,checking,BRL,11869.1,active,2024-01-11T15:36:28
7679,4027,BR8666456552866,savings,BRL,474.06,frozen,2025-12-19T23:56:59
7680,4027,BR4779706215907,savings,BRL,20709.33,active,2024-08-29T17:38:31
7681,4028,GB7850295014143,checking,GBP,6188.28,frozen,2024-11-12T01:00:47
7682,4029,US7502199866830,checking,USD,1020.47,closed,2024-07-15T17:03:01
7683,4030,GB6019033658753,checking,GBP,7601.64,active,2025-04-26T11:30:54
7684,4030,GB8045478273680,checking,GBP,5683.43,closed,2024-04-08T21:22:37
7685,4030,GB4870738446404,savings,GBP,18373.22,active,2023-12-28T16:52:19
7686,4030,GB2101255651117,savings,GBP,7770.54,active,2025-05-29T04:12:49
7687,4031,PL7562052768058,checking,PLN,7545.3,active,2025-04-26T21:40:05
7688,4032,SG9269591955741,savings,SGD,35463.17,closed,2024-08-11T19:43:18
7689,4033,BR1629199060935,savings,BRL,193624.7,active,2025-11-01T16:29:22
7690,4033,BR8688416743424,savings,BRL,30364.42,frozen,2025-06-18T16:39:42
7691,4034,US9882424113019,checking,USD,3855.88,active,2026-02-18T18:56:50
7692,4034,US8357190980288,savings,USD,16173.91,active,2025-07-15T07:01:50
7693,4035,PL3005913724078,savings,PLN,8010.74,active,2024-03-14T18:10:36
7694,4035,PL4520012121858,checking,PLN,5287.3,active,2025-05-17T15:43:26
7695,4035,PL3830549968412,savings,PLN,26999.16,active,2025-10-26T07:27:36
7696,4035,PL9886154187265,checking,PLN,7245.94,frozen,2025-11-14T16:13:15
7697,4036,SE7286150937012,checking,SEK,5323.46,frozen,2023-02-13T18:26:42
7698,4036,SE9508878630606,savings,SEK,23203.29,active,2023-04-04T22:41:38
7699,4036,SE9638510993518,checking,SEK,6226.57,active,2025-01-31T17:25:33
7700,4037,GB5434575160416,savings,GBP,29990.2,active,2025-08-03T05:36:59
7701,4038,IT6286595270195,savings,EUR,7323.11,active,2024-04-12T06:17:59
7702,4038,IT5457658783481,checking,EUR,906.98,active,2025-03-24T06:42:31
7703,4038,IT4770403268342,checking,EUR,6202.26,active,2023-06-26T14:28:01
7704,4038,IT7846693013132,savings,EUR,30441.37,frozen,2022-06-18T18:17:36
7705,4039,AU9115635018960,checking,AUD,7776.24,closed,2024-04-11T05:49:02
7706,4040,FR7399791335763,checking,EUR,405.99,active,2023-12-09T03:47:05
7707,4040,FR6111006692200,savings,EUR,25317.48,active,2023-05-07T11:48:45
7708,4040,FR2375370531352,checking,EUR,1000.25,closed,2022-06-09T13:01:31
7709,4041,CA5260872588778,checking,CAD,1747.01,active,2023-01-03T11:48:03
7710,4041,CA1391098790351,savings,CAD,3219.95,active,2026-03-28T02:51:40
7711,4041,CA1232832297725,checking,CAD,7563.93,frozen,2025-07-23T13:26:52
7712,4042,IT4244511963311,checking,EUR,4050.68,active,2023-02-23T14:57:38
7713,4043,JP1090241086488,checking,JPY,149778.34,active,2025-05-11T05:19:03
7714,4043,JP3518667224944,savings,JPY,345308.38,active,2024-06-03T01:48:16
7715,4043,JP3084058776519,checking,JPY,299197.82,frozen,2025-04-28T08:11:31
7716,4044,BR8742731916398,savings,BRL,107505.27,frozen,2023-12-24T04:54:03
7717,4045,DE2235330965101,checking,EUR,7600.76,closed,2025-07-18T01:29:52
7718,4046,UA6412597913576,savings,UAH,349609.2,frozen,2026-03-09T02:58:52
7719,4046,UA1944054192897,savings,UAH,308842.32,frozen,2026-02-15T19:25:33
7720,4046,UA2691374445382,savings,UAH,848799.97,active,2026-02-21T21:36:18
7721,4046,UA5372035780141,checking,UAH,104514.5,closed,2025-12-31T19:47:42
7722,4047,DE5861690465496,checking,EUR,3431.04,active,2023-09-01T18:24:55
7723,4047,DE6043147192819,savings,EUR,9087.73,closed,2023-09-05T04:46:08
7724,4048,BR6286083283523,checking,BRL,17151.36,active,2024-07-24T23:11:34
7725,4048,BR6970083949899,checking,BRL,36908.5,active,2025-06-02T13:39:49
7726,4048,BR4424974821820,credit,BRL,-17432.2,active,2025-03-13T12:16:57
7727,4049,IN1651233719798,savings,INR,923905.77,frozen,2022-08-26T19:30:00
7728,4050,NL8978314493243,savings,EUR,17745.06,active,2025-01-15T17:51:08
7729,4050,NL2736424665536,checking,EUR,7085.43,active,2023-08-18T11:07:28
7730,4051,PL7906510571840,checking,PLN,5613.01,active,2026-03-04T09:13:21
7731,4052,FI3077977773549,checking,EUR,4898.63,frozen,2022-06-07T13:19:42
7732,4052,FI5836387669117,checking,EUR,122.92,closed,2024-04-09T04:48:37
7733,4053,AE7589150971132,checking,AED,4458.97,closed,2026-03-01T21:06:46
7734,4054,US7628092785213,credit,USD,-2316.9,active,2025-11-19T13:51:10
7735,4054,US9916919023275,credit,USD,-2810.3,active,2026-03-07T15:32:35
7736,4054,US6821820156311,checking,USD,2583.8,active,2026-02-08T15:36:51
7737,4054,US6706564113590,savings,USD,10582.73,frozen,2025-10-20T02:45:00
7738,4055,FI4106277859349,checking,EUR,2518.58,frozen,2024-01-09T22:43:16
7739,4055,FI6277204521148,savings,EUR,18547.72,closed,2024-03-07T19:55:49
7740,4056,CA4968926697395,checking,CAD,267.46,active,2025-11-20T18:11:58
7741,4056,CA5972291213246,checking,CAD,5914.19,closed,2025-11-09T21:06:52
7742,4057,MX3603279311746,credit,MXN,-34187.01,closed,2022-04-15T17:13:32
7743,4058,NL1283257817580,savings,EUR,12556.34,closed,2026-05-05T14:35:10
7744,4059,NL8629849643013,checking,EUR,1007.39,active,2024-12-14T01:52:00
7745,4059,NL1162496438565,checking,EUR,3811.01,active,2025-09-04T22:10:22
7746,4059,NL6891441514523,savings,EUR,36937.73,active,2024-09-22T04:20:54
7747,4060,US6599369248595,checking,USD,2130.2,active,2025-08-25T08:37:51
7748,4061,US1922306489456,savings,USD,18098.67,frozen,2023-06-26T03:02:37
7749,4061,US9305302058708,checking,USD,510.72,active,2025-08-27T00:29:37
7750,4062,SE9103349058058,checking,SEK,3959.51,closed,2022-03-11T21:15:11
7751,4063,US3416818145057,checking,USD,159.03,frozen,2025-10-27T09:25:02
7752,4064,NL1202247640483,checking,EUR,4852.55,active,2025-05-22T23:39:43
7753,4065,NL7546506242981,checking,EUR,2346.3,closed,2023-08-15T17:52:44
7754,4065,NL7183632167929,savings,EUR,3829.17,active,2022-06-30T00:03:20
7755,4065,NL4562900063622,savings,EUR,6650.55,closed,2025-06-28T03:26:41
7756,4066,SG6516125568134,checking,SGD,996.83,closed,2024-12-19T23:15:47
7757,4067,DE2058683586040,savings,EUR,3.27,frozen,2024-01-17T03:40:31
7758,4067,DE2951014467520,checking,EUR,901.61,frozen,2023-06-21T18:44:33
7759,4067,DE1595140612604,credit,EUR,-3785.61,active,2025-11-11T02:36:08
7760,4068,DE1461231681560,checking,EUR,2110.73,active,2025-07-22T17:06:00
7761,4069,DE9622901313619,savings,EUR,6452.19,active,2025-06-22T20:43:46
7762,4069,DE5710681430619,savings,EUR,37056.2,active,2025-03-26T21:14:41
7763,4070,FR8114101023109,savings,EUR,12644.96,active,2023-06-26T22:14:50
7764,4071,NL2655758228811,checking,EUR,3160.33,closed,2026-02-24T17:45:36
7765,4071,NL2823081817162,savings,EUR,5582.57,frozen,2022-08-01T08:02:15
7766,4072,PL5114040837015,savings,PLN,98.75,frozen,2026-03-21T13:33:05
7767,4072,PL8143273539094,checking,PLN,5243.91,active,2026-03-21T23:46:44
7768,4073,US5959351544821,checking,USD,3456.36,active,2023-12-14T21:41:49
7769,4073,US1772112212186,checking,USD,5685.71,active,2024-07-10T09:43:34
7770,4074,FR4654599925772,savings,EUR,2335.81,active,2024-06-14T15:01:01
7771,4074,FR8795533770412,checking,EUR,6256.18,active,2023-05-06T12:33:22
7772,4075,DE6993578415588,checking,EUR,5429.71,active,2025-02-02T21:27:18
7773,4076,FR5913453743409,savings,EUR,17132.44,closed,2025-07-10T18:14:46
7774,4076,FR7686695244299,checking,EUR,1924.63,active,2025-04-09T23:02:22
7775,4077,CA5607403339399,checking,CAD,6949.68,active,2024-10-18T02:46:59
7776,4078,BR5044022447053,credit,BRL,-22770.89,active,2023-12-24T07:48:26
7777,4078,BR5161256339559,checking,BRL,16819.39,active,2025-04-28T19:45:58
7778,4079,BR9739558211533,savings,BRL,178541.39,active,2023-03-07T03:59:15
7779,4079,BR3241150650905,savings,BRL,183864.35,active,2024-06-04T03:28:22
7780,4079,BR7486735090705,checking,BRL,5006.7,closed,2024-06-04T09:35:05
7781,4080,UA9809606556940,checking,UAH,245838.09,active,2026-02-21T16:58:31
7782,4081,GB2603159325613,credit,GBP,-2169.31,active,2024-12-28T23:49:32
7783,4082,BE2318513577230,checking,EUR,3813.79,frozen,2024-10-03T06:54:28
7784,4083,PL9122053665596,checking,PLN,3076.74,active,2025-09-22T20:33:30
7785,4084,BR9285354323303,checking,BRL,8356.51,active,2026-03-28T00:45:17
7786,4084,BR3716467299072,savings,BRL,130546.25,active,2026-04-06T06:38:13
7787,4085,GB8354063931488,savings,GBP,32095.77,active,2026-02-06T21:58:44
7788,4085,GB7324952038669,checking,GBP,485.81,active,2025-11-10T12:21:31
7789,4086,MX3187163869989,checking,MXN,26042.21,active,2026-04-11T00:40:19
7790,4087,ES2670506271025,checking,EUR,4042.51,active,2026-01-23T15:36:37
7791,4087,ES4848530531075,checking,EUR,5289.46,active,2026-04-20T08:58:20
7792,4088,ES4704058088104,checking,EUR,5415.56,active,2025-10-10T17:14:07
7793,4088,ES7790413129242,credit,EUR,-923.36,active,2026-04-19T15:29:27
7794,4089,JP4776454717452,checking,JPY,368154.78,active,2026-03-26T02:53:46
7795,4089,JP2595558159646,checking,JPY,215070.26,active,2026-01-22T14:18:39
7796,4089,JP1738432151803,savings,JPY,1674782.31,frozen,2025-09-29T23:05:36
7797,4090,IT3145108834992,savings,EUR,5056.44,active,2025-10-08T11:46:33
7798,4091,CA2124016472464,savings,CAD,9748.4,active,2026-02-12T22:44:21
7799,4091,CA2698033112236,checking,CAD,2513.01,active,2025-07-08T00:15:27
7800,4092,AU8507094053276,savings,AUD,31924.01,active,2025-03-17T22:19:39
7801,4092,AU8233440619395,checking,AUD,4146.02,frozen,2024-10-29T14:59:58
7802,4092,AU3799116165623,checking,AUD,1947.84,active,2025-06-06T19:07:29
7803,4093,BR6686149620580,savings,BRL,16212.73,active,2026-05-09T02:46:15
7804,4093,BR6751124580543,checking,BRL,36071.31,closed,2025-09-25T19:04:39
7805,4093,BR6017057710359,checking,BRL,33304.33,active,2025-08-30T22:08:46
7806,4094,SG1866551562276,savings,SGD,18690.36,active,2025-03-28T20:29:12
7807,4095,IE7889835159517,checking,EUR,6703.37,active,2024-12-21T01:07:05
7808,4095,IE5262859677051,savings,EUR,40939.25,active,2025-06-21T02:39:10
7809,4095,IE9287210884386,checking,EUR,7830.8,active,2025-12-01T11:21:46
7810,4096,GB6217401086046,savings,GBP,34397.63,closed,2025-12-01T14:16:47
7811,4096,GB4381922190129,checking,GBP,4070.84,active,2025-06-20T23:46:02
7812,4097,DE5898328980036,checking,EUR,3221.27,active,2025-09-15T13:37:11
7813,4098,US1043221445727,checking,USD,4876.96,frozen,2025-10-07T03:40:53
7814,4098,US9593357218871,checking,USD,3805.94,closed,2025-06-21T20:22:02
7815,4098,US1128849418256,checking,USD,7777.57,active,2025-01-29T07:27:40
7816,4098,US3340134290713,checking,USD,6219.8,frozen,2025-07-18T05:39:36
7817,4099,JP7017412639480,savings,JPY,2502387.16,active,2026-01-30T02:56:41
7818,4100,DE6855611349862,savings,EUR,10276.41,active,2024-10-27T23:41:22
7819,4100,DE4262308344960,checking,EUR,5163.38,frozen,2024-11-10T07:52:37
7820,4101,BR3208878981042,checking,BRL,1231.21,active,2026-03-26T14:24:27
7821,4101,BR7879500984482,checking,BRL,11029.37,frozen,2026-03-31T17:52:42
7822,4102,AT9647538069498,checking,EUR,2517.38,active,2025-08-26T23:07:13
7823,4102,AT5470590364606,savings,EUR,31921.72,active,2024-02-24T13:43:36
7824,4102,AT6728440590106,checking,EUR,1950.53,active,2023-12-07T01:27:14
7825,4102,AT1399293785706,checking,EUR,2661.88,active,2026-03-13T23:44:07
7826,4103,UA6738646445505,checking,UAH,129298.02,active,2025-01-08T20:03:27
7827,4103,UA2166255466253,checking,UAH,223943.29,active,2022-11-09T01:11:08
7828,4104,ES2989518471445,savings,EUR,8883.13,active,2026-01-29T19:03:02
7829,4105,IT8983365459826,checking,EUR,6723.84,frozen,2025-06-25T05:26:47
7830,4106,AU6015132881238,savings,AUD,27002.73,frozen,2026-02-21T19:29:28
7831,4106,AU4488951556867,savings,AUD,6237.27,active,2026-02-16T12:31:45
7832,4106,AU2615673713349,checking,AUD,7700.13,active,2025-07-28T15:26:04
7833,4106,AU6788462879270,savings,AUD,16830.3,active,2025-05-13T03:57:46
7834,4107,JP6495987166042,credit,JPY,-15488,active,2025-11-01T20:21:34
7835,4108,MX4390114825775,savings,MXN,49005.83,active,2025-02-17T05:08:05
7836,4109,DE5368288031340,savings,EUR,3190.43,active,2026-02-17T11:39:54
7837,4109,DE2730415488203,checking,EUR,2022.84,active,2024-06-04T23:45:14
7838,4110,AE8491756950191,checking,AED,3576.24,closed,2023-12-21T02:29:36
7839,4111,US2913267564584,checking,USD,1295.99,active,2025-01-24T06:25:17
7840,4111,US5894198186060,credit,USD,-2071.49,active,2024-02-08T00:03:23
7841,4112,US6988327691805,savings,USD,35296.99,active,2025-07-17T22:30:36
7842,4112,US5797719844940,savings,USD,22232.24,active,2026-04-15T04:09:43
7843,4113,DE7817916413577,checking,EUR,405.68,frozen,2024-08-01T18:00:48
7844,4114,JP8327018669696,credit,JPY,-61804.41,frozen,2023-09-24T15:07:57
7845,4114,JP5883189845971,credit,JPY,-399294.93,frozen,2023-05-02T16:49:47
7846,4115,UA8668824846418,savings,UAH,483113.35,active,2025-02-19T21:16:56
7847,4115,UA1930795611281,credit,UAH,-45280.45,active,2022-11-07T22:27:17
7848,4115,UA4379623026103,checking,UAH,274780.81,active,2025-01-04T16:48:10
7849,4116,PT3204270983111,checking,EUR,2415.94,active,2026-02-12T05:53:04
7850,4116,PT3844973079520,savings,EUR,20146.76,closed,2025-07-29T21:33:21
7851,4117,UA1851332546789,checking,UAH,82477.66,active,2025-12-14T07:19:57
7852,4117,UA3218908582502,credit,UAH,-166725.55,frozen,2026-04-02T00:24:48
7853,4117,UA3634563691534,savings,UAH,579801.09,closed,2025-07-22T01:36:56
7854,4118,PL7762585037135,checking,PLN,7357.96,frozen,2025-10-20T15:39:12
7855,4118,PL3543788638476,checking,PLN,7801.41,active,2025-08-12T16:47:36
7856,4119,AU9339925189143,savings,AUD,9177.03,active,2025-04-08T13:43:18
7857,4120,AT8773318882762,checking,EUR,6404.92,active,2024-12-10T22:28:08
7858,4121,US7287978310832,checking,USD,6859.66,frozen,2024-04-23T23:13:12
7859,4122,AU3690975950557,checking,AUD,2177.95,active,2025-02-19T23:43:12
7860,4123,KR3053022929721,checking,KRW,363017.57,active,2024-02-22T11:11:41
7861,4124,US7210008234730,checking,USD,2895.84,closed,2022-02-05T04:13:07
7862,4125,US9113595121744,checking,USD,6688.58,active,2025-07-11T12:43:29
7863,4126,US8528794651686,savings,USD,10680.44,frozen,2023-04-05T01:28:41
7864,4126,US2252779999697,checking,USD,7711.46,active,2024-03-24T10:16:00
7865,4126,US2113196718921,checking,USD,7136.98,active,2025-07-10T04:18:49
7866,4127,US3976272889833,savings,USD,29462.45,closed,2025-12-02T21:38:24
7867,4127,US4295655722880,checking,USD,1785.47,frozen,2025-06-18T21:52:25
7868,4127,US9551982770437,checking,USD,1562.04,closed,2025-12-17T03:51:15
7869,4128,NL9135657596093,savings,EUR,31631.06,frozen,2023-05-17T18:22:09
7870,4129,GB7857410059879,credit,GBP,-4634.27,active,2025-11-24T08:20:12
7871,4129,GB8948042422993,credit,GBP,-562.48,closed,2025-04-30T06:40:29
7872,4130,ES9316986523794,checking,EUR,2400.75,frozen,2025-12-17T16:46:17
7873,4130,ES7399635734591,savings,EUR,2014.76,active,2026-01-04T18:19:31
7874,4131,IN1991494646663,checking,INR,458411.74,active,2023-02-25T09:50:37
7875,4132,IN2492182623015,checking,INR,55860.81,active,2026-04-28T19:14:39
7876,4132,IN9534824754365,checking,INR,557261.04,active,2025-02-08T04:02:37
7877,4133,CA9078042469285,checking,CAD,1734.02,frozen,2026-03-31T00:17:38
7878,4134,FR7571564837852,credit,EUR,-4291.16,active,2024-05-05T01:29:03
7879,4134,FR5601649658058,credit,EUR,-551.7,active,2024-04-01T20:33:20
7880,4135,US5125760616208,savings,USD,1907.86,frozen,2021-11-17T11:03:55
7881,4135,US9087325385074,checking,USD,621.8,closed,2023-04-13T00:07:53
7882,4135,US5713526220354,checking,USD,7099.67,frozen,2024-10-28T16:09:00
7883,4136,BE1091558749457,checking,EUR,3328.45,frozen,2024-04-25T12:18:53
7884,4137,AE2270753534472,savings,AED,30895.88,active,2026-04-25T18:07:50
7885,4137,AE9965289919532,savings,AED,49.42,active,2026-05-11T20:16:02
7886,4137,AE6359042522733,credit,AED,-1920.33,closed,2026-02-01T02:48:20
7887,4138,JP8545042557042,checking,JPY,993803.78,active,2025-11-28T00:24:01
7888,4139,AU7326081386579,credit,AUD,-2131.43,frozen,2022-01-26T02:01:38
7889,4140,US1263980353528,checking,USD,1466.37,active,2024-10-18T15:48:50
7890,4140,US2951887383877,savings,USD,2541.67,frozen,2023-12-21T04:24:17
7891,4141,CA5580686760579,checking,CAD,6955.39,active,2024-11-11T18:00:30
7892,4141,CA3292877911970,savings,CAD,2793.29,frozen,2025-09-20T16:27:24
7893,4141,CA5800618292696,checking,CAD,4026.24,active,2025-06-08T17:00:52
7894,4141,CA5112302655169,credit,CAD,-1185.16,active,2024-07-27T13:38:52
7895,4142,NL6261934062876,savings,EUR,17373.7,active,2025-10-02T05:57:27
7896,4143,GB8075846485231,savings,GBP,35250.98,closed,2023-06-03T09:25:02
7897,4143,GB3234184155927,checking,GBP,2416.83,active,2024-11-04T01:41:20
7898,4143,GB1881044845675,savings,GBP,26900.13,active,2025-02-01T09:52:32
7899,4144,PL8668720276898,checking,PLN,593.1,active,2025-12-08T14:27:59
7900,4144,PL5508904562496,checking,PLN,2488.95,active,2026-02-26T03:50:44
7901,4144,PL2581288050577,checking,PLN,3416.83,closed,2026-05-02T10:56:51
7902,4145,JP7859738523422,credit,JPY,-176573.23,active,2025-05-27T04:50:44
7903,4145,JP4945649958639,checking,JPY,304088.44,active,2025-11-28T22:22:39
7904,4146,US3977415764788,checking,USD,1414.72,active,2026-03-06T09:20:46
7905,4146,US2035771991382,checking,USD,5424.95,active,2026-03-09T04:24:06
7906,4147,CA8936079027074,savings,CAD,28219.17,active,2026-05-06T05:02:52
7907,4147,CA2654489541884,checking,CAD,6599.6,active,2025-04-19T04:32:20
7908,4147,CA9319639199545,checking,CAD,5345.38,frozen,2023-11-11T17:57:05
7909,4148,CA8691792439967,checking,CAD,4731.12,active,2024-12-19T04:20:43
7910,4148,CA1779926837090,savings,CAD,98.46,active,2025-04-01T03:46:37
7911,4149,CA5775905997057,checking,CAD,6195.95,active,2026-03-23T16:31:15
7912,4149,CA3128568236981,savings,CAD,11066.24,closed,2025-09-15T18:23:27
7913,4149,CA7476188561745,credit,CAD,-1110.84,active,2025-09-15T17:27:01
7914,4150,CA1568547660392,checking,CAD,2056.09,active,2025-08-09T19:42:14
7915,4150,CA2965388886044,checking,CAD,6509.58,closed,2026-02-13T16:57:50
7916,4151,ES3281242529942,checking,EUR,777.53,closed,2023-08-04T18:29:13
7917,4152,DE6134540111600,savings,EUR,4913.27,active,2022-11-09T09:01:08
7918,4152,DE2789043871919,checking,EUR,5149.37,active,2023-10-05T04:17:08
7919,4152,DE7232584624936,savings,EUR,3061.82,active,2025-12-04T08:31:29
7920,4152,DE2226149224748,savings,EUR,37923.7,active,2026-03-06T01:01:21
7921,4153,FR6513138299821,savings,EUR,30251.53,active,2025-09-30T14:23:43
7922,4154,UA2614937499547,checking,UAH,205990.66,closed,2026-05-01T14:38:02
7923,4155,AU9654236299189,savings,AUD,14438.04,active,2026-04-29T22:12:40
7924,4155,AU6244462354104,checking,AUD,5494.93,active,2024-02-13T22:56:02
7925,4156,IT1432865718354,savings,EUR,11386.59,active,2025-02-07T08:00:56
7926,4156,IT8600264852161,savings,EUR,1942.87,active,2025-01-12T20:01:58
7927,4157,US1715055385982,checking,USD,1173.86,active,2024-08-30T06:53:33
7928,4157,US3658384142290,savings,USD,17253.58,closed,2024-01-11T11:12:18
7929,4157,US8780726210407,checking,USD,1275.26,closed,2024-07-28T13:17:54
7930,4158,IN9985051626586,checking,INR,187716.89,closed,2025-01-11T11:08:30
7931,4158,IN8886737760442,credit,INR,-195821.36,active,2024-11-29T17:09:20
7932,4158,IN7710182624039,checking,INR,93512.95,active,2024-02-17T20:30:10
7933,4159,IN9784019020739,savings,INR,2884896.47,active,2026-04-18T08:53:46
7934,4159,IN3973928896938,checking,INR,194162.93,active,2026-01-27T02:40:14
7935,4160,IT2791078471724,checking,EUR,2241.27,active,2023-10-01T10:03:44
7936,4161,NL5114033062498,savings,EUR,21569.71,frozen,2025-03-02T22:54:57
7937,4162,AU7607177495009,checking,AUD,6555.75,active,2025-11-03T22:35:24
7938,4163,ES5582558650173,checking,EUR,1252.02,active,2025-04-08T08:19:37
7939,4163,ES9498978919929,checking,EUR,5030.46,active,2023-12-26T02:55:52
7940,4163,ES3309818915240,savings,EUR,11200.12,active,2022-07-17T16:16:31
7941,4163,ES1481973370948,savings,EUR,44.91,active,2025-09-14T12:37:55
7942,4164,ES4300034961928,savings,EUR,50.3,frozen,2025-10-24T09:46:42
7943,4164,ES9864672538705,checking,EUR,806.05,closed,2025-06-16T08:58:55
7944,4165,KR5131841044170,checking,KRW,380886.78,active,2025-03-19T15:12:54
7945,4165,KR3388050125908,credit,KRW,-241302.55,active,2024-12-16T12:00:30
7946,4166,IN2615041312924,checking,INR,388762.84,active,2026-05-10T05:15:01
7947,4167,NO2670379520207,checking,NOK,7098.16,active,2026-04-23T17:29:25
7948,4168,IT9730531053842,savings,EUR,17945.66,active,2026-01-11T00:31:16
7949,4168,IT9346697011942,checking,EUR,4985.35,active,2026-03-01T17:13:10
7950,4168,IT7721022419328,checking,EUR,2735.55,active,2026-04-03T11:20:33
7951,4168,IT5140867971843,checking,EUR,541.18,active,2026-04-25T12:39:55
7952,4169,ZA5058000522555,checking,ZAR,4801.8,active,2026-02-24T00:10:55
7953,4169,ZA1957771968071,checking,ZAR,6616.92,closed,2026-04-19T09:46:53
7954,4170,US2664548571767,checking,USD,4012.68,active,2026-05-13T00:17:07
7955,4170,US1367671835407,checking,USD,224.68,active,2026-05-06T04:52:00
7956,4170,US7785909489156,savings,USD,28936.4,active,2026-05-12T07:14:08
7957,4171,FR8435058743829,checking,EUR,3526.18,frozen,2026-03-20T21:44:58
7958,4171,FR3363399639289,credit,EUR,-3275.81,closed,2025-06-03T15:05:56
7959,4171,FR4030565888445,savings,EUR,24120.62,active,2025-09-15T08:49:49
7960,4172,NL4766782088950,checking,EUR,4309.25,active,2023-03-16T02:15:37
7961,4172,NL2672201071234,checking,EUR,3432.65,active,2024-12-06T13:52:31
7962,4173,US7467933261980,checking,USD,4655.04,closed,2025-06-03T04:08:35
7963,4174,AU4247295457277,checking,AUD,4434.7,active,2026-04-04T03:48:57
7964,4174,AU8048152738855,checking,AUD,3198.89,frozen,2025-06-08T07:54:40
7965,4175,BR7812761676994,checking,BRL,37927.58,closed,2026-01-31T20:12:47
7966,4176,PL1180680666632,checking,PLN,378,active,2025-09-15T07:57:34
7967,4176,PL3212442427680,savings,PLN,50.18,active,2025-02-07T19:06:48
7968,4176,PL6032564447576,credit,PLN,-1760.19,active,2025-09-01T21:27:07
7969,4176,PL8498660756523,checking,PLN,629.59,active,2024-12-23T13:34:44
7970,4177,US2035826165254,credit,USD,-1870.54,active,2026-01-13T07:01:53
7971,4177,US7482573387029,credit,USD,-2681.03,active,2024-05-06T03:02:56
7972,4177,US6192710699784,credit,USD,-4450.25,closed,2025-03-12T13:00:31
7973,4178,US5814529694210,savings,USD,14661.42,active,2025-07-27T22:36:57
7974,4178,US1248224177904,credit,USD,-2509.73,active,2025-10-13T10:12:50
7975,4178,US1527016665596,checking,USD,928.58,active,2025-12-09T20:28:06
7976,4179,JP5838980485316,credit,JPY,-386352.45,frozen,2025-10-28T09:42:05
7977,4179,JP4885094344426,savings,JPY,5078644.95,active,2025-08-05T09:24:28
7978,4180,ES1211496318745,checking,EUR,5953.05,active,2025-12-10T14:59:11
7979,4180,ES8954706019307,checking,EUR,1888.28,frozen,2024-02-21T16:06:01
7980,4181,SE8498685555969,checking,SEK,4252.88,closed,2026-04-10T12:29:43
7981,4181,SE2792410942569,savings,SEK,8900.51,frozen,2025-11-07T15:27:18
7982,4181,SE1504810865259,checking,SEK,6109.41,frozen,2025-04-29T15:20:31
7983,4182,GB5218001327520,checking,GBP,6855.65,active,2026-03-12T01:56:19
7984,4183,GB7940959752687,savings,GBP,4106.49,active,2023-01-06T01:26:46
7985,4184,CA3346410685296,checking,CAD,6714.5,closed,2026-02-18T11:37:50
7986,4184,CA5620152995379,savings,CAD,25643.43,active,2026-01-03T08:10:37
7987,4184,CA3561232368610,savings,CAD,18.29,closed,2023-04-04T10:26:31
7988,4185,ES8327160791517,savings,EUR,63.54,active,2025-05-07T21:24:19
7989,4186,GB7950874814844,checking,GBP,6338.98,frozen,2025-04-27T05:34:53
7990,4186,GB3524245888519,checking,GBP,6769.5,active,2023-03-02T09:27:17
7991,4187,UA4229689893266,checking,UAH,216679.48,active,2023-05-17T15:14:42
7992,4187,UA4166267528747,savings,UAH,2488.87,closed,2024-11-08T10:43:25
7993,4187,UA1297113957737,savings,UAH,2058.64,active,2026-02-17T02:45:53
7994,4188,US7025485052929,checking,USD,30.39,closed,2025-12-23T22:01:50
7995,4188,US3576304021058,savings,USD,11298.08,active,2025-10-26T17:54:06
7996,4188,US7418532853096,credit,USD,-3105.57,closed,2025-10-28T11:31:49
7997,4189,MX6666291792408,savings,MXN,664352.34,active,2025-12-22T23:28:10
7998,4189,MX5051552295294,checking,MXN,97411.89,active,2026-01-07T11:18:26
7999,4189,MX7327076293394,checking,MXN,66885.81,active,2025-06-30T16:58:32
8000,4190,DE8016311950165,credit,EUR,-2148.93,active,2025-11-14T05:50:47
8001,4190,DE5525030948572,credit,EUR,-1059.86,frozen,2025-04-27T10:19:06
8002,4191,IE8864989466402,savings,EUR,4186.71,frozen,2023-10-05T09:27:21
8003,4191,IE1095195721329,checking,EUR,6597.61,frozen,2024-09-22T08:02:06
8004,4192,DE9582440629909,checking,EUR,3881.69,active,2022-09-07T01:59:36
8005,4193,AU3235384842631,checking,AUD,2839.15,active,2025-11-27T05:27:25
8006,4193,AU4007935692489,checking,AUD,4924.74,active,2023-11-09T13:30:59
8007,4194,NL9887879563126,checking,EUR,6177.97,active,2026-02-11T18:18:59
8008,4194,NL9363621990024,credit,EUR,-1568.52,active,2022-09-23T17:26:25
8009,4195,AU3126061356048,checking,AUD,7204.5,active,2023-11-30T09:52:28
8010,4195,AU6035452073706,checking,AUD,7324.02,frozen,2023-06-10T13:21:45
8011,4196,SG5395742146228,checking,SGD,137.65,active,2026-02-02T23:28:49
8012,4197,SG3943051299814,savings,SGD,17214.66,active,2025-09-08T19:32:26
8013,4197,SG2607751344150,checking,SGD,6009.45,closed,2024-05-26T17:43:12
8014,4197,SG6933590795120,checking,SGD,6604.21,active,2025-12-03T05:22:53
8015,4198,US7573087859845,checking,USD,2109.81,active,2022-10-31T08:23:22
8016,4198,US6717011551322,credit,USD,-891.48,closed,2024-11-29T14:10:54
8017,4199,GB2898616492496,credit,GBP,-3356.46,closed,2023-09-23T05:36:16
8018,4199,GB2768863217151,checking,GBP,6401.27,active,2023-03-03T13:07:50
8019,4199,GB7379581981117,savings,GBP,34389.12,frozen,2023-01-10T21:01:42
8020,4200,DE4245760455973,savings,EUR,74.6,active,2024-06-04T01:52:35
8021,4201,SE6177625984898,checking,SEK,4094.2,active,2025-01-09T04:53:00
8022,4201,SE4398783929305,checking,SEK,4724.42,closed,2021-12-21T11:12:59
8023,4201,SE8372276047199,savings,SEK,40971.54,active,2024-05-15T00:13:45
8024,4202,BR6468138814539,savings,BRL,45176.56,active,2025-11-30T12:28:31
8025,4203,US1008910130089,savings,USD,7640.53,active,2024-01-23T15:38:52
8026,4204,US6912560882799,checking,USD,4094.23,active,2024-01-21T23:21:19
8027,4204,US7538377765969,checking,USD,5519.82,frozen,2024-05-20T14:16:44
8028,4205,US5994512368306,checking,USD,1344.12,active,2024-04-30T19:49:13
8029,4205,US8916086611215,savings,USD,80.26,closed,2023-08-25T22:55:42
8030,4206,DE3241027476131,credit,EUR,-3195.3,closed,2025-11-23T19:02:15
8031,4206,DE8905414668998,checking,EUR,6357.54,active,2025-02-21T22:01:12
8032,4207,GB2974629388486,credit,GBP,-602.86,active,2025-05-07T08:37:32
8033,4207,GB2324753654637,checking,GBP,2781.42,closed,2025-06-20T10:23:18
8034,4208,JP5113933575897,checking,JPY,152415.46,closed,2025-04-24T23:14:51
8035,4209,US7290814731254,savings,USD,27334.17,closed,2023-11-22T17:35:49
8036,4209,US8222426193699,savings,USD,35220.03,active,2025-05-24T01:47:42
8037,4210,IN7044033753162,checking,INR,302630.69,closed,2026-03-29T08:23:05
8038,4211,US8755024440718,savings,USD,19836.12,closed,2025-02-27T07:00:29
8039,4212,PT4018658579729,savings,EUR,14428.38,active,2026-04-25T06:42:43
8040,4212,PT5591447128692,savings,EUR,37019.35,active,2025-08-18T12:48:54
8041,4212,PT7509892496367,checking,EUR,2707.22,frozen,2025-08-26T06:17:53
8042,4213,FR5230938152466,checking,EUR,4562.98,active,2025-07-13T00:13:33
8043,4213,FR5213048261594,savings,EUR,32914.97,active,2024-01-21T23:21:33
8044,4213,FR4076597774137,savings,EUR,21856.62,active,2024-04-25T06:31:31
8045,4213,FR5691228379422,checking,EUR,3641.69,closed,2022-09-27T03:41:29
8046,4214,ES2102758193641,checking,EUR,4837.34,active,2026-05-03T23:58:21
8047,4215,SE7506551931949,savings,SEK,31210.94,active,2026-05-09T20:15:57
8048,4216,DE8188418824306,savings,EUR,12263.15,active,2023-11-13T05:37:41
8049,4216,DE8957259261844,checking,EUR,610.68,active,2024-05-18T12:06:43
8050,4216,DE7031841113880,savings,EUR,22528.35,closed,2025-07-30T12:25:18
8051,4217,GB9824434342684,savings,GBP,36078.44,closed,2026-04-14T01:38:31
8052,4217,GB3806146848864,savings,GBP,38116.23,closed,2026-03-02T06:08:12
8053,4218,FR8372939549187,checking,EUR,7514.34,frozen,2025-12-08T06:07:21
8054,4218,FR7192232788231,savings,EUR,19765.29,frozen,2025-08-06T01:08:11
8055,4218,FR5597763632807,checking,EUR,3880.86,active,2024-08-13T08:15:40
8056,4218,FR3268065773459,checking,EUR,6.5,active,2023-03-15T10:43:32
8057,4219,GB1668814216752,checking,GBP,6164.44,active,2024-09-23T00:56:22
8058,4220,US2452641794652,savings,USD,28161.2,active,2025-10-17T17:13:28
8059,4220,US6420741461276,checking,USD,2206.72,frozen,2025-11-30T18:41:04
8060,4220,US5977070384041,savings,USD,68.61,active,2025-12-29T19:27:11
8061,4221,IT8263057087695,credit,EUR,-3088.17,active,2026-05-15T15:00:02
8062,4222,DE6427592893646,checking,EUR,5941.35,closed,2025-06-10T11:31:51
8063,4223,SE9719943581245,checking,SEK,3295.64,frozen,2023-12-31T03:08:05
8064,4223,SE6869507372432,credit,SEK,-3963.97,active,2026-01-19T06:48:30
8065,4224,AT6973527464829,credit,EUR,-1868.99,active,2026-04-11T05:50:15
8066,4225,DE5650243045314,checking,EUR,6561.09,active,2024-08-15T20:50:30
8067,4226,IN1396001154592,savings,INR,3032147.69,active,2026-04-19T03:23:28
8068,4226,IN3798501849625,checking,INR,506888.74,active,2026-02-19T19:07:04
8069,4226,IN1458806744509,checking,INR,530080.07,active,2026-04-29T17:00:13
8070,4227,AT8972128830295,checking,EUR,4872.86,active,2026-04-08T12:50:01
8071,4227,AT9107323183943,checking,EUR,2237.52,active,2025-09-28T21:16:02
8072,4228,US5159222791320,checking,USD,2218.88,active,2025-10-21T05:06:28
8073,4229,US4717653383398,savings,USD,27196.39,active,2026-02-03T16:51:37
8074,4229,US5022389883062,savings,USD,7295.08,active,2026-03-29T15:49:13
8075,4229,US2525876135250,credit,USD,-650.09,active,2025-11-04T10:07:55
8076,4230,US5165141339048,checking,USD,7385.65,active,2025-10-22T17:26:03
8077,4230,US5592081433915,checking,USD,2062.63,active,2025-09-28T05:27:26
8078,4231,US7444773555955,checking,USD,7064.69,active,2024-05-02T14:25:57
8079,4231,US2756343626774,checking,USD,2978.33,active,2025-02-12T18:19:57
8080,4231,US5683169315063,checking,USD,6408.23,closed,2025-06-17T09:47:30
8081,4232,SG9908887661306,checking,SGD,771.85,closed,2024-03-18T10:26:21
8082,4232,SG8434661577188,savings,SGD,37822.35,active,2024-08-29T22:46:47
8083,4233,US3477005470300,checking,USD,6318.29,closed,2025-08-08T16:39:46
8084,4233,US9694389672938,checking,USD,1230.8,active,2025-02-16T19:10:41
8085,4234,SE5454121777760,checking,SEK,4159.57,active,2023-07-19T20:50:10
8086,4234,SE8914547878450,checking,SEK,993.94,active,2023-07-14T05:26:37
8087,4235,US6427553117773,checking,USD,5151.11,active,2024-01-06T22:11:53
8088,4236,US5655444295197,savings,USD,35434.77,closed,2026-01-02T02:17:04
8089,4236,US6812261241734,credit,USD,-97.38,active,2026-03-24T19:38:01
8090,4237,GB9147537229642,checking,GBP,128.83,active,2026-03-10T15:34:15
8091,4237,GB1619281572432,checking,GBP,4232.43,closed,2026-04-04T16:28:47
8092,4238,US1212990972775,savings,USD,30076.41,active,2022-03-07T02:13:17
8093,4238,US9813700693869,savings,USD,36597.63,closed,2025-03-29T19:49:52
8094,4238,US8540804549514,checking,USD,2.27,closed,2023-01-23T23:36:44
8095,4239,UA9317692110798,savings,UAH,399888.53,active,2026-05-13T06:57:49
8096,4239,UA5026442079699,checking,UAH,80033.7,closed,2026-01-18T14:41:59
8097,4239,UA6510214689088,savings,UAH,128677.99,closed,2026-04-29T16:56:48
8098,4239,UA8752376517670,checking,UAH,147571.22,active,2026-02-18T10:17:04
8099,4240,IT8393362147064,checking,EUR,143.12,active,2026-05-14T13:50:40
8100,4240,IT2138434890714,checking,EUR,3365.23,active,2026-03-15T07:31:00
8101,4241,SG6926824958730,savings,SGD,32808.92,active,2026-05-14T00:28:49
8102,4242,SG7885075417129,checking,SGD,86.1,closed,2023-06-04T02:59:15
8103,4243,US7570072586652,checking,USD,5601.04,frozen,2026-01-27T14:12:03
8104,4244,UA1170750135089,checking,UAH,9395.71,active,2025-07-19T22:15:32
8105,4245,JP2884324226685,checking,JPY,480274.07,active,2026-02-02T10:04:54
8106,4246,GB6560099439165,checking,GBP,6228.82,active,2026-02-10T18:45:51
8107,4247,JP8952415366296,checking,JPY,599220.18,active,2025-09-20T11:54:38
8108,4247,JP6917163712849,credit,JPY,-24599.46,active,2024-12-30T09:38:59
8109,4248,CH1729327271939,savings,CHF,22812.43,active,2025-12-25T00:43:27
8110,4248,CH3505442236867,savings,CHF,78.86,active,2026-05-07T01:31:12
8111,4248,CH2567261651704,savings,CHF,33.65,active,2025-11-09T05:38:28
8112,4249,FR3365971060999,savings,EUR,5196.83,closed,2025-05-25T19:59:27
8113,4250,ES9260747117033,savings,EUR,11546.23,active,2025-12-02T04:29:38
8114,4251,IN3195368222283,checking,INR,127575.65,closed,2025-06-28T16:32:28
8115,4251,IN6039186333031,checking,INR,46977.5,closed,2025-12-21T23:38:32
8116,4251,IN3251149637602,savings,INR,3050739.75,active,2024-04-01T23:45:04
8117,4251,IN1069118421705,checking,INR,370023.73,active,2025-06-24T05:55:49
8118,4252,MX9520744931086,credit,MXN,-381.21,active,2024-11-14T19:43:26
8119,4252,MX7871489445248,checking,MXN,36875.4,closed,2025-11-04T21:10:06
8120,4252,MX1038648059255,checking,MXN,93909.55,active,2024-11-06T01:38:48
8121,4252,MX5976080096426,checking,MXN,68655.16,active,2024-01-07T01:55:43
8122,4253,BR6932334660236,checking,BRL,30835.36,closed,2025-05-17T04:52:47
8123,4254,US9026464531200,savings,USD,8638.85,active,2024-11-26T04:39:27
8124,4255,SE8605357094603,savings,SEK,7690.16,active,2023-11-14T02:14:54
8125,4255,SE8904623566919,checking,SEK,7628.67,closed,2026-03-22T03:19:42
8126,4255,SE8834385733149,savings,SEK,27201.07,active,2026-02-14T05:13:17
8127,4256,FR6676250052696,checking,EUR,4400.89,frozen,2026-04-24T06:00:10
8128,4257,UA1573747290764,checking,UAH,44367.45,closed,2026-03-14T16:33:06
8129,4258,NL9992049613233,checking,EUR,69.13,active,2025-10-21T08:41:14
8130,4259,UA4597790849513,checking,UAH,271965.92,closed,2026-04-19T21:55:26
8131,4259,UA7697601989143,credit,UAH,-66238.26,closed,2026-03-03T09:19:04
8132,4260,US9566020894789,savings,USD,1628.33,closed,2024-08-13T09:56:36
8133,4260,US9552851077950,savings,USD,24014.75,frozen,2025-12-11T23:55:47
8134,4261,IN8539072055872,savings,INR,1834547.23,active,2024-05-04T02:07:24
8135,4261,IN8546198325902,savings,INR,2502563.59,active,2025-08-02T08:31:39
8136,4262,ZA8269030649956,checking,ZAR,294.72,frozen,2023-01-26T05:18:12
8137,4263,FI8677480474193,checking,EUR,2889.1,frozen,2025-04-08T20:31:35
8138,4263,FI3011319382628,checking,EUR,7759.35,closed,2023-02-10T09:11:28
8139,4264,FR6467737559749,checking,EUR,3936.59,active,2025-10-12T03:40:24
8140,4264,FR2296091841459,savings,EUR,39287.71,active,2025-04-17T15:05:57
8141,4265,GB3279113630485,checking,GBP,7149.01,active,2024-03-18T18:57:49
8142,4266,US3235034816380,checking,USD,40.36,active,2025-07-25T00:10:12
8143,4267,GB9104968795872,checking,GBP,4222.82,frozen,2026-05-14T18:52:54
8144,4267,GB9532543184448,checking,GBP,4191.78,active,2026-05-15T20:55:35
8145,4268,CA4577498079653,checking,CAD,5573.02,active,2025-07-12T17:56:27
8146,4269,ZA8324989029364,savings,ZAR,55.29,active,2025-09-05T14:20:13
8147,4269,ZA8218569038095,checking,ZAR,6909.89,active,2026-03-05T04:25:00
8148,4269,ZA6932514258717,savings,ZAR,1221.2,closed,2023-03-09T17:55:01
8149,4270,BE4333558563738,checking,EUR,6244.37,closed,2024-12-24T15:32:16
8150,4270,BE3191831010549,savings,EUR,40552.97,active,2022-12-19T16:24:22
8151,4270,BE5846566166742,checking,EUR,2838.3,active,2022-06-29T02:15:03
8152,4271,GB3858957840565,savings,GBP,32970.69,active,2024-09-05T15:47:48
8153,4271,GB2612322242889,savings,GBP,30217.11,active,2024-03-19T12:09:50
8154,4272,CH4751325940315,checking,CHF,4575.47,closed,2026-03-25T11:22:50
8155,4273,FR6617098359263,checking,EUR,5630.57,active,2024-03-26T08:29:18
8156,4273,FR8483055013100,checking,EUR,7750.25,active,2024-01-31T21:15:08
8157,4274,AU1312838927442,checking,AUD,7145.29,frozen,2023-11-17T18:06:25
8158,4274,AU3472041275441,savings,AUD,34652.55,active,2022-10-02T07:46:50
8159,4275,IE8902724230994,checking,EUR,6491.1,active,2023-12-05T16:54:57
8160,4275,IE6478574284269,savings,EUR,3374.25,active,2022-04-17T03:58:34
8161,4276,FR7786277695863,checking,EUR,4483.52,frozen,2022-02-11T12:18:43
8162,4277,NO6434941134131,checking,NOK,2066.84,frozen,2025-01-31T17:24:28
8163,4277,NO1663897867226,checking,NOK,4534.88,closed,2026-05-08T04:00:02
8164,4277,NO5417369889450,checking,NOK,4901.22,frozen,2025-10-08T10:07:59
8165,4278,AU6634351961175,savings,AUD,22512.08,closed,2024-08-05T19:39:01
8166,4278,AU2145338594502,checking,AUD,2928.84,active,2025-12-13T09:06:48
8167,4278,AU8400274735461,savings,AUD,25651.92,active,2026-03-15T13:22:09
8168,4279,FR2201360912969,savings,EUR,1832.2,active,2023-12-19T18:50:15
8169,4279,FR7436288335825,savings,EUR,10.4,active,2024-01-24T03:23:34
8170,4279,FR8672827955203,checking,EUR,2688.02,active,2026-01-05T21:01:11
8171,4280,ES3442308826097,savings,EUR,28185.94,active,2025-11-09T17:25:10
8172,4281,FR8894723222306,savings,EUR,89.48,closed,2025-12-31T16:17:59
8173,4281,FR3980818155696,checking,EUR,2415.23,active,2023-09-14T03:30:30
8174,4282,DK6685157266360,checking,DKK,1751.19,active,2023-04-30T11:07:15
8175,4283,CA6135050455820,checking,CAD,5206.54,active,2023-03-13T05:35:02
8176,4283,CA3264551368787,savings,CAD,4620.54,active,2022-08-09T20:29:27
8177,4283,CA2558581094233,checking,CAD,7624.42,active,2023-05-31T04:24:02
8178,4284,IN3059463417758,savings,INR,1784895.79,active,2024-09-24T03:28:22
8179,4284,IN1783647947401,credit,INR,-267058.52,active,2026-03-19T02:30:25
8180,4285,US3472610478448,savings,USD,38758.45,active,2024-10-16T07:59:49
8181,4286,NL7153668344267,checking,EUR,2600.14,closed,2026-04-18T04:17:46
8182,4287,GB3498818114885,savings,GBP,32746.1,active,2025-11-09T19:34:11
8183,4288,IE3021166596126,savings,EUR,73.39,frozen,2026-04-25T19:35:31
8184,4289,BR3617938627850,checking,BRL,29336.61,active,2024-03-15T01:59:37
8185,4289,BR6000202593969,checking,BRL,23375.86,frozen,2023-06-14T20:49:50
8186,4289,BR8149791562368,checking,BRL,7363.86,active,2022-12-01T08:51:16
8187,4290,GB6245945471916,checking,GBP,3767.76,active,2023-05-09T02:44:12
8188,4291,US1800225783119,checking,USD,3232.99,active,2025-06-28T09:20:07
8189,4291,US4475408749329,checking,USD,2067.21,active,2022-12-13T02:40:24
8190,4291,US2620827617105,savings,USD,21810.64,active,2022-03-10T00:27:14
8191,4292,AU5335056345382,checking,AUD,310.51,active,2026-05-02T21:34:54
8192,4292,AU5125248212968,checking,AUD,3227.13,active,2025-01-21T07:51:29
8193,4293,CH5637111768966,checking,CHF,2029.86,frozen,2022-12-18T07:36:09
8194,4294,BR7810025486332,savings,BRL,54617.16,active,2024-05-02T13:11:34
8195,4294,BR6649097730866,savings,BRL,159571.88,active,2023-01-19T18:28:59
8196,4295,US4668165233688,checking,USD,3339.2,frozen,2025-06-24T16:48:08
8197,4295,US2127428814525,checking,USD,6042.02,frozen,2025-10-31T15:10:17
8198,4295,US5711028294264,savings,USD,19136.34,active,2022-11-10T00:29:47
8199,4296,US1502587424747,credit,USD,-198.29,active,2024-07-06T11:02:20
8200,4297,US3950087278187,checking,USD,4761.34,active,2025-04-22T10:43:24
8201,4298,JP3662331822657,checking,JPY,192056.86,active,2026-04-29T02:28:13
8202,4299,US2535874335451,savings,USD,22552.6,closed,2024-04-19T12:29:35
8203,4299,US1048654039893,checking,USD,5904.97,active,2025-01-30T12:55:00
8204,4300,CA7626598567911,checking,CAD,4292.01,active,2025-11-20T15:41:55
8205,4301,CH1544334144935,checking,CHF,7350.09,closed,2026-05-15T16:51:01
8206,4302,US2618968157913,savings,USD,18097.8,closed,2025-05-28T00:51:02
8207,4302,US1375511643547,savings,USD,73.12,closed,2025-12-08T20:38:50
8208,4302,US2625096986410,checking,USD,920.37,closed,2026-05-15T21:30:23
8209,4303,FR9326447250490,savings,EUR,8186.43,closed,2026-05-12T07:14:58
8210,4303,FR7397415359793,checking,EUR,3557.81,active,2026-05-08T08:17:17
8211,4304,UA3641813923857,credit,UAH,-48892.34,active,2026-04-14T09:14:00
8212,4305,ES1666420512470,checking,EUR,6156.34,active,2026-02-05T16:48:10
8213,4305,ES4615322218516,savings,EUR,13973.54,active,2023-10-28T00:28:08
8214,4305,ES2180754188886,savings,EUR,22534.79,active,2025-08-25T14:55:19
8215,4305,ES9128915397257,savings,EUR,28355.98,active,2024-02-09T15:07:32
8216,4306,ZA4540599871262,checking,ZAR,4882.78,active,2026-05-01T10:36:36
8217,4307,DE6786665043495,savings,EUR,12376.44,frozen,2024-08-23T20:27:42
8218,4307,DE3694229737565,credit,EUR,-4632.57,active,2024-08-26T05:21:06
8219,4308,DK6316659491310,savings,DKK,19684.96,active,2026-04-08T09:33:08
8220,4308,DK3226828582563,checking,DKK,6219.18,active,2026-04-02T13:37:16
8221,4308,DK9102379967532,checking,DKK,5703.09,frozen,2026-02-15T09:24:18
8222,4309,TR6999372936859,savings,TRY,678385.32,active,2023-11-11T23:26:06
8223,4309,TR3604445847218,checking,TRY,28938.71,closed,2025-01-10T08:14:04
8224,4309,TR5244723328920,checking,TRY,6808.67,closed,2025-02-12T13:54:08
8225,4310,IN4157017581841,checking,INR,259039.21,active,2026-04-28T13:47:21
8226,4310,IN6843382774253,savings,INR,1090240.17,closed,2026-03-02T01:45:42
8227,4311,AU3177627763618,checking,AUD,5039.02,active,2026-04-20T18:41:03
8228,4311,AU2849939175331,checking,AUD,7021.68,active,2026-02-01T03:13:14
8229,4311,AU1921239629608,savings,AUD,4780.93,active,2026-02-18T09:04:17
8230,4312,ES6408378771359,savings,EUR,15666.55,closed,2023-11-03T21:49:23
8231,4312,ES4018280439838,credit,EUR,-2104.97,active,2023-05-24T14:05:46
8232,4313,CA2361928555838,checking,CAD,3926.5,active,2024-12-01T12:41:43
8233,4313,CA8732016916911,savings,CAD,4535.24,active,2024-01-18T10:19:01
8234,4314,SG4076056859395,credit,SGD,-108.89,active,2024-09-01T14:14:40
8235,4314,SG9064067514310,checking,SGD,986.5,active,2025-12-10T06:13:08
8236,4314,SG2982892329000,checking,SGD,5483.67,active,2026-02-23T18:19:49
8237,4315,DE3662179673607,checking,EUR,7854.02,frozen,2024-10-29T06:13:17
8238,4315,DE4779529275144,credit,EUR,-2991.57,active,2024-07-20T16:09:46
8239,4316,US4437351070150,checking,USD,2739.62,closed,2025-07-06T20:16:00
8240,4317,US7125109742660,checking,USD,7365.19,active,2026-01-19T08:55:17
8241,4318,MX7269818130847,checking,MXN,118526.21,frozen,2024-06-30T00:28:34
8242,4318,MX3528907470897,checking,MXN,26266.06,closed,2024-10-19T17:09:13
8243,4319,CN9169577743668,savings,CNY,15660.29,frozen,2026-03-25T23:23:42
8244,4319,CN8047152075923,checking,CNY,835.94,active,2025-03-12T09:17:20
8245,4320,US4488056488333,checking,USD,5818.41,active,2021-11-24T09:41:15
8246,4320,US4102927172376,savings,USD,7506.82,active,2023-06-22T17:43:29
8247,4320,US5140245296907,credit,USD,-1164.45,active,2021-11-10T17:11:27
8248,4321,BR4862902415707,checking,BRL,32566.12,closed,2022-02-22T13:40:08
8249,4321,BR3848198112786,checking,BRL,22692.44,frozen,2026-03-01T15:47:12
8250,4321,BR7472372630522,savings,BRL,102847.88,closed,2021-12-08T12:26:06
8251,4322,PT4903466756839,credit,EUR,-1855.49,active,2026-04-20T16:46:39
8252,4322,PT9897516798705,savings,EUR,2119.98,closed,2025-12-03T08:26:33
8253,4322,PT9508465380773,checking,EUR,4522.25,active,2023-11-07T23:57:26
8254,4323,JP1449681268143,savings,JPY,3210429.98,active,2024-11-22T19:50:06
8255,4323,JP4439874568347,savings,JPY,6811.93,active,2025-06-03T23:24:35
8256,4324,BR6343623442677,savings,BRL,169519.63,active,2025-07-24T12:37:37
8257,4325,IN3250208051265,savings,INR,1816491.15,active,2025-04-05T21:24:47
8258,4326,MX5864230145595,checking,MXN,114436.35,active,2026-04-12T23:20:55
8259,4326,MX9714723811465,savings,MXN,128158.04,active,2023-05-18T11:18:38
8260,4326,MX3503301538108,savings,MXN,417584.99,closed,2023-06-30T14:12:21
8261,4327,GB2844401710865,checking,GBP,3371.95,closed,2024-11-21T21:39:41
8262,4327,GB1541386291257,checking,GBP,2053.17,active,2025-04-25T09:18:21
8263,4327,GB4050973792714,savings,GBP,17082.56,active,2025-08-06T11:42:47
8264,4328,US2598166963611,credit,USD,-1586.28,active,2026-04-10T16:27:32
8265,4329,SG4186952811346,credit,SGD,-4231.99,active,2026-05-12T21:38:57
8266,4330,KR9665502979469,checking,KRW,75752.22,closed,2026-04-06T04:09:12
8267,4331,FR5446115672027,checking,EUR,3975.92,frozen,2025-11-18T14:41:02
8268,4332,BE4026815198201,checking,EUR,153.52,active,2026-01-10T03:43:44
8269,4332,BE1444855339193,checking,EUR,7213,frozen,2026-04-29T03:33:02
8270,4333,DE2717391924491,savings,EUR,34524.22,active,2026-03-09T02:58:22
8271,4334,CN2484115016376,checking,CNY,804.82,active,2023-06-10T06:25:04
8272,4335,ES3866866068986,credit,EUR,-3150.17,active,2025-11-13T09:00:55
8273,4335,ES8081442553912,checking,EUR,4947.57,active,2024-10-05T10:55:14
8274,4335,ES3447468122558,savings,EUR,18096.37,closed,2025-07-20T16:18:03
8275,4336,AU4916962420065,checking,AUD,3525.54,frozen,2026-02-04T03:34:32
8276,4337,DE7083607542963,checking,EUR,523.5,active,2026-03-14T03:43:17
8277,4338,AE4964022375751,checking,AED,1674.14,closed,2024-02-11T22:01:25
8278,4339,NL8568194881209,savings,EUR,90.61,active,2026-03-10T15:56:17
8279,4339,NL1666251756335,checking,EUR,3626.16,active,2026-03-22T12:09:38
8280,4339,NL4352953037209,savings,EUR,26896.13,active,2026-03-10T23:46:45
8281,4339,NL8043786944615,checking,EUR,12.75,active,2026-03-02T06:33:16
8282,4340,US5757082566146,checking,USD,3484.65,frozen,2023-10-13T06:35:20
8283,4341,US4928592587399,credit,USD,-3686.22,active,2026-01-27T17:29:26
8284,4341,US5114019161858,checking,USD,3364.91,closed,2025-07-03T16:50:12
8285,4341,US8554194166739,checking,USD,1277.36,closed,2026-02-27T15:23:56
8286,4342,ES8194259284035,savings,EUR,21215.25,active,2022-02-04T09:18:42
8287,4343,IT7497225198614,savings,EUR,31470.15,closed,2025-03-16T11:41:13
8288,4343,IT5761157441499,checking,EUR,7028.58,active,2025-02-16T11:59:09
8289,4344,IN4920372996799,checking,INR,561088.46,active,2024-08-30T17:35:18
8290,4344,IN3821979938687,savings,INR,732646.32,active,2024-06-10T12:56:05
8291,4345,DE1102663146875,checking,EUR,4884.81,active,2025-08-31T00:45:03
8292,4345,DE6977729073943,checking,EUR,6451.28,active,2022-11-12T01:57:02
8293,4346,TR4706499231657,savings,TRY,1072009.38,closed,2024-05-20T15:35:07
8294,4346,TR2370492677428,checking,TRY,219207.04,closed,2024-02-09T09:36:28
8295,4347,US9830047971907,checking,USD,6825.98,closed,2025-12-05T10:29:52
8296,4348,US9170148295684,savings,USD,6548.63,active,2024-08-12T18:07:30
8297,4348,US9875718894546,credit,USD,-4726.49,active,2025-08-13T22:10:02
8298,4348,US9762568328305,savings,USD,35741.09,active,2025-01-05T17:46:24
8299,4349,IN8745296621580,checking,INR,328740.07,active,2024-10-29T02:25:46
8300,4349,IN3343953197943,checking,INR,189564.48,active,2025-02-18T03:58:32
8301,4350,BR9002487058864,checking,BRL,868.46,active,2024-03-22T00:26:13
8302,4350,BR8010011798426,credit,BRL,-21474.37,active,2025-03-23T00:21:53
8303,4350,BR4105266125342,checking,BRL,31315.17,active,2021-08-12T15:33:14
8304,4351,AU3916172233248,checking,AUD,4668.29,active,2023-07-21T03:18:05
8305,4352,BR6365129520124,checking,BRL,37634.87,active,2025-01-03T03:00:00
8306,4353,CH8121134612297,savings,CHF,30242.66,active,2023-08-31T02:19:53
8307,4354,US5935182826074,credit,USD,-1155.27,active,2026-05-08T05:09:31
8308,4355,BE5177173143403,checking,EUR,6225.66,active,2025-06-02T06:51:39
8309,4356,FR2125808747643,savings,EUR,26778.84,active,2023-08-01T10:29:26
8310,4356,FR1876024026865,savings,EUR,2879.53,active,2022-10-13T21:57:08
8311,4357,UA4634630365319,checking,UAH,144988.58,closed,2026-01-15T05:52:26
8312,4357,UA1471667345364,checking,UAH,149305.03,active,2025-08-26T06:31:20
8313,4357,UA3853130711284,checking,UAH,65733.1,active,2025-04-08T11:03:52
8314,4358,AU7347057691532,credit,AUD,-181.03,active,2022-04-17T19:11:41
8315,4359,GB4934834694945,checking,GBP,418.87,closed,2026-04-06T05:44:58
8316,4359,GB8875217927422,savings,GBP,75.19,closed,2026-03-26T19:52:48
8317,4359,GB1534931038308,savings,GBP,29224.5,active,2026-04-10T16:31:48
8318,4360,CN9245536234655,checking,CNY,6301.93,closed,2024-12-13T17:26:15
8319,4361,GB7231223179749,checking,GBP,6006.88,active,2026-02-23T20:46:36
8320,4361,GB1371106856516,savings,GBP,38288.66,frozen,2024-12-21T02:09:57
8321,4362,US5344955357452,checking,USD,1808.64,active,2024-03-31T01:51:10
8322,4362,US2236059797660,checking,USD,5354.82,active,2026-03-04T16:55:11
8323,4363,MX8823422133951,checking,MXN,101098.28,active,2026-04-10T18:26:48
8324,4363,MX6494078346745,checking,MXN,79457.97,active,2025-10-17T07:31:50
8325,4364,US2908500818094,checking,USD,540.76,active,2023-12-03T18:06:36
8326,4364,US6973611916372,checking,USD,7913.14,active,2024-05-31T17:06:54
8327,4364,US4695881931647,checking,USD,5596.25,active,2025-05-15T12:56:38
8328,4365,DE5824028488701,checking,EUR,1047.91,active,2025-06-24T13:27:46
8329,4365,DE9304697985186,checking,EUR,658.91,closed,2025-10-26T22:42:55
8330,4366,DE1562261556854,savings,EUR,25709.32,frozen,2022-07-17T08:00:00
8331,4366,DE2835951031200,savings,EUR,10813.7,closed,2023-02-10T17:35:59
8332,4366,DE5879521920968,checking,EUR,6249.65,active,2022-11-12T13:02:57
8333,4367,FI4846358463343,checking,EUR,6979.44,active,2026-05-01T02:06:23
8334,4367,FI4728985564940,checking,EUR,1124.06,closed,2026-05-06T10:13:11
8335,4367,FI6856588627412,credit,EUR,-954.81,frozen,2025-11-22T17:19:52
8336,4368,GB9511302770410,savings,GBP,86.99,active,2025-07-08T09:22:45
8337,4368,GB4694524152092,savings,GBP,22461.83,closed,2023-05-04T16:41:18
8338,4369,GB4417031729853,checking,GBP,7849.83,frozen,2025-07-29T22:44:19
8339,4370,PT6376034965022,checking,EUR,6118.4,active,2026-01-18T02:23:14
8340,4370,PT4703959362545,checking,EUR,4064.4,active,2025-04-09T01:15:37
8341,4370,PT8627119045822,credit,EUR,-2253.36,active,2023-10-20T20:15:09
8342,4371,BR3913448531618,credit,BRL,-11966.91,active,2024-03-20T15:26:15
8343,4371,BR3606279593804,savings,BRL,47706.7,active,2025-03-17T04:53:35
8344,4372,BR3872219395882,savings,BRL,128520.08,active,2024-06-22T21:55:19
8345,4372,BR9767446848264,checking,BRL,38012.63,active,2025-03-12T21:45:02
8346,4372,BR1667034965591,checking,BRL,24635.42,closed,2023-10-01T16:53:51
8347,4373,ES1048431072756,credit,EUR,-1891.24,active,2025-12-16T21:14:21
8348,4373,ES1365845988601,checking,EUR,5674.43,active,2026-01-21T10:52:14
8349,4373,ES5294505020022,savings,EUR,22933.55,closed,2025-12-19T07:18:52
8350,4374,NL1413164771151,checking,EUR,283.74,active,2022-03-13T05:45:26
8351,4374,NL1377848728640,checking,EUR,7968.67,active,2024-03-22T00:21:36
8352,4375,US7763973897974,checking,USD,6529.3,active,2025-09-23T17:25:39
8353,4375,US6255616872049,checking,USD,5101.52,active,2024-05-05T00:21:37
8354,4376,GB2486226936264,savings,GBP,10521.66,active,2022-08-19T14:23:33
8355,4376,GB1274313424607,savings,GBP,1881.29,closed,2023-09-06T20:54:36
8356,4377,BE2791905678437,checking,EUR,3425.8,active,2025-12-27T23:50:30
8357,4378,CN7352008880342,checking,CNY,4871.78,active,2023-02-26T01:51:08
8358,4379,IN4133065683865,checking,INR,81160.63,frozen,2024-02-20T05:41:23
8359,4379,IN1869975246742,savings,INR,2648261.56,active,2025-11-14T14:52:08
8360,4379,IN4656335755309,checking,INR,628510.53,active,2023-05-17T03:52:29
8361,4380,IT3494549442299,credit,EUR,-3936.16,active,2023-07-30T20:52:07
8362,4380,IT5381488547835,checking,EUR,203.81,frozen,2024-12-22T04:03:22
8363,4380,IT8532416538366,savings,EUR,15019.17,frozen,2023-10-27T22:44:20
8364,4381,AT5302272041323,checking,EUR,1391.49,active,2025-05-15T00:43:10
8365,4381,AT6769668574463,savings,EUR,10.95,active,2025-01-04T01:09:24
8366,4382,CN2163558953565,checking,CNY,3615.92,closed,2022-02-17T05:46:11
8367,4383,FI1400694875101,checking,EUR,5096.93,frozen,2026-03-17T15:33:27
8368,4384,CN3930602215414,savings,CNY,10509.33,active,2025-02-10T10:45:28
8369,4384,CN9839896687934,checking,CNY,2549.54,active,2025-06-27T09:09:22
8370,4385,PT5644318411012,savings,EUR,11836.7,frozen,2023-02-27T01:20:02
8371,4386,US5063736091314,savings,USD,9917.58,closed,2025-09-24T11:24:43
8372,4386,US5003301778701,checking,USD,3351.58,active,2025-02-09T17:15:05
8373,4386,US6457989769979,savings,USD,11435.57,active,2025-10-26T09:21:08
8374,4386,US9652777655329,checking,USD,3091.29,active,2025-09-20T06:25:00
8375,4387,IT8384406127932,savings,EUR,27718.7,frozen,2024-10-27T14:16:31
8376,4387,IT8553936845432,checking,EUR,2498.41,active,2022-04-13T00:42:53
8377,4388,AT7945456167139,checking,EUR,6428.65,active,2023-10-14T21:16:46
8378,4388,AT1278894155176,savings,EUR,8869.16,active,2023-09-28T22:55:34
8379,4389,JP2812387155572,checking,JPY,456229.04,closed,2024-11-12T23:28:50
8380,4389,JP7842226827163,checking,JPY,1020970.76,frozen,2026-02-20T22:07:51
8381,4390,ES5851372411814,savings,EUR,17587.82,closed,2024-08-07T12:55:25
8382,4391,SE9567693460856,checking,SEK,4516.96,active,2023-11-18T03:08:59
8383,4391,SE4928679814405,checking,SEK,6786.59,active,2024-10-12T13:43:36
8384,4392,US9628410448976,checking,USD,1858.28,closed,2025-09-30T23:28:53
8385,4392,US6178271424025,savings,USD,6215.45,active,2024-09-19T01:07:59
8386,4392,US9918356011882,savings,USD,29404.32,active,2022-11-19T05:50:00
8387,4393,DE9882966531368,checking,EUR,6811.82,closed,2026-04-10T13:01:25
8388,4394,IT9719936217775,checking,EUR,3972.32,active,2024-11-09T12:32:24
8389,4395,UA4321378774411,savings,UAH,378576.65,frozen,2024-07-14T22:13:05
8390,4395,UA4205293230912,credit,UAH,-134526.37,active,2025-04-16T00:00:57
8391,4396,GB1319207519084,savings,GBP,28924.48,closed,2022-04-21T11:28:15
8392,4396,GB8861382255501,checking,GBP,5255.54,frozen,2023-05-30T08:45:00
8393,4397,US1907642050987,savings,USD,34394.45,active,2025-10-08T17:13:32
8394,4397,US3765362577753,checking,USD,4900.34,active,2026-02-28T08:11:44
8395,4397,US4841153170274,savings,USD,2581.52,active,2025-10-29T14:56:11
8396,4398,UA9426729913282,savings,UAH,1091596.62,active,2023-11-01T22:30:46
8397,4398,UA3250839297923,checking,UAH,35940.36,active,2023-03-13T18:26:24
8398,4399,BE3146433345031,savings,EUR,10915.22,frozen,2026-02-06T01:48:32
8399,4400,IN6676489159213,savings,INR,2809396.85,active,2026-03-11T09:07:02
8400,4400,IN1925813663315,savings,INR,2704563.73,active,2026-03-21T23:44:36
8401,4401,GB3105146569545,checking,GBP,7124.6,active,2024-12-25T11:29:19
8402,4401,GB7035503981245,checking,GBP,5750.75,active,2026-01-12T20:19:48
8403,4402,DK2505939958999,checking,DKK,2041.75,frozen,2023-07-25T09:30:40
8404,4403,IN5386508158190,savings,INR,1269031.97,active,2025-07-04T00:08:09
8405,4403,IN2635131676681,credit,INR,-257730.11,frozen,2025-05-27T01:56:29
8406,4404,NL2018247260970,checking,EUR,6100.69,closed,2024-09-01T22:57:39
8407,4404,NL6648931263012,checking,EUR,7466.81,active,2025-04-21T02:14:40
8408,4405,IE6035044710260,checking,EUR,7836.69,active,2026-02-05T06:28:56
8409,4405,IE1292449779837,savings,EUR,4307.52,active,2026-03-07T00:41:21
8410,4406,US4558272050579,checking,USD,7311.48,closed,2024-10-29T20:49:42
8411,4407,SE5419913348666,checking,SEK,3860.7,active,2024-06-09T14:53:45
8412,4408,US2404445056906,checking,USD,3839.93,closed,2025-09-08T15:40:08
8413,4408,US5670226228916,checking,USD,1426.16,active,2026-01-02T05:34:53
8414,4408,US8845427637655,savings,USD,3302.27,active,2026-04-21T12:56:21
8415,4408,US1512629851830,checking,USD,928.31,closed,2025-08-09T13:08:49
8416,4409,NL2810133528254,checking,EUR,7357.15,active,2026-03-10T13:30:23
8417,4409,NL6318783860723,savings,EUR,29172.91,active,2025-11-26T12:22:36
8418,4410,US5471062423384,checking,USD,6988.45,closed,2024-11-06T05:13:06
8419,4411,PL4699646599226,savings,PLN,50.14,active,2026-03-01T02:00:23
8420,4411,PL9267299331230,checking,PLN,6778.44,active,2026-01-23T08:58:14
8421,4411,PL2989874684043,savings,PLN,4.2,active,2025-10-10T07:45:42
8422,4412,SE4344970287131,savings,SEK,38961.92,closed,2024-06-21T03:07:02
8423,4412,SE9311273198124,checking,SEK,2191.2,closed,2022-08-11T20:17:52
8424,4413,SG8583592712578,savings,SGD,37439.84,active,2026-04-12T02:58:29
8425,4413,SG3782580880067,credit,SGD,-3037.16,active,2024-11-11T08:56:50
8426,4414,US6904299369007,checking,USD,815.19,active,2026-04-10T15:06:52
8427,4414,US7979922913587,savings,USD,8366.75,active,2025-03-01T19:54:45
8428,4414,US7917234951774,savings,USD,28376.51,active,2026-03-16T18:49:42
8429,4415,AU6354486960558,checking,AUD,5285.47,closed,2023-01-05T04:25:19
8430,4415,AU2269260887852,checking,AUD,5099.2,active,2022-03-23T08:57:36
8431,4416,CA3504228965478,savings,CAD,10958.54,active,2025-12-09T20:03:09
8432,4416,CA6477086151033,checking,CAD,7011.57,closed,2025-10-10T10:17:56
8433,4416,CA8594887991240,checking,CAD,780.87,active,2025-09-11T22:52:05
8434,4417,ES5159512124226,savings,EUR,5796.4,frozen,2023-12-05T03:47:21
8435,4417,ES4225568963189,credit,EUR,-2736.77,active,2025-10-27T14:14:34
8436,4417,ES2189827746135,savings,EUR,12248.79,active,2025-06-13T11:19:35
8437,4418,FR9943677724937,checking,EUR,5718.92,active,2025-05-27T00:02:21
8438,4418,FR5563513785007,savings,EUR,6055.97,closed,2025-07-26T12:51:09
8439,4419,US2565267736219,checking,USD,7000.5,closed,2024-05-30T10:50:41
8440,4420,US9991269988661,checking,USD,5296.88,frozen,2025-04-29T20:08:38
8441,4421,SE9001508193065,checking,SEK,5204.27,active,2025-03-26T12:38:30
8442,4421,SE6094821041249,checking,SEK,6059.16,closed,2025-08-03T14:03:31
8443,4422,BR3945616660552,checking,BRL,2732.93,active,2025-05-03T21:16:14
8444,4423,CA6809129588388,credit,CAD,-962.52,active,2022-07-16T14:43:13
8445,4424,SE8329349965554,savings,SEK,30497.3,active,2022-10-24T06:01:33
8446,4424,SE5085737456709,checking,SEK,3802.27,active,2023-09-11T16:17:34
8447,4425,US6648016189852,checking,USD,6699.79,frozen,2026-03-29T02:42:11
8448,4425,US7354483796531,checking,USD,5874.01,frozen,2025-10-27T05:24:28
8449,4426,JP1004006399609,savings,JPY,3403958.03,active,2026-04-30T18:07:33
8450,4426,JP8781921856325,checking,JPY,2780.5,closed,2026-05-05T19:57:47
8451,4427,IN3596182932671,checking,INR,311130.93,active,2024-07-29T02:47:46
8452,4427,IN2705885133498,checking,INR,506143.86,active,2026-04-11T23:43:35
8453,4427,IN1413160270485,savings,INR,2222449.03,active,2024-11-01T17:58:41
8454,4428,AU8147271533563,savings,AUD,24.11,frozen,2025-01-14T01:44:31
8455,4428,AU7252188293623,savings,AUD,28551.12,active,2025-06-14T22:59:50
8456,4429,US2549673123413,checking,USD,5054.45,active,2022-07-17T10:29:39
8457,4430,JP4422044750124,checking,JPY,785636.2,active,2025-04-02T01:54:36
8458,4430,JP5845307241073,savings,JPY,1502014.87,active,2023-11-05T15:40:00
8459,4431,MX3296618220577,credit,MXN,-27450.77,active,2026-03-24T07:04:07
8460,4431,MX5120374831323,checking,MXN,118196.12,active,2026-05-08T19:35:14
8461,4431,MX9357429567242,credit,MXN,-67671.99,active,2026-01-23T11:08:19
8462,4431,MX3174266145839,credit,MXN,-8151.88,active,2026-03-29T23:44:35
8463,4432,IT9819249288063,checking,EUR,1188.73,active,2025-06-29T17:10:26
8464,4432,IT5571725427644,savings,EUR,34401.57,active,2024-08-28T23:06:31
8465,4432,IT1678775867008,savings,EUR,26.98,active,2024-10-10T01:21:30
8466,4433,FR6447284794630,checking,EUR,4777.08,active,2026-04-06T18:24:31
8467,4434,FR7684583061346,credit,EUR,-1038.21,active,2024-02-24T10:25:32
8468,4435,US3006523291334,checking,USD,2515.61,active,2023-11-01T14:30:06
8469,4435,US3826371649454,checking,USD,3744.47,active,2025-12-18T13:53:33
8470,4436,BR2758442993774,checking,BRL,26280.77,active,2025-05-11T04:17:11
8471,4436,BR7853599464113,savings,BRL,61537.96,active,2026-05-07T18:36:08
8472,4437,CA6733626351064,savings,CAD,87.48,frozen,2023-06-28T10:25:18
8473,4437,CA9460165897765,credit,CAD,-159.6,closed,2022-11-18T23:50:40
8474,4438,FR2838998966966,checking,EUR,4376.13,active,2024-09-08T02:24:42
8475,4439,US7634096257548,savings,USD,8311.42,frozen,2025-01-11T12:00:39
8476,4439,US4706969132561,savings,USD,24759.78,closed,2024-12-09T10:00:50
8477,4439,US1165010925325,checking,USD,2493.76,active,2022-11-26T09:21:02
8478,4439,US8542440495421,savings,USD,15157.36,closed,2025-06-19T04:14:20
8479,4440,US3284105732838,savings,USD,20399.58,active,2026-04-02T13:09:48
8480,4441,US2731138816706,checking,USD,6670.78,active,2024-11-09T15:42:13
8481,4441,US1322642762005,savings,USD,38262.26,closed,2023-10-13T05:47:52
8482,4442,ZA5945588394239,checking,ZAR,61.22,frozen,2024-02-14T01:10:03
8483,4443,PL6843874763710,checking,PLN,2487.59,closed,2026-04-04T21:55:51
8484,4443,PL6752729132611,credit,PLN,-2367.17,active,2026-04-15T15:30:42
8485,4443,PL8327756420713,checking,PLN,2260.28,active,2026-05-13T15:26:26
8486,4443,PL4989277158093,savings,PLN,1200.52,active,2026-04-30T20:41:51
8487,4444,DE6758926156063,checking,EUR,5807.47,active,2024-12-20T19:41:14
8488,4445,IN8774905018784,checking,INR,68793.21,closed,2025-12-04T18:51:11
8489,4445,IN4705422794007,savings,INR,1652610.43,active,2025-03-12T20:15:07
8490,4445,IN1184212837922,savings,INR,254328.82,active,2025-04-08T17:10:13
8491,4446,GB5240715273058,savings,GBP,35637.03,frozen,2026-05-14T22:10:23
8492,4446,GB3832453820927,savings,GBP,22721.44,active,2026-04-05T02:45:10
8493,4446,GB9536104671544,credit,GBP,-18.49,active,2026-04-04T18:44:01
8494,4447,NL6910749840530,checking,EUR,1090.38,closed,2025-05-01T21:32:58
8495,4448,BR4124036027567,savings,BRL,31411.56,active,2025-08-16T05:51:17
8496,4449,AE5196780692850,checking,AED,5609.4,active,2026-01-14T21:42:09
8497,4449,AE4144491055282,checking,AED,7383.79,active,2026-03-04T21:10:06
8498,4450,US4649354777258,checking,USD,1978.87,active,2025-08-06T05:19:20
8499,4450,US1090747228784,credit,USD,-1461.51,frozen,2026-01-07T00:32:51
8500,4450,US3738806611977,savings,USD,32258.33,closed,2026-04-28T07:38:00
8501,4451,MX7442183644442,checking,MXN,125897.77,active,2022-03-31T20:14:36
8502,4451,MX5115384897719,savings,MXN,271799.83,active,2022-03-21T11:45:01
8503,4452,JP4193627864122,checking,JPY,197769.05,frozen,2025-10-24T13:56:14
8504,4452,JP6892277798444,checking,JPY,5815.02,closed,2025-04-29T08:54:50
8505,4452,JP1316706791809,credit,JPY,-453980.81,active,2026-02-09T03:37:53
8506,4453,NO7640337997617,credit,NOK,-3010.75,active,2023-11-03T05:20:39
8507,4453,NO7828050787346,checking,NOK,1739.68,active,2023-04-12T23:38:16
8508,4454,BR7967567358639,checking,BRL,21958.4,closed,2026-01-14T15:03:11
8509,4455,US5132803496673,savings,USD,37937.17,active,2024-09-05T08:40:49
8510,4455,US1971220112302,credit,USD,-2600.44,frozen,2026-03-19T22:22:14
8511,4456,DE6028189194989,checking,EUR,3140.25,frozen,2026-05-11T12:21:04
8512,4456,DE3370462754445,savings,EUR,18236.88,closed,2026-04-28T14:04:37
8513,4456,DE5292867751187,checking,EUR,3245.7,active,2026-05-02T09:45:40
8514,4456,DE2828551599448,credit,EUR,-4013.18,active,2026-05-13T02:45:55
8515,4457,US8473663715188,savings,USD,15351.45,closed,2025-01-06T02:14:04
8516,4457,US5542025717243,checking,USD,6149.46,active,2024-10-08T03:23:42
8517,4458,IT4099611548434,savings,EUR,28053.96,active,2026-02-20T10:02:15
8518,4458,IT7794917622494,savings,EUR,58.43,active,2025-09-10T02:37:23
8519,4459,JP7485482012514,checking,JPY,855706.23,active,2026-05-07T11:50:20
8520,4460,ES1227122442464,checking,EUR,272.49,active,2025-05-23T11:53:03
8521,4460,ES3513618763335,checking,EUR,7627.01,active,2024-08-06T02:07:28
8522,4460,ES4538304367968,savings,EUR,39107.57,frozen,2023-10-25T22:31:15
8523,4461,SE8822169725654,savings,SEK,5831.48,active,2024-05-26T01:40:25
8524,4462,FR3463760373475,checking,EUR,6087.26,active,2023-12-20T01:42:33
8525,4462,FR3639747138013,checking,EUR,2503.34,closed,2024-11-02T09:22:42
8526,4463,DE2392507884179,savings,EUR,35597.58,active,2023-11-07T06:24:41
8527,4464,JP3064146436364,checking,JPY,858056.23,active,2024-07-22T16:49:12
8528,4465,ES4357907296568,checking,EUR,1730.83,active,2025-08-19T15:50:18
8529,4465,ES5055831261853,savings,EUR,11800.12,closed,2024-12-03T00:57:22
8530,4466,IT8704498923853,savings,EUR,26072.12,active,2024-05-20T05:31:07
8531,4467,CA9419005575610,checking,CAD,121.42,closed,2026-03-29T20:59:56
8532,4467,CA9039619144309,checking,CAD,3127.25,active,2023-10-18T22:58:08
8533,4468,US3072194399797,checking,USD,2160.44,active,2026-04-23T03:32:43
8534,4469,AU2239127441748,savings,AUD,33027.98,closed,2025-12-01T16:32:52
8535,4470,FR2127196754141,credit,EUR,-1548.94,closed,2025-09-20T05:58:40
8536,4471,IN9937062196561,savings,INR,1872896.23,active,2026-01-24T17:09:04
8537,4471,IN7038052338543,checking,INR,40131.16,active,2026-02-05T17:23:35
8538,4471,IN5548553061103,savings,INR,3010254.54,active,2026-02-09T18:00:19
8539,4472,ES1037061127702,checking,EUR,217.85,frozen,2023-05-06T04:01:41
8540,4472,ES9776387680869,checking,EUR,3518.61,active,2024-05-28T13:37:48
8541,4472,ES4614542127382,credit,EUR,-269.86,active,2023-01-18T10:36:04
8542,4473,CN7909692895045,savings,CNY,1032.21,active,2025-07-29T07:19:55
8543,4474,BR3615423815276,checking,BRL,30863.95,active,2025-10-22T22:48:39
8544,4474,BR2703525972588,checking,BRL,8616.58,active,2023-02-08T05:59:13
8545,4475,CA3094274655556,checking,CAD,2665.32,frozen,2022-07-31T11:58:54
8546,4475,CA5663942688903,checking,CAD,1519.61,closed,2023-10-09T20:45:37
8547,4476,FR4840698228276,checking,EUR,1372.04,active,2026-03-15T03:05:43
8548,4476,FR8139454456316,checking,EUR,1689.85,frozen,2024-05-06T21:27:25
8549,4476,FR2440965436657,checking,EUR,362.34,active,2025-02-09T12:17:07
8550,4477,AE9776868275593,savings,AED,20349.89,closed,2024-08-11T21:49:36
8551,4477,AE4789474680299,checking,AED,5571.55,active,2025-05-28T00:41:48
8552,4478,GB2837520560270,savings,GBP,19830.25,active,2025-02-01T04:34:00
8553,4479,US9100861762415,savings,USD,20018,closed,2024-09-01T04:52:29
8554,4480,AU9102674752678,checking,AUD,1857.65,active,2025-11-08T12:48:18
8555,4480,AU8432468926444,savings,AUD,30.91,active,2023-10-02T23:16:36
8556,4481,IN6151758261009,checking,INR,62653.14,frozen,2026-04-28T10:06:37
8557,4482,JP7736141667775,savings,JPY,4903965.36,frozen,2025-11-25T17:16:41
8558,4482,JP1971684760748,checking,JPY,297700.77,active,2025-10-17T12:27:57
8559,4483,SE8648416827422,savings,SEK,11126.36,frozen,2026-03-13T10:44:22
8560,4484,SE1986814715837,checking,SEK,6732.1,closed,2025-03-23T03:28:19
8561,4484,SE3625776864117,savings,SEK,2355.5,active,2024-04-13T16:25:39
8562,4485,US5594383025273,checking,USD,1628.27,closed,2023-01-13T16:20:16
8563,4486,IT1032222337147,checking,EUR,977.4,closed,2026-05-10T03:45:57
8564,4486,IT3625068570286,checking,EUR,4156.26,active,2026-05-02T00:00:55
8565,4487,GB6101045986842,checking,GBP,1415.95,active,2025-12-22T04:37:55
8566,4488,FR3811082993244,savings,EUR,30706.19,active,2024-04-08T14:10:47
8567,4488,FR1183604443811,checking,EUR,3559.59,active,2026-03-07T07:01:55
8568,4489,DE9649517061173,savings,EUR,23513.97,active,2025-08-16T01:26:45
8569,4489,DE1808564333285,savings,EUR,10979.99,active,2025-05-30T04:43:04
8570,4489,DE9876393482994,savings,EUR,36658.31,closed,2025-06-27T00:14:15
8571,4489,DE5158545521392,savings,EUR,78.18,frozen,2025-04-14T18:33:57
8572,4490,PT9505616623665,savings,EUR,27840.78,frozen,2024-09-08T21:09:43
8573,4491,SE6558037072349,savings,SEK,8249.37,closed,2026-04-03T15:25:04
8574,4491,SE9277310928443,savings,SEK,13726.69,closed,2026-03-18T18:42:00
8575,4491,SE1938299889975,credit,SEK,-414.71,active,2026-01-28T04:57:11
8576,4491,SE7322696436332,savings,SEK,3538.92,active,2026-03-04T06:03:25
8577,4492,CA3461370079276,credit,CAD,-894.37,active,2025-06-13T04:45:24
8578,4492,CA5654463055920,savings,CAD,22189.99,active,2025-08-07T08:00:43
8579,4493,GB6247571167249,savings,GBP,22082.81,active,2026-05-05T22:36:15
8580,4494,US5328247297540,savings,USD,5970.68,closed,2025-05-26T10:52:11
8581,4494,US1464191343834,checking,USD,3513.03,frozen,2025-10-27T12:05:42
8582,4495,DE5319409649271,savings,EUR,18918.78,closed,2021-09-30T04:47:58
8583,4496,US1018285189114,checking,USD,1194.54,frozen,2024-07-24T12:46:41
8584,4497,US7704552784653,checking,USD,3106.22,closed,2023-06-24T15:00:55
8585,4498,IN3002253584244,credit,INR,-23394.43,active,2025-08-07T19:56:00
8586,4498,IN6417963756973,savings,INR,1301259.57,active,2025-07-04T13:48:07
8587,4498,IN4098584165046,savings,INR,975604.5,active,2025-01-12T15:55:56
8588,4499,NL6989129511015,savings,EUR,35493.71,active,2024-12-13T02:01:39
8589,4499,NL5090550370250,checking,EUR,6688.84,active,2026-03-09T18:09:19
8590,4500,FI5149790774853,savings,EUR,1.74,active,2026-05-10T04:21:21
8591,4500,FI1999725939567,savings,EUR,23.06,closed,2025-03-21T04:55:07
8592,4500,FI4311405994045,savings,EUR,5577.32,frozen,2025-03-08T06:57:26
8593,4501,US7191160684946,savings,USD,33708.27,active,2025-12-01T01:29:19
8594,4501,US1745603849955,checking,USD,6602.99,active,2025-12-16T03:35:55
8595,4501,US4675712169458,credit,USD,-4085.12,active,2026-04-18T21:29:03
8596,4501,US3245547758081,checking,USD,4352.71,frozen,2025-12-06T07:03:08
8597,4502,UA5006798864839,savings,UAH,1220216.42,active,2024-03-27T23:00:10
8598,4502,UA5666871736602,savings,UAH,967928.86,frozen,2025-02-04T19:35:05
8599,4503,JP9151327437214,credit,JPY,-325226.71,active,2026-04-26T13:09:02
8600,4503,JP7412652431989,checking,JPY,144518.92,active,2025-11-24T18:20:26
8601,4503,JP1702423159677,savings,JPY,10150.33,frozen,2026-01-11T09:38:50
8602,4503,JP4036557260328,checking,JPY,851635.33,active,2025-12-12T19:47:46
8603,4504,IT9319471244369,savings,EUR,36532.32,frozen,2026-03-04T14:57:38
8604,4504,IT3914045827430,checking,EUR,2106.87,active,2026-03-22T20:22:06
8605,4504,IT6651679171720,credit,EUR,-3030.72,active,2026-05-05T05:11:24
8606,4505,BR2277908927567,savings,BRL,24.38,closed,2025-10-07T17:51:44
8607,4506,GB5297650261065,checking,GBP,3920.83,active,2026-02-19T08:03:27
8608,4507,AU3729145024191,checking,AUD,3038.6,active,2026-04-01T04:31:30
8609,4508,AU8431075898893,savings,AUD,33353.15,active,2026-03-13T15:54:09
8610,4509,NL2939612712180,checking,EUR,2984.98,active,2024-11-03T04:18:30
8611,4509,NL2980059552229,credit,EUR,-2877.58,active,2024-07-18T14:01:00
8612,4509,NL4043350495879,checking,EUR,109.18,active,2024-05-23T00:52:50
8613,4510,GB2141098634700,checking,GBP,6082.6,active,2025-10-06T00:26:28
8614,4511,US2570612249530,checking,USD,2079.05,closed,2025-06-30T02:04:07
8615,4512,UA4649616985346,savings,UAH,730522.87,active,2025-12-16T22:29:56
8616,4512,UA4361746754478,checking,UAH,291837.08,active,2026-01-06T17:10:30
8617,4512,UA8437617145782,savings,UAH,551843.37,frozen,2026-03-31T12:08:14
8618,4513,DE8220401879517,checking,EUR,302.15,frozen,2024-06-06T06:10:13
8619,4514,US4530838649447,checking,USD,2276.79,active,2023-08-26T19:22:29
8620,4514,US6968759374960,savings,USD,40955.49,frozen,2025-01-25T12:43:23
8621,4515,CA5071476466629,checking,CAD,4237.96,active,2025-10-14T14:00:36
8622,4515,CA8758165574113,savings,CAD,15342.34,frozen,2025-12-31T16:28:22
8623,4516,SE9000030497327,savings,SEK,6739.12,frozen,2026-01-29T03:34:12
8624,4516,SE6719478371370,checking,SEK,5219.74,active,2025-04-06T04:16:01
8625,4516,SE5086534917074,checking,SEK,1461.65,active,2025-01-27T02:28:33
8626,4517,CA9992369364559,savings,CAD,34102.19,active,2026-02-21T22:28:39
8627,4517,CA6623238327104,savings,CAD,18.55,active,2025-08-04T05:40:57
8628,4518,AE8302870892883,credit,AED,-1760.7,frozen,2025-11-30T10:05:49
8629,4518,AE6397996322693,checking,AED,6949.87,active,2026-04-18T20:56:51
8630,4518,AE7877598086216,checking,AED,5903.05,closed,2025-01-31T17:52:11
8631,4519,SE3269804046717,checking,SEK,1003.29,active,2026-03-17T16:21:51
8632,4519,SE6966435743125,savings,SEK,23388.8,active,2026-01-16T08:15:40
8633,4519,SE3420599152881,savings,SEK,5305.93,active,2025-11-30T08:35:20
8634,4520,CA8188173155878,savings,CAD,25205.96,active,2024-10-14T21:07:56
8635,4520,CA7602246255067,credit,CAD,-1636.45,active,2025-01-29T12:55:09
8636,4520,CA5265691453744,credit,CAD,-1450.93,active,2024-01-30T07:48:03
8637,4521,AU2243633789346,checking,AUD,576.45,active,2024-03-15T10:07:50
8638,4522,GB4360884663989,checking,GBP,5765.15,active,2023-11-16T23:11:57
8639,4522,GB3236887360442,credit,GBP,-2424.22,closed,2024-06-13T20:41:05
8640,4523,JP6357473372550,checking,JPY,190129.45,active,2024-07-25T06:05:29
8641,4524,US3239283663727,checking,USD,7837.13,active,2025-07-07T11:44:30
8642,4524,US7267652330223,checking,USD,4304.79,active,2024-10-21T22:53:04
8643,4524,US2737775765951,checking,USD,2007.27,frozen,2024-10-06T05:35:51
8644,4525,ES9775755389916,checking,EUR,1632.96,active,2026-03-19T00:50:16
8645,4526,GB1046679539050,savings,GBP,38607.19,closed,2025-11-09T00:25:43
8646,4527,TR7799569677759,checking,TRY,226505.81,active,2023-04-21T03:37:40
8647,4527,TR2739743578669,checking,TRY,108729.65,frozen,2026-04-01T23:43:04
8648,4528,US9391701590648,checking,USD,3596.32,active,2025-06-02T09:00:12
8649,4528,US3370458446529,savings,USD,36141.71,closed,2026-04-22T16:11:14
8650,4529,JP4786094612187,checking,JPY,509033.73,active,2021-11-30T00:43:19
8651,4530,AE4107276850321,credit,AED,-482.67,frozen,2025-12-31T01:23:25
8652,4530,AE5862565159236,savings,AED,28523.32,closed,2026-05-11T21:40:16
8653,4531,FR6039406450463,checking,EUR,7951.12,active,2025-11-27T08:22:44
8654,4531,FR4976940277161,savings,EUR,8845.39,active,2023-10-04T19:14:29
8655,4532,PL9444798294343,savings,PLN,26627.6,active,2025-07-02T06:23:42
8656,4533,BR9701551329717,checking,BRL,1085.88,active,2025-04-11T15:18:05
8657,4533,BR9798571921019,credit,BRL,-16676.77,active,2024-11-10T18:08:56
8658,4533,BR1930654967236,checking,BRL,16580.55,active,2026-02-05T11:01:55
8659,4534,BR5751305498282,checking,BRL,31773.38,frozen,2025-12-05T16:48:00
8660,4534,BR6062880088570,checking,BRL,15272.54,active,2025-11-29T00:39:19
8661,4534,BR8193587617653,savings,BRL,161272.33,active,2026-02-15T12:54:48
8662,4534,BR5072284280318,checking,BRL,30481.14,closed,2026-05-01T01:17:06
8663,4535,SE9728484077941,checking,SEK,2729.45,frozen,2023-03-17T12:39:24
8664,4536,DE7708842958459,checking,EUR,777.4,active,2026-05-04T06:11:06
8665,4536,DE6817874728211,savings,EUR,1286.27,active,2025-08-20T15:25:52
8666,4537,GB8049518192857,savings,GBP,62.97,active,2025-04-12T15:05:51
8667,4538,BR7915832336767,checking,BRL,30071.5,active,2023-09-04T09:02:45
8668,4539,GB2196803975022,checking,GBP,3546.71,active,2026-01-22T09:45:17
8669,4540,ES4468960345385,checking,EUR,511.05,frozen,2026-04-17T02:13:05
8670,4540,ES5779925286165,checking,EUR,786.97,active,2026-02-03T10:52:17
8671,4541,PT3932353387202,checking,EUR,600.95,active,2025-09-12T17:26:10
8672,4541,PT2211970625363,checking,EUR,7864.62,closed,2025-03-13T16:59:23
8673,4542,US6228612785596,checking,USD,7887.59,closed,2023-06-05T03:22:44
8674,4543,SE7777845591750,checking,SEK,1899.94,active,2024-09-20T05:04:53
8675,4543,SE4701116896790,checking,SEK,6797.94,frozen,2026-05-14T07:47:26
8676,4544,SG3903792411139,checking,SGD,4084.13,closed,2024-07-28T03:58:52
8677,4544,SG1898473641351,savings,SGD,33467.73,active,2025-11-04T18:07:49
8678,4544,SG2053979320058,savings,SGD,15895.16,active,2024-09-13T04:59:55
8679,4544,SG3917000417632,checking,SGD,2241.76,active,2024-07-15T09:44:04
8680,4545,US5997058359807,checking,USD,365.09,active,2026-05-05T13:10:26
8681,4545,US1955451185200,checking,USD,7130.83,active,2026-05-14T08:52:27
8682,4545,US5181185289819,checking,USD,293.48,active,2026-05-09T11:24:06
8683,4545,US2918049589115,checking,USD,958.46,active,2026-05-08T14:32:44
8684,4546,PL9135750187800,checking,PLN,6867.54,closed,2025-01-27T19:23:14
8685,4546,PL2651800674027,checking,PLN,989.73,active,2024-12-07T05:58:08
8686,4547,US7240638220030,credit,USD,-339.52,active,2025-10-18T02:21:12
8687,4547,US2216635779528,savings,USD,39690.29,active,2026-03-22T10:30:00
8688,4547,US9317394793105,checking,USD,4160.65,active,2025-03-06T04:42:12
8689,4548,AU5729386249778,savings,AUD,20986.96,frozen,2023-10-21T08:01:04
8690,4548,AU3239825176351,savings,AUD,26.91,closed,2025-09-25T02:40:55
8691,4549,FR2182938725580,checking,EUR,2278.91,active,2024-12-23T16:57:46
8692,4550,BR9273818242401,savings,BRL,202254.37,active,2025-03-17T01:40:11
8693,4550,BR3555900158751,checking,BRL,17429.47,frozen,2026-02-05T12:39:17
8694,4551,US8245209473072,checking,USD,2421.46,active,2026-04-25T10:39:25
8695,4552,US4167575929498,savings,USD,7288.44,active,2024-06-20T05:23:51
8696,4553,IN7555380796207,checking,INR,479539.98,frozen,2024-01-21T08:08:01
8697,4554,PL4390403569546,checking,PLN,5560.63,frozen,2023-12-23T23:07:43
8698,4555,CN1115908658720,credit,CNY,-561.38,active,2025-08-24T09:17:03
8699,4556,CA9281824762972,checking,CAD,4360.6,active,2025-03-12T09:17:02
8700,4556,CA7890891186011,checking,CAD,7409.49,active,2025-05-21T13:15:43
8701,4556,CA9638245877243,savings,CAD,28559.78,active,2025-06-07T09:26:02
8702,4557,DK8509239886064,credit,DKK,-4094.4,frozen,2025-01-23T07:49:32
8703,4558,FR3714378946633,savings,EUR,10236.9,active,2026-01-02T03:46:03
8704,4558,FR2199350786773,credit,EUR,-4063.99,active,2026-04-04T08:49:37
8705,4558,FR7122266086957,checking,EUR,5185.25,active,2026-01-08T04:50:44
8706,4559,MX8844903813498,savings,MXN,148621.46,active,2025-06-03T05:37:48
8707,4559,MX5651076327231,savings,MXN,744.73,frozen,2024-12-15T05:58:20
8708,4560,BE6307754422618,checking,EUR,1498.34,active,2024-07-18T08:12:12
8709,4560,BE7530848634734,checking,EUR,3482.42,active,2026-03-14T12:04:07
8710,4560,BE3988461895763,checking,EUR,1855.22,active,2025-09-14T03:44:57
8711,4561,US8793361588013,savings,USD,35796.11,closed,2026-05-03T22:30:25
8712,4562,US6626369893179,checking,USD,7285.03,active,2025-06-13T14:44:17
8713,4562,US2093752459214,checking,USD,333.14,frozen,2025-10-29T07:48:14
8714,4563,US8137818243295,savings,USD,29607.38,active,2025-10-06T10:09:36
8715,4563,US4174007628489,checking,USD,5886.88,active,2024-01-13T07:44:30
8716,4564,BR7923565268757,checking,BRL,1115.04,active,2025-07-20T12:54:40
8717,4565,DE7472324374704,checking,EUR,322.79,active,2025-12-21T09:45:49
8718,4565,DE4384823315749,credit,EUR,-3272.96,closed,2024-08-18T08:47:30
8719,4565,DE3776445915175,checking,EUR,3874.69,frozen,2025-10-20T05:52:15
8720,4565,DE8116111514104,savings,EUR,20918.64,active,2023-08-03T13:38:37
8721,4566,DK2668864015356,checking,DKK,3040.53,closed,2024-09-02T03:20:08
8722,4567,ZA3565218393946,checking,ZAR,2232.96,frozen,2026-04-30T22:36:34
8723,4568,AU8316998032078,savings,AUD,25587.02,active,2025-05-22T10:56:31
8724,4568,AU5164480648028,checking,AUD,6501.75,active,2026-02-15T23:41:33
8725,4569,BE4472296297654,checking,EUR,3724.4,active,2026-05-14T13:46:28
8726,4569,BE6754959754711,checking,EUR,3820.77,closed,2026-02-24T05:24:39
8727,4570,JP5652172421269,savings,JPY,1039191.03,frozen,2025-01-19T01:00:06
8728,4571,US5828483880525,checking,USD,1852.08,frozen,2025-08-01T17:25:32
8729,4571,US9160188137643,checking,USD,2193.83,active,2024-12-04T01:32:25
8730,4572,KR5398676641747,credit,KRW,-68587.13,active,2026-02-26T00:07:39
8731,4573,ZA2455214490005,checking,ZAR,2975.45,active,2025-07-27T00:05:06
8732,4573,ZA3709218595578,checking,ZAR,7338.68,active,2025-04-07T19:11:39
8733,4574,FI9093935968447,savings,EUR,14930.89,active,2026-04-23T13:49:33
8734,4574,FI9979538683083,checking,EUR,5131.45,frozen,2026-05-04T21:56:33
8735,4575,GB9790809365724,credit,GBP,-275.1,active,2023-03-04T12:16:53
8736,4575,GB4820835779671,checking,GBP,2002.4,active,2024-01-04T04:53:40
8737,4575,GB6903899932641,savings,GBP,10569.71,closed,2022-06-01T17:31:47
8738,4576,US7472752323496,savings,USD,39432.23,active,2025-05-10T05:10:43
8739,4576,US8817691670753,checking,USD,4744.06,active,2025-12-23T04:52:27
8740,4577,JP4239589072508,checking,JPY,108196.13,active,2025-02-15T12:13:19
8741,4578,IT1289545867665,checking,EUR,5015.05,active,2026-01-22T19:00:39
8742,4579,UA1549729027051,savings,UAH,305715.07,frozen,2024-05-06T22:19:09
8743,4579,UA5242057783226,savings,UAH,292482.7,active,2026-03-08T06:23:43
8744,4580,JP7641942854465,checking,JPY,1034440.29,active,2026-03-04T09:08:19
8745,4580,JP2972943068844,checking,JPY,20486.85,active,2026-05-01T06:46:50
8746,4580,JP9617668748755,checking,JPY,739533.42,active,2024-04-29T00:56:40
8747,4581,SG5087641210212,checking,SGD,1421.6,closed,2026-01-16T03:23:38
8748,4582,CA4277257652473,checking,CAD,748.09,active,2023-05-12T04:24:57
8749,4582,CA9588120374105,savings,CAD,34588.24,frozen,2022-06-03T12:35:40
8750,4582,CA7145668321366,checking,CAD,7387.17,active,2022-06-28T10:36:37
8751,4582,CA9334742253602,checking,CAD,2106.35,active,2022-05-15T06:25:30
8752,4583,IN5346353758943,savings,INR,1020137.5,active,2025-09-26T16:03:10
8753,4584,GB3304787188251,savings,GBP,30388.32,frozen,2025-04-25T16:07:13
8754,4584,GB8703371094235,checking,GBP,1841.29,closed,2026-03-30T16:45:41
8755,4585,CA8624997749074,savings,CAD,29448.2,active,2023-12-30T15:56:22
8756,4585,CA6265246074412,checking,CAD,2601,active,2024-09-06T08:42:14
8757,4586,BR8510203855231,checking,BRL,35745.75,active,2025-08-16T12:37:45
8758,4586,BR5445338777877,checking,BRL,25237.35,active,2025-10-03T23:40:27
8759,4587,PL3948830534917,checking,PLN,3162.05,active,2026-01-22T11:55:58
8760,4587,PL5818553720760,checking,PLN,6414.45,active,2026-01-19T12:45:53
8761,4587,PL4852621497665,checking,PLN,4512.86,frozen,2026-05-05T15:08:01
8762,4587,PL9743598622029,credit,PLN,-567.42,active,2026-03-06T01:06:13
8763,4588,NL6819333374517,credit,EUR,-4974.46,closed,2026-01-02T19:49:17
8764,4588,NL6562258096299,checking,EUR,6339.56,active,2025-12-16T07:33:20
8765,4589,GB2717541522663,checking,GBP,3283.19,active,2026-01-20T12:27:55
8766,4589,GB3584045315950,savings,GBP,25128.59,closed,2021-06-28T23:23:24
8767,4589,GB4487806893410,savings,GBP,22462.5,frozen,2024-07-09T04:10:23
8768,4590,AU3902436712841,savings,AUD,29855.72,closed,2025-01-05T14:30:19
8769,4590,AU8082211538414,checking,AUD,5079.27,closed,2024-09-02T17:37:27
8770,4591,JP4741860225320,checking,JPY,678130.65,active,2026-03-11T13:21:12
8771,4591,JP2111445687613,checking,JPY,987692.61,active,2025-12-10T05:31:05
8772,4592,NL9068896472338,checking,EUR,7161.92,closed,2025-08-10T20:19:45
8773,4593,DE5378362539926,savings,EUR,14823.81,active,2025-09-17T20:57:33
8774,4594,FR5003844765036,checking,EUR,4780.72,active,2025-11-05T04:36:34
8775,4594,FR9863753526742,checking,EUR,7016.34,active,2025-11-16T23:22:40
8776,4595,JP2798020362107,checking,JPY,23059.88,active,2026-02-17T09:00:29
8777,4595,JP7062622891398,checking,JPY,891466.4,active,2024-11-29T04:17:03
8778,4595,JP4588567967886,savings,JPY,4393770.12,frozen,2025-06-08T11:54:18
8779,4595,JP8888920835487,checking,JPY,2937.74,active,2024-05-30T09:13:46
8780,4596,BR6809636333912,savings,BRL,103839.66,frozen,2022-11-14T14:43:34
8781,4596,BR3880354650163,savings,BRL,30686.44,active,2025-09-01T02:28:23
8782,4596,BR8508126980790,savings,BRL,13599.92,active,2023-11-13T07:43:28
8783,4597,PL3231923948590,credit,PLN,-4880.05,active,2024-04-08T22:07:37
8784,4597,PL2792222083753,checking,PLN,1476.79,closed,2021-10-01T09:04:18
8785,4597,PL6919823658639,savings,PLN,30536.91,active,2025-07-28T20:46:50
8786,4598,CA4185823349155,checking,CAD,4081.86,active,2026-05-07T19:08:31
8787,4599,DE8406357912737,checking,EUR,2914.78,frozen,2025-04-04T03:20:53
8788,4599,DE8129311881054,checking,EUR,5964.67,frozen,2024-12-12T23:08:09
8789,4600,CA7716205743526,checking,CAD,6615.95,active,2026-04-04T09:32:19
8790,4600,CA3605675493540,checking,CAD,498.05,closed,2025-10-12T16:40:55
8791,4600,CA3445508237762,checking,CAD,5507.11,active,2026-05-13T10:19:58
8792,4600,CA1329091318322,checking,CAD,3956.14,active,2026-05-02T05:24:07
8793,4601,US6265563454016,credit,USD,-3800.65,frozen,2026-03-16T04:58:19
8794,4601,US6884555441438,savings,USD,11525.91,active,2025-10-05T09:10:06
8795,4602,IT2107756257393,checking,EUR,543.73,active,2024-10-28T18:41:31
8796,4602,IT5460749067425,checking,EUR,10,frozen,2024-06-04T10:14:21
8797,4602,IT6552062085785,checking,EUR,5813.11,active,2023-05-29T04:51:17
8798,4603,CA7791300728084,checking,CAD,5542.12,active,2026-01-11T17:52:10
8799,4603,CA7484562110550,savings,CAD,3808.2,active,2024-11-22T04:53:25
8800,4604,DE3485249131892,checking,EUR,5541.91,active,2026-04-02T09:08:19
8801,4605,IN2830130790316,savings,INR,1476777.34,frozen,2023-06-05T02:21:54
8802,4606,IT2249191298597,checking,EUR,3737.55,frozen,2026-03-06T04:57:52
8803,4606,IT1301084358467,savings,EUR,22571.67,active,2025-12-01T13:42:14
8804,4607,TR2124120064777,savings,TRY,743153.25,active,2024-09-11T04:47:41
8805,4607,TR3918159370123,checking,TRY,71846.87,active,2025-08-15T21:11:59
8806,4607,TR3004398935838,credit,TRY,-57092.5,closed,2025-01-08T09:20:27
8807,4608,IN1572439751231,checking,INR,413435.37,active,2025-09-19T03:00:29
8808,4608,IN9694517991885,checking,INR,624095.46,active,2026-02-15T04:53:33
8809,4608,IN3932674986443,checking,INR,353553.93,active,2025-02-28T09:58:00
8810,4609,ZA1133442339126,checking,ZAR,4226.98,frozen,2024-04-05T03:46:35
8811,4610,FR8238888389699,checking,EUR,5977.65,active,2025-01-11T05:31:35
8812,4611,IN2993929552867,savings,INR,2031962.37,frozen,2025-11-17T13:51:29
8813,4611,IN3666981058586,savings,INR,2913455.22,closed,2023-05-07T20:22:12
8814,4612,PL3859581998177,credit,PLN,-4710.28,active,2024-12-28T04:47:41
8815,4613,IN4558553210700,checking,INR,227682.86,frozen,2025-11-07T18:45:31
8816,4613,IN6451491011746,checking,INR,146794.15,active,2026-05-02T21:32:37
8817,4614,PT7306634580453,savings,EUR,20611.4,active,2022-09-01T19:36:35
8818,4614,PT3848370466644,checking,EUR,3524.89,frozen,2022-05-28T02:31:42
8819,4615,IN7572102182442,credit,INR,-343002.55,active,2026-03-31T15:06:19
8820,4615,IN4074701355765,checking,INR,479273.02,active,2025-06-24T11:07:09
8821,4616,US6321332824486,checking,USD,5135.07,active,2024-06-04T03:13:04
8822,4617,BR2486526532592,checking,BRL,16381.29,frozen,2025-06-12T12:24:17
8823,4618,NO1362357932667,checking,NOK,5971.14,active,2025-06-27T11:09:05
8824,4619,AU5718554548877,checking,AUD,2611.98,active,2026-01-04T18:44:37
8825,4619,AU5815201054787,checking,AUD,456.08,frozen,2025-03-16T21:33:15
8826,4620,PT5228351142522,credit,EUR,-1668.5,active,2025-05-13T11:41:38
8827,4620,PT6034212750379,checking,EUR,4914.91,active,2025-11-07T03:02:15
8828,4621,ES4731146219374,checking,EUR,1845.53,frozen,2023-12-28T14:32:06
8829,4622,DE6470332896567,checking,EUR,4225.52,closed,2026-01-16T03:44:48
8830,4622,DE2331413836189,checking,EUR,7066.8,active,2025-12-12T09:55:54
8831,4623,ES5156387623044,checking,EUR,5439.13,closed,2023-02-19T00:18:23
8832,4623,ES2045309556585,savings,EUR,6018.1,active,2022-12-09T12:12:05
8833,4624,SG1745367981534,credit,SGD,-1602.58,frozen,2026-03-29T13:57:43
8834,4624,SG3324894497898,savings,SGD,22313.56,closed,2024-10-23T02:55:58
8835,4625,ES1378507629127,checking,EUR,1914.17,closed,2026-01-06T02:31:01
8836,4626,AU7718816747810,checking,AUD,7769.41,active,2026-01-24T22:23:56
8837,4627,IT3537057692350,savings,EUR,5678.96,active,2026-02-12T23:29:13
8838,4627,IT9003746082369,checking,EUR,6083.1,active,2023-05-24T00:59:29
8839,4627,IT6244597353373,savings,EUR,24005.83,active,2023-01-15T15:54:42
8840,4627,IT1337559970656,savings,EUR,39628.4,active,2024-06-05T19:24:04
8841,4628,SE1015425859095,checking,SEK,3308.94,active,2025-09-12T03:03:08
8842,4628,SE6522614559160,checking,SEK,7154.1,active,2025-04-23T18:41:22
8843,4628,SE2061025648505,savings,SEK,37414.7,active,2024-02-21T14:55:41
8844,4629,IT9430760297434,checking,EUR,1417.51,active,2025-01-19T01:54:01
8845,4629,IT7038086679524,checking,EUR,7674.14,frozen,2021-11-26T07:30:36
8846,4629,IT4650136049365,savings,EUR,3445.59,active,2023-10-29T21:46:00
8847,4630,CA4385449139694,checking,CAD,2431.45,active,2026-01-23T00:51:15
8848,4631,NL3515362352104,checking,EUR,3633.33,active,2025-03-30T03:42:01
8849,4631,NL1413026196983,checking,EUR,28.01,frozen,2025-12-03T05:06:27
8850,4632,GB4567703485387,checking,GBP,4112.85,active,2025-04-08T16:42:41
8851,4632,GB9359291688354,checking,GBP,694.56,active,2024-08-29T18:01:20
8852,4632,GB8759676492896,savings,GBP,67.03,active,2023-07-16T13:18:12
8853,4633,BR8554130950607,checking,BRL,32176.29,active,2025-08-25T23:32:08
8854,4633,BR6881192938844,savings,BRL,21.02,active,2025-06-14T17:14:40
8855,4633,BR9437361050787,checking,BRL,23388.88,active,2024-11-17T19:12:05
8856,4634,DE8235352385157,savings,EUR,4694.41,active,2025-09-09T21:07:04
8857,4635,ES4962369774514,credit,EUR,-1841.58,closed,2025-05-21T20:27:00
8858,4636,DK1300284273431,checking,DKK,72.15,active,2025-02-06T00:38:07
8859,4637,NL4299994862101,checking,EUR,2496.95,closed,2023-08-04T20:46:14
8860,4638,US1744424158574,checking,USD,6408.57,closed,2025-10-05T14:15:20
8861,4638,US7026024524300,savings,USD,16361.02,active,2024-01-10T17:23:50
8862,4639,DE7389977814970,credit,EUR,-1289.98,active,2024-09-20T03:58:08
8863,4639,DE8583439027698,savings,EUR,17894.9,active,2024-12-10T04:47:32
8864,4640,SE8877807330837,checking,SEK,466.66,closed,2025-04-16T07:24:22
8865,4640,SE2292537160595,credit,SEK,-1462.55,active,2024-01-20T17:49:39
8866,4641,IE9914539838526,credit,EUR,-4502.91,active,2026-05-09T09:33:45
8867,4641,IE6226074674791,checking,EUR,2046.16,closed,2026-04-30T08:30:19
8868,4642,AU2870857590880,checking,AUD,2947.75,frozen,2024-10-10T15:20:54
8869,4642,AU4337298067012,checking,AUD,613.68,closed,2025-02-02T12:16:11
8870,4642,AU2506674122185,savings,AUD,38908.49,active,2026-04-01T04:53:41
8871,4643,IN2365061061655,checking,INR,536050.81,active,2025-04-08T04:04:11
8872,4643,IN8429742493785,checking,INR,77012.94,frozen,2024-04-21T01:35:18
8873,4644,GB3954430237837,checking,GBP,2453.34,active,2026-05-10T11:52:58
8874,4644,GB6342264487323,savings,GBP,4071.19,active,2026-05-13T06:10:09
8875,4645,US7278430662435,checking,USD,4731.25,active,2026-04-04T00:49:06
8876,4645,US5415557985766,checking,USD,5341.11,active,2026-04-06T22:08:53
8877,4645,US8949987815640,checking,USD,7928.72,closed,2026-02-10T10:13:41
8878,4646,JP3596851175118,checking,JPY,142857.09,active,2025-04-20T13:41:09
8879,4646,JP2882262096586,checking,JPY,798796.94,frozen,2025-05-28T13:38:18
8880,4646,JP4631285087252,savings,JPY,146500.35,closed,2025-09-28T08:15:00
8881,4647,SE2988546019102,checking,SEK,4510.55,active,2023-11-26T15:04:52
8882,4648,US7315416451250,checking,USD,2111.99,active,2024-11-07T10:05:15
8883,4648,US9756688082962,checking,USD,7805.06,active,2025-02-12T01:15:00
8884,4649,DE2636046222342,savings,EUR,31823.29,active,2024-08-01T03:54:14
8885,4650,UA8831472420120,credit,UAH,-100833.33,active,2025-09-15T00:59:54
8886,4650,UA9953633744630,credit,UAH,-68496.4,active,2025-12-12T03:09:36
8887,4651,DE5966730468267,credit,EUR,-12.34,active,2025-08-20T13:01:58
8888,4651,DE9351928136105,checking,EUR,6043.34,active,2025-06-04T06:00:14
8889,4652,FR3809131977789,credit,EUR,-3048.59,active,2024-10-19T15:46:02
8890,4652,FR6918433181268,checking,EUR,1237.8,active,2025-01-06T20:37:31
8891,4652,FR6434867441943,checking,EUR,1587.93,active,2026-02-25T01:11:34
8892,4653,JP6381998550869,checking,JPY,12976.52,active,2023-09-28T18:37:37
8893,4654,IE7390053137331,savings,EUR,18249.42,active,2025-02-24T06:18:43
8894,4654,IE6142727032388,savings,EUR,1311.27,active,2023-02-24T23:37:03
8895,4655,GB9803930469609,checking,GBP,2915.9,active,2024-07-30T23:20:53
8896,4655,GB5113056390004,checking,GBP,2954.53,active,2024-08-12T07:52:07
8897,4656,US7821248881072,savings,USD,73,active,2023-10-17T13:27:17
8898,4656,US9467691542353,checking,USD,1044.19,active,2024-01-21T12:45:19
8899,4657,US4398715550580,checking,USD,1769.05,active,2026-04-08T20:54:46
8900,4658,US5950681968531,checking,USD,6053.31,closed,2025-01-15T16:32:22
8901,4658,US3652923238601,savings,USD,18201.21,closed,2025-06-16T08:29:19
8902,4659,JP4397793689483,checking,JPY,436592.87,closed,2024-10-12T07:34:02
8903,4660,GB2830150874871,credit,GBP,-3866.44,closed,2024-03-12T10:25:14
8904,4660,GB3214586779226,savings,GBP,9117.11,frozen,2025-03-11T13:02:21
8905,4661,ZA3369151967896,checking,ZAR,3442.7,active,2026-03-14T08:07:31
8906,4661,ZA4754218956368,checking,ZAR,2342.87,active,2026-04-10T19:07:34
8907,4662,US8971145794716,savings,USD,34.98,frozen,2025-08-09T10:58:15
8908,4663,CA3833696135230,checking,CAD,4892.61,active,2024-07-09T19:46:15
8909,4664,US6709600847108,savings,USD,22062.83,active,2023-03-08T21:56:03
8910,4665,NL2335703114192,savings,EUR,26035.24,frozen,2021-12-17T20:01:27
8911,4666,AU9501785246160,savings,AUD,5247.55,closed,2026-04-26T19:21:39
8912,4666,AU4457659394603,checking,AUD,3367.69,closed,2026-01-08T22:27:22
8913,4666,AU4262054192144,checking,AUD,3951.97,active,2026-04-18T05:07:26
8914,4666,AU3193768967940,checking,AUD,5892.51,active,2026-03-24T13:11:31
8915,4667,DE2023035183290,checking,EUR,7626.49,active,2024-01-15T01:42:11
8916,4668,CA2649591060405,savings,CAD,30112.91,frozen,2025-09-07T19:22:51
8917,4669,CA2273025088915,checking,CAD,6584.89,frozen,2026-02-22T05:33:54
8918,4669,CA2143101451244,checking,CAD,5941.94,active,2026-04-08T17:54:04
8919,4669,CA5266162194787,checking,CAD,4763.87,active,2026-03-20T07:25:50
8920,4669,CA7230925815494,checking,CAD,4552.45,active,2026-03-13T19:31:42
8921,4670,SE8068487099543,checking,SEK,4222.97,active,2024-06-21T11:41:41
8922,4670,SE2796320064538,checking,SEK,6810.54,frozen,2025-02-18T15:47:56
8923,4670,SE9634590788070,savings,SEK,24565.8,active,2025-02-08T03:46:27
8924,4671,DE4362644596958,savings,EUR,20595.99,closed,2025-12-09T17:38:05
8925,4671,DE3737239862082,savings,EUR,9.25,active,2025-12-16T06:19:51
8926,4672,US1234521631091,savings,USD,18645.17,closed,2025-05-21T06:14:08
8927,4673,DE8980871218938,checking,EUR,6390.27,active,2024-07-18T15:10:07
8928,4673,DE7294964896277,savings,EUR,28717.26,active,2025-04-07T23:13:55
8929,4673,DE3482427613738,checking,EUR,4933.41,active,2024-12-12T05:23:05
8930,4673,DE8749446113111,savings,EUR,32531.33,active,2025-05-20T01:02:08
8931,4674,BR3229665645599,savings,BRL,106451.22,closed,2025-12-24T15:15:58
8932,4674,BR1730651917914,checking,BRL,12025.09,active,2025-08-09T00:41:36
8933,4675,GB7302838573578,checking,GBP,7638.33,closed,2026-03-29T09:28:23
8934,4675,GB9385208374744,checking,GBP,3370.69,frozen,2026-02-08T11:41:26
8935,4675,GB2151281021957,checking,GBP,5743.28,active,2026-03-18T02:55:49
8936,4676,JP5443606268086,checking,JPY,674960.62,closed,2026-03-25T02:53:09
8937,4676,JP3618869279017,checking,JPY,491128.65,active,2025-04-26T21:58:16
8938,4677,BR9160984530167,checking,BRL,13811.8,active,2024-09-06T01:42:45
8939,4677,BR8171703274419,checking,BRL,30717.73,active,2024-08-14T21:37:30
8940,4677,BR6431625095276,checking,BRL,35236.79,active,2026-05-03T22:58:41
8941,4677,BR5676751614154,savings,BRL,403.47,active,2026-02-02T09:09:43
8942,4678,US6739600433756,checking,USD,7479.07,frozen,2026-02-09T01:10:58
8943,4678,US2665652698026,savings,USD,40696.49,active,2025-04-08T09:21:22
8944,4679,PL6472972970062,savings,PLN,37351.89,active,2025-11-28T15:08:54
8945,4679,PL5292203815376,savings,PLN,7841.18,closed,2022-10-03T06:37:01
8946,4680,GB9021133235303,savings,GBP,23.83,active,2023-12-05T04:19:33
8947,4680,GB4221358977340,checking,GBP,6251.17,frozen,2025-01-09T13:39:18
8948,4680,GB9748074567506,checking,GBP,3075.69,frozen,2024-03-10T08:44:38
8949,4681,AE7626958767433,credit,AED,-2331.02,active,2023-09-22T05:59:34
8950,4681,AE4885436367250,checking,AED,3744.64,active,2025-02-17T15:25:28
8951,4681,AE4798903284285,checking,AED,5685.87,active,2024-12-30T19:20:35
8952,4682,CA2769233552621,savings,CAD,14159.69,active,2025-10-15T04:58:37
8953,4682,CA3259463540640,savings,CAD,7939.05,active,2025-03-17T12:04:07
8954,4682,CA3845734747951,checking,CAD,406.09,active,2025-04-09T10:47:38
8955,4683,TR7440888710051,checking,TRY,80939.78,active,2025-08-15T13:57:43
8956,4684,CH5532035879887,checking,CHF,2927.46,active,2026-05-16T13:28:20
8957,4684,CH7473784279389,checking,CHF,4032.54,active,2026-04-15T21:44:25
8958,4684,CH5296615377826,checking,CHF,6178.13,closed,2026-03-21T10:20:37
8959,4684,CH7438836593858,savings,CHF,27164.33,active,2026-04-10T06:27:09
8960,4685,US8068463420294,savings,USD,22038.36,frozen,2026-05-01T16:02:47
8961,4685,US3500466977811,savings,USD,38364.3,frozen,2025-08-11T23:10:15
8962,4686,SE8651897996624,savings,SEK,38051.54,frozen,2024-05-14T03:22:14
8963,4686,SE1964356981842,checking,SEK,4857,active,2024-09-07T08:14:49
8964,4686,SE7658833923747,credit,SEK,-1206.1,frozen,2025-05-01T02:47:58
8965,4687,JP6296670137178,checking,JPY,197686.36,active,2025-03-15T01:12:59
8966,4688,US5786020315977,checking,USD,707.6,frozen,2026-01-20T13:24:47
8967,4689,BR3690508864578,checking,BRL,5602.2,frozen,2025-07-29T20:37:53
8968,4689,BR8472523218859,credit,BRL,-20789.31,frozen,2025-09-25T15:06:15
8969,4689,BR4734846649622,savings,BRL,127778.1,active,2025-06-22T23:39:58
8970,4690,ES4455137976333,credit,EUR,-3249.68,active,2025-02-15T18:57:27
8971,4691,CA9465272384039,savings,CAD,84.75,active,2025-10-08T22:47:21
8972,4691,CA1972659074686,checking,CAD,7255.79,active,2024-03-08T14:47:15
8973,4692,NL9264618554742,savings,EUR,44,active,2022-10-03T11:24:44
8974,4692,NL2174664626649,checking,EUR,2780.06,active,2026-03-31T22:18:00
8975,4693,ZA9889656861312,checking,ZAR,5209.03,frozen,2023-12-01T04:18:34
8976,4693,ZA7536773262699,savings,ZAR,25330.36,active,2023-09-02T23:33:22
8977,4693,ZA2914301042641,savings,ZAR,40405.98,frozen,2023-12-08T21:10:42
8978,4693,ZA7764364048583,checking,ZAR,900.68,active,2026-03-12T22:19:11
8979,4694,GB8962660566693,savings,GBP,6938.98,active,2026-03-19T05:26:46
8980,4694,GB8649658285691,checking,GBP,223.83,active,2025-01-07T23:29:25
8981,4694,GB5154906622134,checking,GBP,7329.3,active,2025-12-18T10:57:04
8982,4695,US6790439475444,checking,USD,6601.43,active,2024-08-28T17:53:11
8983,4696,ES5492638176977,checking,EUR,6815.99,active,2024-06-14T00:20:50
8984,4696,ES6179370827438,savings,EUR,21267.58,active,2025-12-20T00:49:05
8985,4696,ES1520250540322,checking,EUR,3929.91,active,2024-11-12T02:29:06
8986,4697,FR2290579779070,checking,EUR,3355.1,active,2025-05-07T11:55:35
8987,4697,FR2365798590075,savings,EUR,20205.84,frozen,2025-10-07T07:05:42
8988,4697,FR7311503399287,checking,EUR,876.63,frozen,2025-06-10T22:47:05
8989,4698,FR5917165590225,savings,EUR,6353.84,frozen,2023-11-09T02:32:26
8990,4698,FR3160157946789,savings,EUR,9627.9,active,2025-03-07T18:11:06
8991,4699,CA5984679471928,checking,CAD,4478.85,active,2025-07-08T01:41:11
8992,4699,CA8873772947420,savings,CAD,18663.91,closed,2025-08-15T06:36:47
8993,4700,UA9350023777178,savings,UAH,640917.15,active,2026-04-19T11:46:49
8994,4700,UA1898912583424,savings,UAH,257073.7,frozen,2026-04-27T22:35:02
8995,4700,UA9698912419004,savings,UAH,644.73,frozen,2026-03-16T05:38:04
8996,4701,IN6322410489887,savings,INR,1035187.8,active,2022-12-14T09:38:41
8997,4701,IN8989327450034,checking,INR,36749.76,frozen,2023-03-19T16:35:35
8998,4702,CN7882883747336,checking,CNY,4192.68,frozen,2025-02-28T05:47:05
8999,4703,DE5684887325254,checking,EUR,1366.7,frozen,2025-07-07T12:00:39
9000,4703,DE5859891850842,savings,EUR,29582.01,active,2022-04-09T16:49:10
9001,4704,UA9271352870691,credit,UAH,-42140.95,active,2022-08-18T18:00:12
9002,4705,CA5200051288971,savings,CAD,10513.92,active,2026-03-06T12:00:41
9003,4705,CA7780303566426,savings,CAD,8294.13,active,2025-11-24T16:15:00
9004,4705,CA9992858366561,checking,CAD,4116.31,active,2026-01-06T19:01:54
9005,4705,CA1716357155204,checking,CAD,5068.54,active,2025-11-16T22:12:01
9006,4706,JP8925577335707,savings,JPY,1744529.23,closed,2026-04-22T11:25:33
9007,4706,JP3026754369865,checking,JPY,928363.63,active,2026-03-09T20:35:36
9008,4706,JP3712878649621,checking,JPY,66837.91,frozen,2026-05-11T21:44:05
9009,4707,DE6563440183744,checking,EUR,4713.75,active,2024-02-13T23:31:09
9010,4707,DE5222486951742,checking,EUR,1655.43,frozen,2024-10-16T20:45:20
9011,4707,DE7280933098546,checking,EUR,4185.94,active,2024-11-17T14:04:54
9012,4708,ES8688272731430,checking,EUR,5677.57,active,2025-04-10T15:42:28
9013,4709,MX9272862813929,savings,MXN,265677.45,active,2024-01-01T21:38:28
9014,4709,MX1780310024618,savings,MXN,855.07,active,2024-03-19T04:45:39
9015,4709,MX9456896424571,checking,MXN,72737.88,active,2025-04-02T03:00:44
9016,4710,IT8159807963187,checking,EUR,610,active,2022-08-25T17:58:42
9017,4710,IT9217642386260,checking,EUR,5108.09,active,2024-09-13T10:43:50
9018,4711,DE6199499681968,checking,EUR,7553.63,active,2023-11-24T04:10:12
9019,4711,DE2869094827949,checking,EUR,3940.75,active,2024-11-23T15:37:15
9020,4712,US3457035757110,checking,USD,4967.8,active,2021-12-12T17:28:23
9021,4713,DE1918059422962,savings,EUR,21810.73,closed,2025-05-21T16:58:49
9022,4714,CN8251157718131,savings,CNY,36528.29,closed,2026-01-02T12:53:07
9023,4715,US7367600881620,checking,USD,2499.12,active,2026-04-22T20:09:12
9024,4716,FR1959349892905,savings,EUR,25057.48,active,2024-05-18T22:38:58
9025,4716,FR6951938271369,checking,EUR,64.81,closed,2025-06-03T12:01:46
9026,4717,BR8629839349621,checking,BRL,37768.3,active,2026-05-08T12:08:32
9027,4718,US2347115873813,checking,USD,3856.56,active,2024-10-30T22:49:02
9028,4718,US5029865895844,savings,USD,6464.47,closed,2025-10-31T05:11:59
9029,4719,NL2928092978620,savings,EUR,37638.53,active,2025-01-15T03:38:48
9030,4719,NL2923773643838,savings,EUR,1235.59,active,2024-10-10T16:10:30
9031,4720,AE1096300190851,checking,AED,4508.9,active,2026-05-09T03:51:32
9032,4721,US5903771530114,checking,USD,1509.64,active,2025-10-24T13:13:02
9033,4722,MX7583540166475,credit,MXN,-21473.52,active,2025-03-12T08:52:22
9034,4722,MX8011880852247,savings,MXN,1375.73,closed,2023-01-02T05:21:15
9035,4722,MX1636946823514,checking,MXN,60134.41,active,2025-09-02T21:54:42
9036,4723,AE7143098628877,savings,AED,31012.01,active,2023-03-29T22:41:21
9037,4723,AE4049222863629,checking,AED,911.06,closed,2023-05-12T11:58:54
9038,4723,AE2011620237816,savings,AED,18963.89,active,2022-07-06T23:52:12
9039,4723,AE6552749576342,checking,AED,2223.49,active,2023-05-30T01:44:58
9040,4724,US3034520146731,checking,USD,3104.72,frozen,2023-04-10T13:16:12
9041,4724,US5682980125538,savings,USD,40607.9,frozen,2024-09-25T00:33:08
9042,4724,US3239475415439,checking,USD,7122.9,active,2026-01-06T06:52:18
9043,4724,US2981293552696,checking,USD,5467.66,active,2024-10-07T04:12:34
9044,4725,DE9158068435007,checking,EUR,5860.28,active,2024-11-20T04:41:44
9045,4725,DE8249489817577,savings,EUR,14196.65,active,2025-06-24T05:28:47
9046,4726,GB9829139334136,savings,GBP,37981.16,active,2025-07-06T12:04:02
9047,4727,GB5405969611599,savings,GBP,6467.93,active,2025-07-17T22:40:59
9048,4727,GB8975707861997,savings,GBP,39681.21,active,2023-04-04T07:56:05
9049,4728,DE5361173846757,checking,EUR,5829.24,active,2025-03-16T05:57:02
9050,4729,IN1541603093518,credit,INR,-88188.46,frozen,2024-09-01T05:48:13
9051,4729,IN5419163449714,checking,INR,194195.83,active,2025-03-29T06:06:58
9052,4730,US1238430252277,checking,USD,2801.59,closed,2023-10-24T10:37:09
9053,4730,US9845802678250,checking,USD,7422.28,active,2025-04-04T05:00:53
9054,4730,US4799107310637,checking,USD,5239.44,active,2023-06-30T18:07:09
9055,4731,US4113222995710,checking,USD,6104.68,closed,2022-04-05T01:48:21
9056,4732,JP7483175256633,checking,JPY,62152.43,active,2026-02-20T12:29:29
9057,4733,AE9485739342645,checking,AED,1097.71,active,2025-11-29T21:47:58
9058,4733,AE1737893098234,checking,AED,436.42,active,2022-07-19T21:59:29
9059,4734,PT3736062130559,credit,EUR,-825.52,active,2026-05-09T03:48:32
9060,4734,PT9422243311322,checking,EUR,627.74,active,2026-04-14T03:17:29
9061,4734,PT3411649835997,checking,EUR,6046.2,frozen,2026-05-07T20:38:42
9062,4735,IN9779057872080,credit,INR,-72400.86,closed,2025-06-15T04:17:46
9063,4736,FR5966808686739,checking,EUR,7183.36,active,2025-11-29T10:57:00
9064,4736,FR1561890424487,savings,EUR,5230.14,frozen,2025-11-23T09:56:01
9065,4737,JP3172542234621,credit,JPY,-367384.43,closed,2025-05-03T15:35:16
9066,4737,JP2239747356145,savings,JPY,4420511.43,active,2024-12-25T05:43:42
9067,4738,NL6870628329979,checking,EUR,5199.98,frozen,2025-10-07T12:15:22
9068,4738,NL5585052394558,checking,EUR,768.27,closed,2026-04-14T11:39:45
9069,4739,IT7057837182188,savings,EUR,3223.44,active,2026-01-07T10:46:50
9070,4739,IT8045265556011,savings,EUR,21313.94,closed,2025-06-16T12:07:40
9071,4740,MX8616952420659,savings,MXN,610301.09,active,2026-01-01T19:28:06
9072,4741,BR8607217099502,checking,BRL,1780.43,active,2025-12-28T14:00:30
9073,4741,BR5872967317142,savings,BRL,163463.77,active,2025-08-26T05:49:21
9074,4741,BR6472298223895,checking,BRL,17982.27,active,2025-03-29T08:33:08
9075,4741,BR4776397487080,checking,BRL,15390.49,active,2025-02-16T05:50:20
9076,4742,US2919314922283,savings,USD,24317.18,closed,2023-11-22T00:45:16
9077,4742,US2203020191710,checking,USD,2737.57,active,2025-02-07T16:01:31
9078,4743,BE5403723240825,checking,EUR,5419.16,active,2023-09-17T14:15:33
9079,4743,BE4855035183277,savings,EUR,2743.51,active,2022-05-02T07:47:06
9080,4744,ES3808294426207,checking,EUR,3449.74,frozen,2025-03-01T13:14:39
9081,4744,ES2220603549243,credit,EUR,-1807.53,closed,2024-10-17T09:13:34
9082,4744,ES9240602756242,checking,EUR,2126.48,active,2025-11-22T09:59:09
9083,4745,DE4522120365068,checking,EUR,3288.52,active,2026-05-08T04:49:05
9084,4746,ZA1621292357633,checking,ZAR,2477.03,active,2025-03-19T21:20:25
9085,4746,ZA8047962154026,checking,ZAR,1974.05,active,2026-02-27T01:05:45
9086,4747,TR9849842350124,checking,TRY,201147.35,active,2025-12-31T15:24:44
9087,4747,TR4554247134382,checking,TRY,145747.24,active,2025-05-08T00:29:44
9088,4748,JP5692851794802,savings,JPY,1853790.37,frozen,2026-03-23T14:48:48
9089,4748,JP4602662516181,checking,JPY,1039426.28,active,2025-06-23T08:44:17
9090,4748,JP3216972799262,checking,JPY,787614.14,active,2025-02-09T09:10:41
9091,4748,JP1507624155633,checking,JPY,943752.23,active,2026-02-25T20:11:07
9092,4749,AU4805769717931,savings,AUD,16174.95,active,2025-01-22T15:48:03
9093,4749,AU5359345571039,savings,AUD,20898.6,frozen,2022-03-17T12:17:36
9094,4749,AU5324764726860,checking,AUD,1312.28,frozen,2023-06-14T18:07:41
9095,4750,CA6201828440524,credit,CAD,-4217.09,active,2026-01-24T11:55:28
9096,4750,CA8525847647794,savings,CAD,39.05,active,2026-03-11T22:55:52
9097,4750,CA8336647423996,checking,CAD,5129.02,active,2025-06-01T16:25:37
9098,4751,GB8902971588467,savings,GBP,34259.69,frozen,2026-04-12T17:54:00
9099,4752,BE4556836155238,savings,EUR,21801.32,active,2025-11-09T09:37:16
9100,4752,BE1934653945672,savings,EUR,21386.13,active,2022-07-25T20:07:22
9101,4753,CA2584571691726,checking,CAD,7457.31,active,2025-10-21T00:34:09
9102,4753,CA5534973776539,credit,CAD,-2137.48,closed,2026-03-01T14:23:19
9103,4754,NL4446748356976,checking,EUR,78.56,active,2026-02-26T18:34:08
9104,4755,US2498414538441,savings,USD,9107.59,active,2026-02-13T17:45:35
9105,4756,FR4411106784749,checking,EUR,2959.42,active,2025-09-22T02:48:30
9106,4757,GB4339460560030,checking,GBP,1510.45,closed,2026-05-03T18:15:34
9107,4757,GB5318227558805,savings,GBP,13486.15,frozen,2024-12-31T07:47:58
9108,4757,GB7003706846407,savings,GBP,39025.18,frozen,2026-03-27T05:53:55
9109,4758,NO8780398171078,savings,NOK,6426.48,active,2024-03-15T17:39:24
9110,4758,NO7929811814077,savings,NOK,6100.61,frozen,2023-09-23T16:37:34
9111,4759,CA5696853837182,checking,CAD,1972.18,active,2025-12-22T21:33:18
9112,4760,US5384078558129,checking,USD,3864.27,active,2025-09-20T15:43:33
9113,4760,US2943620879968,savings,USD,7098.1,closed,2026-04-03T21:10:25
9114,4761,ES5921088419190,checking,EUR,113.17,closed,2023-04-27T08:31:47
9115,4761,ES2133380544199,checking,EUR,6305.16,active,2022-12-26T19:00:26
9116,4762,US1132678677987,savings,USD,36804.07,closed,2023-09-17T03:02:05
9117,4763,PL5032358648912,savings,PLN,21695.49,active,2025-09-05T10:56:20
9118,4763,PL7305427772882,credit,PLN,-909.59,active,2025-12-11T10:40:57
9119,4763,PL3031564225616,checking,PLN,3563.86,active,2025-02-02T23:43:53
9120,4764,CA8423907768677,savings,CAD,14080.51,active,2025-12-18T18:36:17
9121,4764,CA6985517459149,checking,CAD,4119.82,active,2026-03-10T19:48:20
9122,4765,DE5319777782687,checking,EUR,3228.33,closed,2025-12-07T05:14:58
9123,4766,US5599835641904,savings,USD,79.16,active,2026-04-02T00:45:20
9124,4766,US7565723631131,checking,USD,7967.75,closed,2025-07-12T07:55:20
9125,4766,US9175213195008,savings,USD,13571.3,active,2025-04-28T17:24:19
9126,4767,IT8668934137586,checking,EUR,2939.74,active,2025-10-31T02:36:19
9127,4767,IT5723184259330,savings,EUR,25463.48,active,2025-06-26T13:46:20
9128,4768,FR2327698655754,savings,EUR,12342.31,active,2025-11-25T11:42:26
9129,4768,FR3371716873792,checking,EUR,548.28,closed,2026-01-20T00:13:44
9130,4768,FR9995837755722,checking,EUR,5852.21,active,2025-11-25T20:38:10
9131,4769,FR9646004142195,checking,EUR,4752.34,closed,2024-12-25T02:26:20
9132,4769,FR7896925488426,checking,EUR,1385.48,active,2026-04-09T17:02:18
9133,4770,DE4127505587623,checking,EUR,4925.41,frozen,2022-07-26T10:51:50
9134,4771,CA1216323182237,credit,CAD,-1632.73,closed,2025-05-08T11:43:05
9135,4772,ZA9337138362142,savings,ZAR,21932.92,active,2026-02-11T15:21:39
9136,4773,NO8297339965411,savings,NOK,32870.24,active,2024-10-26T14:34:04
9137,4774,DE2096748366587,savings,EUR,27719.26,closed,2024-09-23T18:18:28
9138,4775,GB7010347143197,credit,GBP,-3613.27,active,2025-10-17T01:10:53
9139,4775,GB2928858949645,checking,GBP,437.71,active,2025-09-14T06:34:10
9140,4776,IT4143528158148,credit,EUR,-1492.05,active,2026-02-21T04:44:59
9141,4776,IT3628375234357,credit,EUR,-4193.92,closed,2023-12-25T21:32:43
9142,4776,IT7531642085132,checking,EUR,3514.1,active,2024-11-13T14:55:13
9143,4777,IT5822701429140,savings,EUR,31822.03,active,2026-05-15T06:44:38
9144,4778,NL1644877083805,savings,EUR,36584.25,active,2025-10-01T04:12:24
9145,4778,NL5185933297624,savings,EUR,33634.55,active,2026-05-15T15:53:54
9146,4779,US2963153371350,savings,USD,27252.19,active,2026-01-23T10:46:48
9147,4779,US6084795496964,savings,USD,2.28,frozen,2026-01-07T12:21:42
9148,4779,US5854174940738,checking,USD,6042.07,closed,2026-03-19T21:10:45
9149,4780,IN3755106968329,savings,INR,2245227.82,active,2026-04-05T13:01:12
9150,4781,DE6525304536746,credit,EUR,-1598.71,active,2025-10-13T16:16:01
9151,4781,DE3843406518824,savings,EUR,16934.48,active,2025-05-24T12:47:53
9152,4781,DE9601490125359,checking,EUR,457.92,closed,2025-05-14T05:08:28
9153,4782,IT4188207867325,checking,EUR,4119.77,frozen,2025-06-23T02:07:39
9154,4782,IT1702054765213,checking,EUR,7666.62,active,2025-10-26T22:00:05
9155,4782,IT6685116172455,checking,EUR,1727.35,active,2024-01-16T04:28:14
9156,4783,US8840937948939,checking,USD,886.38,active,2024-11-05T02:37:51
9157,4783,US2911540991709,checking,USD,7770.6,closed,2023-12-27T18:39:54
9158,4784,CN6181732222246,savings,CNY,10653.43,active,2022-04-14T22:47:40
9159,4784,CN6143409738561,checking,CNY,597.65,active,2023-06-29T03:47:28
9160,4785,AU9594396130867,checking,AUD,7259.65,active,2025-01-21T19:35:34
9161,4786,AU7306733896575,checking,AUD,7335.48,active,2022-06-30T01:32:49
9162,4786,AU8765109766474,checking,AUD,2604.28,active,2021-11-25T15:06:00
9163,4787,AU3594571832281,savings,AUD,40138.87,closed,2023-07-09T19:10:13
9164,4787,AU1063957592274,checking,AUD,7434.05,active,2024-09-13T09:05:42
9165,4787,AU6368913840880,checking,AUD,1054.25,closed,2024-11-08T19:57:08
9166,4788,FI9012736964085,checking,EUR,4599.25,active,2024-08-27T21:03:27
9167,4789,FR1724858652023,savings,EUR,40426.06,closed,2023-10-18T13:16:45
9168,4789,FR7448004777761,savings,EUR,25348.44,active,2026-01-06T17:33:37
9169,4789,FR3303810032193,checking,EUR,3502.46,closed,2026-04-08T21:09:11
9170,4790,US4626971455595,checking,USD,1170.62,active,2025-08-17T17:52:37
9171,4791,NO1121041238088,checking,NOK,3344.51,active,2025-01-18T06:51:37
9172,4791,NO1670447941773,savings,NOK,38877.45,active,2025-07-30T16:13:42
9173,4792,GB3541061366347,savings,GBP,18920.58,closed,2025-06-28T21:48:14
9174,4792,GB9319882945514,savings,GBP,14404.05,active,2025-09-25T16:20:24
9175,4792,GB6836945820211,savings,GBP,40161.09,active,2025-08-11T01:45:13
9176,4793,AU4660110917870,checking,AUD,4989.51,frozen,2024-10-18T05:13:48
9177,4794,BR7534018854716,credit,BRL,-18596.26,active,2026-02-15T20:30:06
9178,4795,IN8255086837109,checking,INR,183266.58,active,2024-04-19T09:47:46
9179,4795,IN1333760319208,checking,INR,366025.59,active,2024-01-10T20:18:14
9180,4795,IN7353507479570,checking,INR,466645.65,closed,2025-04-11T18:51:10
9181,4796,PT4641590937602,checking,EUR,5760.61,active,2024-09-07T15:23:41
9182,4796,PT4672561739230,checking,EUR,2332.83,closed,2026-03-03T09:52:01
9183,4796,PT2932957657887,savings,EUR,11312.93,active,2024-12-11T10:59:04
9184,4797,FR8167096966507,checking,EUR,3889.72,frozen,2026-04-08T17:25:20
9185,4798,GB6675139294838,checking,GBP,5909.94,closed,2025-11-21T17:55:32
9186,4798,GB8529011429758,checking,GBP,5388.31,active,2026-04-14T17:18:38
9187,4798,GB5939109418615,credit,GBP,-969.04,active,2026-05-06T23:30:45
9188,4799,UA4408468965378,checking,UAH,247733.23,frozen,2024-10-26T20:58:51
9189,4800,JP4406605669869,savings,JPY,1643810.34,frozen,2023-09-24T05:57:23
9190,4801,US8018202854685,credit,USD,-2293.32,active,2023-01-30T08:08:31
9191,4801,US7518740715286,checking,USD,7426.98,active,2026-01-20T15:45:36
9192,4801,US8127131441537,savings,USD,37578.24,active,2023-03-31T22:16:26
9193,4802,US5849538098195,savings,USD,7899.27,frozen,2026-04-27T17:35:05
9194,4802,US9721049834337,savings,USD,33857.5,active,2026-04-02T04:02:11
9195,4802,US2612329186583,savings,USD,66.88,frozen,2026-05-16T04:56:52
9196,4803,NL7642068791696,credit,EUR,-1686.8,frozen,2025-05-13T17:21:54
9197,4803,NL9637300045329,credit,EUR,-1257.63,active,2022-05-25T18:01:32
9198,4804,FR8550474245172,checking,EUR,6538.6,active,2026-02-05T23:12:13
9199,4804,FR8220841036572,savings,EUR,13357.67,active,2026-04-10T10:29:20
9200,4804,FR1365278052632,savings,EUR,1027.35,active,2025-06-08T23:04:13
9201,4805,IN6613973352749,checking,INR,18495.6,closed,2026-05-13T18:19:36
9202,4806,UA6187777992126,checking,UAH,92694.39,closed,2025-04-30T14:40:12
9203,4807,US9236065391527,checking,USD,5655.59,active,2025-07-20T02:13:27
9204,4807,US7598237160414,savings,USD,7482.5,frozen,2025-08-17T13:34:26
9205,4808,ES7741271456713,savings,EUR,38239.56,active,2026-05-16T09:26:17
9206,4808,ES4215174210585,savings,EUR,30797.18,closed,2026-04-15T01:35:16
9207,4809,ES9407968216673,checking,EUR,5845.38,closed,2024-01-25T15:44:11
9208,4810,GB6693709919559,checking,GBP,5750.42,active,2026-03-06T17:06:10
9209,4810,GB1471864256555,checking,GBP,7289.06,active,2026-04-23T10:50:35
9210,4810,GB8672401672546,checking,GBP,3417.68,active,2026-01-14T00:59:00
9211,4810,GB8876614136148,credit,GBP,-4918.25,active,2025-12-12T04:40:31
9212,4811,TR4891601338805,savings,TRY,1123555.26,active,2026-04-07T13:22:00
9213,4811,TR2166305525770,credit,TRY,-11981.51,active,2025-08-26T06:10:13
9214,4812,ZA8992981047542,savings,ZAR,2544.33,active,2024-09-01T18:18:05
9215,4812,ZA1683791465105,checking,ZAR,918.94,closed,2026-03-01T05:32:19
9216,4813,US7728927965058,checking,USD,3619.74,active,2026-03-09T13:09:40
9217,4814,FR4312704359846,checking,EUR,5959,active,2024-09-04T12:58:41
9218,4815,PT2700251083586,savings,EUR,6951.16,active,2025-08-28T14:31:07
9219,4815,PT4004321983320,savings,EUR,7596.82,closed,2026-01-14T02:37:45
9220,4816,BR2971645311817,checking,BRL,38412.14,active,2023-04-19T09:43:17
9221,4817,UA2216966430651,savings,UAH,97298.86,active,2025-03-23T15:44:35
9222,4817,UA8111011891459,savings,UAH,150006.55,closed,2024-02-11T03:20:42
9223,4818,ZA8031365052534,savings,ZAR,1874.55,active,2025-05-29T20:49:09
9224,4819,SE7635341059579,checking,SEK,4645.75,closed,2025-08-17T04:27:56
9225,4819,SE5021765776799,savings,SEK,3176.5,frozen,2025-02-25T22:10:19
9226,4820,CA8647438540265,checking,CAD,3955.38,active,2025-08-03T07:50:45
9227,4820,CA6850616483207,savings,CAD,19667.99,frozen,2025-07-27T00:15:56
9228,4821,IN8214777744596,savings,INR,328076.18,active,2026-03-19T15:26:18
9229,4822,SE4708062024850,savings,SEK,3725.03,active,2025-07-29T13:46:25
9230,4822,SE9035851182768,checking,SEK,3386.72,closed,2025-09-07T06:15:10
9231,4823,KR3341564983980,checking,KRW,610265.84,active,2026-01-09T18:44:13
9232,4823,KR9342061999278,checking,KRW,914879.19,active,2024-09-07T15:19:26
9233,4823,KR8546033769430,checking,KRW,128500.36,active,2025-09-08T09:58:30
9234,4824,AU5340221280677,savings,AUD,35519.58,active,2024-03-12T13:06:04
9235,4824,AU4048557491690,checking,AUD,7140.3,closed,2023-09-02T20:28:03
9236,4825,US6114688323651,savings,USD,37349.25,active,2024-05-23T14:16:32
9237,4825,US4101589948652,checking,USD,2926.82,frozen,2023-02-07T07:13:33
9238,4825,US1609276256805,checking,USD,1107.61,closed,2022-06-20T06:25:22
9239,4825,US1133094278755,savings,USD,17418.77,closed,2025-07-02T06:25:20
9240,4826,NL5079147213336,checking,EUR,6894.68,frozen,2026-04-25T02:46:26
9241,4826,NL5925150742874,savings,EUR,17357.1,active,2026-01-29T16:51:11
9242,4827,GB2582566493536,checking,GBP,7754.11,active,2026-03-03T14:39:38
9243,4828,DE3091024047569,checking,EUR,5885.04,frozen,2024-08-03T01:59:10
9244,4828,DE6596603216649,savings,EUR,19549.64,active,2025-09-11T00:29:22
9245,4829,NL1076849326158,savings,EUR,18248.05,closed,2023-04-11T15:51:25
9246,4829,NL1450877534982,savings,EUR,29257.61,active,2024-01-02T05:15:20
9247,4830,GB3223678951276,checking,GBP,7048.14,frozen,2025-12-20T10:28:22
9248,4830,GB4339286019894,checking,GBP,7190.6,active,2025-09-15T04:37:57
9249,4830,GB2638092640655,savings,GBP,36033.72,active,2024-11-28T09:22:47
9250,4830,GB8042471612122,checking,GBP,712.82,active,2025-11-15T02:04:53
9251,4831,UA4015071633296,checking,UAH,7374.7,active,2024-11-10T09:57:50
9252,4831,UA6964570132625,credit,UAH,-157584.03,frozen,2024-12-04T02:33:42
9253,4832,NL4287788748814,savings,EUR,75.9,frozen,2026-05-06T03:48:42
9254,4832,NL8644343789815,checking,EUR,1026.17,active,2026-02-16T07:16:04
9255,4832,NL4638976663605,savings,EUR,9481.87,active,2025-10-12T01:54:59
9256,4832,NL6293686142082,savings,EUR,66.81,closed,2026-04-17T10:21:47
9257,4833,DK8866749176907,checking,DKK,5021.84,active,2025-07-20T02:03:17
9258,4834,NL3018826417863,checking,EUR,7527.18,active,2026-05-05T19:21:13
9259,4834,NL2347025014063,savings,EUR,31900.35,closed,2025-06-08T18:17:48
9260,4834,NL1253065019153,savings,EUR,36129.37,active,2026-02-14T06:58:35
9261,4834,NL4826609249996,savings,EUR,7151.04,frozen,2026-02-24T16:41:09
9262,4835,KR2978195374516,savings,KRW,7426.53,active,2026-01-31T17:50:15
9263,4835,KR4285853739043,checking,KRW,214078.74,frozen,2026-03-31T12:00:45
9264,4835,KR7439292429670,checking,KRW,532394.12,active,2026-01-03T15:24:58
9265,4836,GB4571908164459,savings,GBP,26062.69,closed,2025-10-07T20:45:05
9266,4837,PT1792249954390,checking,EUR,1210.77,closed,2024-08-30T15:59:49
9267,4837,PT1735806533052,savings,EUR,27940.14,active,2026-03-28T21:49:47
9268,4838,GB2788086928122,savings,GBP,39909.54,active,2026-05-06T04:40:15
9269,4839,FR4911904514593,checking,EUR,3171.57,active,2025-04-20T22:22:34
9270,4840,IT2671881070594,credit,EUR,-4292.21,active,2025-11-24T14:42:54
9271,4840,IT2798110540409,checking,EUR,4022.28,active,2024-03-30T18:29:21
9272,4840,IT3761063450876,checking,EUR,323.13,active,2025-08-26T13:56:03
9273,4841,SG1827271669102,savings,SGD,10776.7,active,2026-03-15T00:09:59
9274,4841,SG1613137746175,checking,SGD,5029.97,closed,2026-03-20T01:03:13
9275,4842,FR1240928727436,checking,EUR,373.32,frozen,2025-06-23T06:07:02
9276,4843,MX1216571760294,savings,MXN,102785.43,closed,2024-11-21T19:37:07
9277,4844,US2276736149401,credit,USD,-2250.48,closed,2022-01-09T15:04:16
9278,4844,US9141375427881,savings,USD,87.2,active,2022-05-09T11:27:22
9279,4845,PT1533323010169,checking,EUR,530.58,active,2022-06-19T04:59:55
9280,4845,PT2852801596688,savings,EUR,11392.75,frozen,2025-02-22T19:25:55
9281,4845,PT6957976769730,checking,EUR,149.27,closed,2022-10-03T12:47:14
9282,4846,DE5724415917723,checking,EUR,6699.95,active,2024-01-05T17:08:29
9283,4846,DE3904666426737,checking,EUR,2785.25,active,2024-10-18T08:36:35
9284,4847,BR5655189617562,credit,BRL,-7837.65,closed,2026-02-18T08:16:30
9285,4847,BR5344005279317,savings,BRL,129538.65,active,2025-06-24T19:36:53
9286,4848,NL6608985519515,checking,EUR,6802.34,active,2026-01-23T20:28:44
9287,4849,BR5523467398060,savings,BRL,91.78,frozen,2025-11-09T15:52:48
9288,4849,BR7419271467623,savings,BRL,112768.47,active,2025-05-09T13:37:28
9289,4850,CA8433635256075,savings,CAD,14889.4,active,2024-12-12T13:46:10
9290,4851,FR9578975256131,credit,EUR,-3947.41,active,2023-06-09T10:37:27
9291,4851,FR2968912421890,savings,EUR,2335.59,closed,2023-05-25T23:43:08
9292,4852,FR2324249416342,checking,EUR,3146.65,active,2024-08-05T22:39:30
9293,4853,US3014836017962,savings,USD,38253.59,active,2025-01-08T22:24:09
9294,4853,US1342565970153,checking,USD,4485.46,active,2025-07-27T00:59:20
9295,4853,US5116401663947,savings,USD,32574.69,active,2025-02-18T09:26:16
9296,4854,JP9426407411207,savings,JPY,378219.99,active,2025-09-23T18:48:15
9297,4855,SE7259535022640,checking,SEK,7061.09,active,2025-10-30T09:10:48
9298,4856,AU8471642956594,checking,AUD,2978.47,closed,2025-12-28T03:13:27
9299,4857,US2855880290700,savings,USD,28000.92,closed,2025-08-15T11:00:57
9300,4857,US4060688695610,savings,USD,21.67,active,2025-11-29T00:57:20
9301,4858,CA5996459872004,savings,CAD,4132.02,active,2021-12-17T00:49:28
9302,4858,CA5430240525486,savings,CAD,5927.4,active,2024-08-27T21:00:07
9303,4858,CA8950036121300,checking,CAD,6560.02,active,2022-05-21T01:16:49
9304,4858,CA2041124955262,checking,CAD,6322.24,active,2023-06-17T06:35:45
9305,4859,CA7892671345616,checking,CAD,4964.01,active,2024-03-09T01:08:32
9306,4859,CA6550546269036,credit,CAD,-55.37,active,2022-07-15T12:43:20
9307,4859,CA6425987265512,checking,CAD,6263.8,frozen,2023-04-22T22:32:09
9308,4860,IT5518327636806,checking,EUR,6728.02,closed,2025-12-31T05:36:35
9309,4860,IT4767258134772,checking,EUR,5325.28,active,2026-03-26T18:03:06
9310,4861,US3642030070613,savings,USD,21179.38,closed,2025-07-31T18:23:31
9311,4861,US1494059029913,savings,USD,21590.86,active,2024-02-18T01:07:36
9312,4862,ES6460024593224,checking,EUR,1216.31,active,2025-04-06T02:14:57
9313,4862,ES2178205677404,savings,EUR,21124.37,active,2025-10-22T03:00:02
9314,4862,ES5137142739490,checking,EUR,2958.11,active,2024-12-20T16:44:17
9315,4863,UA5741938783397,savings,UAH,204521.37,active,2026-04-02T22:51:51
9316,4863,UA1879763260011,savings,UAH,1015472.68,active,2025-02-24T08:45:31
9317,4864,NL3099099652454,savings,EUR,32596.12,frozen,2026-01-06T02:31:02
9318,4865,JP8464762924951,checking,JPY,48376.74,closed,2025-03-29T20:17:19
9319,4866,SG4651612810037,checking,SGD,7941.08,frozen,2023-04-11T20:29:37
9320,4866,SG9156418989208,checking,SGD,6682.55,active,2022-12-19T18:03:20
9321,4866,SG4189640451057,checking,SGD,7786.98,active,2024-09-25T14:00:31
9322,4867,NO9384565534914,credit,NOK,-15.64,frozen,2026-05-08T13:51:03
9323,4868,US8483377238880,checking,USD,7729.8,active,2025-11-12T05:13:52
9324,4868,US2559353130324,credit,USD,-3309.19,closed,2025-12-23T17:33:38
9325,4869,IT7910879754410,checking,EUR,352.45,active,2026-01-30T13:18:39
9326,4869,IT1727227089763,checking,EUR,6085.28,frozen,2026-04-24T08:39:03
9327,4870,PT6406018842309,savings,EUR,25063.81,frozen,2025-12-14T09:07:48
9328,4871,DE6727516867127,credit,EUR,-1921.81,active,2024-12-06T12:18:35
9329,4871,DE6770566425673,checking,EUR,6152.16,active,2025-08-20T05:53:11
9330,4872,US5664516233077,checking,USD,6404.97,active,2026-05-06T20:51:18
9331,4872,US6007988638899,savings,USD,79.3,active,2024-12-31T01:21:19
9332,4872,US1445720922166,savings,USD,36505.68,active,2025-05-23T11:03:48
9333,4873,FR9200825136675,checking,EUR,5501.79,active,2022-05-13T01:03:09
9334,4874,US1362832239990,checking,USD,3992.64,frozen,2024-11-22T02:22:06
9335,4874,US8315737098652,checking,USD,6926.19,active,2024-02-29T09:34:33
9336,4875,AU5840566492373,savings,AUD,3262.7,active,2026-03-15T09:40:18
9337,4876,IN1766953587214,savings,INR,3075824.36,frozen,2025-04-23T17:59:38
9338,4877,UA6419021085676,checking,UAH,142033.5,active,2025-12-02T18:39:49
9339,4878,IN9090594975870,checking,INR,134451.64,active,2025-08-30T13:20:43
9340,4879,GB6463829426070,checking,GBP,3626.87,active,2025-03-25T22:02:52
9341,4879,GB9383332264054,checking,GBP,3845.35,active,2024-05-07T04:32:53
9342,4880,JP8029059114679,checking,JPY,648979.44,active,2026-03-21T12:47:32
9343,4880,JP1655179167901,savings,JPY,420786.42,active,2026-03-10T20:24:22
9344,4881,US9874533840081,checking,USD,4203.81,active,2024-07-11T19:04:07
9345,4881,US8733064681331,checking,USD,3040.56,active,2026-04-17T10:18:06
9346,4882,IT2455717811134,checking,EUR,1216.88,active,2026-01-25T20:19:11
9347,4882,IT1301633497045,checking,EUR,5343.16,frozen,2022-12-20T04:52:20
9348,4883,SG4669212811553,checking,SGD,2476.53,active,2024-04-11T11:19:34
9349,4883,SG1725718732112,savings,SGD,7982.51,frozen,2025-12-18T18:56:12
9350,4883,SG6812719896191,checking,SGD,7599.4,active,2026-03-05T03:35:02
9351,4884,FI3403287152969,savings,EUR,3864.54,frozen,2026-04-12T22:58:32
9352,4884,FI5999559994085,savings,EUR,1236.46,closed,2024-10-10T20:55:49
9353,4885,MX2362759489984,checking,MXN,33996.69,closed,2025-11-16T04:02:34
9354,4885,MX1323219718639,checking,MXN,115687.62,active,2024-01-17T18:50:31
9355,4886,JP3652004916207,savings,JPY,2237.64,active,2025-10-06T22:21:22
9356,4886,JP9430490271646,credit,JPY,-209759.28,active,2026-04-22T21:32:17
9357,4887,IN9633282739380,credit,INR,-86489.48,frozen,2025-08-15T10:14:15
9358,4888,SE3844704513464,checking,SEK,7657.87,active,2024-11-07T11:58:24
9359,4888,SE3081959080618,checking,SEK,1445.87,closed,2025-06-13T20:36:57
9360,4889,PL4037901281309,savings,PLN,35603.69,closed,2025-05-13T05:16:54
9361,4889,PL7270092892574,checking,PLN,3298,active,2025-09-19T16:15:38
9362,4890,UA2687745525611,checking,UAH,259072.75,active,2024-02-19T10:07:03
9363,4891,KR6873236669916,checking,KRW,146819.42,closed,2023-09-16T07:51:21
9364,4891,KR4356249844778,savings,KRW,553402.54,active,2023-04-01T22:18:39
9365,4892,CH7183114330893,savings,CHF,26308.49,frozen,2025-08-25T13:46:24
9366,4892,CH1202251818608,credit,CHF,-4416.42,frozen,2025-10-12T07:09:06
9367,4892,CH6014719443659,checking,CHF,6831.65,active,2025-03-02T14:14:07
9368,4893,US2383178543926,savings,USD,40475.17,closed,2026-01-16T00:37:56
9369,4893,US7902588642975,savings,USD,20414.72,active,2025-11-18T06:58:02
9370,4894,PL1885811652382,checking,PLN,5270.32,active,2026-03-21T03:46:52
9371,4894,PL1408233412916,credit,PLN,-4717.95,active,2025-08-16T23:29:17
9372,4895,CN1876492116003,checking,CNY,7270.46,active,2024-11-03T04:32:44
9373,4896,US9564297050636,checking,USD,4321.98,closed,2026-04-21T05:37:41
9374,4896,US1781708832066,checking,USD,662.82,active,2026-02-10T20:24:24
9375,4896,US1450027228936,savings,USD,29911.32,frozen,2026-05-12T10:36:32
9376,4897,UA5633736352528,checking,UAH,260228.29,active,2022-11-05T20:41:19
9377,4898,CA6221464291185,checking,CAD,1399.87,active,2025-11-23T10:50:23
9378,4899,AU9878824772434,checking,AUD,6384.75,active,2025-04-25T12:44:17
9379,4899,AU7547230115192,savings,AUD,36526.96,active,2022-03-24T02:39:56
9380,4899,AU3931975066464,checking,AUD,2609.97,closed,2024-04-04T08:32:00
9381,4899,AU8215538852983,credit,AUD,-2911.85,active,2024-08-21T12:21:15
9382,4900,JP7515483462233,savings,JPY,1098591.05,active,2026-01-05T09:51:06
9383,4900,JP2274117517414,savings,JPY,4345133.98,active,2025-05-20T03:26:19
9384,4901,MX4731894340945,checking,MXN,58118.88,active,2026-01-25T20:46:07
9385,4901,MX5511703036745,checking,MXN,116967.28,active,2025-12-09T04:18:26
9386,4902,CN4939597969828,savings,CNY,29891.14,frozen,2026-01-15T07:32:13
9387,4903,US9781318350536,checking,USD,223.44,closed,2025-02-24T19:19:31
9388,4903,US7667970017189,checking,USD,2363.73,frozen,2025-09-04T13:59:52
9389,4903,US6321932295388,credit,USD,-4030.49,closed,2025-12-12T23:38:52
9390,4904,US9650248826718,checking,USD,6243.88,closed,2024-07-15T09:07:04
9391,4904,US4363579069718,checking,USD,7356.27,active,2026-02-06T05:46:46
9392,4905,US7154469934871,checking,USD,7891.64,active,2024-06-05T08:56:24
9393,4905,US4772075510643,checking,USD,2838.09,closed,2023-11-16T01:22:04
9394,4905,US5068849964249,checking,USD,931.84,frozen,2025-07-11T14:09:27
9395,4905,US2242101340507,savings,USD,29,active,2026-04-22T14:37:17
9396,4906,DE6655551961023,savings,EUR,28944.26,closed,2025-07-19T11:21:19
9397,4906,DE1326327445385,checking,EUR,678.2,active,2024-05-27T20:04:47
9398,4907,PL1271340550214,savings,PLN,10842.58,active,2025-07-14T13:36:51
9399,4907,PL4917509939396,savings,PLN,14858.07,closed,2025-05-16T12:15:20
9400,4907,PL2497625716400,checking,PLN,4549.83,active,2025-06-11T01:38:44
9401,4908,GB6093495036388,checking,GBP,4738.84,closed,2025-08-10T19:41:24
9402,4908,GB5548494621124,savings,GBP,2.55,active,2025-12-16T07:57:28
9403,4908,GB8473916864968,savings,GBP,3490.8,closed,2026-01-06T09:41:49
9404,4909,NL2367858257544,credit,EUR,-3216.05,frozen,2024-04-15T23:18:56
9405,4909,NL4464510089953,savings,EUR,2533.15,active,2023-07-22T13:10:46
9406,4910,US1408854740987,checking,USD,5845.51,active,2024-04-21T10:47:48
9407,4910,US2025946840533,savings,USD,24872.34,active,2025-06-13T12:15:05
9408,4911,BR6527316644016,savings,BRL,51474.07,closed,2026-03-24T04:12:32
9409,4911,BR7307874191880,checking,BRL,16019.13,active,2025-11-05T10:15:47
9410,4912,GB4725618467845,savings,GBP,25853.29,frozen,2025-07-31T00:29:59
9411,4913,DE4103380482320,checking,EUR,7119.66,active,2025-10-08T20:58:46
9412,4914,US5816816166459,checking,USD,419.23,frozen,2026-04-07T11:03:35
9413,4914,US9944983320254,savings,USD,9166.03,active,2026-04-04T02:59:59
9414,4915,FR5392633383185,checking,EUR,4053.76,active,2026-05-16T06:28:53
9415,4915,FR5230422543318,checking,EUR,4270.84,frozen,2026-05-13T03:20:14
9416,4916,IT4507574522059,checking,EUR,5525.63,active,2024-09-09T19:27:16
9417,4916,IT4998910619230,checking,EUR,1266.54,frozen,2026-02-11T11:43:06
9418,4917,PL1456551965810,savings,PLN,56.96,active,2024-09-02T04:24:29
9419,4917,PL7088785692609,checking,PLN,4947.69,frozen,2023-07-09T22:55:10
9420,4918,CA6249550923283,savings,CAD,55.8,active,2026-03-30T17:42:13
9421,4918,CA2610560039807,credit,CAD,-2227.93,closed,2026-03-17T00:04:06
9422,4919,DE2761468758985,checking,EUR,4243.56,frozen,2024-12-18T04:10:17
9423,4919,DE4752462243252,checking,EUR,5185.72,closed,2024-05-27T10:13:28
9424,4919,DE9616336987935,savings,EUR,28466.97,active,2023-10-24T08:34:29
9425,4919,DE5664609614991,checking,EUR,4236.53,frozen,2024-09-08T19:37:46
9426,4920,US3317034550603,checking,USD,3374.07,active,2025-08-19T06:12:31
9427,4920,US3614326812771,checking,USD,1771.99,active,2024-04-18T01:25:50
9428,4921,DK2812565030791,checking,DKK,7867.86,closed,2026-03-04T16:05:34
9429,4921,DK2454933158136,checking,DKK,3633.17,frozen,2026-05-02T22:10:17
9430,4922,ES9057521452251,credit,EUR,-2771.91,active,2024-04-30T20:50:12
9431,4922,ES2903157634050,savings,EUR,91.67,active,2024-03-09T22:00:31
9432,4923,UA9054623379420,checking,UAH,90068.41,frozen,2025-06-16T04:34:00
9433,4923,UA7413186025995,savings,UAH,1303628.06,active,2024-08-17T14:17:42
9434,4924,MX6064251353998,checking,MXN,135794.85,frozen,2024-02-14T01:12:27
9435,4925,MX3645260044052,credit,MXN,-35364.1,active,2026-04-24T07:38:59
9436,4925,MX8390227899315,checking,MXN,7554.38,active,2025-12-31T17:59:02
9437,4926,IT2849388760277,checking,EUR,355.88,closed,2024-11-07T23:53:18
9438,4926,IT5769414553371,savings,EUR,2701.28,active,2023-05-16T18:01:55
9439,4927,CA6655746465635,checking,CAD,4083.52,frozen,2025-08-16T16:58:05
9440,4928,AU5667479234352,savings,AUD,39636.94,active,2026-01-03T01:39:15
9441,4929,GB3991920848786,savings,GBP,20477.03,active,2025-04-21T04:07:26
9442,4930,DE6455888311304,savings,EUR,13136.8,active,2024-10-13T14:46:56
9443,4931,FR4287699264189,checking,EUR,5285.26,active,2022-03-09T19:58:53
9444,4932,AU4737951846003,savings,AUD,35982.39,frozen,2024-02-02T01:34:35
9445,4933,US2207350698381,checking,USD,196.66,active,2024-11-30T21:04:01
9446,4933,US8294467738323,credit,USD,-731.09,frozen,2022-12-16T06:56:37
9447,4934,AE6421184961626,checking,AED,294.87,active,2023-11-08T15:09:56
9448,4934,AE2278117124889,checking,AED,4999.7,frozen,2024-08-10T17:51:17
9449,4934,AE3345161999773,savings,AED,23219.05,active,2025-04-19T23:06:22
9450,4935,GB7105123169690,checking,GBP,7549.72,closed,2024-08-22T08:19:04
9451,4935,GB5477292735384,checking,GBP,7200.03,active,2025-08-26T07:06:38
9452,4935,GB1397297282492,checking,GBP,6205.16,active,2025-10-13T19:55:38
9453,4936,AE1472285362354,credit,AED,-307.84,closed,2026-04-29T11:34:09
9454,4937,GB5570094526098,credit,GBP,-2967.31,active,2025-10-12T18:54:48
9455,4937,GB7239680073077,checking,GBP,6147.48,frozen,2025-10-13T17:00:29
9456,4938,MX4133637639853,savings,MXN,542744.99,active,2026-03-18T03:00:09
9457,4938,MX5296121389941,checking,MXN,44406.12,active,2023-06-28T01:06:57
9458,4939,BR6162654326985,savings,BRL,147850.86,active,2025-03-12T15:30:10
9459,4939,BR6144462999969,savings,BRL,5.41,closed,2025-06-17T11:16:32
9460,4940,US2129309490164,savings,USD,11417.15,closed,2025-08-12T23:53:27
9461,4941,GB8936081369058,checking,GBP,579.59,frozen,2026-05-14T23:15:22
9462,4941,GB6888530853251,checking,GBP,1314.53,active,2025-02-11T20:18:57
9463,4941,GB1698523078512,checking,GBP,118.12,active,2025-06-15T03:10:40
9464,4942,DE3276533339727,checking,EUR,6034.72,active,2023-05-24T16:12:39
9465,4942,DE7770375582828,savings,EUR,38.07,active,2023-05-24T10:33:39
9466,4943,SE5701984634575,checking,SEK,7929.78,active,2025-09-13T21:07:06
9467,4943,SE6465232734122,checking,SEK,2686.24,active,2026-03-09T09:23:34
9468,4944,US9316847615123,savings,USD,16387.19,closed,2025-04-19T03:27:17
9469,4944,US3995888221308,checking,USD,7398.37,frozen,2024-12-11T00:11:38
9470,4945,DE6656192086039,savings,EUR,32832.66,active,2025-07-29T22:22:35
9471,4946,DE1675958757708,savings,EUR,15840.34,active,2025-10-11T07:56:40
9472,4946,DE4951845848056,checking,EUR,6480.11,active,2023-09-30T15:50:33
9473,4947,DK7810749656238,checking,DKK,2083.89,active,2026-01-08T17:12:19
9474,4948,GB1587629374039,checking,GBP,527.93,active,2025-03-29T15:19:43
9475,4948,GB2038345683931,checking,GBP,7689.25,active,2025-05-17T22:56:08
9476,4949,FI1074060869469,checking,EUR,7581.38,frozen,2025-08-31T11:34:06
9477,4950,US7431675990960,savings,USD,7995.4,active,2026-05-01T11:08:12
9478,4950,US6033755836567,checking,USD,7549.95,active,2026-01-19T16:49:37
9479,4951,MX2086177888659,checking,MXN,82083.22,active,2025-08-05T18:20:38
9480,4951,MX2605167651361,savings,MXN,540389.99,active,2025-04-27T22:14:40
9481,4952,NL3254090414066,checking,EUR,3838.1,active,2023-09-08T02:40:26
9482,4952,NL8785023774419,savings,EUR,36139.93,active,2024-10-18T15:40:26
9483,4953,IE5382179624482,credit,EUR,-1577.6,active,2026-04-24T11:48:24
9484,4953,IE5646774330513,checking,EUR,22.77,active,2026-05-11T09:51:45
9485,4953,IE3208505389379,checking,EUR,4191.24,active,2026-03-21T01:07:49
9486,4953,IE6658264366403,savings,EUR,3199.81,active,2026-02-17T23:26:15
9487,4954,US6034188214022,savings,USD,3353.17,active,2024-03-09T06:25:51
9488,4954,US8024648382468,checking,USD,7116.59,closed,2024-06-05T07:42:49
9489,4955,GB9054377595651,checking,GBP,5981.15,active,2025-12-21T20:48:41
9490,4955,GB1966840245612,savings,GBP,15706.32,active,2026-02-24T13:58:20
9491,4956,IN2946975982683,checking,INR,406837.39,active,2023-09-13T18:19:24
9492,4957,CH8857621284296,savings,CHF,12496.94,frozen,2025-06-15T00:41:54
9493,4958,FR1504028427317,savings,EUR,40309.3,frozen,2024-10-10T08:44:07
9494,4959,US2511847375734,savings,USD,40845.57,active,2026-02-14T01:09:45
9495,4959,US4235130263979,checking,USD,4131.82,active,2026-01-01T04:17:04
9496,4960,ZA1324725796672,checking,ZAR,6831.49,active,2025-12-08T16:23:05
9497,4960,ZA8051327156470,checking,ZAR,5801.82,closed,2022-10-30T23:39:37
9498,4960,ZA5042877135013,checking,ZAR,6583.15,active,2022-09-21T02:04:47
9499,4961,IT6605878118171,credit,EUR,-633.09,active,2023-11-29T17:27:33
9500,4962,UA1337750325272,checking,UAH,285525.8,active,2024-06-26T09:43:35
9501,4963,FR7067641292668,savings,EUR,12180.76,active,2025-01-20T05:53:45
9502,4963,FR6215938226617,checking,EUR,3014.41,active,2025-02-26T23:06:00
9503,4964,GB3570421823116,checking,GBP,6003.79,frozen,2023-12-01T14:37:54
9504,4964,GB7729516824111,checking,GBP,989.27,frozen,2023-10-14T18:23:51
9505,4965,US3438795954932,checking,USD,2943.55,active,2024-05-21T09:26:45
9506,4966,ZA1710507030030,checking,ZAR,1081.93,active,2026-04-11T20:48:26
9507,4967,DE3668461065452,savings,EUR,21187.99,active,2024-08-27T00:49:33
9508,4967,DE2238762491178,checking,EUR,7971.58,frozen,2025-07-31T05:09:42
9509,4968,GB8435060785490,savings,GBP,18728.32,active,2025-11-29T23:49:12
9510,4968,GB1183768016293,checking,GBP,1883.97,active,2025-08-20T13:10:58
9511,4968,GB4026511717498,checking,GBP,3171.63,active,2025-10-30T09:51:58
9512,4969,DE3380772647777,savings,EUR,25840.31,frozen,2022-04-29T23:02:25
9513,4970,IT1447513616058,checking,EUR,4258.62,active,2024-09-29T02:37:31
9514,4971,US1184942537236,savings,USD,23276.8,active,2026-02-15T21:21:54
9515,4971,US8063862321383,credit,USD,-4608.43,active,2026-04-02T11:38:04
9516,4972,IN8861787052445,savings,INR,690573.5,closed,2026-05-06T00:47:12
9517,4973,DE3057529038027,checking,EUR,5798.94,active,2025-05-01T03:52:23
9518,4973,DE1939489087795,savings,EUR,2589.15,closed,2025-08-12T10:03:22
9519,4973,DE9990892531021,savings,EUR,37.64,active,2023-10-20T07:01:17
9520,4973,DE7156640185673,savings,EUR,3489.97,active,2023-07-13T03:25:22
9521,4974,GB9943994019434,checking,GBP,1932.23,active,2026-04-23T03:19:23
9522,4974,GB9113521598664,checking,GBP,6493.53,active,2026-05-02T14:02:00
9523,4975,JP8325672165645,credit,JPY,-225152.76,active,2026-02-24T19:16:52
9524,4975,JP8613277842067,checking,JPY,100413.48,closed,2026-02-12T19:30:12
9525,4975,JP9703328595579,checking,JPY,1003824.34,active,2026-03-17T04:11:11
9526,4976,AU7093124511568,credit,AUD,-1860.18,active,2026-03-09T09:50:36
9527,4976,AU8771702996362,checking,AUD,1187.93,active,2026-05-03T03:32:29
9528,4977,IT5003773458765,savings,EUR,2.96,closed,2025-11-12T19:25:11
9529,4977,IT4084319313800,checking,EUR,2755.6,closed,2025-05-28T01:02:15
9530,4978,AU2449713370073,savings,AUD,17403.98,frozen,2022-12-29T01:12:14
9531,4979,IT2130448885485,checking,EUR,3976.19,frozen,2026-02-08T23:54:29
9532,4979,IT7058226165712,checking,EUR,1690.76,active,2026-05-02T23:25:36
9533,4980,FR6648634313918,checking,EUR,3247.67,active,2026-04-29T05:44:57
9534,4980,FR9984853412461,savings,EUR,19855.61,active,2026-01-28T14:37:38
9535,4981,FR6157385557784,credit,EUR,-4075.9,closed,2025-03-22T23:35:46
9536,4981,FR3582618496456,checking,EUR,4148.21,active,2025-08-10T10:28:56
9537,4982,IN9044969025700,checking,INR,414049.06,active,2026-02-02T12:17:43
9538,4982,IN9319477989582,savings,INR,3078000.36,active,2022-09-28T17:39:24
9539,4983,NL3210473659963,savings,EUR,26712.64,active,2025-07-29T16:10:43
9540,4983,NL1045419262662,checking,EUR,1048.51,active,2025-06-07T10:55:11
9541,4984,US2214782076728,checking,USD,6663.74,active,2025-12-10T00:21:50
9542,4984,US7815603945432,savings,USD,18259.48,active,2025-04-11T11:46:42
9543,4985,BE2027744658083,checking,EUR,2089.74,closed,2025-12-11T02:29:54
9544,4985,BE5414981197237,savings,EUR,6560.63,closed,2026-04-29T16:22:06
9545,4986,DE4908267063502,checking,EUR,4320.98,closed,2024-09-27T23:40:34
9546,4987,PL3552769548100,savings,PLN,19943.53,active,2025-03-03T21:29:44
9547,4988,AU4578737598747,checking,AUD,1114.23,active,2024-07-29T22:05:16
9548,4988,AU7428103638518,checking,AUD,5956.03,closed,2024-01-03T10:38:05
9549,4988,AU7299287115805,credit,AUD,-4462.89,closed,2024-01-30T06:11:40
9550,4989,JP9079504889013,savings,JPY,835961.73,active,2024-06-28T23:56:54
9551,4989,JP3397439670978,checking,JPY,316503.52,closed,2026-01-04T15:25:46
9552,4989,JP5069898165818,checking,JPY,626168.88,active,2024-09-06T08:29:23
9553,4989,JP8934878711334,credit,JPY,-584448.07,active,2025-06-11T15:21:15
9554,4990,US8389265131757,checking,USD,5674.76,active,2024-11-19T14:42:46
9555,4990,US9281609015729,savings,USD,32407.49,active,2023-12-06T00:40:39
9556,4991,SE2702945799452,savings,SEK,29993.5,closed,2026-02-25T03:29:03
9557,4992,IT9903568573729,checking,EUR,3882.36,closed,2026-05-10T12:22:44
9558,4993,GB8948633010284,savings,GBP,32977.07,active,2025-04-15T22:57:06
9559,4993,GB6815574656267,savings,GBP,25793.99,frozen,2023-01-17T06:19:16
9560,4994,CA2029520860461,checking,CAD,7788.31,active,2025-11-26T16:56:55
9561,4995,SE7862622989921,checking,SEK,4540.27,frozen,2026-04-21T19:22:03
9562,4996,AE2159471191952,checking,AED,517.76,active,2023-08-03T16:14:08
9563,4996,AE8925995921317,checking,AED,3853.94,closed,2023-09-27T00:17:36
9564,4996,AE8596876121266,checking,AED,6451.22,frozen,2022-11-26T01:26:50
9565,4997,BR8431638520767,savings,BRL,176545.19,frozen,2025-06-17T05:12:45
9566,4998,GB3096238673388,checking,GBP,1501.13,active,2025-07-23T05:55:02
9567,4999,ZA2039397346156,savings,ZAR,32083.46,active,2026-03-18T18:13:19
9568,5000,AT1443202955739,savings,EUR,16168.45,active,2024-05-11T13:18:40
9569,5000,AT2876572913508,checking,EUR,3158.58,frozen,2026-05-01T13:17:44
