id,account_id,card_number,card_type,brand,expires_at,status,issued_at
1,1,5057********4192-5274,debit,Mastercard,2030-01,active,2026-01-30T05:31:12
2,2,5589********4909-6693,debit,Mastercard,2030-04,active,2026-04-11T14:18:28
3,5,4475********8745-6248,debit,Visa,2031-03,blocked,2026-03-16T16:26:37
4,6,4555********8636-7778,debit,Visa,2029-05,blocked,2026-05-11T20:20:19
5,9,4898********6372-8351,debit,Visa,2030-05,active,2026-05-04T08:18:08
6,9,5066********0429-6439,debit,Mastercard,2029-05,active,2026-05-04T06:22:40
7,10,4153********4989-5787,debit,Visa,2029-04,active,2026-04-05T18:39:47
8,11,5822********0794-9421,credit,Mastercard,2031-05,active,2026-05-09T06:55:40
9,13,5868********0509-4770,debit,Mastercard,2029-05,active,2026-05-06T21:35:28
10,14,5683********7665-6050,debit,Mastercard,2029-03,active,2026-03-30T16:31:35
11,16,3537*******7844-7593,debit,Amex,2030-02,blocked,2026-02-11T09:35:59
12,16,5505********3289-8447,debit,Mastercard,2027-07,blocked,2024-07-09T20:13:05
13,18,4274********7576-7629,credit,Visa,2029-04,active,2026-04-26T23:47:04
14,19,4865********8159-9236,debit,Visa,2029-03,active,2026-03-18T13:32:23
15,20,4426********3194-7880,debit,Visa,2029-07,active,2024-07-31T13:26:49
16,21,4175********5521-3960,debit,Visa,2031-01,blocked,2026-01-07T09:18:08
17,22,4554********5524-4177,debit,Visa,2028-08,blocked,2025-08-20T15:12:06
18,23,5234********6272-8131,debit,Mastercard,2026-08,blocked,2023-08-24T05:24:07
19,24,3693*******7165-5488,debit,Amex,2028-08,active,2025-08-27T11:52:15
20,26,5218********2727-3174,debit,Mastercard,2031-05,expired,2026-05-15T21:16:55
21,27,4268********6070-7730,debit,Visa,2029-05,active,2026-05-15T12:57:23
22,29,4940********3482-4630,debit,Visa,2028-10,blocked,2024-10-13T12:08:04
23,29,4926********7493-3936,debit,Visa,2029-11,blocked,2025-11-24T23:17:12
24,30,3139*******3883-3095,debit,Amex,2029-05,active,2026-05-10T01:43:15
25,32,4587********3712-6541,debit,Visa,2029-03,blocked,2026-03-27T13:48:39
26,33,5955********7337-2367,debit,Mastercard,2030-08,blocked,2025-08-24T01:21:33
27,34,5646********4169-1982,debit,Mastercard,2030-06,expired,2025-06-07T06:53:25
28,35,4429********3570-6193,debit,Visa,2030-09,expired,2025-09-21T09:22:12
29,37,5834********6770-6264,credit,Mastercard,2030-04,active,2026-04-14T14:01:54
30,38,4301********9067-2112,debit,Visa,2030-05,blocked,2026-05-11T13:16:12
31,39,5692********3978-1118,debit,Mastercard,2029-02,active,2026-02-27T04:04:52
32,40,5544********2812-2280,debit,Mastercard,2029-05,active,2025-05-15T06:48:14
33,41,4105********5037-8831,debit,Visa,2028-07,blocked,2024-07-02T16:30:43
34,43,4488********3259-5051,debit,Visa,2031-01,active,2026-01-05T11:32:54
35,45,5952********4248-6670,debit,Mastercard,2029-05,blocked,2026-05-10T06:04:36
36,45,5166********3566-5503,debit,Mastercard,2030-09,active,2025-09-28T11:57:45
37,46,5587********5098-5767,debit,Mastercard,2031-04,expired,2026-04-23T11:40:08
38,47,4711********4632-8703,credit,Visa,2031-05,blocked,2026-05-14T17:01:30
39,48,5788********1222-6827,debit,Mastercard,2028-11,active,2025-11-07T20:38:24
40,48,5531********6906-5437,debit,Mastercard,2029-02,expired,2026-02-27T10:30:47
41,50,4969********0698-9124,debit,Visa,2028-07,active,2025-07-27T03:36:37
42,51,4075********5390-572,debit,Visa,2029-08,blocked,2024-08-03T08:03:51
43,52,5335********0277-5322,debit,Mastercard,2029-03,active,2026-03-29T07:42:47
44,53,6745********8654-5792,debit,Discover,2028-03,expired,2025-03-14T10:46:40
45,54,5587********6164-894,debit,Mastercard,2031-01,active,2026-01-07T12:07:00
46,56,5634********6666-2789,debit,Mastercard,2031-05,blocked,2026-05-04T22:33:17
47,58,4333********9580-1244,debit,Visa,2029-01,active,2026-01-04T19:35:07
48,59,4044********0834-5868,debit,Visa,2030-05,blocked,2026-05-02T04:56:31
49,60,4834********4310-689,debit,Visa,2030-03,expired,2026-03-21T10:30:48
50,61,5586********8563-4710,credit,Mastercard,2031-04,active,2026-04-26T18:03:10
51,63,5918********0700-1028,credit,Mastercard,2029-01,active,2026-01-29T23:22:27
52,65,5125********4569-1545,credit,Mastercard,2028-11,expired,2024-11-05T08:09:35
53,66,4920********6290-6358,debit,Visa,2031-04,blocked,2026-04-06T01:16:01
54,67,4658********0578-7141,debit,Visa,2031-04,expired,2026-04-28T15:19:29
55,68,5405********2999-3793,credit,Mastercard,2031-05,active,2026-05-15T17:07:42
56,69,5827********0876-7085,debit,Mastercard,2031-04,active,2026-04-21T01:22:00
57,70,5769********4422-279,credit,Mastercard,2031-04,active,2026-04-23T17:14:52
58,71,4276********4834-5414,debit,Visa,2029-03,active,2026-03-11T08:19:42
59,72,4334********0436-3859,debit,Visa,2031-04,active,2026-04-02T16:47:57
60,73,4060********8878-3727,debit,Visa,2029-10,blocked,2024-10-14T03:50:55
61,74,6296********0566-7443,debit,Discover,2031-01,active,2026-01-21T10:57:09
62,75,6612********4493-5825,debit,Discover,2030-04,blocked,2026-04-25T16:34:02
63,76,4463********7670-4741,debit,Visa,2029-02,expired,2026-02-25T20:43:02
64,77,4810********0952-4594,debit,Visa,2031-04,active,2026-04-24T04:54:49
65,77,4844********4894-5751,debit,Visa,2030-04,active,2026-04-05T08:31:24
66,80,5227********4687-5808,debit,Mastercard,2028-02,blocked,2025-02-23T10:18:40
67,81,4555********9444-1022,debit,Visa,2030-03,blocked,2026-03-20T04:27:43
68,81,6155********8875-6786,debit,Discover,2030-05,active,2026-05-11T17:00:28
69,83,5587********6462-3513,debit,Mastercard,2031-05,blocked,2026-05-15T01:45:52
70,85,4306********8493-2067,debit,Visa,2031-03,active,2026-03-16T12:15:27
71,86,5572********7993-472,debit,Mastercard,2030-03,active,2026-03-11T01:17:57
72,87,4238********4948-3023,debit,Visa,2028-06,blocked,2025-06-22T06:12:07
73,88,5600********0794-450,debit,Mastercard,2029-04,blocked,2026-04-14T07:15:34
74,90,4873********4448-7567,debit,Visa,2030-01,blocked,2025-01-13T10:57:26
75,92,5543********1513-6092,debit,Mastercard,2030-03,blocked,2026-03-19T12:22:43
76,93,4622********8003-1000,debit,Visa,2030-11,blocked,2025-11-20T11:52:18
77,94,5942********6891-8590,debit,Mastercard,2028-12,expired,2023-12-12T18:53:31
78,97,5888********3177-6103,debit,Mastercard,2031-05,active,2026-05-05T05:53:57
79,98,5255********6617-1085,debit,Mastercard,2030-02,blocked,2026-02-06T22:10:42
80,99,5270********5943-3001,debit,Mastercard,2029-04,blocked,2026-04-11T20:52:09
81,100,4908********5719-1963,debit,Visa,2028-03,blocked,2025-03-10T03:12:08
82,101,5193********0590-3095,credit,Mastercard,2029-08,blocked,2024-08-24T06:25:57
83,102,3086*******6823-1121,credit,Amex,2029-09,blocked,2025-09-25T14:32:55
84,103,4503********8191-7353,debit,Visa,2029-06,active,2024-06-24T09:40:43
85,105,5609********3638-3969,debit,Mastercard,2028-05,active,2024-05-29T06:48:28
86,106,5649********1586-1467,credit,Mastercard,2027-11,active,2024-11-19T04:17:13
87,107,4409********1769-712,debit,Visa,2028-09,expired,2025-09-17T15:18:11
88,109,3870*******4398-8463,debit,Amex,2028-07,blocked,2025-07-07T03:09:46
89,109,4181********5827-4827,debit,Visa,2028-12,blocked,2025-12-21T14:32:08
90,111,5842********0078-7496,credit,Mastercard,2030-05,blocked,2026-05-05T00:27:14
91,112,4862********1586-4107,debit,Visa,2029-11,blocked,2024-11-28T22:42:30
92,114,5682********5070-796,debit,Mastercard,2028-03,expired,2025-03-24T01:22:10
93,115,4217********4540-8184,debit,Visa,2029-01,active,2025-01-18T08:37:17
94,117,3753*******5101-2747,debit,Amex,2029-04,blocked,2026-04-30T20:44:35
95,118,3553*******1005-8407,debit,Amex,2029-12,active,2025-12-11T19:57:18
96,120,5923********4624-4863,debit,Mastercard,2030-03,expired,2026-03-30T21:43:12
97,121,5591********8200-2544,debit,Mastercard,2030-05,active,2026-05-15T08:23:17
98,121,4347********1990-2258,debit,Visa,2031-05,expired,2026-05-16T11:09:44
99,122,4358********4477-5688,debit,Visa,2027-11,active,2024-11-17T12:13:22
100,123,5820********7041-6556,debit,Mastercard,2028-05,active,2024-05-05T06:44:31
101,125,5128********9903-8466,debit,Mastercard,2029-09,blocked,2025-09-26T06:27:40
102,126,4918********7521-9306,debit,Visa,2030-05,active,2026-05-02T05:35:09
103,126,5311********2989-2041,debit,Mastercard,2030-04,active,2026-04-27T05:24:28
104,127,4577********5719-2330,debit,Visa,2028-03,blocked,2025-03-12T16:43:40
105,127,5207********9423-1883,debit,Mastercard,2028-06,active,2024-06-16T11:20:52
106,128,4264********0432-8110,debit,Visa,2029-03,expired,2026-03-22T08:28:43
107,128,3925*******6697-5144,debit,Amex,2029-05,active,2026-05-16T10:28:33
108,129,6523********6096-904,debit,Discover,2029-05,active,2026-05-15T14:06:45
109,130,5388********7651-2628,credit,Mastercard,2030-04,active,2026-04-17T16:56:57
110,131,5713********1217-9718,debit,Mastercard,2030-05,blocked,2026-05-11T20:45:59
111,132,3199*******3128-4728,debit,Amex,2030-05,expired,2026-05-16T11:18:39
112,133,4565********4754-6497,debit,Visa,2031-03,active,2026-03-03T19:21:15
113,134,5503********7485-9389,debit,Mastercard,2028-03,active,2025-03-18T08:07:30
114,135,5241********3249-8933,debit,Mastercard,2029-03,blocked,2026-03-03T13:13:13
115,139,4095********3720-2999,debit,Visa,2029-03,active,2026-03-12T00:10:29
116,140,4051********0232-1840,credit,Visa,2031-04,active,2026-04-27T23:04:47
117,141,3800*******7647-3141,debit,Amex,2029-04,active,2026-04-27T12:14:10
118,141,5862********2973-8574,debit,Mastercard,2029-03,active,2026-03-30T08:22:35
119,142,5791********6340-2083,debit,Mastercard,2031-03,blocked,2026-03-05T16:35:41
120,143,4534********9855-4825,debit,Visa,2027-06,expired,2024-06-16T21:16:02
121,144,5888********7872-4735,debit,Mastercard,2029-03,active,2026-03-04T20:37:13
122,145,4594********9678-3964,debit,Visa,2029-02,active,2026-02-22T06:00:52
123,146,4149********9111-9,debit,Visa,2031-02,active,2026-02-18T18:35:37
124,147,3370*******8087-3146,debit,Amex,2031-03,expired,2026-03-31T23:45:29
125,148,4407********5883-6163,credit,Visa,2030-05,blocked,2026-05-02T13:38:15
126,149,3435*******2188-2250,debit,Amex,2030-10,blocked,2025-10-09T21:11:23
127,150,5767********5068-1130,debit,Mastercard,2029-05,active,2026-05-15T06:31:34
128,151,5743********9215-1461,credit,Mastercard,2029-10,active,2025-10-09T22:35:46
129,152,5449********7045-9625,debit,Mastercard,2029-03,blocked,2026-03-17T16:43:30
130,153,5658********0121-3028,debit,Mastercard,2029-12,active,2025-12-06T03:38:13
131,156,3245*******8335-1922,debit,Amex,2031-05,active,2026-05-06T13:23:37
132,157,3395*******1374-8990,debit,Amex,2030-05,active,2026-05-09T12:16:39
133,158,4225********4384-1516,debit,Visa,2031-04,active,2026-04-13T03:00:59
134,159,5003********1696-7941,debit,Mastercard,2030-05,active,2026-05-07T10:22:17
135,161,5065********6232-9382,debit,Mastercard,2031-05,blocked,2026-05-12T23:18:35
136,163,4393********8372-7967,debit,Visa,2029-03,expired,2026-03-20T12:15:23
137,165,4717********7022-8824,debit,Visa,2030-04,blocked,2026-04-13T17:03:58
138,165,6574********6287-4022,debit,Discover,2031-01,active,2026-01-28T22:12:52
139,166,5017********5121-6939,debit,Mastercard,2030-02,blocked,2025-02-16T17:18:56
140,167,4099********6801-7580,debit,Visa,2025-11,blocked,2022-11-27T06:16:29
141,168,5297********5225-1189,debit,Mastercard,2031-04,active,2026-04-11T16:59:43
142,169,4966********0062-113,debit,Visa,2029-04,blocked,2025-04-23T14:09:54
143,170,5734********9407-7149,debit,Mastercard,2029-04,blocked,2025-04-06T12:40:04
144,171,5307********7348-402,debit,Mastercard,2030-05,active,2026-05-03T13:54:01
145,172,4723********0617-9181,debit,Visa,2031-01,expired,2026-01-15T18:09:58
146,173,5928********8685-6918,debit,Mastercard,2029-09,active,2025-09-22T10:05:51
147,174,4191********9791-1838,debit,Visa,2031-02,active,2026-02-25T21:59:07
148,175,4633********0186-4303,credit,Visa,2028-09,active,2025-09-03T15:11:53
149,176,4021********9208-3709,debit,Visa,2028-12,blocked,2025-12-25T09:15:18
150,179,4655********5824-5240,debit,Visa,2030-01,active,2026-01-14T04:15:53
151,180,6951********6719-2469,credit,Discover,2030-04,expired,2025-04-04T15:45:44
152,182,5358********3652-6987,debit,Mastercard,2029-03,active,2026-03-31T03:19:27
153,183,4872********1688-7603,debit,Visa,2028-02,active,2025-02-09T15:40:36
154,184,6572********6428-8316,debit,Discover,2029-05,active,2026-05-15T03:12:01
155,186,4046********6755-3898,debit,Visa,2031-04,active,2026-04-19T02:30:46
156,186,5077********1407-8143,debit,Mastercard,2029-05,blocked,2026-05-04T08:34:43
157,187,4005********0584-9108,debit,Visa,2031-03,expired,2026-03-10T22:56:44
158,187,4752********9123-5186,debit,Visa,2030-10,active,2025-10-23T18:53:11
159,188,5766********5799-1935,debit,Mastercard,2031-05,active,2026-05-12T14:41:50
160,190,3037*******7959-7532,debit,Amex,2028-09,expired,2025-09-20T00:54:49
161,191,5335********4425-1321,credit,Mastercard,2029-01,active,2026-01-21T15:34:32
162,193,4091********7294-8918,debit,Visa,2029-02,active,2026-02-14T06:09:42
163,194,4075********5270-9140,debit,Visa,2030-04,active,2025-04-13T14:35:11
164,195,5589********3182-3709,debit,Mastercard,2028-01,blocked,2025-01-25T05:13:11
165,196,4332********9635-3338,debit,Visa,2028-09,active,2025-09-13T09:11:48
166,197,5790********0892-1570,debit,Mastercard,2029-01,expired,2026-01-20T15:55:03
167,198,4933********4987-8358,debit,Visa,2030-10,blocked,2025-10-27T00:31:28
168,199,4469********9050-9324,debit,Visa,2026-01,expired,2022-01-19T21:46:09
169,200,4727********5358-4564,debit,Visa,2028-01,active,2024-01-26T07:46:59
170,200,4375********9234-5158,debit,Visa,2030-11,expired,2025-11-29T21:06:08
171,201,4602********6858-1807,debit,Visa,2028-04,blocked,2025-04-20T02:12:18
172,203,4764********0287-1002,credit,Visa,2031-04,active,2026-04-29T16:35:26
173,204,4390********0043-9845,debit,Visa,2029-05,active,2026-05-06T08:15:17
174,205,5940********3637-2815,debit,Mastercard,2029-05,active,2026-05-16T06:24:46
175,207,5039********0562-6013,debit,Mastercard,2029-04,blocked,2026-04-04T00:06:24
176,208,5259********0389-9021,debit,Mastercard,2029-03,active,2026-03-27T12:22:24
177,208,5426********9050-6491,debit,Mastercard,2029-03,active,2026-03-31T05:20:44
178,210,5676********7808-149,debit,Mastercard,2031-01,active,2026-01-26T10:25:20
179,210,4168********6695-3922,debit,Visa,2028-11,blocked,2025-11-12T10:49:28
180,211,4531********5363-8095,debit,Visa,2031-04,active,2026-04-12T10:49:36
181,212,3387*******3841-7604,debit,Amex,2028-03,active,2025-03-08T13:46:22
182,214,4842********0671-5760,debit,Visa,2029-03,blocked,2025-03-01T21:30:57
183,214,5958********2157-6485,debit,Mastercard,2030-02,active,2026-02-17T16:46:48
184,215,4625********3656-9265,debit,Visa,2030-05,active,2026-05-01T22:17:49
185,216,3533*******4931-92,debit,Amex,2029-04,active,2026-04-27T17:48:54
186,217,5491********9746-282,debit,Mastercard,2031-02,expired,2026-02-12T00:55:22
187,219,4080********0360-7095,debit,Visa,2029-02,active,2026-02-14T12:09:27
188,219,3431*******2235-2151,debit,Amex,2029-03,expired,2026-03-21T20:34:00
189,220,5799********9641-9942,debit,Mastercard,2029-08,expired,2024-08-30T20:13:41
190,221,5295********5923-7943,debit,Mastercard,2030-02,active,2026-02-15T00:26:10
191,222,4179********6755-6659,debit,Visa,2026-12,active,2023-12-19T19:45:20
192,223,5741********9750-6503,debit,Mastercard,2030-11,active,2025-11-04T07:46:31
193,225,4645********3415-5296,debit,Visa,2029-05,blocked,2026-05-06T22:24:10
194,229,5597********1877-2398,debit,Mastercard,2030-03,expired,2026-03-31T08:02:08
195,230,5389********1154-1688,debit,Mastercard,2028-10,active,2025-10-20T05:35:59
196,231,5159********8567-9704,credit,Mastercard,2027-05,expired,2023-05-02T02:47:02
197,233,5922********5400-9698,debit,Mastercard,2029-01,active,2026-01-20T19:55:47
198,233,5157********5703-7596,debit,Mastercard,2029-12,active,2025-12-26T13:47:50
199,235,5609********9025-7741,debit,Mastercard,2029-05,blocked,2025-05-11T20:02:42
200,236,6184********0157-1485,debit,Discover,2029-03,expired,2026-03-21T05:38:02
201,236,5899********8749-648,debit,Mastercard,2031-04,blocked,2026-04-06T07:34:15
202,237,4262********2420-2062,debit,Visa,2031-02,active,2026-02-25T17:15:05
203,239,5829********2030-4514,debit,Mastercard,2028-10,expired,2025-10-19T10:01:12
204,240,5328********0205-3684,credit,Mastercard,2029-01,active,2026-01-30T02:05:25
205,241,5277********9027-7339,debit,Mastercard,2030-08,active,2025-08-09T15:29:17
206,242,4043********7179-6402,debit,Visa,2030-03,blocked,2026-03-07T01:06:21
207,243,4477********7722-8956,debit,Visa,2029-04,expired,2026-04-09T16:32:59
208,244,4828********6191-123,credit,Visa,2030-03,active,2026-03-19T11:05:18
209,245,3288*******8642-167,debit,Amex,2031-05,active,2026-05-11T10:08:43
210,246,5417********7352-3062,debit,Mastercard,2029-12,active,2025-12-01T08:21:14
211,246,5900********3787-1475,debit,Mastercard,2028-08,blocked,2025-08-02T13:06:29
212,247,4695********9191-2207,debit,Visa,2029-05,active,2026-05-10T02:14:58
213,248,4078********3500-6862,debit,Visa,2030-04,blocked,2025-04-26T11:53:49
214,249,4858********9863-9873,debit,Visa,2029-07,active,2025-07-18T09:47:15
215,250,5737********2984-8538,credit,Mastercard,2031-04,active,2026-04-11T09:00:41
216,252,4270********4660-8331,debit,Visa,2025-06,expired,2022-06-10T16:18:32
217,253,5384********7577-1961,debit,Mastercard,2029-12,active,2025-12-17T14:53:24
218,254,5754********8647-8036,debit,Mastercard,2030-03,active,2025-03-05T00:42:36
219,255,4456********4614-2152,debit,Visa,2029-01,active,2025-01-22T22:23:25
220,256,5949********3108-4489,debit,Mastercard,2030-12,blocked,2025-12-10T09:07:33
221,258,4198********1755-9624,debit,Visa,2027-03,active,2024-03-01T19:33:35
222,260,4145********5599-1470,credit,Visa,2029-11,expired,2025-11-22T21:55:56
223,261,5590********3029-9958,debit,Mastercard,2029-11,active,2024-11-05T08:59:37
224,261,5819********3008-9888,debit,Mastercard,2029-07,active,2025-07-07T21:31:55
225,262,4273********0179-1005,debit,Visa,2029-01,active,2026-01-23T23:29:35
226,263,4364********0741-4455,debit,Visa,2031-04,blocked,2026-04-26T09:24:01
227,264,4906********2785-347,debit,Visa,2029-05,blocked,2026-05-15T17:06:44
228,265,4615********9465-9181,debit,Visa,2029-10,blocked,2024-10-11T11:44:59
229,265,4952********0908-3849,debit,Visa,2029-10,blocked,2025-10-14T01:44:58
230,267,5285********6821-6010,debit,Mastercard,2029-12,active,2024-12-10T05:41:53
231,268,4486********8744-7441,credit,Visa,2030-03,blocked,2026-03-31T01:59:02
232,269,4231********5914-9070,debit,Visa,2029-04,expired,2026-04-13T23:01:35
233,271,3500*******4609-7553,debit,Amex,2031-02,active,2026-02-23T05:17:04
234,272,5180********9208-5339,debit,Mastercard,2029-01,active,2026-01-04T03:14:51
235,273,5245********6289-228,debit,Mastercard,2029-04,active,2026-04-21T17:42:42
236,275,5294********1566-6946,debit,Mastercard,2028-09,active,2025-09-25T02:51:32
237,276,4592********1034-5068,credit,Visa,2029-12,blocked,2025-12-31T01:44:26
238,277,4941********8840-6629,debit,Visa,2031-04,blocked,2026-04-28T11:31:30
239,278,5136********0560-3769,debit,Mastercard,2030-05,active,2026-05-05T23:31:29
240,279,5402********4104-908,credit,Mastercard,2031-05,active,2026-05-01T04:13:39
241,280,4716********3286-7198,debit,Visa,2031-03,blocked,2026-03-24T15:26:26
242,283,6049********9801-6721,debit,Discover,2029-05,active,2026-05-15T07:31:15
243,284,5882********1955-6718,debit,Mastercard,2030-05,active,2026-05-08T01:33:09
244,285,5455********5680-7202,debit,Mastercard,2029-03,expired,2025-03-14T20:03:08
245,287,5276********5581-8025,debit,Mastercard,2030-02,blocked,2026-02-05T18:40:59
246,289,4447********4347-7734,debit,Visa,2030-10,active,2025-10-07T12:51:52
247,289,4222********0919-7853,debit,Visa,2031-01,active,2026-01-27T01:23:04
248,290,4239********5917-8322,debit,Visa,2030-05,active,2026-05-02T18:13:19
249,291,4115********0535-6113,credit,Visa,2029-01,active,2026-01-08T20:58:06
250,292,5972********5782-302,debit,Mastercard,2029-12,expired,2024-12-11T08:35:29
251,293,4180********5836-8098,debit,Visa,2031-05,active,2026-05-08T03:17:26
252,295,5160********6400-6677,debit,Mastercard,2028-09,active,2024-09-17T21:16:01
253,295,4413********6611-1928,debit,Visa,2029-05,active,2025-05-18T05:55:45
254,296,5889********6052-3217,debit,Mastercard,2030-02,expired,2025-02-04T03:38:52
255,297,4115********5251-5376,debit,Visa,2030-05,active,2026-05-11T21:46:20
256,298,5978********6465-4431,debit,Mastercard,2031-02,expired,2026-02-17T22:08:30
257,299,4848********2670-9016,debit,Visa,2029-01,blocked,2026-01-11T05:58:28
258,300,5808********8764-7034,debit,Mastercard,2030-03,blocked,2026-03-15T10:26:44
259,300,4746********8195-4922,debit,Visa,2029-05,active,2026-05-05T16:04:59
260,301,4998********9133-9526,debit,Visa,2031-04,active,2026-04-23T21:18:54
261,302,4947********4585-2784,debit,Visa,2031-02,active,2026-02-05T14:02:41
262,303,5341********4530-1292,credit,Mastercard,2030-12,active,2025-12-15T13:01:19
263,304,4487********5616-9210,debit,Visa,2031-05,active,2026-05-14T06:19:14
264,305,5121********2435-2953,debit,Mastercard,2031-05,active,2026-05-15T21:47:18
265,308,4878********6663-6738,debit,Visa,2029-02,active,2026-02-15T02:45:44
266,309,5104********9394-9675,debit,Mastercard,2029-01,active,2026-01-10T18:09:56
267,310,4924********8139-7815,debit,Visa,2029-01,blocked,2026-01-06T22:07:02
268,311,4081********0276-9420,debit,Visa,2031-04,expired,2026-04-16T23:38:03
269,312,4733********9406-1105,debit,Visa,2030-05,blocked,2026-05-08T17:09:28
270,313,4788********0218-3422,debit,Visa,2030-04,blocked,2025-04-13T13:34:00
271,314,4110********8227-7927,debit,Visa,2029-02,expired,2026-02-16T22:26:58
272,315,5177********0099-6560,credit,Mastercard,2031-04,active,2026-04-24T16:33:45
273,316,4089********2558-6271,debit,Visa,2028-03,active,2025-03-20T05:15:22
274,318,5970********0751-3534,debit,Mastercard,2030-04,blocked,2026-04-15T14:01:01
275,320,4085********9092-4183,debit,Visa,2028-05,expired,2025-05-04T21:58:01
276,322,5781********7147-308,debit,Mastercard,2029-03,active,2026-03-28T14:09:13
277,324,3016*******2633-2457,credit,Amex,2028-05,active,2025-05-30T19:50:52
278,325,4135********7611-9851,debit,Visa,2028-02,blocked,2025-02-17T08:09:15
279,326,4718********5002-2616,debit,Visa,2029-09,active,2024-09-18T11:17:52
280,327,5417********6087-398,debit,Mastercard,2029-03,active,2026-03-15T10:05:13
281,328,4211********8761-5765,debit,Visa,2030-05,blocked,2025-05-11T21:04:32
282,331,5837********7991-7257,debit,Mastercard,2028-03,blocked,2025-03-16T21:30:49
283,332,5013********9159-2452,debit,Mastercard,2029-04,blocked,2026-04-12T21:56:36
284,334,5234********3484-1133,debit,Mastercard,2028-12,blocked,2025-12-20T19:23:00
285,335,5979********0848-7537,debit,Mastercard,2029-05,active,2026-05-06T02:58:53
286,337,5987********0369-5863,debit,Mastercard,2029-05,active,2026-05-08T09:08:08
287,339,4109********3706-8193,debit,Visa,2030-11,active,2025-11-19T00:03:43
288,341,5080********5549-288,debit,Mastercard,2029-11,active,2025-11-14T04:06:36
289,342,4138********7099-7928,debit,Visa,2029-05,active,2026-05-02T12:00:15
290,345,5092********8934-5860,debit,Mastercard,2030-01,active,2026-01-07T09:40:34
291,347,4018********8942-1678,debit,Visa,2031-03,blocked,2026-03-02T02:25:26
292,348,4981********2256-3185,credit,Visa,2031-04,blocked,2026-04-07T17:34:18
293,349,5010********3651-7678,debit,Mastercard,2029-03,active,2026-03-24T05:43:48
294,350,4548********2418-4031,debit,Visa,2030-05,expired,2025-05-14T21:49:17
295,351,5509********5649-8586,debit,Mastercard,2027-02,expired,2024-02-08T20:38:09
296,352,5114********6337-5881,debit,Mastercard,2029-01,expired,2026-01-22T10:25:12
297,353,4982********5907-1422,debit,Visa,2031-04,active,2026-04-10T04:25:56
298,354,4622********2612-1097,debit,Visa,2029-06,active,2025-06-10T04:12:54
299,355,5728********5057-6404,credit,Mastercard,2029-10,active,2024-10-25T03:26:49
300,356,5154********0241-5011,debit,Mastercard,2030-02,active,2026-02-04T12:47:53
301,359,4362********4664-237,credit,Visa,2030-03,blocked,2026-03-29T20:51:32
302,360,4301********3130-1491,debit,Visa,2027-11,blocked,2023-11-28T10:27:35
303,361,5283********0470-1515,debit,Mastercard,2029-01,expired,2026-01-11T03:32:56
304,363,4238********5343-5289,debit,Visa,2030-04,blocked,2026-04-15T03:24:48
305,364,5189********2239-4128,debit,Mastercard,2029-03,active,2026-03-11T08:58:29
306,365,4983********0951-6947,debit,Visa,2031-03,active,2026-03-03T06:40:36
307,366,4299********0021-9532,debit,Visa,2031-05,active,2026-05-08T22:10:53
308,367,4988********9687-429,debit,Visa,2029-03,blocked,2025-03-21T15:21:28
309,368,4069********3096-8112,debit,Visa,2030-05,active,2026-05-07T15:04:31
310,369,4712********9532-7362,debit,Visa,2031-05,active,2026-05-14T06:19:07
311,370,4773********9338-9128,debit,Visa,2030-05,active,2026-05-16T14:31:39
312,371,4348********9869-1695,debit,Visa,2029-05,blocked,2026-05-10T14:35:00
313,373,4883********8317-1253,credit,Visa,2030-03,blocked,2026-03-29T14:31:40
314,374,4470********1410-7102,debit,Visa,2030-11,blocked,2025-11-19T01:36:15
315,374,4374********9681-969,debit,Visa,2030-12,active,2025-12-25T15:06:05
316,378,5710********7410-3995,debit,Mastercard,2030-12,active,2025-12-12T20:30:34
317,379,4353********2680-7766,credit,Visa,2030-05,active,2026-05-09T19:48:03
318,380,4951********8847-2576,debit,Visa,2028-04,blocked,2023-04-24T04:22:56
319,381,4565********9628-6035,debit,Visa,2029-11,blocked,2025-11-08T03:38:44
320,382,4755********3358-3090,debit,Visa,2030-01,blocked,2026-01-21T19:11:53
321,383,5494********9559-5388,credit,Mastercard,2030-05,active,2026-05-13T01:43:43
322,386,4788********1550-7266,debit,Visa,2028-07,blocked,2025-07-25T23:39:53
323,387,5499********4196-6323,debit,Mastercard,2030-04,active,2026-04-25T21:30:32
324,388,4286********9706-1020,credit,Visa,2028-10,expired,2025-10-29T01:28:40
325,389,5453********6528-1761,debit,Mastercard,2029-10,active,2025-10-24T12:31:57
326,390,4565********4057-6679,debit,Visa,2031-03,active,2026-03-11T02:07:45
327,390,4593********5638-1541,debit,Visa,2030-04,active,2026-04-20T08:46:55
328,391,5357********4019-4098,debit,Mastercard,2029-03,expired,2025-03-10T07:55:45
329,392,4638********9973-4023,debit,Visa,2028-02,active,2025-02-24T00:07:37
330,394,4533********3886-3124,credit,Visa,2030-08,active,2025-08-11T21:12:07
331,396,5338********4683-4395,debit,Mastercard,2029-04,blocked,2024-04-11T22:03:40
332,397,4899********7341-4958,debit,Visa,2028-12,blocked,2025-12-05T06:59:47
333,397,4556********5620-9064,debit,Visa,2029-11,blocked,2025-11-15T02:36:16
334,398,4901********7843-9068,debit,Visa,2031-04,active,2026-04-15T10:40:01
335,401,4935********8441-5944,debit,Visa,2029-06,blocked,2024-06-05T09:36:21
336,402,4897********6495-3212,debit,Visa,2028-06,active,2025-06-10T08:31:12
337,404,4556********0720-3016,debit,Visa,2031-04,active,2026-04-25T10:04:06
338,405,5798********7762-3719,debit,Mastercard,2029-12,active,2025-12-05T11:44:38
339,406,4545********0701-5956,credit,Visa,2027-03,blocked,2023-03-24T05:08:13
340,407,4099********5010-7771,debit,Visa,2028-06,active,2024-06-18T11:57:26
341,409,4361********4521-1489,debit,Visa,2029-12,blocked,2025-12-31T07:20:55
342,410,5332********4125-6851,debit,Mastercard,2030-10,active,2025-10-08T17:49:52
343,411,5014********7493-1750,debit,Mastercard,2029-03,expired,2026-03-27T22:46:24
344,412,3791*******7552-9715,debit,Amex,2030-05,expired,2026-05-12T23:36:47
345,413,5307********2278-8934,debit,Mastercard,2025-08,expired,2022-08-21T21:40:43
346,415,5232********5751-2447,debit,Mastercard,2030-05,blocked,2026-05-09T12:11:16
347,417,4536********8127-6696,debit,Visa,2030-05,expired,2026-05-08T17:25:35
348,417,3102*******3232-3956,debit,Amex,2029-05,blocked,2026-05-09T11:56:30
349,419,4887********0554-8554,debit,Visa,2028-05,blocked,2025-05-15T19:38:02
350,420,4520********5787-8983,debit,Visa,2030-01,active,2026-01-20T08:22:53
351,421,4471********7970-7789,debit,Visa,2028-05,active,2024-05-04T01:00:06
352,422,5335********4770-1267,debit,Mastercard,2031-01,active,2026-01-30T02:13:22
353,423,4124********9277-3894,debit,Visa,2031-01,active,2026-01-23T01:10:02
354,424,6132********7810-7003,debit,Discover,2031-03,active,2026-03-13T13:52:07
355,426,4190********8938-3985,debit,Visa,2030-03,active,2026-03-09T17:24:48
356,427,5332********7529-1384,debit,Mastercard,2030-05,active,2026-05-08T08:27:04
357,428,3491*******0315-6757,credit,Amex,2031-01,blocked,2026-01-02T04:06:39
358,430,5718********4564-1678,debit,Mastercard,2030-03,blocked,2025-03-14T22:19:47
359,431,3519*******1804-6876,debit,Amex,2030-02,active,2026-02-28T20:20:20
360,438,5645********4121-4579,credit,Mastercard,2028-02,active,2023-02-24T15:28:17
361,439,5079********1098-6591,debit,Mastercard,2030-08,expired,2025-08-27T07:48:14
362,441,5362********5329-4258,debit,Mastercard,2030-10,blocked,2025-10-11T12:41:48
363,443,5570********8723-6914,debit,Mastercard,2030-02,blocked,2026-02-14T11:12:59
364,443,6827********8472-1377,debit,Discover,2027-10,expired,2023-10-20T23:38:02
365,444,5598********5483-6024,debit,Mastercard,2027-12,expired,2023-12-05T22:47:01
366,445,4416********5723-5475,debit,Visa,2029-04,blocked,2026-04-27T05:15:39
367,446,4648********3649-8249,debit,Visa,2031-04,blocked,2026-04-14T14:31:59
368,447,4872********6937-9758,debit,Visa,2030-04,blocked,2026-04-19T21:11:49
369,448,4799********4371-6608,debit,Visa,2030-05,active,2026-05-09T15:38:31
370,449,5007********8029-8699,debit,Mastercard,2029-07,blocked,2025-07-02T15:47:37
371,451,5280********5324-8542,credit,Mastercard,2031-05,active,2026-05-02T07:40:17
372,453,5619********6650-853,debit,Mastercard,2030-05,blocked,2026-05-05T20:15:17
373,454,5291********3681-2757,debit,Mastercard,2030-01,blocked,2026-01-15T03:54:26
374,457,5601********9371-6010,credit,Mastercard,2028-11,blocked,2024-11-04T20:53:39
375,458,4086********4105-7395,debit,Visa,2029-03,active,2025-03-06T18:19:00
376,458,5563********6837-6469,debit,Mastercard,2029-05,active,2025-05-17T07:05:59
377,459,5298********3072-3681,credit,Mastercard,2028-02,active,2023-02-25T07:01:29
378,463,5140********7140-7223,debit,Mastercard,2028-08,blocked,2024-08-16T21:55:22
379,463,5337********7537-4935,debit,Mastercard,2028-01,blocked,2025-01-02T13:48:28
380,464,5077********0754-5694,debit,Mastercard,2031-05,active,2026-05-15T02:36:55
381,465,5755********5042-9967,debit,Mastercard,2027-01,blocked,2024-01-05T05:49:45
382,467,4819********8459-8096,debit,Visa,2028-03,active,2023-03-15T09:21:21
383,468,5428********7492-8838,debit,Mastercard,2030-11,blocked,2025-11-24T05:43:19
384,469,5651********7371-5035,debit,Mastercard,2029-05,blocked,2026-05-08T17:05:29
385,470,5654********4414-1477,debit,Mastercard,2028-11,blocked,2025-11-24T15:56:18
386,471,5150********5322-6350,debit,Mastercard,2030-12,blocked,2025-12-21T17:29:01
387,471,4799********3996-21,debit,Visa,2029-12,blocked,2025-12-08T19:14:09
388,473,4684********4556-6427,debit,Visa,2028-06,active,2025-06-05T15:58:46
389,475,4178********4744-8073,debit,Visa,2030-09,expired,2025-09-29T01:34:34
390,476,5573********6727-3055,debit,Mastercard,2030-03,blocked,2026-03-26T12:28:08
391,476,5522********8584-2878,debit,Mastercard,2029-06,blocked,2024-06-26T23:58:42
392,478,4319********8379-2253,debit,Visa,2030-12,active,2025-12-01T11:09:03
393,479,5991********1177-158,debit,Mastercard,2031-05,active,2026-05-12T07:44:09
394,479,4944********9691-3461,debit,Visa,2031-05,blocked,2026-05-09T03:43:16
395,481,4487********7271-4322,debit,Visa,2029-03,active,2026-03-07T13:08:26
396,481,5592********3312-8379,debit,Mastercard,2031-04,blocked,2026-04-15T11:48:10
397,482,4464********0261-5496,debit,Visa,2029-03,active,2026-03-22T11:52:26
398,483,4599********5133-9578,debit,Visa,2029-10,active,2025-10-22T12:25:26
399,484,4432********6433-1333,credit,Visa,2027-01,expired,2024-01-06T06:45:23
400,485,5143********6917-669,debit,Mastercard,2029-10,expired,2025-10-13T05:09:31
401,485,4509********4826-9565,debit,Visa,2031-02,active,2026-02-15T02:30:38
402,487,4505********4562-2390,debit,Visa,2029-04,active,2026-04-10T01:28:49
403,488,4907********3847-3498,debit,Visa,2031-05,blocked,2026-05-15T19:34:12
404,490,3127*******2816-3754,debit,Amex,2029-08,expired,2025-08-04T02:07:02
405,492,4618********1546-4919,debit,Visa,2028-05,blocked,2025-05-06T19:07:59
406,494,4694********2699-3734,debit,Visa,2031-01,active,2026-01-02T06:47:24
407,497,4339********5095-8891,debit,Visa,2030-01,active,2026-01-07T01:00:43
408,500,4089********1811-6825,debit,Visa,2030-01,active,2026-01-12T21:34:52
409,501,5268********3815-282,debit,Mastercard,2028-08,active,2025-08-09T18:47:43
410,502,4651********7730-8120,debit,Visa,2029-09,active,2025-09-14T01:10:32
411,503,3471*******7190-7872,debit,Amex,2030-05,active,2026-05-16T05:38:14
412,503,5900********3687-463,debit,Mastercard,2031-04,expired,2026-04-21T17:07:16
413,504,4988********4051-8298,debit,Visa,2031-05,blocked,2026-05-06T02:19:43
414,505,5643********4480-7880,debit,Mastercard,2031-05,active,2026-05-15T13:52:02
415,506,5910********0376-1038,credit,Mastercard,2028-11,active,2025-11-23T09:54:16
416,507,5607********3865-528,debit,Mastercard,2028-07,active,2025-07-03T19:10:41
417,508,4283********4300-5187,debit,Visa,2026-01,expired,2023-01-19T03:37:58
418,510,5621********2117-7592,debit,Mastercard,2029-08,blocked,2024-08-21T21:25:15
419,511,5750********8180-8565,debit,Mastercard,2030-05,active,2026-05-05T11:30:14
420,513,5972********9388-4564,debit,Mastercard,2027-01,active,2023-01-21T11:04:22
421,514,4605********5282-936,debit,Visa,2029-11,expired,2025-11-28T03:35:33
422,515,5013********5364-2782,debit,Mastercard,2030-11,active,2025-11-17T16:29:31
423,516,5480********3260-9295,debit,Mastercard,2029-10,active,2025-10-07T02:34:24
424,517,5666********8340-1366,debit,Mastercard,2030-04,blocked,2026-04-20T15:19:15
425,521,5333********7721-2017,debit,Mastercard,2031-05,active,2026-05-09T02:19:22
426,524,4667********8069-7948,debit,Visa,2029-03,blocked,2025-03-08T14:42:31
427,524,4735********1221-2530,debit,Visa,2027-05,blocked,2024-05-05T03:18:25
428,526,5274********4676-6461,credit,Mastercard,2030-04,blocked,2026-04-07T04:31:15
429,527,4727********5083-9227,debit,Visa,2031-04,blocked,2026-04-23T18:27:43
430,527,4654********0974-2023,debit,Visa,2029-04,blocked,2026-04-05T12:36:03
431,528,4229********3125-2465,debit,Visa,2029-01,active,2026-01-28T06:49:57
432,530,5301********7329-5925,debit,Mastercard,2031-01,active,2026-01-05T14:41:01
433,530,5657********2674-4320,debit,Mastercard,2030-01,blocked,2026-01-22T02:16:19
434,533,4409********3605-1247,debit,Visa,2030-04,blocked,2025-04-23T10:17:11
435,533,4909********5888-6274,debit,Visa,2029-01,active,2026-01-03T01:22:58
436,536,4615********1101-630,debit,Visa,2027-06,active,2024-06-15T12:59:52
437,537,4158********3894-6586,debit,Visa,2029-12,active,2025-12-17T03:27:56
438,538,5078********4166-3951,debit,Mastercard,2029-04,active,2026-04-09T00:10:44
439,539,4753********5666-9663,debit,Visa,2030-09,blocked,2025-09-20T09:19:54
440,541,4957********7247-3211,debit,Visa,2029-04,active,2026-04-24T17:38:44
441,543,5200********8565-6504,debit,Mastercard,2029-07,blocked,2025-07-01T05:36:42
442,545,5352********2127-7802,debit,Mastercard,2027-09,active,2024-09-06T12:54:54
443,546,4932********7015-3904,credit,Visa,2030-05,active,2025-05-12T02:11:20
444,547,3950*******2601-7274,debit,Amex,2030-08,active,2025-08-09T08:00:09
445,548,4796********0889-2313,debit,Visa,2031-05,blocked,2026-05-13T20:52:08
446,549,4116********1762-3545,debit,Visa,2029-01,active,2026-01-08T07:27:16
447,550,5165********7457-3379,debit,Mastercard,2031-01,blocked,2026-01-24T16:35:13
448,551,5325********8553-8528,debit,Mastercard,2031-04,expired,2026-04-20T09:40:49
449,552,5387********2491-3261,debit,Mastercard,2027-09,active,2024-09-15T22:32:52
450,553,4009********4848-800,debit,Visa,2029-04,blocked,2026-04-06T11:24:05
451,554,4218********4380-3140,debit,Visa,2028-03,active,2025-03-22T09:29:45
452,554,5889********8280-8626,debit,Mastercard,2026-06,expired,2023-06-22T09:53:44
453,555,4595********7761-7723,debit,Visa,2029-09,expired,2025-09-14T09:44:17
454,556,5866********2479-710,debit,Mastercard,2028-12,active,2025-12-07T17:33:59
455,557,5499********0578-1987,debit,Mastercard,2031-05,expired,2026-05-04T13:19:07
456,558,5917********4498-9132,debit,Mastercard,2029-02,active,2026-02-24T21:08:43
457,559,4646********9418-6435,debit,Visa,2030-03,active,2026-03-11T07:39:36
458,561,5229********9523-6409,debit,Mastercard,2031-03,blocked,2026-03-08T23:06:14
459,562,4803********5047-7682,debit,Visa,2029-06,expired,2025-06-13T09:28:01
460,563,3828*******8655-6391,debit,Amex,2028-11,active,2023-11-16T09:01:01
461,564,5603********6843-8544,debit,Mastercard,2030-04,blocked,2026-04-03T17:29:23
462,566,4173********8785-3218,debit,Visa,2030-05,expired,2026-05-13T21:49:19
463,567,4632********6654-6406,debit,Visa,2027-03,expired,2024-03-26T21:10:15
464,568,4256********0807-7690,debit,Visa,2028-09,blocked,2025-09-21T18:00:04
465,569,4036********4409-4517,debit,Visa,2030-05,blocked,2026-05-13T07:50:24
466,570,5886********2487-1976,debit,Mastercard,2029-04,active,2026-04-20T23:47:02
467,571,4730********3456-370,debit,Visa,2030-05,expired,2026-05-02T05:33:37
468,572,4760********9119-513,debit,Visa,2031-04,expired,2026-04-26T07:46:41
469,573,4927********3667-7414,credit,Visa,2028-02,blocked,2024-02-27T12:52:49
470,576,4390********5430-591,debit,Visa,2028-10,expired,2025-10-13T08:02:29
471,576,4655********9661-730,debit,Visa,2029-03,active,2025-03-28T22:08:45
472,577,5292********6596-4745,debit,Mastercard,2029-02,active,2026-02-02T01:59:59
473,580,5566********3398-1258,debit,Mastercard,2029-01,active,2026-01-23T02:53:13
474,581,4684********0736-2957,debit,Visa,2031-04,expired,2026-04-04T00:21:56
475,582,4868********5407-8664,debit,Visa,2030-05,active,2026-05-11T22:39:48
476,583,5356********1110-8434,debit,Mastercard,2030-01,expired,2026-01-25T17:05:26
477,583,4960********7509-1779,debit,Visa,2029-01,expired,2026-01-18T16:55:22
478,584,3682*******5918-6000,debit,Amex,2029-05,active,2026-05-03T21:19:39
479,585,4800********8559-3158,debit,Visa,2031-05,blocked,2026-05-08T13:52:49
480,586,6582********3569-7656,debit,Discover,2029-05,active,2026-05-10T18:49:47
481,588,5584********7567-7708,credit,Mastercard,2027-10,active,2024-10-07T12:34:38
482,589,4184********5503-8782,debit,Visa,2029-11,active,2025-11-25T14:20:03
483,591,5413********7466-5530,debit,Mastercard,2029-02,active,2025-02-18T16:19:18
484,591,5525********2652-3867,debit,Mastercard,2029-04,expired,2024-04-08T11:28:11
485,594,4667********9993-7144,debit,Visa,2029-01,blocked,2026-01-20T05:47:58
486,594,5801********3679-2385,debit,Mastercard,2029-04,active,2026-04-22T04:34:05
487,596,4343********7457-3786,debit,Visa,2031-04,active,2026-04-24T05:46:05
488,597,4382********3013-271,debit,Visa,2029-10,active,2025-10-13T23:14:30
489,598,4713********4494-3684,debit,Visa,2029-05,active,2026-05-10T17:44:57
490,599,4017********4769-3543,debit,Visa,2029-04,active,2026-04-25T05:46:39
491,601,4821********7910-452,credit,Visa,2029-12,active,2025-12-22T01:38:26
492,602,4877********0201-5420,credit,Visa,2029-01,active,2024-01-15T15:03:32
493,603,4179********5666-4405,debit,Visa,2030-11,blocked,2025-11-08T20:02:41
494,604,5837********1769-2720,debit,Mastercard,2027-07,active,2023-07-03T07:27:50
495,605,4790********1675-875,debit,Visa,2028-12,expired,2024-12-11T20:41:02
496,606,4793********6267-6038,debit,Visa,2029-04,active,2024-04-13T21:24:34
497,607,5762********1284-5913,debit,Mastercard,2031-02,active,2026-02-11T23:44:00
498,608,5588********1733-1005,credit,Mastercard,2031-03,active,2026-03-19T10:12:04
499,609,5520********8884-5326,debit,Mastercard,2030-02,blocked,2026-02-23T10:35:31
500,612,5801********1825-2681,debit,Mastercard,2029-03,blocked,2026-03-15T16:55:06
501,613,4250********9947-3926,debit,Visa,2029-06,blocked,2024-06-23T13:49:09
502,614,4456********8132-6480,debit,Visa,2028-07,blocked,2025-07-24T16:30:18
503,615,4046********4054-5346,debit,Visa,2029-12,active,2025-12-29T17:05:42
504,616,4023********2617-3882,debit,Visa,2029-06,blocked,2025-06-17T10:30:20
505,617,4760********7725-781,debit,Visa,2030-03,active,2026-03-09T20:04:55
506,618,5185********4945-8017,debit,Mastercard,2031-04,active,2026-04-01T00:12:36
507,619,4968********7127-6164,credit,Visa,2031-05,active,2026-05-03T19:55:38
508,620,4896********2171-887,debit,Visa,2029-12,active,2025-12-14T15:08:10
509,621,4568********5640-5285,debit,Visa,2030-03,blocked,2025-03-16T02:31:05
510,622,4509********6135-6153,debit,Visa,2028-03,expired,2025-03-18T06:22:42
511,623,4472********9586-8459,credit,Visa,2030-04,active,2025-04-17T09:34:57
512,624,4590********0475-8220,debit,Visa,2030-02,active,2026-02-22T07:31:58
513,626,4750********3057-7964,debit,Visa,2025-11,expired,2021-11-25T09:25:44
514,628,5758********7635-5584,credit,Mastercard,2029-03,active,2026-03-25T16:34:15
515,630,5228********4262-2147,credit,Mastercard,2031-04,active,2026-04-08T13:44:42
516,631,5442********2476-2635,credit,Mastercard,2029-05,expired,2026-05-08T13:27:14
517,632,4221********5922-9719,debit,Visa,2031-04,active,2026-04-03T01:45:08
518,633,5743********1166-2257,debit,Mastercard,2031-05,blocked,2026-05-15T02:39:51
519,634,4692********6644-4821,debit,Visa,2030-05,blocked,2026-05-04T19:13:16
520,634,4857********8629-2164,debit,Visa,2030-02,blocked,2026-02-14T01:07:12
521,635,5689********1564-6675,debit,Mastercard,2030-06,blocked,2025-06-06T08:10:31
522,639,4389********3605-2768,debit,Visa,2031-04,active,2026-04-16T22:23:59
523,639,4775********7457-4600,debit,Visa,2030-05,expired,2026-05-16T18:00:49
524,640,4989********6549-3921,debit,Visa,2027-02,blocked,2024-02-07T09:28:52
525,642,4038********0723-3180,debit,Visa,2030-01,active,2026-01-16T12:32:50
526,643,4794********5834-8948,debit,Visa,2031-05,active,2026-05-16T11:49:22
527,644,4166********7650-393,debit,Visa,2029-04,active,2026-04-11T18:35:42
528,645,4189********4219-290,debit,Visa,2027-10,active,2024-10-26T17:09:00
529,646,5908********3579-2243,credit,Mastercard,2030-11,blocked,2025-11-15T21:41:12
530,647,5532********8105-9510,debit,Mastercard,2029-05,active,2026-05-13T21:01:02
531,648,4660********8280-5699,credit,Visa,2029-09,active,2024-09-29T03:19:53
532,649,3003*******2502-6117,debit,Amex,2030-03,expired,2026-03-23T18:51:59
533,649,5405********2886-7795,debit,Mastercard,2028-11,active,2025-11-18T14:16:11
534,651,4156********4865-7659,credit,Visa,2028-03,active,2025-03-25T08:37:20
535,652,4532********8331-5002,debit,Visa,2028-04,blocked,2025-04-21T17:56:01
536,652,5294********4886-8673,debit,Mastercard,2029-09,blocked,2025-09-03T19:38:47
537,654,5988********1902-3793,debit,Mastercard,2028-09,expired,2025-09-22T00:28:27
538,654,4158********2080-7784,debit,Visa,2030-12,active,2025-12-12T13:30:05
539,655,5506********8650-5342,debit,Mastercard,2028-08,expired,2025-08-23T03:03:42
540,655,4646********8323-6236,debit,Visa,2028-07,active,2025-07-18T23:10:50
541,657,4549********0604-7696,debit,Visa,2029-01,expired,2026-01-05T09:01:46
542,658,5811********4974-9939,debit,Mastercard,2031-02,expired,2026-02-03T05:49:54
543,659,4154********0752-8449,debit,Visa,2030-05,expired,2025-05-19T11:20:38
544,660,6996********9753-3126,debit,Discover,2028-09,active,2025-09-27T05:46:41
545,661,4123********1331-9311,debit,Visa,2028-09,blocked,2024-09-20T00:37:01
546,664,4934********7856-1395,debit,Visa,2030-02,active,2026-02-15T03:21:14
547,665,6772********3008-3315,debit,Discover,2031-05,active,2026-05-15T17:35:41
548,666,5662********7998-4589,debit,Mastercard,2030-01,blocked,2026-01-21T08:01:37
549,667,4844********8918-4018,debit,Visa,2027-09,active,2024-09-04T22:47:11
550,667,5935********9679-215,debit,Mastercard,2031-04,active,2026-04-29T03:32:02
551,668,5809********9928-9956,credit,Mastercard,2027-12,blocked,2024-12-11T08:47:36
552,670,4202********9051-4662,debit,Visa,2030-03,active,2026-03-12T21:47:06
553,672,4868********4273-6170,debit,Visa,2029-01,active,2026-01-11T07:46:49
554,674,4589********5945-2528,debit,Visa,2030-05,expired,2026-05-10T11:01:27
555,674,5585********0312-9115,debit,Mastercard,2028-12,active,2025-12-19T04:53:40
556,675,4994********5757-5715,debit,Visa,2030-04,active,2026-04-07T12:10:32
557,677,4488********5735-4251,debit,Visa,2030-05,active,2025-05-20T04:06:00
558,678,5019********4479-6721,debit,Mastercard,2029-10,active,2025-10-13T05:29:01
559,679,4016********3795-9602,debit,Visa,2031-05,blocked,2026-05-16T04:58:50
560,680,4108********3664-480,debit,Visa,2029-10,active,2025-10-22T06:01:43
561,681,5126********1093-4238,debit,Mastercard,2029-06,active,2025-06-02T21:56:56
562,682,5006********4122-3354,debit,Mastercard,2030-05,active,2026-05-05T10:03:24
563,682,5139********6280-2111,debit,Mastercard,2031-04,active,2026-04-29T18:57:38
564,683,4978********1788-2945,debit,Visa,2028-09,active,2023-09-06T21:55:09
565,685,5224********4820-9923,debit,Mastercard,2028-03,active,2025-03-20T04:51:39
566,688,4919********5024-7670,debit,Visa,2029-07,blocked,2025-07-23T10:05:33
567,689,5918********3559-1640,debit,Mastercard,2028-12,blocked,2024-12-02T03:31:20
568,690,5801********1404-5189,debit,Mastercard,2029-04,active,2026-04-29T08:18:08
569,690,5151********9168-6486,debit,Mastercard,2031-04,expired,2026-04-02T07:34:36
570,691,6707********4651-2443,debit,Discover,2029-05,expired,2025-05-10T23:00:23
571,692,3563*******3770-8788,credit,Amex,2029-03,blocked,2025-03-22T15:00:38
572,693,4319********3815-723,debit,Visa,2031-03,active,2026-03-13T19:16:44
573,694,4691********4813-7765,debit,Visa,2031-04,active,2026-04-16T12:32:30
574,695,4712********2254-3402,debit,Visa,2030-05,blocked,2025-05-12T14:38:21
575,696,4113********9490-4534,credit,Visa,2028-07,active,2025-07-18T11:42:36
576,697,5720********3813-1760,debit,Mastercard,2029-03,active,2026-03-31T14:35:09
577,697,5912********4035-7950,debit,Mastercard,2029-03,active,2026-03-26T02:36:08
578,698,5572********4564-5007,debit,Mastercard,2027-06,active,2024-06-05T19:18:47
579,699,3786*******9595-5654,debit,Amex,2029-11,blocked,2024-11-26T14:21:04
580,700,5801********7888-6258,debit,Mastercard,2029-06,blocked,2025-06-13T18:33:46
581,702,4722********3166-3166,debit,Visa,2029-09,expired,2025-09-12T19:58:24
582,703,4260********2653-7319,debit,Visa,2030-10,active,2025-10-31T14:47:46
583,704,5617********3536-4596,debit,Mastercard,2030-04,active,2026-04-06T12:13:23
584,705,3024*******6703-7902,debit,Amex,2030-12,blocked,2025-12-02T05:59:46
585,706,5731********3652-9515,debit,Mastercard,2029-11,active,2024-11-15T03:19:38
586,708,5035********0143-7569,debit,Mastercard,2029-09,active,2025-09-02T07:43:53
587,709,5740********2246-7895,debit,Mastercard,2030-03,active,2026-03-20T07:53:33
588,711,4621********5842-6414,credit,Visa,2031-04,active,2026-04-26T08:14:30
589,712,5573********3970-8009,debit,Mastercard,2029-02,active,2025-02-09T01:36:50
590,712,5190********0471-4390,debit,Mastercard,2030-04,active,2026-04-23T11:49:17
591,714,5942********5389-200,debit,Mastercard,2027-12,blocked,2024-12-03T11:53:06
592,715,5147********5876-4,debit,Mastercard,2028-05,active,2025-05-13T05:58:43
593,716,4734********0465-1137,debit,Visa,2031-03,blocked,2026-03-25T09:08:52
594,717,4067********3467-6397,debit,Visa,2028-06,blocked,2024-06-17T19:41:04
595,719,4281********3288-9883,credit,Visa,2029-02,active,2026-02-08T10:48:03
596,720,5513********1133-2864,debit,Mastercard,2030-04,active,2026-04-03T05:48:53
597,721,5240********2600-1026,debit,Mastercard,2030-03,active,2026-03-01T21:31:41
598,722,5575********9999-244,debit,Mastercard,2031-04,active,2026-04-03T13:46:08
599,724,4156********9150-5216,debit,Visa,2028-07,blocked,2025-07-30T19:31:49
600,725,5305********1958-6903,debit,Mastercard,2030-07,active,2025-07-29T23:51:59
601,726,4093********8232-2489,credit,Visa,2031-04,active,2026-04-24T14:53:00
602,727,4850********0732-6673,debit,Visa,2029-03,active,2024-03-15T22:26:40
603,728,5907********9169-7033,debit,Mastercard,2028-08,expired,2025-08-25T02:53:18
604,729,5577********3917-6209,debit,Mastercard,2028-10,active,2024-10-12T14:58:03
605,730,6260********0281-1057,debit,Discover,2030-06,blocked,2025-06-06T00:55:33
606,731,5098********7253-2734,debit,Mastercard,2028-08,expired,2024-08-03T03:25:32
607,732,4871********0100-9225,debit,Visa,2029-05,blocked,2026-05-14T16:23:45
608,736,5845********2242-2880,debit,Mastercard,2031-04,active,2026-04-23T08:11:21
609,737,4424********8933-4290,debit,Visa,2028-07,active,2025-07-26T05:48:08
610,741,4012********2164-2584,credit,Visa,2031-03,active,2026-03-14T01:11:00
611,742,4119********6407-9985,debit,Visa,2030-12,active,2025-12-31T17:18:25
612,743,5893********3414-3277,debit,Mastercard,2030-04,blocked,2026-04-15T08:52:39
613,745,5591********2893-5420,debit,Mastercard,2029-05,active,2026-05-04T02:45:04
614,746,4358********2834-2938,debit,Visa,2029-05,active,2026-05-08T07:54:26
615,747,3034*******1532-5427,debit,Amex,2030-09,blocked,2025-09-28T07:20:09
616,748,5057********5840-5110,debit,Mastercard,2030-04,active,2026-04-28T02:20:14
617,749,5899********5191-6136,debit,Mastercard,2030-05,active,2026-05-05T21:08:37
618,750,5658********0765-2276,debit,Mastercard,2028-01,active,2025-01-26T21:29:22
619,752,4895********7319-7815,debit,Visa,2031-04,blocked,2026-04-25T13:22:51
620,752,4431********6871-9093,debit,Visa,2030-03,blocked,2026-03-30T12:52:45
621,753,4435********6248-3746,debit,Visa,2030-02,expired,2026-02-26T17:34:41
622,754,5885********0528-3878,debit,Mastercard,2029-02,blocked,2026-02-10T20:14:40
623,755,4210********1754-4708,credit,Visa,2030-10,blocked,2025-10-13T10:37:37
624,756,4801********3162-5482,debit,Visa,2031-04,active,2026-04-19T07:34:27
625,759,6474********0953-8833,debit,Discover,2029-08,active,2025-08-19T08:06:16
626,760,4660********0897-9621,debit,Visa,2029-03,active,2026-03-04T01:26:59
627,761,3794*******2924-6482,debit,Amex,2030-01,blocked,2025-01-01T00:12:16
628,764,5929********0055-5575,credit,Mastercard,2031-04,active,2026-04-19T06:52:32
629,765,5381********3593-6686,debit,Mastercard,2029-01,active,2026-01-17T07:34:03
630,766,4509********6504-2377,debit,Visa,2031-02,blocked,2026-02-07T17:38:14
631,768,5673********5703-7728,debit,Mastercard,2029-05,active,2026-05-08T06:45:34
632,769,5286********5622-5382,debit,Mastercard,2028-08,blocked,2025-08-20T06:50:11
633,770,4493********3236-2927,debit,Visa,2030-05,expired,2026-05-03T12:42:33
634,770,4395********1619-7423,debit,Visa,2029-05,expired,2026-05-03T19:46:17
635,771,4621********7234-648,debit,Visa,2031-01,active,2026-01-24T01:27:32
636,772,4869********3459-545,debit,Visa,2030-08,active,2025-08-30T14:27:27
637,773,4172********1793-9077,debit,Visa,2029-05,active,2024-05-26T02:00:35
638,774,5761********7964-9976,debit,Mastercard,2030-03,active,2026-03-16T15:27:16
639,775,4164********1667-8886,debit,Visa,2031-04,active,2026-04-23T19:12:15
640,776,3855*******8088-9935,debit,Amex,2030-01,expired,2025-01-01T03:29:07
641,776,6906********2524-5492,debit,Discover,2030-06,active,2025-06-29T23:11:48
642,777,5195********5278-7152,debit,Mastercard,2029-12,blocked,2025-12-10T03:13:14
643,778,4954********0250-4070,debit,Visa,2028-12,active,2025-12-07T07:17:41
644,779,5464********4671-4973,credit,Mastercard,2031-04,active,2026-04-15T13:30:26
645,781,4983********8680-1060,debit,Visa,2031-02,active,2026-02-20T06:18:17
646,782,6702********8157-4552,debit,Discover,2030-02,active,2026-02-28T23:50:39
647,783,4103********1508-5328,debit,Visa,2027-12,active,2024-12-02T19:32:03
648,784,4232********1504-4615,debit,Visa,2031-04,blocked,2026-04-07T18:43:23
649,785,4248********0113-2631,debit,Visa,2030-03,active,2026-03-21T14:58:21
650,786,5413********4775-2009,debit,Mastercard,2028-06,expired,2025-06-15T03:01:29
651,786,5451********1185-5745,debit,Mastercard,2031-04,active,2026-04-04T11:54:17
652,788,4792********9536-6018,credit,Visa,2031-01,active,2026-01-08T18:18:06
653,789,4369********1468-5157,debit,Visa,2030-12,active,2025-12-14T15:24:49
654,790,5183********2327-5039,debit,Mastercard,2031-01,active,2026-01-19T21:48:59
655,792,5196********4464-121,debit,Mastercard,2030-04,blocked,2026-04-19T13:20:36
656,793,3207*******8896-9071,debit,Amex,2029-04,active,2026-04-14T07:06:48
657,794,5128********5073-1488,debit,Mastercard,2029-04,active,2026-04-22T22:54:58
658,795,6026********1318-3981,debit,Discover,2029-04,blocked,2026-04-08T23:41:19
659,796,4393********9178-9344,debit,Visa,2030-04,expired,2026-04-30T17:25:08
660,797,4997********7353-4955,debit,Visa,2031-01,active,2026-01-09T18:44:50
661,798,5161********8495-3296,debit,Mastercard,2027-11,blocked,2024-11-20T01:37:41
662,799,4756********4657-7085,debit,Visa,2028-12,active,2025-12-02T23:24:46
663,799,4866********7962-152,debit,Visa,2031-02,expired,2026-02-09T16:41:56
664,800,5998********0671-1252,debit,Mastercard,2030-08,active,2025-08-15T12:18:25
665,800,5273********7014-5911,debit,Mastercard,2028-12,active,2024-12-08T09:32:50
666,801,6488********6769-5027,debit,Discover,2031-02,blocked,2026-02-14T12:47:23
667,801,4104********2423-6244,debit,Visa,2030-01,active,2026-01-31T22:09:04
668,802,4778********6014-4486,debit,Visa,2029-02,blocked,2025-02-15T17:55:04
669,803,5308********7025-9375,debit,Mastercard,2029-01,blocked,2026-01-24T08:56:05
670,805,5951********1770-5454,debit,Mastercard,2029-04,active,2026-04-25T19:19:58
671,806,5417********3617-542,debit,Mastercard,2030-01,active,2026-01-06T21:08:20
672,807,4746********4103-5434,debit,Visa,2030-03,active,2026-03-28T02:01:44
673,808,4770********9632-3063,debit,Visa,2031-02,active,2026-02-03T21:48:11
674,809,4376********6967-1652,credit,Visa,2031-05,active,2026-05-09T00:50:10
675,810,3020*******2411-8529,debit,Amex,2029-03,expired,2026-03-09T03:44:29
676,811,4318********1999-7444,debit,Visa,2028-12,blocked,2025-12-23T08:31:00
677,812,4576********8984-7262,debit,Visa,2029-10,blocked,2024-10-04T06:28:36
678,813,5855********1369-5483,credit,Mastercard,2031-01,blocked,2026-01-21T06:10:57
679,815,5460********5384-3802,debit,Mastercard,2027-11,active,2024-11-29T00:54:29
680,816,5723********2572-9976,debit,Mastercard,2029-04,active,2026-04-22T09:38:04
681,818,6894********0392-5034,debit,Discover,2031-05,blocked,2026-05-11T01:05:32
682,819,5061********4689-9006,debit,Mastercard,2029-10,expired,2025-10-14T17:20:41
683,820,5189********1944-9314,debit,Mastercard,2030-02,active,2025-02-20T06:45:24
684,824,5630********6470-6386,debit,Mastercard,2031-01,active,2026-01-24T09:17:37
685,825,4541********8444-4161,debit,Visa,2028-06,active,2024-06-03T18:46:45
686,826,4215********6244-3754,debit,Visa,2029-05,blocked,2026-05-13T17:05:14
687,827,5434********5148-3526,debit,Mastercard,2028-04,blocked,2025-04-26T12:56:05
688,828,4306********7559-5234,debit,Visa,2029-05,active,2026-05-09T20:38:05
689,829,4834********6213-9488,debit,Visa,2031-04,blocked,2026-04-30T06:35:40
690,830,5973********3197-8561,debit,Mastercard,2030-02,active,2026-02-18T08:36:31
691,831,5189********1302-7769,debit,Mastercard,2030-01,blocked,2026-01-30T19:44:09
692,831,5956********5805-376,debit,Mastercard,2029-12,blocked,2025-12-30T22:45:23
693,832,5854********6320-1949,credit,Mastercard,2030-03,expired,2026-03-13T12:40:44
694,834,4790********2986-525,debit,Visa,2030-04,active,2026-04-05T14:25:31
695,837,6334********2210-8479,debit,Discover,2029-10,active,2025-10-16T17:16:09
696,838,5333********7555-6467,debit,Mastercard,2030-11,active,2025-11-25T13:01:25
697,840,4815********0418-6784,debit,Visa,2030-10,active,2025-10-21T08:54:10
698,841,4553********7068-8674,debit,Visa,2029-02,active,2026-02-25T04:07:01
699,843,4339********7666-9252,debit,Visa,2028-08,active,2025-08-08T14:27:42
700,844,6528********5115-3254,credit,Discover,2030-02,blocked,2026-02-28T11:55:24
701,845,5713********1933-2951,debit,Mastercard,2031-05,active,2026-05-03T10:26:34
702,846,5476********3598-4885,debit,Mastercard,2029-04,active,2025-04-02T11:07:39
703,846,5787********5501-5176,debit,Mastercard,2029-03,active,2026-03-14T03:48:19
704,847,5760********7095-6242,debit,Mastercard,2031-01,active,2026-01-17T09:14:28
705,848,5892********3584-1136,debit,Mastercard,2030-05,active,2026-05-04T04:28:01
706,849,4994********6668-3675,credit,Visa,2031-03,active,2026-03-29T20:09:01
707,850,5922********1388-3805,debit,Mastercard,2029-01,active,2026-01-27T01:17:24
708,851,4067********4930-3343,debit,Visa,2029-05,blocked,2026-05-15T05:35:14
709,853,3256*******6579-1345,debit,Amex,2031-05,blocked,2026-05-15T22:43:01
710,854,4994********4269-9261,credit,Visa,2030-05,active,2026-05-12T11:14:05
711,855,4761********9425-3273,debit,Visa,2030-05,active,2026-05-04T05:54:02
712,856,4568********3558-9926,debit,Visa,2030-05,active,2026-05-16T12:31:34
713,856,4727********8517-833,debit,Visa,2031-05,active,2026-05-08T06:49:45
714,857,4278********6725-2643,debit,Visa,2030-05,active,2026-05-07T23:09:57
715,858,4523********6613-4454,debit,Visa,2030-04,active,2025-04-06T22:48:22
716,859,5231********2337-3999,debit,Mastercard,2025-04,blocked,2022-04-21T14:22:26
717,860,4774********2896-3007,debit,Visa,2031-04,active,2026-04-23T03:16:23
718,861,4730********6962-8138,debit,Visa,2029-12,blocked,2025-12-01T07:22:47
719,861,4488********7156-6865,debit,Visa,2029-03,expired,2026-03-06T15:45:06
720,864,5580********2069-9769,debit,Mastercard,2027-06,blocked,2024-06-16T06:42:01
721,865,5893********0322-8880,credit,Mastercard,2028-11,blocked,2025-11-04T21:15:23
722,866,5244********5168-6494,debit,Mastercard,2030-04,active,2026-04-28T03:02:13
723,867,4793********8059-8284,debit,Visa,2030-05,active,2026-05-03T21:41:21
724,869,5183********4953-5472,debit,Mastercard,2030-04,active,2026-04-11T01:16:44
725,870,5227********9509-1401,debit,Mastercard,2029-04,active,2026-04-04T13:51:43
726,871,5316********2903-37,debit,Mastercard,2031-02,active,2026-02-23T17:59:43
727,872,4569********7345-3094,debit,Visa,2028-06,active,2025-06-23T03:20:04
728,873,5729********0293-311,debit,Mastercard,2031-02,blocked,2026-02-01T10:23:33
729,873,5541********7626-8066,debit,Mastercard,2029-03,blocked,2026-03-18T08:23:27
730,875,4437********6250-7536,credit,Visa,2030-05,active,2026-05-13T09:12:54
731,877,4410********3325-9036,debit,Visa,2031-02,blocked,2026-02-16T23:09:57
732,879,5531********4884-8709,debit,Mastercard,2030-10,active,2025-10-11T14:58:07
733,880,5868********9117-8759,debit,Mastercard,2030-05,active,2026-05-13T03:43:12
734,881,5666********5306-8044,debit,Mastercard,2029-04,blocked,2026-04-17T10:25:40
735,881,4916********9184-2089,debit,Visa,2029-05,blocked,2026-05-03T14:50:22
736,882,5737********1913-3584,debit,Mastercard,2029-10,active,2025-10-08T02:26:29
737,883,6138********4134-5464,debit,Discover,2029-06,active,2025-06-16T07:00:26
738,884,5922********8485-6519,credit,Mastercard,2028-04,active,2025-04-28T00:38:25
739,886,4705********2504-9289,credit,Visa,2029-03,active,2026-03-25T08:22:42
740,888,4904********2840-6419,debit,Visa,2026-11,active,2023-11-23T13:31:34
741,888,4728********9541-3631,debit,Visa,2028-09,active,2025-09-20T12:59:57
742,889,4651********1600-620,debit,Visa,2029-07,active,2025-07-02T21:26:23
743,890,4601********8492-7628,debit,Visa,2029-01,active,2026-01-12T02:46:05
744,891,5194********5663-3027,debit,Mastercard,2031-04,active,2026-04-13T23:07:42
745,893,4499********2494-9322,debit,Visa,2027-04,blocked,2024-04-23T13:33:32
746,894,5976********0457-7859,credit,Mastercard,2030-04,active,2026-04-18T19:39:42
747,896,5006********3619-9680,debit,Mastercard,2028-12,expired,2024-12-20T18:01:50
748,896,4637********6547-3705,debit,Visa,2028-09,blocked,2024-09-03T13:32:04
749,899,5479********0170-264,debit,Mastercard,2029-11,active,2025-11-13T12:07:06
750,900,5747********5003-4217,debit,Mastercard,2027-10,active,2024-10-04T21:25:34
751,901,5660********8973-4765,debit,Mastercard,2028-02,blocked,2025-02-05T23:01:16
752,902,4190********0147-4393,debit,Visa,2031-02,active,2026-02-15T09:26:43
753,903,4874********4173-1029,debit,Visa,2029-11,blocked,2025-11-20T15:37:26
754,904,5827********8495-2598,credit,Mastercard,2030-07,blocked,2025-07-25T11:34:51
755,907,4087********2350-1692,debit,Visa,2029-05,active,2025-05-20T13:44:15
756,908,6788********8773-9778,debit,Discover,2030-09,expired,2025-09-08T19:41:00
757,910,5461********3679-776,debit,Mastercard,2030-04,expired,2026-04-28T23:55:54
758,911,4322********8953-6008,debit,Visa,2031-04,blocked,2026-04-26T09:15:12
759,912,3407*******6343-7745,debit,Amex,2029-02,active,2025-02-20T13:36:24
760,912,4004********0435-1304,debit,Visa,2030-04,active,2026-04-11T09:28:01
761,913,4998********8003-4696,debit,Visa,2029-04,active,2026-04-20T10:05:38
762,915,4579********7884-79,debit,Visa,2029-07,active,2025-07-03T08:42:25
763,916,5000********9286-1145,debit,Mastercard,2027-07,active,2024-07-07T08:49:19
764,919,4040********0363-2062,debit,Visa,2030-04,blocked,2026-04-01T07:32:07
765,920,4956********9042-6271,debit,Visa,2026-10,blocked,2023-10-23T05:09:21
766,920,5469********7083-3604,debit,Mastercard,2028-12,blocked,2025-12-05T04:34:09
767,921,4582********1209-8252,debit,Visa,2029-02,active,2026-02-16T04:51:11
768,923,5297********5445-5463,debit,Mastercard,2030-03,active,2026-03-28T09:37:00
769,924,4559********0989-7854,debit,Visa,2029-06,expired,2025-06-01T11:15:36
770,925,4912********2523-8001,debit,Visa,2031-03,active,2026-03-11T11:19:28
771,926,4659********3200-2421,debit,Visa,2029-09,blocked,2025-09-04T06:08:48
772,927,4781********6595-5357,debit,Visa,2028-10,active,2025-10-17T04:25:02
773,928,5814********7908-8541,credit,Mastercard,2031-04,active,2026-04-16T02:04:43
774,930,5835********8321-5345,debit,Mastercard,2029-05,blocked,2025-05-10T02:56:10
775,931,4687********5900-6187,debit,Visa,2029-03,active,2026-03-28T21:49:18
776,932,4561********0735-783,debit,Visa,2030-03,expired,2025-03-03T20:37:05
777,934,4303********3654-4594,debit,Visa,2029-04,active,2026-04-27T21:14:55
778,936,4805********1199-3762,credit,Visa,2030-04,expired,2026-04-26T03:27:30
779,940,5753********5808-8319,debit,Mastercard,2029-03,blocked,2026-03-27T14:58:43
780,941,4324********4901-8515,credit,Visa,2027-12,expired,2024-12-10T21:05:18
781,942,5598********0564-3973,credit,Mastercard,2030-05,active,2026-05-05T21:17:14
782,944,5595********4277-6374,debit,Mastercard,2029-12,expired,2025-12-31T06:56:18
783,945,5492********5134-3424,debit,Mastercard,2027-12,active,2023-12-08T15:02:48
784,945,5590********2460-3150,debit,Mastercard,2028-10,active,2024-10-04T01:29:20
785,946,5738********5781-9597,debit,Mastercard,2029-09,expired,2024-09-15T14:29:41
786,947,4952********1341-3453,credit,Visa,2030-10,blocked,2025-10-25T00:49:30
787,949,5430********2815-6080,credit,Mastercard,2029-10,blocked,2024-10-22T13:19:09
788,950,5262********2627-4865,credit,Mastercard,2029-12,active,2024-12-09T06:28:58
789,951,5209********8539-1188,debit,Mastercard,2028-01,active,2025-01-12T10:33:10
790,952,4320********4382-7979,debit,Visa,2028-04,blocked,2024-04-27T12:42:17
791,952,4252********3391-2270,debit,Visa,2029-01,blocked,2025-01-07T21:04:35
792,953,5629********0460-1406,debit,Mastercard,2029-02,active,2026-02-16T02:42:00
793,954,4182********3972-9858,debit,Visa,2031-05,active,2026-05-15T15:23:55
794,955,4614********1876-1128,debit,Visa,2030-03,blocked,2026-03-06T07:31:45
795,957,4526********8823-1157,debit,Visa,2031-04,blocked,2026-04-05T15:33:46
796,958,4550********0581-570,credit,Visa,2030-12,active,2025-12-04T10:37:35
797,959,4130********3685-5460,credit,Visa,2031-01,blocked,2026-01-04T13:18:47
798,960,3174*******1894-8015,debit,Amex,2029-12,active,2025-12-12T05:51:39
799,962,5302********0255-7021,debit,Mastercard,2028-12,active,2024-12-23T07:31:06
800,963,5556********0009-6326,debit,Mastercard,2027-09,active,2024-09-18T04:26:10
801,964,4997********6749-3857,debit,Visa,2028-05,blocked,2023-05-22T06:54:25
802,965,6280********9140-7933,debit,Discover,2026-08,active,2023-08-20T01:35:22
803,966,5852********3983-6647,credit,Mastercard,2030-01,expired,2025-01-12T15:08:30
804,970,4049********8945-2327,debit,Visa,2029-10,blocked,2025-10-18T10:37:13
805,971,4511********8474-7716,debit,Visa,2029-09,blocked,2025-09-28T07:06:42
806,972,3139*******1744-4192,debit,Amex,2029-04,blocked,2026-04-08T18:34:50
807,973,4735********6779-9664,debit,Visa,2031-03,blocked,2026-03-31T15:21:50
808,974,5925********0562-1154,debit,Mastercard,2030-05,active,2026-05-06T02:26:31
809,976,4114********4626-433,debit,Visa,2031-03,active,2026-03-19T00:58:11
810,977,4497********8981-1554,debit,Visa,2030-02,active,2026-02-09T00:22:25
811,979,4530********1006-7071,debit,Visa,2030-05,active,2026-05-02T04:19:02
812,980,5551********5616-8216,credit,Mastercard,2031-05,active,2026-05-14T05:33:12
813,983,5533********7705-4498,debit,Mastercard,2027-08,active,2024-08-15T18:55:26
814,985,4997********2548-2489,debit,Visa,2029-02,active,2025-02-25T01:26:33
815,987,4433********5243-3353,debit,Visa,2030-12,blocked,2025-12-24T17:32:38
816,989,4383********0210-6014,debit,Visa,2029-12,active,2024-12-09T15:04:18
817,989,5715********7378-9723,debit,Mastercard,2030-05,blocked,2026-05-04T01:21:17
818,990,4358********9050-9118,debit,Visa,2030-03,blocked,2026-03-06T00:22:03
819,992,4895********1301-6074,debit,Visa,2029-12,active,2025-12-27T11:13:13
820,994,5470********7776-7311,credit,Mastercard,2030-10,active,2025-10-14T23:31:25
821,995,4702********7196-6962,debit,Visa,2028-11,expired,2025-11-24T17:19:26
822,997,4431********7345-367,debit,Visa,2031-04,active,2026-04-05T18:41:55
823,997,5334********8415-5967,debit,Mastercard,2029-04,active,2026-04-14T13:32:39
824,998,4117********8406-7421,debit,Visa,2031-05,blocked,2026-05-12T13:30:34
825,998,4598********2508-3634,debit,Visa,2031-05,active,2026-05-04T23:58:17
826,999,6928********9676-1371,debit,Discover,2029-05,blocked,2026-05-16T18:21:40
827,999,4663********7075-3844,debit,Visa,2029-05,blocked,2026-05-16T15:01:55
828,1000,4760********9066-8347,debit,Visa,2028-11,blocked,2025-11-21T02:56:45
829,1001,5028********8022-2758,debit,Mastercard,2029-01,blocked,2025-01-09T20:06:41
830,1001,5791********0704-2717,debit,Mastercard,2028-02,blocked,2024-02-16T06:34:27
831,1002,4029********1900-8308,debit,Visa,2030-04,blocked,2026-04-04T08:18:34
832,1003,4639********3972-1478,debit,Visa,2030-02,active,2026-02-03T14:25:05
833,1004,5748********6089-1302,debit,Mastercard,2029-04,blocked,2026-04-20T12:00:33
834,1005,5609********7107-8377,debit,Mastercard,2030-09,blocked,2025-09-18T05:21:25
835,1006,5947********5170-9897,credit,Mastercard,2029-03,active,2025-03-31T00:32:07
836,1008,5017********0938-1996,debit,Mastercard,2027-12,blocked,2023-12-31T15:03:41
837,1010,4370********8665-1062,debit,Visa,2030-10,blocked,2025-10-18T22:30:39
838,1012,4923********4101-4054,debit,Visa,2030-11,blocked,2025-11-20T18:16:50
839,1013,5088********0568-8150,debit,Mastercard,2029-06,active,2025-06-01T17:50:56
840,1015,5489********7446-7930,debit,Mastercard,2030-05,expired,2026-05-10T18:32:48
841,1017,5382********7951-1300,debit,Mastercard,2029-05,active,2026-05-06T12:28:09
842,1019,4195********6846-1306,debit,Visa,2029-01,active,2026-01-12T02:19:36
843,1022,5558********4423-4172,credit,Mastercard,2028-11,active,2025-11-23T22:41:38
844,1024,4461********9003-3882,debit,Visa,2029-07,expired,2025-07-09T02:27:29
845,1025,5478********5976-9869,debit,Mastercard,2030-03,expired,2026-03-27T18:30:03
846,1026,5975********4701-8063,debit,Mastercard,2031-05,active,2026-05-14T10:11:51
847,1027,5348********2170-7189,debit,Mastercard,2030-11,active,2025-11-27T05:37:13
848,1028,4305********6879-3735,debit,Visa,2030-12,expired,2025-12-23T11:28:47
849,1028,4461********0364-1050,debit,Visa,2031-02,active,2026-02-20T16:09:08
850,1029,5315********2931-1436,debit,Mastercard,2030-02,blocked,2026-02-11T03:22:44
851,1030,5724********1773-3544,debit,Mastercard,2031-03,blocked,2026-03-09T00:46:21
852,1034,4678********8142-6329,debit,Visa,2030-04,active,2026-04-01T05:52:00
853,1035,4042********8274-9608,debit,Visa,2031-05,blocked,2026-05-16T08:23:29
854,1035,4880********1527-6258,debit,Visa,2029-05,blocked,2026-05-09T11:33:33
855,1036,6163********4103-9762,debit,Discover,2027-08,blocked,2023-08-01T06:53:43
856,1037,5139********1417-4838,debit,Mastercard,2030-03,expired,2025-03-08T02:55:15
857,1038,5586********1157-4095,credit,Mastercard,2028-09,blocked,2025-09-19T18:41:29
858,1039,5183********8907-3858,debit,Mastercard,2028-07,active,2024-07-29T06:41:56
859,1039,6352********5949-1967,debit,Discover,2028-05,active,2025-05-24T20:42:58
860,1040,4611********4753-1842,debit,Visa,2028-09,active,2025-09-19T02:54:43
861,1040,5924********6661-8799,debit,Mastercard,2029-05,active,2026-05-10T04:38:08
862,1041,4975********5178-2545,debit,Visa,2029-02,blocked,2026-02-11T09:58:14
863,1042,4317********1233-8165,debit,Visa,2030-07,active,2025-07-07T17:27:13
864,1043,5361********8049-1515,debit,Mastercard,2029-12,expired,2025-12-11T13:18:49
865,1046,4900********2494-363,debit,Visa,2029-12,active,2025-12-12T14:36:54
866,1048,5877********3495-9124,debit,Mastercard,2031-03,active,2026-03-18T12:32:50
867,1049,3788*******2750-9259,credit,Amex,2030-01,active,2026-01-08T23:59:24
868,1050,5838********5798-3652,debit,Mastercard,2031-03,active,2026-03-01T12:10:46
869,1051,4557********3051-2570,debit,Visa,2031-05,expired,2026-05-15T20:09:45
870,1053,5345********7494-9574,debit,Mastercard,2030-03,active,2026-03-24T22:59:32
871,1054,4109********0954-9709,debit,Visa,2031-02,active,2026-02-02T15:21:33
872,1054,5086********4316-6702,debit,Mastercard,2030-04,blocked,2026-04-19T16:04:32
873,1055,5223********4192-7467,debit,Mastercard,2030-02,active,2026-02-05T13:08:34
874,1058,5899********0894-4508,credit,Mastercard,2028-11,active,2025-11-23T20:46:29
875,1059,5923********8764-7150,debit,Mastercard,2028-05,blocked,2025-05-16T03:17:42
876,1060,4672********0149-1898,debit,Visa,2029-06,active,2025-06-28T15:27:29
877,1061,5495********6943-3174,credit,Mastercard,2030-04,blocked,2026-04-23T04:06:09
878,1062,4764********3287-7031,debit,Visa,2029-07,blocked,2025-07-24T19:59:17
879,1066,5948********2478-3932,debit,Mastercard,2029-03,active,2024-03-02T11:55:27
880,1067,4583********0668-2341,debit,Visa,2029-09,active,2024-09-17T16:43:22
881,1068,5340********6173-1994,debit,Mastercard,2028-10,expired,2025-10-22T15:46:18
882,1069,5326********3711-9977,debit,Mastercard,2031-01,active,2026-01-07T06:50:07
883,1070,4166********7484-4280,debit,Visa,2029-03,active,2026-03-14T15:00:12
884,1071,4599********4407-9728,credit,Visa,2030-11,active,2025-11-07T13:49:11
885,1073,3950*******0994-7560,debit,Amex,2030-05,expired,2026-05-12T15:10:55
886,1074,5898********2002-3478,debit,Mastercard,2030-05,active,2026-05-03T00:34:31
887,1076,6782********3766-8498,debit,Discover,2029-02,blocked,2026-02-23T02:27:57
888,1077,5414********2965-1153,debit,Mastercard,2026-12,blocked,2023-12-05T19:26:36
889,1079,5687********4855-1084,credit,Mastercard,2031-05,active,2026-05-10T20:59:32
890,1080,5761********6714-2300,debit,Mastercard,2027-11,active,2024-11-15T07:46:33
891,1080,6116********6068-8028,debit,Discover,2029-04,active,2024-04-19T13:13:06
892,1082,5377********4707-9448,debit,Mastercard,2030-01,active,2026-01-30T18:19:37
893,1083,4074********2298-3088,credit,Visa,2030-09,active,2025-09-26T14:50:29
894,1084,4035********6419-2371,debit,Visa,2031-02,expired,2026-02-11T02:13:35
895,1085,5011********7114-9731,debit,Mastercard,2029-10,active,2025-10-15T15:48:55
896,1086,3658*******6032-9158,debit,Amex,2030-04,blocked,2026-04-01T00:34:08
897,1086,4348********8839-72,debit,Visa,2028-02,blocked,2025-02-13T01:46:12
898,1087,4463********5220-1962,credit,Visa,2025-05,expired,2022-05-31T03:40:35
899,1088,4161********6049-6511,debit,Visa,2028-05,active,2025-05-19T23:25:40
900,1089,5887********1047-2508,debit,Mastercard,2031-05,blocked,2026-05-11T08:29:53
901,1090,5544********7079-449,debit,Mastercard,2029-05,active,2026-05-11T08:59:15
902,1092,5011********7853-9489,debit,Mastercard,2027-09,blocked,2023-09-13T03:58:28
903,1093,4962********2625-6920,debit,Visa,2028-09,blocked,2024-09-11T06:12:33
904,1095,4244********7663-2219,debit,Visa,2029-05,blocked,2025-05-31T06:22:24
905,1096,3209*******2859-6263,debit,Amex,2031-02,blocked,2026-02-02T05:59:49
906,1098,4572********7405-5881,credit,Visa,2029-02,blocked,2026-02-12T23:59:03
907,1099,4315********0529-3791,credit,Visa,2029-04,blocked,2026-04-12T11:52:24
908,1101,4298********8878-6908,debit,Visa,2030-10,blocked,2025-10-01T07:12:17
909,1101,5745********8493-5788,debit,Mastercard,2030-06,active,2025-06-22T09:03:28
910,1102,5935********3010-3861,debit,Mastercard,2031-02,active,2026-02-05T10:22:05
911,1102,4527********5271-1734,debit,Visa,2028-06,active,2025-06-28T02:22:22
912,1103,4590********8650-1755,debit,Visa,2030-06,expired,2025-06-17T09:09:08
913,1104,4025********4455-3399,debit,Visa,2029-07,active,2024-07-29T16:06:34
914,1106,5596********1374-6731,debit,Mastercard,2029-03,blocked,2026-03-03T08:19:41
915,1107,4513********6208-8074,debit,Visa,2030-09,blocked,2025-09-23T11:11:20
916,1108,5906********0220-9070,debit,Mastercard,2029-07,active,2025-07-12T16:12:55
917,1109,4155********9483-6979,debit,Visa,2030-03,active,2026-03-28T06:05:14
918,1109,4535********7684-3600,debit,Visa,2031-05,blocked,2026-05-10T22:55:32
919,1110,5064********7708-1739,debit,Mastercard,2029-06,active,2024-06-23T15:38:18
920,1111,5520********6062-2375,debit,Mastercard,2030-03,expired,2025-03-25T10:06:02
921,1112,5674********1147-3862,debit,Mastercard,2030-05,active,2026-05-15T17:37:51
922,1113,4743********0020-3332,debit,Visa,2031-04,active,2026-04-21T11:37:16
923,1114,4374********9073-8878,debit,Visa,2031-04,expired,2026-04-07T10:22:38
924,1116,5728********1686-6994,debit,Mastercard,2030-07,blocked,2025-07-18T02:32:37
925,1117,5775********3016-7185,debit,Mastercard,2026-04,blocked,2023-04-10T22:28:41
926,1119,6428********4013-1483,debit,Discover,2029-05,blocked,2026-05-14T04:04:41
927,1120,5921********4979-9929,debit,Mastercard,2029-04,blocked,2026-04-23T02:12:58
928,1121,4295********6505-9746,debit,Visa,2031-04,active,2026-04-24T10:11:06
929,1123,4795********7512-7295,debit,Visa,2029-12,active,2025-12-28T20:47:57
930,1123,4534********9677-3387,debit,Visa,2030-05,active,2026-05-04T03:58:15
931,1124,4792********9924-3105,debit,Visa,2030-02,blocked,2026-02-27T19:44:47
932,1125,3841*******0071-3812,debit,Amex,2030-04,active,2026-04-01T20:43:36
933,1126,5788********6925-7189,debit,Mastercard,2029-01,active,2026-01-19T14:03:39
934,1127,5557********3004-5596,debit,Mastercard,2031-01,blocked,2026-01-25T16:32:14
935,1128,3302*******9141-7388,debit,Amex,2030-05,blocked,2025-05-12T16:46:17
936,1128,3448*******0044-7705,debit,Amex,2027-05,active,2024-05-22T11:20:49
937,1129,4606********4914-8903,debit,Visa,2029-06,active,2025-06-24T17:59:38
938,1129,5356********2129-4941,debit,Mastercard,2029-01,expired,2025-01-08T12:51:25
939,1130,4157********1078-3455,credit,Visa,2031-05,active,2026-05-12T08:03:15
940,1132,4201********8643-8698,debit,Visa,2029-02,active,2025-02-15T05:13:26
941,1133,5102********0441-5044,debit,Mastercard,2029-02,expired,2025-02-12T19:53:34
942,1134,4387********8311-6718,debit,Visa,2028-09,expired,2025-09-03T18:32:24
943,1135,5984********0214-2387,debit,Mastercard,2030-05,active,2025-05-26T02:14:03
944,1137,5263********7893-4943,debit,Mastercard,2030-05,blocked,2026-05-15T17:17:51
945,1138,4543********1111-8112,debit,Visa,2030-04,active,2026-04-26T03:25:35
946,1139,5780********0466-9582,debit,Mastercard,2031-02,blocked,2026-02-05T10:11:13
947,1140,5970********0210-5075,debit,Mastercard,2031-04,active,2026-04-14T01:59:26
948,1145,4275********6755-8880,debit,Visa,2028-12,active,2024-12-11T00:30:16
949,1147,5819********9356-3726,debit,Mastercard,2031-05,expired,2026-05-14T06:57:52
950,1148,6558********2897-9325,debit,Discover,2029-05,active,2026-05-13T02:03:05
951,1150,5796********3350-8507,debit,Mastercard,2030-05,active,2026-05-11T05:52:35
952,1151,5870********2582-2351,debit,Mastercard,2028-11,active,2025-11-20T07:55:11
953,1152,4743********7825-1276,debit,Visa,2028-11,active,2025-11-03T16:37:54
954,1153,4357********3692-480,debit,Visa,2029-08,blocked,2024-08-23T02:08:46
955,1156,5444********9327-847,debit,Mastercard,2030-11,active,2025-11-04T23:16:51
956,1157,5689********1541-9264,debit,Mastercard,2027-03,expired,2024-03-01T01:34:36
957,1160,5399********2816-862,debit,Mastercard,2029-03,active,2026-03-25T14:37:07
958,1162,4791********2620-6293,debit,Visa,2029-05,expired,2025-05-28T01:17:42
959,1164,5879********2431-261,debit,Mastercard,2031-01,active,2026-01-19T10:50:56
960,1165,4326********8330-9798,debit,Visa,2030-10,blocked,2025-10-14T13:02:11
961,1165,4985********6791-3316,debit,Visa,2030-10,active,2025-10-08T08:55:11
962,1168,4179********0214-2743,debit,Visa,2031-03,expired,2026-03-24T21:55:15
963,1169,5263********5780-3597,debit,Mastercard,2030-01,active,2025-01-27T13:18:36
964,1169,3494*******7396-7000,debit,Amex,2028-10,active,2025-10-27T17:27:19
965,1171,5667********9126-6108,credit,Mastercard,2030-04,expired,2026-04-14T19:28:57
966,1172,4344********8099-6764,debit,Visa,2029-02,active,2026-02-26T23:25:01
967,1173,5920********7267-5963,debit,Mastercard,2028-09,blocked,2025-09-26T07:42:04
968,1174,5617********5922-9656,debit,Mastercard,2028-10,active,2024-10-18T21:07:50
969,1175,4696********1192-443,credit,Visa,2030-06,active,2025-06-18T23:00:23
970,1176,5270********5721-6040,debit,Mastercard,2029-11,active,2025-11-05T14:44:42
971,1176,4672********8314-6443,debit,Visa,2028-11,active,2023-11-14T01:50:31
972,1177,4681********1519-8055,debit,Visa,2030-10,active,2025-10-29T11:39:44
973,1178,3191*******8919-8286,debit,Amex,2031-02,active,2026-02-07T13:43:22
974,1179,6787********5263-8643,credit,Discover,2028-10,active,2025-10-22T08:36:33
975,1182,4836********5647-1027,debit,Visa,2030-03,active,2026-03-19T20:13:06
976,1182,5495********6949-3531,debit,Mastercard,2029-04,active,2026-04-02T08:02:11
977,1183,4839********8364-9733,debit,Visa,2028-07,blocked,2025-07-05T15:00:26
978,1184,5325********4330-1626,debit,Mastercard,2028-11,blocked,2025-11-17T07:40:37
979,1185,5300********4433-7248,debit,Mastercard,2030-09,blocked,2025-09-22T22:40:05
980,1186,4421********8440-9654,debit,Visa,2029-12,expired,2025-12-20T16:01:39
981,1187,5587********3257-3961,debit,Mastercard,2030-05,blocked,2026-05-09T17:06:41
982,1187,3422*******5231-9406,debit,Amex,2029-05,active,2026-05-12T20:37:06
983,1188,3881*******9500-525,debit,Amex,2029-05,blocked,2026-05-07T21:57:49
984,1188,5000********0617-561,debit,Mastercard,2031-05,blocked,2026-05-08T01:19:44
985,1190,5414********8486-4215,debit,Mastercard,2028-07,active,2025-07-08T10:21:11
986,1192,5394********0135-6891,debit,Mastercard,2030-04,active,2026-04-26T11:53:10
987,1193,4028********6325-9916,debit,Visa,2030-03,active,2026-03-07T11:02:59
988,1194,5090********9610-8264,credit,Mastercard,2028-10,active,2025-10-13T13:12:17
989,1197,4208********7299-3886,debit,Visa,2028-02,active,2025-02-17T04:48:23
990,1198,5611********3853-3520,debit,Mastercard,2029-05,expired,2026-05-09T20:32:04
991,1199,4293********0761-2372,debit,Visa,2029-09,active,2025-09-21T15:31:49
992,1201,4774********4175-6793,debit,Visa,2030-04,active,2026-04-17T15:26:00
993,1202,4060********0280-4455,debit,Visa,2029-08,active,2025-08-02T21:29:27
994,1203,4413********3081-775,debit,Visa,2029-02,active,2026-02-12T16:40:38
995,1204,5653********5400-7033,debit,Mastercard,2029-11,active,2024-11-14T06:35:38
996,1205,5287********6898-26,debit,Mastercard,2031-04,expired,2026-04-22T19:23:31
997,1206,4325********3172-4827,debit,Visa,2031-02,blocked,2026-02-21T04:30:30
998,1209,5839********5669-4981,debit,Mastercard,2030-04,active,2026-04-13T04:54:27
999,1210,3897*******8113-1664,credit,Amex,2029-04,blocked,2026-04-12T18:50:13
1000,1211,5576********9016-2725,debit,Mastercard,2031-04,active,2026-04-15T13:57:41
1001,1213,5202********2185-786,debit,Mastercard,2029-04,blocked,2026-04-05T10:24:11
1002,1214,5188********9963-6250,debit,Mastercard,2029-05,active,2026-05-07T11:58:17
1003,1217,3593*******5787-7435,debit,Amex,2028-09,active,2025-09-29T23:07:12
1004,1219,5507********7990-3911,debit,Mastercard,2029-06,blocked,2025-06-29T08:21:43
1005,1220,4061********7258-3250,debit,Visa,2029-12,expired,2025-12-10T07:11:41
1006,1221,5646********9609-8230,debit,Mastercard,2031-04,blocked,2026-04-28T09:16:35
1007,1221,5792********5945-1775,debit,Mastercard,2029-03,blocked,2026-03-03T20:54:51
1008,1222,4350********1470-6420,debit,Visa,2029-08,active,2025-08-11T15:22:06
1009,1222,5430********6627-863,debit,Mastercard,2028-12,active,2025-12-07T17:31:53
1010,1223,4753********6828-9858,debit,Visa,2030-04,active,2026-04-08T11:43:54
1011,1224,4508********9817-8054,debit,Visa,2030-04,active,2026-04-26T17:16:31
1012,1225,3845*******6565-8457,debit,Amex,2030-04,active,2026-04-02T13:15:45
1013,1228,4394********3707-8820,debit,Visa,2030-12,blocked,2025-12-05T12:39:14
1014,1230,6697********4226-7235,debit,Discover,2028-11,expired,2025-11-25T13:12:16
1015,1231,5848********1241-6993,debit,Mastercard,2030-10,active,2025-10-12T18:57:39
1016,1232,4521********1869-6871,debit,Visa,2028-08,active,2025-08-05T16:21:44
1017,1233,3794*******8493-2587,debit,Amex,2031-03,blocked,2026-03-23T01:51:48
1018,1234,4098********5619-4887,debit,Visa,2031-01,active,2026-01-31T14:26:23
1019,1235,4041********8181-9851,debit,Visa,2028-02,active,2024-02-01T06:25:20
1020,1235,5511********9040-8675,debit,Mastercard,2029-04,active,2026-04-27T19:59:47
1021,1238,5208********4242-4135,debit,Mastercard,2030-04,expired,2026-04-06T13:40:34
1022,1239,4505********7920-349,debit,Visa,2028-08,blocked,2025-08-14T00:58:31
1023,1240,4144********3548-9281,debit,Visa,2030-02,active,2025-02-25T01:19:26
1024,1241,4218********3274-7536,debit,Visa,2031-05,blocked,2026-05-13T16:30:04
1025,1242,5029********2476-2432,debit,Mastercard,2030-08,blocked,2025-08-01T01:27:23
1026,1243,5592********7124-3407,credit,Mastercard,2029-10,active,2025-10-15T01:25:40
1027,1246,5826********8152-5273,debit,Mastercard,2031-03,blocked,2026-03-03T05:04:43
1028,1246,3207*******5348-4124,debit,Amex,2030-03,active,2026-03-10T20:01:42
1029,1247,3749*******8208-2522,debit,Amex,2030-04,active,2026-04-16T20:47:11
1030,1249,4975********6582-8267,debit,Visa,2029-04,blocked,2024-04-25T08:02:16
1031,1252,5016********6309-3499,debit,Mastercard,2031-01,expired,2026-01-31T12:08:24
1032,1253,5756********7715-839,debit,Mastercard,2031-05,blocked,2026-05-06T18:04:06
1033,1253,4755********9532-555,debit,Visa,2030-04,blocked,2026-04-28T05:30:38
1034,1255,4186********0249-9531,credit,Visa,2029-05,blocked,2025-05-10T17:56:05
1035,1256,4867********0560-8353,debit,Visa,2030-06,active,2025-06-21T23:14:07
1036,1257,4660********6909-6856,debit,Visa,2030-09,active,2025-09-23T22:35:24
1037,1257,5511********1997-5871,debit,Mastercard,2028-12,blocked,2025-12-27T03:40:43
1038,1258,5654********1051-1950,debit,Mastercard,2029-08,blocked,2025-08-30T16:22:53
1039,1258,5881********4089-8446,debit,Mastercard,2029-03,active,2024-03-26T22:43:18
1040,1259,4569********9627-758,debit,Visa,2029-10,active,2024-10-26T17:22:49
1041,1260,4428********3995-9085,debit,Visa,2031-03,blocked,2026-03-02T13:36:41
1042,1261,5585********4772-1649,debit,Mastercard,2028-12,expired,2025-12-25T19:21:16
1043,1262,5858********9413-5766,debit,Mastercard,2028-01,active,2025-01-19T18:30:58
1044,1263,4997********3631-6661,debit,Visa,2031-05,active,2026-05-02T04:47:02
1045,1264,5738********3748-6226,debit,Mastercard,2031-04,active,2026-04-10T14:50:47
1046,1266,4700********9322-1353,debit,Visa,2029-03,active,2026-03-18T15:42:12
1047,1267,4935********9170-6643,debit,Visa,2027-10,active,2023-10-19T03:40:26
1048,1267,4423********2674-7880,debit,Visa,2028-07,active,2024-07-07T14:54:27
1049,1268,5248********2415-7830,debit,Mastercard,2030-08,blocked,2025-08-08T15:03:49
1050,1272,4935********2093-3977,debit,Visa,2030-03,blocked,2026-03-08T10:56:13
1051,1273,5722********4283-6793,debit,Mastercard,2031-05,active,2026-05-16T06:04:22
1052,1273,5428********1794-7670,debit,Mastercard,2031-05,active,2026-05-11T17:24:12
1053,1274,5837********5319-8176,debit,Mastercard,2031-05,active,2026-05-13T12:49:49
1054,1275,6894********3933-1163,debit,Discover,2030-04,expired,2026-04-29T02:43:48
1055,1275,5459********4159-8150,debit,Mastercard,2030-04,active,2026-04-25T20:42:55
1056,1276,5406********5532-4773,debit,Mastercard,2028-10,active,2025-10-01T02:16:51
1057,1277,4401********0217-9682,debit,Visa,2030-06,active,2025-06-22T00:05:17
1058,1278,4133********5140-1533,debit,Visa,2029-02,active,2026-02-02T17:13:58
1059,1279,4044********7667-8469,debit,Visa,2029-02,active,2026-02-23T10:15:06
1060,1280,5269********7671-2716,debit,Mastercard,2028-04,active,2025-04-02T16:41:16
1061,1285,4301********0748-2461,debit,Visa,2028-02,expired,2025-02-22T14:16:01
1062,1286,4259********9355-4419,debit,Visa,2028-12,active,2024-12-28T17:13:26
1063,1287,4324********4095-6427,credit,Visa,2029-12,blocked,2024-12-30T11:14:44
1064,1288,4006********8262-7691,debit,Visa,2030-03,active,2026-03-26T07:58:16
1065,1291,5416********3725-6521,debit,Mastercard,2031-05,active,2026-05-14T14:30:32
1066,1293,5720********4342-3626,credit,Mastercard,2030-03,active,2026-03-03T01:43:21
1067,1294,4131********3547-6428,debit,Visa,2029-02,blocked,2026-02-03T11:41:34
1068,1297,6537********9666-1974,debit,Discover,2030-05,active,2026-05-07T12:40:42
1069,1298,4374********9849-5279,debit,Visa,2030-05,active,2026-05-15T08:18:00
1070,1299,4186********9670-2553,debit,Visa,2030-03,blocked,2026-03-16T03:24:33
1071,1300,4671********7905-8012,credit,Visa,2031-01,active,2026-01-22T12:29:39
1072,1301,4264********8480-2022,debit,Visa,2031-05,active,2026-05-14T13:54:46
1073,1304,3115*******9604-9798,debit,Amex,2029-01,blocked,2025-01-14T22:17:59
1074,1306,4458********6619-777,debit,Visa,2031-03,active,2026-03-22T13:49:33
1075,1307,5461********9116-9536,debit,Mastercard,2029-01,active,2026-01-19T09:06:31
1076,1308,4630********8126-9018,credit,Visa,2029-05,expired,2026-05-10T13:32:46
1077,1309,5231********1042-6919,debit,Mastercard,2030-05,active,2026-05-06T01:31:50
1078,1312,5772********0389-7619,debit,Mastercard,2028-05,expired,2025-05-04T08:06:05
1079,1312,3953*******6287-2441,debit,Amex,2029-10,active,2025-10-10T21:48:19
1080,1313,4613********9093-6043,debit,Visa,2028-10,active,2025-10-01T07:14:14
1081,1313,4791********5096-75,debit,Visa,2029-12,expired,2025-12-02T23:39:20
1082,1314,4942********9734-1207,debit,Visa,2027-08,active,2024-08-12T23:38:01
1083,1315,4021********2594-7359,debit,Visa,2027-10,active,2023-10-28T05:07:06
1084,1317,4092********1013-8171,credit,Visa,2029-03,expired,2026-03-22T20:44:30
1085,1319,3681*******1370-2472,debit,Amex,2028-01,expired,2024-01-31T05:06:17
1086,1320,4627********9066-5063,credit,Visa,2030-08,blocked,2025-08-08T14:19:25
1087,1321,4287********6845-7724,debit,Visa,2030-04,active,2026-04-21T00:55:16
1088,1322,5911********3271-3386,debit,Mastercard,2031-03,active,2026-03-10T01:32:55
1089,1323,5347********5943-830,debit,Mastercard,2028-11,active,2024-11-26T11:11:40
1090,1323,4761********0946-7268,debit,Visa,2028-01,active,2025-01-06T08:37:51
1091,1326,4065********6081-5837,debit,Visa,2027-02,active,2024-02-15T07:17:26
1092,1326,4700********1686-3060,debit,Visa,2028-05,active,2023-05-01T09:56:09
1093,1327,5796********2572-7339,debit,Mastercard,2031-02,active,2026-02-27T15:56:53
1094,1328,3924*******4601-6529,credit,Amex,2030-05,active,2025-05-30T06:54:53
1095,1330,5911********3837-7331,debit,Mastercard,2029-10,active,2024-10-21T13:42:53
1096,1331,5480********8907-5069,debit,Mastercard,2029-02,blocked,2025-02-26T20:54:32
1097,1333,6657********4852-8554,debit,Discover,2030-01,blocked,2026-01-08T05:37:54
1098,1333,4598********2924-1170,debit,Visa,2029-03,blocked,2026-03-06T14:41:14
1099,1335,5910********4075-7273,debit,Mastercard,2030-12,active,2025-12-20T23:32:18
1100,1336,5616********0576-7129,debit,Mastercard,2030-03,active,2026-03-01T17:23:37
1101,1337,5693********0738-4026,credit,Mastercard,2031-03,active,2026-03-31T17:31:08
1102,1339,3692*******7414-5861,debit,Amex,2027-07,blocked,2024-07-06T05:20:26
1103,1340,5947********5402-1149,debit,Mastercard,2030-06,active,2025-06-17T11:06:45
1104,1340,4854********6409-9675,debit,Visa,2030-10,active,2025-10-07T20:49:53
1105,1341,5350********8391-7801,debit,Mastercard,2028-11,active,2024-11-02T06:52:39
1106,1343,5898********5036-9710,debit,Mastercard,2030-05,expired,2026-05-12T02:08:26
1107,1346,5179********4261-8197,credit,Mastercard,2029-04,blocked,2025-04-10T05:02:57
1108,1347,4579********9102-330,debit,Visa,2030-05,active,2026-05-05T19:23:30
1109,1348,4311********9798-7554,debit,Visa,2029-01,blocked,2026-01-24T09:57:18
1110,1350,4421********3777-9693,credit,Visa,2029-03,active,2026-03-31T07:34:22
1111,1351,5056********7621-2877,debit,Mastercard,2031-04,expired,2026-04-18T20:41:14
1112,1354,4032********2444-6758,debit,Visa,2027-01,expired,2024-01-25T15:55:01
1113,1355,5757********1508-5902,debit,Mastercard,2028-01,blocked,2025-01-10T18:06:11
1114,1356,4804********1092-4474,debit,Visa,2028-12,blocked,2025-12-23T01:59:58
1115,1356,4297********0194-9280,debit,Visa,2030-11,active,2025-11-23T22:29:40
1116,1357,4722********6414-522,debit,Visa,2029-03,active,2026-03-10T12:05:37
1117,1358,5729********2471-5700,debit,Mastercard,2029-05,active,2026-05-14T19:22:28
1118,1360,4890********2354-9919,debit,Visa,2031-05,blocked,2026-05-16T11:12:33
1119,1361,5951********5169-5623,debit,Mastercard,2029-01,expired,2025-01-02T09:57:26
1120,1362,4184********1930-1336,debit,Visa,2029-02,active,2025-02-16T12:11:43
1121,1363,6582********2147-7424,debit,Discover,2029-05,active,2026-05-08T23:00:59
1122,1364,3337*******1402-9099,debit,Amex,2030-03,active,2026-03-15T19:23:32
1123,1365,5447********5824-9614,debit,Mastercard,2029-05,blocked,2026-05-02T18:23:09
1124,1366,5906********2514-7934,debit,Mastercard,2028-08,active,2025-08-18T01:34:49
1125,1367,4505********3311-4702,debit,Visa,2029-05,active,2026-05-12T11:20:57
1126,1369,5783********1582-6462,debit,Mastercard,2028-03,blocked,2025-03-18T14:31:12
1127,1370,5351********7703-549,debit,Mastercard,2028-06,active,2023-06-07T14:49:00
1128,1371,5390********0747-9252,debit,Mastercard,2028-12,blocked,2025-12-02T14:34:39
1129,1372,3494*******8332-9015,debit,Amex,2031-02,blocked,2026-02-28T19:04:29
1130,1374,4352********1441-6669,debit,Visa,2030-04,active,2026-04-22T03:58:01
1131,1377,5843********4597-2992,debit,Mastercard,2028-05,active,2023-05-06T01:40:25
1132,1378,4085********6378-6145,debit,Visa,2030-11,expired,2025-11-09T16:47:42
1133,1378,4380********4688-5396,debit,Visa,2030-06,expired,2025-06-15T12:59:18
1134,1379,4014********1391-7929,debit,Visa,2030-04,active,2026-04-03T19:26:42
1135,1380,5426********0968-2968,debit,Mastercard,2030-11,active,2025-11-25T15:55:59
1136,1380,5553********6798-6252,debit,Mastercard,2029-01,expired,2026-01-13T15:16:05
1137,1382,4990********0727-7010,debit,Visa,2030-05,active,2026-05-04T09:23:47
1138,1386,4371********0685-9022,debit,Visa,2030-05,blocked,2026-05-16T18:31:47
1139,1388,4889********7562-1198,debit,Visa,2029-07,active,2025-07-15T09:29:53
1140,1389,4553********3038-7220,debit,Visa,2029-04,active,2026-04-14T19:43:28
1141,1390,4215********2747-5276,debit,Visa,2029-04,active,2025-04-26T01:43:39
1142,1390,6017********5455-5998,debit,Discover,2029-01,blocked,2026-01-23T16:22:35
1143,1391,5074********0327-7606,debit,Mastercard,2031-05,active,2026-05-10T22:13:50
1144,1393,5502********4603-8029,debit,Mastercard,2028-10,blocked,2024-10-14T01:39:28
1145,1394,3653*******4565-979,credit,Amex,2028-04,active,2024-04-26T19:16:12
1146,1395,4564********3251-6881,debit,Visa,2029-05,active,2025-05-12T19:50:54
1147,1396,4009********1532-5443,debit,Visa,2029-04,active,2026-04-10T06:41:31
1148,1397,4157********5859-226,debit,Visa,2027-08,active,2024-08-04T07:21:08
1149,1399,4929********0258-3018,credit,Visa,2028-10,blocked,2025-10-29T21:16:09
1150,1402,5329********0755-2359,debit,Mastercard,2030-04,active,2025-04-09T06:55:35
1151,1403,5240********3198-4606,debit,Mastercard,2029-12,blocked,2024-12-17T13:52:12
1152,1404,5438********5380-2760,debit,Mastercard,2026-12,active,2023-12-13T04:40:24
1153,1405,4923********0224-5479,debit,Visa,2030-02,active,2026-02-28T07:16:19
1154,1406,6795********6359-4985,debit,Discover,2030-04,blocked,2026-04-30T01:01:17
1155,1408,5209********7536-6015,debit,Mastercard,2029-10,expired,2025-10-07T16:17:37
1156,1409,5438********5294-160,debit,Mastercard,2027-10,active,2024-10-20T00:14:22
1157,1410,4727********1850-6557,debit,Visa,2031-04,active,2026-04-18T11:13:19
1158,1412,5434********5427-2007,credit,Mastercard,2029-04,blocked,2025-04-11T10:27:06
1159,1413,5706********6835-2932,debit,Mastercard,2030-02,blocked,2026-02-14T15:42:33
1160,1415,5324********2714-8261,debit,Mastercard,2029-03,blocked,2026-03-22T05:51:46
1161,1416,4774********6418-9530,debit,Visa,2030-04,active,2026-04-08T18:46:35
1162,1417,4817********6676-8373,debit,Visa,2030-04,blocked,2026-04-02T06:31:38
1163,1419,5481********3418-566,debit,Mastercard,2028-08,active,2025-08-12T16:44:25
1164,1420,4188********5530-9121,credit,Visa,2029-11,blocked,2024-11-03T10:14:47
1165,1421,4901********5275-9130,debit,Visa,2029-04,active,2026-04-30T10:07:45
1166,1423,5920********4002-8269,debit,Mastercard,2030-01,blocked,2026-01-17T18:11:46
1167,1423,4083********4811-589,debit,Visa,2031-04,active,2026-04-22T16:10:54
1168,1424,4227********3049-5548,debit,Visa,2028-12,blocked,2023-12-03T09:32:50
1169,1425,4117********4518-3704,debit,Visa,2030-05,active,2025-05-25T02:51:06
1170,1426,5766********5119-9772,debit,Mastercard,2030-03,active,2025-03-29T05:45:48
1171,1426,4609********9149-8878,debit,Visa,2028-01,active,2025-01-08T23:03:15
1172,1427,4102********1018-9131,debit,Visa,2028-10,expired,2025-10-31T04:08:26
1173,1427,4294********8076-2863,debit,Visa,2031-03,active,2026-03-18T23:59:55
1174,1428,4924********8156-9614,credit,Visa,2029-04,active,2024-04-14T22:13:05
1175,1429,4595********7516-9329,debit,Visa,2029-01,blocked,2026-01-14T08:37:08
1176,1430,4457********0433-9417,debit,Visa,2030-05,blocked,2026-05-15T10:54:16
1177,1431,4882********1265-6318,debit,Visa,2029-01,active,2026-01-28T13:51:58
1178,1432,4209********2328-5558,debit,Visa,2030-06,expired,2025-06-12T20:28:56
1179,1433,5590********9837-8693,debit,Mastercard,2029-03,blocked,2026-03-01T23:09:56
1180,1436,5306********5210-986,debit,Mastercard,2030-03,blocked,2025-03-02T23:17:09
1181,1437,4079********4111-9537,debit,Visa,2029-03,blocked,2026-03-03T06:44:28
1182,1439,5301********8375-6861,debit,Mastercard,2028-09,expired,2025-09-18T19:58:56
1183,1441,5976********3971-5822,debit,Mastercard,2029-05,blocked,2026-05-04T21:21:30
1184,1442,4684********0447-6316,debit,Visa,2031-01,active,2026-01-20T02:08:11
1185,1442,4558********3535-4378,debit,Visa,2029-04,expired,2026-04-27T14:10:55
1186,1444,4510********6632-4823,debit,Visa,2028-09,active,2024-09-30T14:54:47
1187,1445,4129********9109-2470,debit,Visa,2028-03,blocked,2025-03-24T14:10:45
1188,1445,5239********6072-1114,debit,Mastercard,2030-06,blocked,2025-06-12T14:46:36
1189,1446,4951********3272-1745,debit,Visa,2030-04,blocked,2026-04-30T12:57:37
1190,1446,4555********2415-9411,debit,Visa,2030-12,blocked,2025-12-04T19:28:54
1191,1447,5931********4563-3786,debit,Mastercard,2027-12,expired,2022-12-25T03:04:45
1192,1448,4318********3529-5782,debit,Visa,2030-05,active,2026-05-06T10:18:35
1193,1449,4472********9254-5688,debit,Visa,2030-11,active,2025-11-21T12:08:47
1194,1450,4353********3550-8119,debit,Visa,2029-11,active,2025-11-03T18:25:57
1195,1451,5520********3279-4096,debit,Mastercard,2030-02,active,2026-02-03T11:38:33
1196,1451,3115*******0021-1814,debit,Amex,2030-11,active,2025-11-12T13:16:40
1197,1452,5083********3658-5484,debit,Mastercard,2030-05,active,2025-05-02T23:46:58
1198,1453,5864********0947-7564,debit,Mastercard,2031-04,active,2026-04-14T18:00:35
1199,1453,4849********6549-4948,debit,Visa,2029-12,active,2025-12-04T21:23:35
1200,1454,4977********8670-1539,debit,Visa,2029-10,active,2024-10-21T01:35:48
1201,1455,5236********5788-3603,debit,Mastercard,2028-02,blocked,2024-02-19T22:36:30
1202,1456,4935********9288-9654,credit,Visa,2030-05,active,2025-05-08T19:52:44
1203,1458,4857********5644-1001,debit,Visa,2028-07,active,2025-07-30T12:28:48
1204,1459,5688********3674-3384,debit,Mastercard,2029-04,blocked,2026-04-24T10:19:00
1205,1460,4619********1935-604,debit,Visa,2029-04,blocked,2025-04-09T18:23:54
1206,1462,5968********1092-5945,credit,Mastercard,2030-05,blocked,2026-05-08T12:01:31
1207,1463,5303********5568-2107,debit,Mastercard,2030-03,blocked,2025-03-12T20:54:13
1208,1463,5353********6102-9019,debit,Mastercard,2027-09,blocked,2023-09-27T20:44:45
1209,1464,4974********3791-4264,credit,Visa,2025-11,expired,2021-11-09T00:13:48
1210,1465,5634********7710-2093,debit,Mastercard,2026-05,blocked,2023-05-18T10:40:46
1211,1466,5567********0029-4241,debit,Mastercard,2029-01,blocked,2025-01-25T05:47:40
1212,1467,4968********4670-6821,debit,Visa,2031-02,active,2026-02-15T01:42:22
1213,1469,5944********6898-3784,debit,Mastercard,2029-08,active,2025-08-06T14:17:21
1214,1470,4229********6635-1175,debit,Visa,2029-04,blocked,2026-04-03T17:57:18
1215,1471,4641********2749-6712,debit,Visa,2031-04,active,2026-04-12T21:18:44
1216,1474,4794********7041-1234,debit,Visa,2029-01,active,2025-01-02T15:25:23
1217,1474,4955********1032-2888,debit,Visa,2028-09,blocked,2025-09-12T18:03:43
1218,1475,5954********1012-9335,debit,Mastercard,2031-03,blocked,2026-03-17T11:16:30
1219,1475,4669********4883-8103,debit,Visa,2031-05,blocked,2026-05-14T04:12:01
1220,1476,5375********7610-6384,debit,Mastercard,2029-02,active,2026-02-19T10:16:14
1221,1476,5975********8996-9305,debit,Mastercard,2031-04,active,2026-04-12T01:04:28
1222,1477,5418********6651-1399,credit,Mastercard,2031-04,blocked,2026-04-21T01:41:57
1223,1480,6038********6023-5360,debit,Discover,2029-02,blocked,2025-02-11T22:06:40
1224,1484,5490********7917-1685,credit,Mastercard,2028-11,active,2025-11-15T10:54:58
1225,1485,4431********8320-582,debit,Visa,2029-05,active,2026-05-11T07:09:53
1226,1486,3092*******7173-7848,debit,Amex,2028-04,blocked,2025-04-28T14:32:18
1227,1487,4114********5178-4793,debit,Visa,2030-05,expired,2026-05-01T01:59:22
1228,1488,5602********9754-9701,debit,Mastercard,2031-05,active,2026-05-01T15:27:00
1229,1489,6278********2538-2085,debit,Discover,2031-04,active,2026-04-24T14:20:28
1230,1490,4003********3228-7632,debit,Visa,2029-05,active,2026-05-05T18:15:12
1231,1491,5300********9020-6756,debit,Mastercard,2030-02,active,2026-02-26T06:06:18
1232,1492,4191********8309-8176,debit,Visa,2029-05,blocked,2026-05-15T15:54:11
1233,1493,5654********3971-8453,debit,Mastercard,2029-02,active,2026-02-11T11:37:57
1234,1494,5413********5848-4860,debit,Mastercard,2031-05,active,2026-05-08T01:52:16
1235,1495,4373********0684-2474,debit,Visa,2031-04,active,2026-04-07T02:05:36
1236,1496,5823********2412-7886,debit,Mastercard,2030-04,blocked,2026-04-18T10:19:15
1237,1497,6230********9499-1494,debit,Discover,2031-05,blocked,2026-05-15T05:42:51
1238,1498,5744********9376-3347,debit,Mastercard,2028-01,expired,2025-01-22T00:17:33
1239,1500,5963********6256-6989,debit,Mastercard,2029-06,expired,2024-06-02T01:02:45
1240,1502,3461*******7348-1170,credit,Amex,2028-11,active,2025-11-19T08:04:45
1241,1503,4442********8808-1589,debit,Visa,2030-02,blocked,2026-02-08T07:52:56
1242,1505,5863********8372-9107,debit,Mastercard,2030-01,active,2025-01-30T15:08:41
1243,1506,4372********2136-6947,credit,Visa,2029-03,active,2026-03-20T08:23:46
1244,1509,5258********0901-3450,debit,Mastercard,2030-03,active,2026-03-19T12:35:59
1245,1512,5427********1452-5671,debit,Mastercard,2030-01,expired,2026-01-09T17:04:46
1246,1514,5823********7452-9467,debit,Mastercard,2030-05,active,2026-05-08T19:44:14
1247,1515,5149********3358-7655,debit,Mastercard,2030-02,active,2026-02-12T13:24:41
1248,1517,4216********1970-2481,debit,Visa,2031-01,active,2026-01-14T09:05:33
1249,1517,5942********5108-225,debit,Mastercard,2030-09,active,2025-09-12T04:51:01
1250,1518,5940********4187-6465,debit,Mastercard,2030-07,active,2025-07-02T09:33:15
1251,1520,4783********1036-7204,debit,Visa,2027-08,blocked,2023-08-10T00:18:22
1252,1521,4541********6640-7252,debit,Visa,2030-03,active,2026-03-20T13:19:06
1253,1522,5806********0166-5531,debit,Mastercard,2030-04,blocked,2026-04-20T01:14:15
1254,1523,5856********1059-8240,debit,Mastercard,2029-02,blocked,2026-02-27T00:02:32
1255,1524,4312********0560-2541,debit,Visa,2030-04,blocked,2026-04-07T17:04:52
1256,1524,4039********1687-2723,debit,Visa,2030-05,active,2026-05-11T01:43:49
1257,1525,4573********7498-6960,debit,Visa,2027-11,expired,2023-11-06T00:46:53
1258,1526,4957********1041-8430,debit,Visa,2028-08,active,2023-08-04T22:56:26
1259,1531,4024********6853-6459,debit,Visa,2030-07,blocked,2025-07-24T19:24:15
1260,1532,5978********4640-524,debit,Mastercard,2029-05,active,2025-05-13T12:53:48
1261,1533,4586********8976-5309,debit,Visa,2029-05,blocked,2026-05-05T18:03:35
1262,1534,4932********6752-3349,debit,Visa,2030-11,active,2025-11-06T10:03:32
1263,1536,5214********6937-4468,debit,Mastercard,2031-04,blocked,2026-04-25T02:40:15
1264,1538,4193********9896-2026,debit,Visa,2028-11,expired,2025-11-17T09:30:56
1265,1539,5233********5521-4646,debit,Mastercard,2028-06,active,2023-06-28T09:48:42
1266,1539,4619********8885-3269,debit,Visa,2029-02,active,2025-02-24T20:58:37
1267,1540,4559********0280-8778,debit,Visa,2031-04,blocked,2026-04-22T10:59:58
1268,1542,4276********9974-4617,debit,Visa,2029-02,active,2026-02-16T20:58:12
1269,1543,3800*******5430-5993,debit,Amex,2030-05,active,2026-05-15T23:09:07
1270,1544,5761********2651-1910,debit,Mastercard,2029-02,expired,2025-02-26T06:42:08
1271,1546,5664********5257-5184,debit,Mastercard,2029-05,active,2026-05-04T23:24:47
1272,1548,4822********5197-6007,debit,Visa,2027-09,active,2023-09-30T06:38:40
1273,1549,4054********0687-8019,debit,Visa,2028-11,blocked,2025-11-10T17:06:19
1274,1551,4764********7544-6002,debit,Visa,2031-05,active,2026-05-02T05:08:35
1275,1553,5383********1235-8158,debit,Mastercard,2030-03,blocked,2026-03-09T02:23:35
1276,1554,4494********3768-748,debit,Visa,2031-03,expired,2026-03-16T09:25:29
1277,1555,5437********8240-6189,credit,Mastercard,2030-03,expired,2026-03-21T01:33:33
1278,1556,5308********8316-8395,credit,Mastercard,2029-05,expired,2024-05-25T19:25:04
1279,1557,5790********0149-7752,debit,Mastercard,2029-03,blocked,2026-03-02T19:39:29
1280,1558,5821********8433-7813,debit,Mastercard,2029-01,active,2026-01-26T22:35:52
1281,1559,5787********5327-9352,debit,Mastercard,2029-05,blocked,2025-05-15T02:59:04
1282,1561,4714********7018-6772,debit,Visa,2030-04,blocked,2026-04-24T23:07:59
1283,1562,5698********3232-8291,debit,Mastercard,2030-05,blocked,2025-05-01T11:54:38
1284,1564,4013********9161-5198,debit,Visa,2029-04,blocked,2026-04-26T01:35:15
1285,1566,4387********2589-6948,debit,Visa,2029-11,expired,2025-11-24T23:43:22
1286,1567,5994********2015-4873,debit,Mastercard,2027-07,active,2023-07-06T02:04:04
1287,1568,5249********3328-3763,debit,Mastercard,2025-10,expired,2022-10-30T11:39:21
1288,1570,3328*******9978-8295,debit,Amex,2030-07,active,2025-07-05T23:57:19
1289,1571,4323********1390-5711,debit,Visa,2029-08,active,2025-08-13T01:04:22
1290,1572,4805********3384-4831,debit,Visa,2029-09,blocked,2024-09-20T22:43:52
1291,1573,5787********0667-6497,debit,Mastercard,2029-05,active,2026-05-14T08:05:16
1292,1574,4988********8909-1415,debit,Visa,2029-05,active,2026-05-12T17:41:11
1293,1575,5690********6195-6525,debit,Mastercard,2030-12,expired,2025-12-31T22:43:55
1294,1576,5996********6232-2474,debit,Mastercard,2031-05,expired,2026-05-14T00:57:36
1295,1577,4079********7127-1909,debit,Visa,2031-03,blocked,2026-03-25T02:20:10
1296,1578,5284********7827-6085,debit,Mastercard,2029-06,active,2025-06-05T07:42:19
1297,1578,5200********3980-5673,debit,Mastercard,2028-12,active,2025-12-29T17:26:54
1298,1579,4331********3863-5942,debit,Visa,2031-04,active,2026-04-03T00:43:24
1299,1580,4800********2715-6231,debit,Visa,2028-12,active,2025-12-16T13:32:04
1300,1581,4023********1999-8140,debit,Visa,2029-05,active,2026-05-08T05:25:36
1301,1582,4651********0116-3192,debit,Visa,2029-10,active,2025-10-08T23:43:13
1302,1582,4805********5533-6061,debit,Visa,2030-04,active,2026-04-28T02:20:43
1303,1583,5631********8040-1837,debit,Mastercard,2027-01,active,2024-01-08T09:30:34
1304,1584,5331********4383-6501,debit,Mastercard,2029-06,active,2025-06-04T11:38:20
1305,1584,5561********2369-798,debit,Mastercard,2028-05,active,2025-05-15T04:28:52
1306,1586,5118********4371-8995,debit,Mastercard,2030-11,active,2025-11-23T15:47:43
1307,1587,4094********6206-3165,debit,Visa,2029-04,active,2026-04-07T15:14:29
1308,1589,4945********6578-6825,debit,Visa,2031-01,active,2026-01-16T05:54:39
1309,1589,4970********7320-8869,debit,Visa,2031-03,expired,2026-03-15T12:35:01
1310,1591,5515********8906-3331,debit,Mastercard,2031-02,active,2026-02-07T09:32:34
1311,1592,5741********6663-4199,debit,Mastercard,2029-08,active,2025-08-30T16:42:04
1312,1593,4467********3471-7055,debit,Visa,2028-09,active,2025-09-18T09:08:38
1313,1594,4286********6315-9688,debit,Visa,2029-12,active,2025-12-02T13:32:40
1314,1595,4169********2099-2026,debit,Visa,2029-12,blocked,2025-12-16T10:40:17
1315,1596,5865********1974-8671,credit,Mastercard,2030-03,blocked,2026-03-21T06:21:43
1316,1597,4074********4068-7521,debit,Visa,2030-04,active,2026-04-16T18:53:58
1317,1599,4979********0393-3213,debit,Visa,2030-04,active,2026-04-27T18:29:01
1318,1601,4328********3253-3025,debit,Visa,2028-08,blocked,2025-08-06T16:57:19
1319,1602,5930********6706-874,debit,Mastercard,2031-05,blocked,2026-05-05T23:33:49
1320,1603,4436********6537-4712,debit,Visa,2029-02,blocked,2024-02-15T06:10:32
1321,1604,5473********4850-8886,debit,Mastercard,2029-08,blocked,2025-08-31T10:35:09
1322,1605,4811********8160-5020,debit,Visa,2028-05,blocked,2025-05-27T05:47:29
1323,1606,4720********5985-3780,debit,Visa,2030-07,blocked,2025-07-18T05:12:19
1324,1607,4277********3933-1202,debit,Visa,2030-11,expired,2025-11-21T22:39:23
1325,1609,5481********3141-8633,credit,Mastercard,2027-11,active,2024-11-28T22:31:43
1326,1610,5397********8809-9115,debit,Mastercard,2030-10,blocked,2025-10-27T16:54:08
1327,1611,4143********9636-4648,debit,Visa,2029-08,active,2024-08-25T23:30:38
1328,1612,4401********1070-8703,credit,Visa,2030-05,blocked,2026-05-09T10:00:23
1329,1613,6238********8550-2492,debit,Discover,2029-01,active,2025-01-14T08:40:59
1330,1613,5523********7938-8622,debit,Mastercard,2030-02,active,2025-02-06T11:30:27
1331,1614,5462********7912-4869,debit,Mastercard,2029-04,blocked,2026-04-08T04:19:55
1332,1614,4029********5966-8806,debit,Visa,2026-11,blocked,2022-11-14T09:27:55
1333,1615,4178********8102-2650,debit,Visa,2027-02,expired,2024-02-17T15:41:13
1334,1616,4523********3441-2035,debit,Visa,2027-05,blocked,2023-05-19T23:06:19
1335,1616,5498********2732-9075,debit,Mastercard,2027-12,blocked,2024-12-26T22:14:35
1336,1617,4190********7250-9125,debit,Visa,2028-06,active,2025-06-14T02:52:55
1337,1619,4845********6966-8379,debit,Visa,2030-05,active,2026-05-15T09:49:04
1338,1621,5998********0928-5708,debit,Mastercard,2030-03,active,2026-03-12T11:40:29
1339,1622,4625********0627-5552,debit,Visa,2030-12,active,2025-12-02T05:50:34
1340,1623,5991********0322-6976,credit,Mastercard,2028-12,expired,2025-12-21T19:33:48
1341,1624,6266********8102-7410,debit,Discover,2029-10,active,2025-10-02T11:28:22
1342,1626,4473********5340-1983,debit,Visa,2028-10,active,2024-10-13T00:54:04
1343,1627,4677********5794-4391,debit,Visa,2029-05,expired,2026-05-14T05:10:46
1344,1629,4697********7514-3625,debit,Visa,2030-02,active,2026-02-18T01:21:25
1345,1630,4687********1988-3257,credit,Visa,2030-04,blocked,2026-04-22T14:06:37
1346,1631,4186********3307-246,debit,Visa,2031-02,active,2026-02-02T16:24:11
1347,1632,5285********8643-2698,credit,Mastercard,2030-11,blocked,2025-11-25T22:51:41
1348,1633,4796********9180-1203,debit,Visa,2030-06,blocked,2025-06-09T22:40:24
1349,1634,4161********7208-5929,debit,Visa,2031-03,blocked,2026-03-17T14:23:18
1350,1635,5439********4955-2659,debit,Mastercard,2030-03,active,2026-03-20T04:35:42
1351,1635,5556********2797-5090,debit,Mastercard,2029-01,active,2026-01-29T21:47:42
1352,1636,4779********0982-9094,debit,Visa,2029-03,active,2026-03-29T09:18:08
1353,1637,4349********1875-1468,debit,Visa,2030-04,active,2026-04-24T12:42:00
1354,1638,3133*******8072-7330,credit,Amex,2031-01,active,2026-01-02T08:09:31
1355,1639,5899********2858-1761,debit,Mastercard,2027-04,active,2024-04-13T17:44:40
1356,1640,5741********8855-2523,debit,Mastercard,2030-05,blocked,2026-05-13T13:09:53
1357,1641,4770********2715-5990,debit,Visa,2029-04,active,2026-04-29T11:33:50
1358,1645,4191********2305-6071,debit,Visa,2030-01,blocked,2026-01-09T11:36:14
1359,1646,5327********8177-726,debit,Mastercard,2029-11,blocked,2025-11-09T06:46:01
1360,1647,5824********7218-9301,debit,Mastercard,2029-03,active,2026-03-25T23:17:02
1361,1648,3496*******2147-6148,credit,Amex,2030-11,active,2025-11-02T04:02:11
1362,1649,4362********3561-4106,debit,Visa,2028-03,active,2023-03-25T15:53:14
1363,1650,5875********8585-3933,debit,Mastercard,2031-03,blocked,2026-03-08T19:41:39
1364,1652,5100********1362-8561,debit,Mastercard,2031-05,active,2026-05-10T05:03:05
1365,1653,4655********3075-431,debit,Visa,2031-04,expired,2026-04-25T14:16:00
1366,1653,5284********4640-2572,debit,Mastercard,2031-05,blocked,2026-05-09T04:26:35
1367,1654,4577********1887-9156,debit,Visa,2029-03,expired,2026-03-10T16:50:14
1368,1656,4044********4066-3664,debit,Visa,2029-05,active,2026-05-05T05:15:26
1369,1657,5700********1974-1969,debit,Mastercard,2031-05,active,2026-05-02T05:32:19
1370,1659,4327********9911-756,debit,Visa,2030-05,active,2026-05-11T11:57:46
1371,1660,4829********7044-4548,debit,Visa,2030-05,active,2026-05-15T23:25:50
1372,1661,4034********7553-2143,debit,Visa,2030-02,active,2025-02-21T10:58:12
1373,1662,6326********1947-7668,credit,Discover,2028-05,blocked,2025-05-08T00:39:06
1374,1663,6571********4522-5395,debit,Discover,2031-04,active,2026-04-25T14:07:36
1375,1664,4777********3950-7592,debit,Visa,2030-04,blocked,2026-04-27T21:04:40
1376,1664,4772********5459-7524,debit,Visa,2029-03,blocked,2026-03-21T18:06:08
1377,1665,5977********0736-939,debit,Mastercard,2030-04,expired,2026-04-10T04:25:21
1378,1666,4846********9216-1195,credit,Visa,2030-05,active,2026-05-07T04:34:36
1379,1667,5958********5226-9128,debit,Mastercard,2031-05,expired,2026-05-07T09:49:24
1380,1668,5454********7015-6154,debit,Mastercard,2030-05,active,2026-05-14T14:03:14
1381,1669,5595********5586-984,debit,Mastercard,2030-10,blocked,2025-10-18T00:57:00
1382,1669,5920********9647-8787,debit,Mastercard,2031-04,active,2026-04-27T00:37:25
1383,1670,4805********7745-5622,debit,Visa,2029-08,active,2024-08-04T14:07:16
1384,1671,5006********1771-7444,debit,Mastercard,2028-10,active,2025-10-05T19:19:02
1385,1673,5223********5689-7980,debit,Mastercard,2029-06,active,2024-06-23T09:35:27
1386,1674,4391********2424-1073,credit,Visa,2030-01,expired,2026-01-04T06:02:14
1387,1675,4941********8952-8634,debit,Visa,2030-05,blocked,2026-05-12T21:06:34
1388,1677,5523********6328-2299,debit,Mastercard,2029-05,blocked,2026-05-12T02:52:39
1389,1678,4637********4150-5065,debit,Visa,2031-03,active,2026-03-20T19:27:51
1390,1679,4175********1029-9504,debit,Visa,2029-03,blocked,2024-03-27T19:44:13
1391,1680,5986********7421-5993,debit,Mastercard,2030-12,active,2025-12-21T06:20:53
1392,1683,4540********9899-8824,credit,Visa,2028-06,active,2024-06-24T23:30:34
1393,1685,5893********8349-2462,debit,Mastercard,2030-01,blocked,2026-01-24T16:44:31
1394,1686,5451********6015-122,credit,Mastercard,2029-08,active,2025-08-02T00:24:00
1395,1687,5531********1320-536,credit,Mastercard,2029-04,active,2026-04-21T14:20:04
1396,1689,5597********9748-1524,debit,Mastercard,2031-04,active,2026-04-19T13:25:24
1397,1693,4654********7174-8927,credit,Visa,2030-10,active,2025-10-27T11:49:57
1398,1694,5529********5055-8205,debit,Mastercard,2030-11,active,2025-11-10T11:27:22
1399,1695,5809********5472-7545,debit,Mastercard,2031-01,active,2026-01-22T12:08:18
1400,1696,5193********1720-9475,debit,Mastercard,2031-05,active,2026-05-01T12:37:21
1401,1697,4180********4689-2,debit,Visa,2030-12,expired,2025-12-16T09:04:26
1402,1698,5759********1932-4591,credit,Mastercard,2031-04,blocked,2026-04-19T10:35:16
1403,1700,5025********1369-7139,debit,Mastercard,2030-02,active,2025-02-24T13:12:38
1404,1701,3217*******6386-850,credit,Amex,2030-12,active,2025-12-07T15:15:12
1405,1702,4324********0046-5838,debit,Visa,2027-01,blocked,2023-01-24T19:35:09
1406,1703,4069********3721-892,debit,Visa,2029-12,active,2025-12-01T15:02:09
1407,1704,5313********8511-209,debit,Mastercard,2029-11,active,2025-11-26T14:30:23
1408,1705,4692********7817-5158,debit,Visa,2031-05,expired,2026-05-10T02:14:41
1409,1706,4738********7462-3359,debit,Visa,2029-01,active,2026-01-16T12:49:56
1410,1708,4259********1293-8003,credit,Visa,2028-01,active,2025-01-19T11:36:31
1411,1709,5139********6746-4078,debit,Mastercard,2031-04,active,2026-04-17T10:30:58
1412,1714,4312********9148-7832,debit,Visa,2031-04,blocked,2026-04-30T08:21:15
1413,1715,4089********8528-5735,debit,Visa,2030-04,blocked,2026-04-14T14:26:25
1414,1716,4554********9630-5221,debit,Visa,2031-04,blocked,2026-04-08T08:24:06
1415,1718,4641********4239-2040,debit,Visa,2029-04,active,2026-04-03T06:43:11
1416,1719,5698********1917-707,debit,Mastercard,2030-06,blocked,2025-06-04T09:49:57
1417,1720,4723********8219-9010,debit,Visa,2030-12,blocked,2025-12-22T03:06:10
1418,1721,5782********9654-8731,debit,Mastercard,2029-02,active,2024-02-07T15:00:11
1419,1722,4426********1582-6732,credit,Visa,2030-09,active,2025-09-05T18:28:48
1420,1723,4152********2914-5068,debit,Visa,2029-05,expired,2026-05-16T14:15:42
1421,1726,5519********2090-9431,debit,Mastercard,2030-03,active,2026-03-30T21:05:29
1422,1727,5137********1797-5907,credit,Mastercard,2028-12,active,2025-12-29T15:36:45
1423,1728,5007********8715-3672,debit,Mastercard,2029-02,expired,2025-02-04T21:40:21
1424,1731,4859********1739-3373,debit,Visa,2030-10,active,2025-10-19T08:44:21
1425,1732,4587********5725-2791,credit,Visa,2026-07,active,2023-07-26T09:33:52
1426,1733,5188********3475-9781,debit,Mastercard,2029-02,blocked,2026-02-13T22:07:32
1427,1734,5456********4370-151,debit,Mastercard,2027-10,active,2024-10-05T12:03:27
1428,1735,4328********5989-7284,debit,Visa,2028-01,active,2025-01-24T20:31:04
1429,1736,4702********1608-2768,debit,Visa,2028-02,active,2023-02-03T01:23:08
1430,1737,5585********4816-5551,credit,Mastercard,2031-01,active,2026-01-06T14:48:36
1431,1738,4024********7707-538,credit,Visa,2030-02,blocked,2026-02-14T12:25:42
1432,1739,5890********8608-5865,debit,Mastercard,2029-10,expired,2025-10-17T12:33:01
1433,1740,4385********7595-6207,debit,Visa,2030-12,active,2025-12-23T16:29:51
1434,1743,4317********1086-4462,debit,Visa,2027-11,expired,2024-11-18T13:48:26
1435,1744,4813********1722-4561,debit,Visa,2030-04,active,2025-04-28T21:35:45
1436,1745,4315********5150-3146,debit,Visa,2027-02,active,2024-02-23T23:09:03
1437,1746,4345********1217-3186,debit,Visa,2029-09,active,2024-09-23T04:33:45
1438,1747,4317********8214-3000,debit,Visa,2029-05,blocked,2026-05-03T16:57:07
1439,1749,4706********9960-352,debit,Visa,2029-01,active,2024-01-17T11:39:58
1440,1751,5863********9741-9072,debit,Mastercard,2031-04,active,2026-04-28T01:11:23
1441,1751,5864********5090-1936,debit,Mastercard,2031-04,active,2026-04-17T02:11:40
1442,1754,4675********7373-3435,credit,Visa,2031-04,expired,2026-04-16T07:02:16
1443,1755,5234********5086-912,debit,Mastercard,2031-01,blocked,2026-01-13T08:21:20
1444,1756,5752********7408-216,debit,Mastercard,2029-12,blocked,2025-12-08T06:01:02
1445,1757,4766********2914-6291,debit,Visa,2028-12,active,2024-12-02T11:59:28
1446,1758,4914********3480-6499,debit,Visa,2029-01,active,2024-01-24T20:54:34
1447,1760,4110********0236-6339,debit,Visa,2029-05,expired,2026-05-04T22:36:19
1448,1762,3661*******5519-7966,debit,Amex,2030-04,active,2026-04-30T12:56:13
1449,1763,4961********8837-2460,credit,Visa,2028-09,active,2025-09-27T00:35:14
1450,1764,5657********8812-9720,debit,Mastercard,2028-07,blocked,2025-07-11T21:55:45
1451,1765,5016********9873-721,debit,Mastercard,2030-03,blocked,2026-03-11T23:57:09
1452,1765,3868*******3792-2184,debit,Amex,2029-05,blocked,2026-05-06T18:16:59
1453,1766,4654********7607-1151,debit,Visa,2029-03,active,2026-03-06T01:33:52
1454,1767,5147********9587-3757,debit,Mastercard,2029-02,blocked,2025-02-27T04:52:31
1455,1769,3511*******8939-3017,debit,Amex,2031-01,active,2026-01-16T21:40:52
1456,1769,4204********8092-2893,debit,Visa,2030-04,expired,2026-04-12T15:34:16
1457,1771,4033********2322-4184,debit,Visa,2029-01,blocked,2026-01-10T22:16:01
1458,1773,5555********7111-7560,debit,Mastercard,2029-12,blocked,2025-12-07T20:17:07
1459,1774,5057********5330-8764,debit,Mastercard,2029-03,active,2026-03-09T03:31:15
1460,1775,3779*******2296-380,debit,Amex,2029-04,active,2026-04-30T22:26:27
1461,1775,4806********9070-380,debit,Visa,2031-05,active,2026-05-06T19:44:29
1462,1777,4526********4600-1911,debit,Visa,2030-05,blocked,2026-05-15T06:03:48
1463,1779,4949********3118-9620,debit,Visa,2029-05,blocked,2025-05-13T12:02:48
1464,1781,4898********1679-6030,debit,Visa,2031-01,active,2026-01-02T07:33:25
1465,1782,4857********1746-1350,credit,Visa,2028-09,blocked,2025-09-23T07:34:43
1466,1783,5046********2911-184,debit,Mastercard,2031-05,expired,2026-05-13T07:47:29
1467,1784,4209********8814-4746,debit,Visa,2029-12,blocked,2025-12-01T05:29:18
1468,1785,5555********3269-3471,credit,Mastercard,2027-07,active,2023-07-11T12:40:10
1469,1786,5578********1389-5084,debit,Mastercard,2028-05,blocked,2025-05-02T17:53:44
1470,1787,4115********7373-1456,debit,Visa,2029-03,active,2026-03-26T20:32:55
1471,1788,4907********3211-8233,debit,Visa,2028-11,active,2025-11-19T23:16:45
1472,1788,4158********1582-7687,debit,Visa,2028-09,active,2025-09-28T21:26:43
1473,1789,4869********2538-6594,debit,Visa,2030-04,blocked,2025-04-27T01:52:18
1474,1790,4071********2145-5322,debit,Visa,2029-04,active,2026-04-16T10:24:09
1475,1794,5819********2466-4970,debit,Mastercard,2027-05,active,2024-05-17T10:32:38
1476,1795,4976********5532-7401,debit,Visa,2028-10,active,2025-10-14T14:51:56
1477,1796,5970********4838-4151,debit,Mastercard,2029-09,active,2025-09-18T19:21:46
1478,1796,5109********2634-3753,debit,Mastercard,2030-08,expired,2025-08-22T11:47:45
1479,1799,4098********6470-6876,debit,Visa,2031-05,active,2026-05-16T00:42:01
1480,1800,5893********8663-2653,debit,Mastercard,2028-05,active,2024-05-14T05:36:41
1481,1802,4849********6818-1074,debit,Visa,2031-05,active,2026-05-05T23:51:01
1482,1802,5745********6422-7853,debit,Mastercard,2029-03,active,2026-03-23T23:37:01
1483,1803,4907********7809-9930,debit,Visa,2028-12,blocked,2025-12-24T16:29:55
1484,1804,3358*******4740-5349,debit,Amex,2027-04,active,2024-04-23T12:01:09
1485,1805,4593********0710-2778,debit,Visa,2029-06,active,2025-06-13T02:12:58
1486,1806,4212********7790-5907,credit,Visa,2031-05,blocked,2026-05-13T18:48:29
1487,1807,5373********8714-4972,debit,Mastercard,2030-08,active,2025-08-04T01:21:44
1488,1807,3836*******8466-3064,debit,Amex,2028-11,active,2025-11-20T03:49:04
1489,1809,5439********0851-361,debit,Mastercard,2025-11,expired,2022-11-18T21:39:13
1490,1810,4888********3707-2179,credit,Visa,2029-02,expired,2026-02-11T23:43:08
1491,1812,5688********4646-5280,debit,Mastercard,2030-03,active,2026-03-21T19:31:22
1492,1812,5851********2554-5174,debit,Mastercard,2029-02,blocked,2026-02-26T06:05:59
1493,1814,4986********3860-291,debit,Visa,2030-05,blocked,2026-05-15T03:11:39
1494,1815,4958********0904-7357,debit,Visa,2028-12,active,2025-12-01T03:15:02
1495,1816,4873********9963-5605,debit,Visa,2030-04,expired,2026-04-18T13:59:56
1496,1817,5407********8908-4782,credit,Mastercard,2028-06,active,2025-06-14T02:59:06
1497,1819,6222********7093-4511,debit,Discover,2029-02,blocked,2026-02-07T02:13:22
1498,1820,4778********7875-1421,debit,Visa,2030-11,blocked,2025-11-27T01:26:20
1499,1823,4319********7193-9837,debit,Visa,2030-03,active,2026-03-23T09:00:02
1500,1823,4847********8555-5496,debit,Visa,2029-02,active,2026-02-06T14:42:09
1501,1825,4223********5772-6134,debit,Visa,2031-04,blocked,2026-04-26T18:05:01
1502,1826,5436********1498-9379,debit,Mastercard,2029-04,active,2026-04-18T18:12:08
1503,1827,4152********0672-9549,debit,Visa,2029-09,blocked,2025-09-26T15:25:36
1504,1828,5833********8765-3161,debit,Mastercard,2030-01,active,2026-01-22T07:01:17
1505,1829,5304********0675-7644,credit,Mastercard,2031-05,blocked,2026-05-04T06:54:42
1506,1830,4689********1318-3171,debit,Visa,2028-05,active,2025-05-29T22:55:49
1507,1831,5761********6051-8949,debit,Mastercard,2031-02,active,2026-02-15T20:15:41
1508,1833,5742********5031-1933,debit,Mastercard,2028-07,active,2024-07-03T15:12:53
1509,1837,4615********1852-396,credit,Visa,2031-05,expired,2026-05-16T18:26:44
1510,1840,5847********1074-4024,debit,Mastercard,2029-02,active,2026-02-03T00:38:09
1511,1841,5414********2737-3168,credit,Mastercard,2029-05,blocked,2026-05-13T06:47:44
1512,1842,4742********0000-9563,credit,Visa,2030-04,active,2025-04-26T15:47:27
1513,1843,4311********5581-7711,debit,Visa,2028-05,active,2025-05-23T05:08:27
1514,1845,5114********0519-463,debit,Mastercard,2030-05,blocked,2026-05-07T17:32:43
1515,1846,5692********4729-6481,debit,Mastercard,2030-04,active,2026-04-14T22:13:04
1516,1847,5939********1166-9300,debit,Mastercard,2031-04,active,2026-04-21T16:50:37
1517,1847,4529********4181-1892,debit,Visa,2031-05,active,2026-05-07T07:38:00
1518,1848,5209********0732-574,debit,Mastercard,2031-03,active,2026-03-15T11:56:20
1519,1849,5873********8382-550,credit,Mastercard,2030-05,active,2025-05-31T21:06:14
1520,1850,4338********0128-9203,debit,Visa,2030-07,expired,2025-07-25T03:03:28
1521,1851,4200********6916-5618,debit,Visa,2028-09,blocked,2025-09-29T18:08:01
1522,1854,5257********7275-9252,debit,Mastercard,2026-10,active,2023-10-02T16:52:19
1523,1855,4846********4210-6604,debit,Visa,2029-04,active,2025-04-12T02:56:36
1524,1859,4729********1433-8986,debit,Visa,2030-11,expired,2025-11-02T04:34:50
1525,1861,3861*******9814-627,debit,Amex,2029-05,active,2026-05-12T18:41:26
1526,1862,5221********1953-5377,debit,Mastercard,2030-05,active,2026-05-15T18:22:22
1527,1863,5842********9959-3648,debit,Mastercard,2030-04,active,2026-04-04T16:35:51
1528,1865,5233********0281-6256,debit,Mastercard,2028-12,active,2025-12-27T01:25:25
1529,1866,5092********3495-3673,debit,Mastercard,2028-10,expired,2025-10-26T19:10:07
1530,1867,5583********3816-2059,debit,Mastercard,2030-02,expired,2025-02-19T17:26:45
1531,1871,5684********6424-2399,debit,Mastercard,2029-04,expired,2026-04-19T04:05:03
1532,1872,5799********8766-734,debit,Mastercard,2028-09,expired,2025-09-12T00:58:36
1533,1874,5908********5751-5005,debit,Mastercard,2028-09,active,2025-09-05T22:09:29
1534,1875,4240********4169-5670,debit,Visa,2030-04,expired,2026-04-05T14:45:18
1535,1876,5632********8023-579,debit,Mastercard,2030-12,active,2025-12-19T05:21:10
1536,1877,3640*******4419-8778,credit,Amex,2028-10,expired,2025-10-20T15:12:25
1537,1879,5264********6893-4147,debit,Mastercard,2029-06,active,2024-06-24T18:28:45
1538,1883,4910********2625-8563,debit,Visa,2028-09,blocked,2025-09-04T00:36:00
1539,1884,5012********2666-197,debit,Mastercard,2031-04,blocked,2026-04-04T12:57:24
1540,1885,4652********9322-6963,debit,Visa,2029-03,active,2026-03-03T20:41:50
1541,1887,5430********1954-1279,debit,Mastercard,2031-02,expired,2026-02-10T18:52:22
1542,1889,4683********3034-3822,credit,Visa,2030-12,blocked,2025-12-20T23:16:11
1543,1892,4258********5273-5805,debit,Visa,2028-06,blocked,2025-06-18T20:05:47
1544,1895,5736********6256-511,debit,Mastercard,2031-03,active,2026-03-12T19:57:42
1545,1896,4734********5933-1165,debit,Visa,2030-05,active,2026-05-08T12:47:30
1546,1896,4846********8878-2258,debit,Visa,2029-05,active,2026-05-14T09:22:31
1547,1899,4327********0193-3476,debit,Visa,2031-01,blocked,2026-01-02T07:24:10
1548,1900,5339********1342-2196,debit,Mastercard,2030-05,active,2025-05-01T13:47:00
1549,1901,4296********7538-2302,debit,Visa,2030-01,active,2025-01-03T01:07:29
1550,1902,5194********3229-7125,debit,Mastercard,2030-08,active,2025-08-10T06:15:20
1551,1905,4969********3731-8492,debit,Visa,2028-10,blocked,2025-10-18T13:06:17
1552,1906,5632********5770-6588,debit,Mastercard,2030-05,active,2026-05-14T15:07:44
1553,1908,5417********0125-5294,debit,Mastercard,2029-05,active,2026-05-06T23:44:45
1554,1909,5234********9256-2427,debit,Mastercard,2030-10,active,2025-10-27T15:20:52
1555,1910,3701*******9183-3235,debit,Amex,2031-05,active,2026-05-15T03:23:26
1556,1911,5585********2619-6704,debit,Mastercard,2026-07,active,2023-07-05T06:20:14
1557,1912,4602********2501-4590,debit,Visa,2029-06,expired,2025-06-03T06:32:29
1558,1913,5803********1237-8106,debit,Mastercard,2030-04,active,2026-04-17T21:53:44
1559,1914,4760********3409-9688,debit,Visa,2028-10,active,2025-10-07T00:54:13
1560,1915,5436********0532-3966,debit,Mastercard,2029-02,blocked,2025-02-01T10:32:40
1561,1918,5186********4655-2041,credit,Mastercard,2030-03,blocked,2026-03-11T19:45:40
1562,1919,4963********6005-8384,debit,Visa,2030-05,active,2026-05-08T18:07:40
1563,1919,5252********5168-6959,debit,Mastercard,2029-04,active,2026-04-30T19:18:07
1564,1923,4369********2539-8482,credit,Visa,2031-05,blocked,2026-05-06T23:40:31
1565,1924,5639********8649-6911,debit,Mastercard,2029-05,expired,2026-05-13T14:04:25
1566,1925,4147********4804-3629,debit,Visa,2029-08,blocked,2025-08-02T12:21:37
1567,1926,5539********5165-5489,credit,Mastercard,2030-05,active,2026-05-10T16:20:17
1568,1927,4654********8698-4577,debit,Visa,2029-03,active,2026-03-20T03:01:42
1569,1929,4133********9713-9815,debit,Visa,2030-05,blocked,2026-05-14T09:10:33
1570,1930,4997********9027-5932,debit,Visa,2030-05,active,2026-05-15T11:41:02
1571,1931,5686********1613-8873,debit,Mastercard,2029-11,active,2025-11-06T13:30:33
1572,1931,4853********9839-3887,debit,Visa,2029-01,active,2026-01-10T04:11:39
1573,1932,4732********8750-7599,credit,Visa,2031-01,active,2026-01-22T19:01:17
1574,1933,4723********9997-3365,debit,Visa,2030-04,active,2026-04-19T06:19:44
1575,1933,5298********8394-7539,debit,Mastercard,2029-04,active,2026-04-20T00:35:16
1576,1934,4413********0965-4978,debit,Visa,2031-04,expired,2026-04-11T08:33:22
1577,1935,5237********3827-5079,debit,Mastercard,2030-02,expired,2026-02-17T03:47:19
1578,1936,5819********4323-4023,debit,Mastercard,2028-12,blocked,2025-12-26T08:02:10
1579,1938,6309********0128-8069,debit,Discover,2028-07,active,2025-07-17T06:54:49
1580,1939,5120********6765-1512,debit,Mastercard,2027-10,expired,2024-10-06T13:49:06
1581,1940,4916********9826-1322,debit,Visa,2029-04,blocked,2026-04-18T00:03:06
1582,1942,4185********6885-3260,debit,Visa,2027-03,active,2024-03-17T15:58:07
1583,1943,5555********1338-945,debit,Mastercard,2029-05,active,2026-05-03T21:20:17
1584,1944,5852********0049-1931,credit,Mastercard,2031-05,active,2026-05-16T18:48:04
1585,1945,4023********5939-4120,debit,Visa,2031-02,blocked,2026-02-10T21:27:53
1586,1946,4272********4794-7804,debit,Visa,2028-11,active,2025-11-25T03:01:30
1587,1947,4502********9501-9871,debit,Visa,2031-03,blocked,2026-03-07T21:04:41
1588,1948,4008********7848-5293,debit,Visa,2030-05,active,2026-05-14T23:24:56
1589,1952,4215********4779-6829,debit,Visa,2027-10,active,2023-10-19T19:45:18
1590,1953,3007*******9414-7899,credit,Amex,2030-05,active,2026-05-15T11:28:10
1591,1954,5647********4312-1784,debit,Mastercard,2030-04,active,2026-04-19T02:27:24
1592,1955,4630********0481-6263,debit,Visa,2031-05,blocked,2026-05-12T23:25:58
1593,1957,4269********1609-4853,debit,Visa,2029-05,active,2026-05-04T23:58:24
1594,1958,4953********6009-6503,debit,Visa,2030-04,active,2026-04-21T03:24:46
1595,1959,4226********8453-246,debit,Visa,2028-01,blocked,2024-01-04T19:00:38
1596,1960,6783********0430-5009,debit,Discover,2029-06,active,2025-06-14T15:44:25
1597,1960,4246********1873-7872,debit,Visa,2029-12,active,2025-12-21T19:57:21
1598,1961,4752********1367-3348,debit,Visa,2029-05,blocked,2026-05-04T23:48:04
1599,1965,5685********7742-4834,debit,Mastercard,2030-12,expired,2025-12-30T08:22:13
1600,1966,5615********9803-7755,debit,Mastercard,2030-05,blocked,2026-05-15T17:07:09
1601,1967,4525********1914-3487,debit,Visa,2028-04,expired,2025-04-18T15:13:40
1602,1968,5698********6407-1470,credit,Mastercard,2029-02,active,2026-02-01T16:56:48
1603,1969,4972********8917-2000,debit,Visa,2029-04,blocked,2026-04-02T22:22:41
1604,1972,5445********6688-9519,credit,Mastercard,2030-04,active,2026-04-19T02:29:32
1605,1973,5410********1328-4578,debit,Mastercard,2030-02,expired,2025-02-23T06:13:55
1606,1974,4928********4558-8736,debit,Visa,2031-05,active,2026-05-16T14:57:37
1607,1976,5040********7885-2450,debit,Mastercard,2031-05,active,2026-05-08T01:31:04
1608,1977,5186********8370-7391,debit,Mastercard,2030-05,active,2025-05-15T18:31:50
1609,1978,6411********7652-3186,debit,Discover,2028-04,blocked,2025-04-02T23:20:51
1610,1980,4026********7826-6832,debit,Visa,2027-08,active,2024-08-31T15:00:34
1611,1981,4892********9462-1654,debit,Visa,2030-05,blocked,2026-05-12T08:39:17
1612,1982,5339********2543-7813,debit,Mastercard,2029-04,active,2026-04-28T00:16:05
1613,1983,4816********8259-5971,debit,Visa,2031-05,active,2026-05-13T13:40:14
1614,1984,4791********7345-4121,debit,Visa,2031-02,active,2026-02-03T17:20:01
1615,1985,4834********8539-4207,debit,Visa,2031-03,active,2026-03-09T02:25:23
1616,1988,4217********5047-888,debit,Visa,2030-05,active,2026-05-10T07:52:30
1617,1989,4019********2569-2085,debit,Visa,2030-04,blocked,2026-04-07T10:38:01
1618,1990,5482********3081-5764,debit,Mastercard,2029-05,active,2026-05-12T15:01:48
1619,1992,3503*******5899-6509,debit,Amex,2028-07,blocked,2025-07-05T10:02:38
1620,1992,4787********0405-7714,debit,Visa,2028-05,blocked,2025-05-20T01:50:17
1621,1994,5054********5300-1168,debit,Mastercard,2030-09,active,2025-09-30T14:21:37
1622,1996,4104********7834-7274,credit,Visa,2030-12,expired,2025-12-12T21:45:44
1623,1997,5663********5625-7576,debit,Mastercard,2029-04,active,2026-04-27T10:37:21
1624,1998,5295********9791-3818,debit,Mastercard,2031-02,active,2026-02-26T14:03:19
1625,1999,5747********0675-3212,debit,Mastercard,2029-04,active,2026-04-11T16:07:07
1626,2000,5342********9032-8822,debit,Mastercard,2031-01,active,2026-01-20T03:30:45
1627,2001,5329********1507-4360,debit,Mastercard,2031-05,active,2026-05-12T03:01:26
1628,2002,5514********0574-6232,debit,Mastercard,2029-05,active,2026-05-14T16:10:18
1629,2003,4331********7538-2293,debit,Visa,2031-04,expired,2026-04-04T10:48:23
1630,2004,5607********4744-9183,debit,Mastercard,2030-05,blocked,2026-05-16T01:13:34
1631,2006,4203********6259-7169,debit,Visa,2029-02,expired,2026-02-17T02:11:21
1632,2007,4289********3480-321,debit,Visa,2028-08,active,2025-08-25T21:02:10
1633,2007,4962********4251-8770,debit,Visa,2030-12,expired,2025-12-12T00:45:10
1634,2008,5201********3598-3068,credit,Mastercard,2028-09,active,2025-09-10T13:26:38
1635,2009,4671********3627-5051,debit,Visa,2030-10,expired,2025-10-06T19:12:05
1636,2010,5963********5017-7948,debit,Mastercard,2028-05,active,2025-05-01T14:56:27
1637,2011,4728********0653-8879,debit,Visa,2029-05,blocked,2026-05-14T20:21:20
1638,2012,4969********8453-6156,debit,Visa,2030-04,active,2025-04-09T11:04:53
1639,2013,4318********9629-1876,debit,Visa,2031-05,active,2026-05-08T11:36:05
1640,2014,4351********2447-363,debit,Visa,2029-04,active,2026-04-12T16:42:07
1641,2015,4083********0552-9583,debit,Visa,2029-04,blocked,2026-04-23T23:23:35
1642,2015,3799*******1851-9090,debit,Amex,2031-04,blocked,2026-04-02T21:59:31
1643,2016,5056********1859-1716,debit,Mastercard,2027-12,blocked,2024-12-27T04:03:16
1644,2018,4475********0083-5054,debit,Visa,2031-04,active,2026-04-26T23:22:12
1645,2019,4070********3232-6399,debit,Visa,2031-05,active,2026-05-16T18:45:26
1646,2020,4511********2905-9295,debit,Visa,2030-01,blocked,2026-01-08T23:23:13
1647,2020,4216********0741-1220,debit,Visa,2030-01,active,2025-01-04T07:20:04
1648,2021,5690********5917-5316,debit,Mastercard,2031-03,active,2026-03-28T21:23:36
1649,2022,4142********2266-5776,debit,Visa,2029-07,active,2025-07-13T21:26:08
1650,2023,4896********3667-8742,debit,Visa,2028-10,active,2025-10-21T23:34:52
1651,2024,5708********7090-7895,credit,Mastercard,2030-04,expired,2026-04-27T00:42:27
1652,2025,4521********7111-5082,debit,Visa,2028-09,active,2024-09-10T11:09:10
1653,2028,5802********8450-8959,debit,Mastercard,2031-04,blocked,2026-04-18T13:40:04
1654,2029,4747********3876-8087,debit,Visa,2029-12,active,2024-12-29T09:02:50
1655,2030,4332********5601-8225,debit,Visa,2028-11,active,2023-11-18T21:05:38
1656,2031,4322********5786-9188,debit,Visa,2031-03,blocked,2026-03-28T12:58:37
1657,2031,3960*******2765-6703,debit,Amex,2029-04,blocked,2026-04-15T21:32:40
1658,2032,5656********5556-5514,debit,Mastercard,2028-10,active,2024-10-10T00:50:09
1659,2034,4944********6518-2593,debit,Visa,2029-03,blocked,2024-03-07T11:44:18
1660,2036,3111*******6426-4256,debit,Amex,2031-03,active,2026-03-24T23:54:33
1661,2039,3620*******6631-7967,credit,Amex,2031-05,blocked,2026-05-13T20:35:39
1662,2040,4590********7882-8746,debit,Visa,2029-04,active,2026-04-05T11:59:50
1663,2041,4765********4018-969,debit,Visa,2030-03,active,2026-03-26T15:51:14
1664,2041,5042********9557-9551,debit,Mastercard,2031-04,active,2026-04-16T12:24:31
1665,2042,4038********5477-9295,credit,Visa,2030-03,active,2026-03-23T03:51:11
1666,2043,4409********7763-5040,debit,Visa,2029-04,blocked,2026-04-25T21:30:47
1667,2045,4347********4343-8732,debit,Visa,2030-11,expired,2025-11-05T14:33:10
1668,2046,4214********0301-8343,debit,Visa,2029-03,active,2026-03-20T13:57:53
1669,2047,4878********8118-8580,debit,Visa,2031-03,blocked,2026-03-03T12:04:53
1670,2048,3696*******2044-987,debit,Amex,2029-01,expired,2026-01-05T15:45:02
1671,2049,5332********8348-2428,credit,Mastercard,2029-04,active,2026-04-21T06:05:04
1672,2050,5740********8224-9327,debit,Mastercard,2030-03,blocked,2026-03-19T07:53:35
1673,2051,4060********6719-9073,debit,Visa,2030-05,blocked,2026-05-14T11:05:51
1674,2052,4325********6936-4021,debit,Visa,2031-01,expired,2026-01-11T09:16:26
1675,2054,4406********8608-256,debit,Visa,2030-01,active,2026-01-09T19:56:50
1676,2055,5415********2422-9431,debit,Mastercard,2028-10,blocked,2025-10-31T11:35:56
1677,2056,4815********5301-6684,debit,Visa,2031-02,active,2026-02-07T04:03:51
1678,2058,4464********0585-750,debit,Visa,2029-02,blocked,2024-02-10T17:44:57
1679,2060,5379********6981-9908,debit,Mastercard,2029-08,active,2025-08-23T01:59:11
1680,2061,3395*******5944-117,debit,Amex,2028-06,blocked,2024-06-05T13:41:31
1681,2062,5706********6009-2516,debit,Mastercard,2027-03,blocked,2023-03-06T03:40:44
1682,2067,4311********0273-5622,credit,Visa,2027-04,active,2023-04-13T20:10:38
1683,2069,5453********5505-3205,debit,Mastercard,2030-04,active,2026-04-01T23:11:38
1684,2071,3822*******6575-9636,debit,Amex,2028-04,active,2024-04-01T10:55:32
1685,2072,6746********0915-4867,debit,Discover,2029-12,expired,2024-12-04T12:42:58
1686,2073,3406*******2500-4653,debit,Amex,2028-03,expired,2023-03-19T20:02:21
1687,2074,5340********6719-8470,debit,Mastercard,2031-04,active,2026-04-25T15:08:28
1688,2075,4054********4878-3233,debit,Visa,2030-05,active,2026-05-05T09:56:45
1689,2076,6217********9722-5046,debit,Discover,2030-05,blocked,2026-05-07T20:49:16
1690,2079,5991********2982-8892,debit,Mastercard,2029-01,blocked,2026-01-24T14:58:29
1691,2080,4107********4288-754,debit,Visa,2029-07,blocked,2025-07-25T23:18:58
1692,2081,4369********1521-6812,debit,Visa,2028-12,active,2025-12-12T05:44:09
1693,2082,5902********9939-4453,debit,Mastercard,2029-03,blocked,2025-03-28T17:03:41
1694,2084,4303********1546-4131,debit,Visa,2030-02,active,2026-02-08T21:12:32
1695,2085,5396********6638-815,debit,Mastercard,2029-03,active,2024-03-13T17:51:53
1696,2088,3183*******7414-3202,debit,Amex,2028-12,active,2025-12-07T19:30:47
1697,2089,4993********7251-3326,debit,Visa,2029-09,active,2025-09-15T12:24:46
1698,2090,6945********6614-9507,debit,Discover,2030-12,blocked,2025-12-29T04:44:31
1699,2091,5522********8962-5920,credit,Mastercard,2029-05,expired,2026-05-10T15:43:54
1700,2092,5643********5793-3289,debit,Mastercard,2030-05,blocked,2026-05-11T16:51:54
1701,2093,4168********7310-1749,debit,Visa,2031-05,active,2026-05-09T05:37:07
1702,2094,5354********4391-9914,debit,Mastercard,2030-02,expired,2026-02-05T01:54:33
1703,2095,4372********3197-2251,credit,Visa,2031-01,expired,2026-01-27T15:48:09
1704,2096,5103********2711-9155,debit,Mastercard,2031-03,active,2026-03-10T22:12:43
1705,2098,4451********1797-8123,debit,Visa,2029-02,blocked,2026-02-12T19:07:56
1706,2100,4366********6124-5885,debit,Visa,2029-04,active,2025-04-02T01:10:03
1707,2101,4366********4239-1815,debit,Visa,2030-03,active,2026-03-16T05:33:02
1708,2101,5839********2508-5282,debit,Mastercard,2029-05,active,2026-05-05T04:02:41
1709,2102,5617********0890-385,debit,Mastercard,2030-02,blocked,2025-02-10T06:21:20
1710,2103,4419********0860-5839,credit,Visa,2029-10,expired,2025-10-08T00:11:20
1711,2104,5145********5892-8999,credit,Mastercard,2030-12,blocked,2025-12-18T14:19:36
1712,2105,4026********3899-9091,debit,Visa,2028-12,active,2025-12-19T07:54:05
1713,2107,4979********1920-3431,debit,Visa,2026-11,blocked,2023-11-24T11:54:33
1714,2110,5250********4424-2353,debit,Mastercard,2028-08,active,2025-08-25T10:46:34
1715,2111,5637********2862-2672,debit,Mastercard,2030-02,active,2025-02-02T18:54:51
1716,2113,5248********6931-9622,debit,Mastercard,2027-11,expired,2024-11-27T09:33:45
1717,2115,5345********9830-8320,debit,Mastercard,2031-04,active,2026-04-17T21:55:47
1718,2116,4801********2692-3551,debit,Visa,2030-05,active,2026-05-14T10:36:20
1719,2117,5435********4961-231,debit,Mastercard,2028-12,blocked,2025-12-02T00:32:54
1720,2117,4334********9567-7257,debit,Visa,2030-10,blocked,2025-10-11T23:53:34
1721,2118,5750********2117-2570,credit,Mastercard,2031-05,active,2026-05-08T02:07:18
1722,2119,4023********7796-7213,debit,Visa,2031-04,blocked,2026-04-11T06:06:02
1723,2120,4281********6322-7561,debit,Visa,2029-12,active,2025-12-23T11:48:32
1724,2121,4849********0781-478,debit,Visa,2030-01,expired,2025-01-11T14:46:32
1725,2122,4928********0273-4281,debit,Visa,2029-03,blocked,2025-03-31T16:45:06
1726,2125,4063********8772-2732,debit,Visa,2030-10,active,2025-10-21T14:06:41
1727,2126,4661********1796-1973,debit,Visa,2029-03,blocked,2026-03-08T11:05:28
1728,2127,5187********6443-7184,debit,Mastercard,2030-11,active,2025-11-02T00:09:25
1729,2127,3093*******1008-5570,debit,Amex,2029-10,active,2025-10-29T09:06:02
1730,2128,4682********8927-5026,debit,Visa,2029-05,blocked,2026-05-08T13:21:51
1731,2128,4436********6957-3865,debit,Visa,2029-05,blocked,2026-05-16T10:50:43
1732,2129,5280********1475-5573,credit,Mastercard,2028-04,active,2025-04-19T21:34:23
1733,2130,4799********5468-3872,debit,Visa,2029-08,expired,2025-08-19T03:40:56
1734,2131,4657********5699-6793,debit,Visa,2030-01,active,2025-01-08T07:35:17
1735,2133,5386********9014-1591,debit,Mastercard,2030-05,active,2026-05-07T18:49:08
1736,2137,5528********6303-9605,debit,Mastercard,2030-04,blocked,2026-04-18T04:41:59
1737,2138,5184********5704-3667,debit,Mastercard,2030-07,active,2025-07-27T22:00:22
1738,2139,4340********0146-6888,debit,Visa,2031-02,blocked,2026-02-17T04:03:07
1739,2140,4249********5297-2429,credit,Visa,2030-04,blocked,2026-04-30T03:20:19
1740,2141,4056********5729-3776,debit,Visa,2029-04,blocked,2026-04-20T16:12:36
1741,2142,5868********7183-4406,debit,Mastercard,2029-05,active,2026-05-13T18:10:17
1742,2143,4029********6933-1666,debit,Visa,2029-05,active,2026-05-16T09:57:51
1743,2144,4028********1833-66,debit,Visa,2026-08,blocked,2023-08-03T05:04:46
1744,2145,4957********2228-2652,debit,Visa,2030-04,blocked,2026-04-22T23:15:46
1745,2146,5607********0540-1251,debit,Mastercard,2030-05,expired,2026-05-13T18:40:20
1746,2148,5002********9327-5227,credit,Mastercard,2029-03,active,2024-03-23T00:52:39
1747,2152,6959********3873-3490,debit,Discover,2028-05,active,2025-05-18T14:35:07
1748,2154,5765********5211-2719,credit,Mastercard,2027-10,active,2023-10-07T14:22:50
1749,2155,4058********8457-5052,debit,Visa,2028-11,active,2025-11-07T11:24:37
1750,2156,4603********8703-1676,debit,Visa,2030-02,expired,2026-02-02T10:21:06
1751,2158,4698********9304-1231,debit,Visa,2029-05,blocked,2026-05-12T19:42:11
1752,2159,4410********9401-1569,debit,Visa,2031-03,blocked,2026-03-29T19:17:08
1753,2161,5097********7586-5105,debit,Mastercard,2029-11,active,2025-11-27T18:35:01
1754,2162,4162********2769-1634,debit,Visa,2031-04,blocked,2026-04-29T08:11:07
1755,2163,4051********6109-5700,debit,Visa,2030-04,expired,2026-04-14T22:52:28
1756,2164,4460********1413-4759,debit,Visa,2029-03,active,2026-03-19T17:36:16
1757,2165,5089********4637-7073,debit,Mastercard,2029-04,active,2026-04-20T17:24:34
1758,2166,4376********0892-6306,debit,Visa,2031-03,active,2026-03-29T08:22:09
1759,2167,4724********0615-3625,debit,Visa,2031-03,active,2026-03-10T15:47:44
1760,2167,5633********7836-1354,debit,Mastercard,2031-03,blocked,2026-03-19T13:53:42
1761,2168,5558********0788-8024,debit,Mastercard,2029-04,blocked,2026-04-19T16:10:36
1762,2169,4952********1975-8979,debit,Visa,2029-04,blocked,2026-04-28T21:39:51
1763,2172,5353********9747-1920,debit,Mastercard,2030-11,blocked,2025-11-06T16:20:02
1764,2173,4650********6537-3573,debit,Visa,2030-12,expired,2025-12-29T21:49:31
1765,2174,4941********9149-1723,debit,Visa,2028-07,active,2024-07-08T12:46:30
1766,2175,3122*******1031-5985,credit,Amex,2025-10,expired,2022-10-27T19:47:38
1767,2176,4836********0673-2926,credit,Visa,2030-12,active,2025-12-01T02:09:21
1768,2178,4850********5190-2443,debit,Visa,2026-04,expired,2023-04-22T06:22:22
1769,2179,3076*******9578-3857,debit,Amex,2028-07,active,2023-07-16T03:04:51
1770,2180,5301********9150-8992,debit,Mastercard,2031-04,active,2026-04-03T03:01:09
1771,2181,5513********8615-3695,debit,Mastercard,2031-01,active,2026-01-02T14:38:04
1772,2182,5384********5294-2617,debit,Mastercard,2030-02,blocked,2025-02-06T10:44:47
1773,2183,5095********7792-1405,debit,Mastercard,2029-02,active,2025-02-25T05:09:15
1774,2184,4140********4009-1168,debit,Visa,2030-08,expired,2025-08-11T23:00:54
1775,2186,4821********5083-501,debit,Visa,2029-04,active,2026-04-23T08:18:12
1776,2186,3256*******1784-4696,debit,Amex,2031-05,active,2026-05-11T00:32:44
1777,2189,4071********4404-719,credit,Visa,2031-05,blocked,2026-05-12T23:48:58
1778,2191,4279********7977-9263,credit,Visa,2030-04,expired,2026-04-19T00:28:31
1779,2193,5672********4364-2564,debit,Mastercard,2030-05,blocked,2026-05-02T05:45:40
1780,2194,4423********7783-4038,credit,Visa,2029-07,expired,2025-07-05T17:43:36
1781,2195,4779********5050-8110,debit,Visa,2030-06,active,2025-06-22T03:46:58
1782,2196,5723********6459-1636,debit,Mastercard,2028-11,active,2025-11-26T12:45:28
1783,2197,4159********8485-6805,debit,Visa,2029-05,active,2026-05-16T07:44:44
1784,2198,4061********9203-9325,debit,Visa,2028-10,expired,2023-10-14T01:51:26
1785,2198,6404********5494-8858,debit,Discover,2031-05,blocked,2026-05-08T03:07:17
1786,2199,3894*******9635-2072,credit,Amex,2031-05,active,2026-05-14T09:03:31
1787,2201,4283********3028-9627,debit,Visa,2029-02,blocked,2026-02-10T19:04:15
1788,2203,5363********4044-9150,debit,Mastercard,2030-01,expired,2025-01-08T18:16:24
1789,2204,5319********9106-8922,debit,Mastercard,2030-03,blocked,2026-03-19T06:34:19
1790,2205,4557********5640-8278,debit,Visa,2031-03,active,2026-03-21T01:45:30
1791,2207,4369********9132-2119,debit,Visa,2030-01,active,2026-01-15T01:24:29
1792,2209,4465********8870-7609,debit,Visa,2028-08,active,2023-08-19T07:53:07
1793,2210,5438********3058-3457,debit,Mastercard,2029-02,expired,2026-02-20T04:54:03
1794,2213,5537********0636-7729,debit,Mastercard,2031-01,blocked,2026-01-18T05:29:01
1795,2214,5399********1702-6374,debit,Mastercard,2029-05,active,2026-05-09T00:09:03
1796,2215,4832********3347-2536,debit,Visa,2030-05,active,2026-05-05T23:17:41
1797,2216,4097********8200-6309,debit,Visa,2030-03,active,2026-03-23T23:46:52
1798,2216,4262********9508-2292,debit,Visa,2029-04,active,2026-04-18T15:39:48
1799,2220,4413********4482-1972,debit,Visa,2031-03,active,2026-03-03T07:20:47
1800,2221,4504********4277-4717,debit,Visa,2029-02,active,2026-02-20T07:46:20
1801,2222,4930********3625-3933,debit,Visa,2030-03,active,2026-03-02T20:26:42
1802,2224,4909********8329-4782,debit,Visa,2030-05,blocked,2026-05-15T18:28:58
1803,2225,3445*******7064-36,debit,Amex,2029-05,active,2026-05-16T13:24:48
1804,2228,5420********6267-4787,debit,Mastercard,2028-07,blocked,2025-07-28T05:33:54
1805,2228,4280********8025-151,debit,Visa,2028-03,blocked,2025-03-11T18:59:45
1806,2229,4310********4368-5320,debit,Visa,2031-02,active,2026-02-21T01:46:18
1807,2230,5986********1276-5778,debit,Mastercard,2030-02,expired,2026-02-21T10:04:18
1808,2231,5212********7770-8115,debit,Mastercard,2030-10,expired,2025-10-28T02:45:24
1809,2232,3165*******5873-4183,debit,Amex,2029-04,active,2025-04-30T20:38:06
1810,2233,5154********3650-1849,credit,Mastercard,2030-10,active,2025-10-02T10:48:12
1811,2234,5222********3748-648,debit,Mastercard,2029-10,expired,2025-10-13T19:40:16
1812,2234,5686********9719-5784,debit,Mastercard,2030-04,active,2026-04-26T17:08:04
1813,2235,6560********7310-3148,debit,Discover,2031-02,active,2026-02-06T17:43:50
1814,2236,5556********6778-4568,debit,Mastercard,2029-04,blocked,2026-04-10T18:12:02
1815,2237,4472********7906-3331,debit,Visa,2031-05,active,2026-05-03T09:49:17
1816,2238,5818********9927-1811,credit,Mastercard,2030-04,active,2026-04-29T04:52:04
1817,2240,4302********5609-3518,credit,Visa,2031-04,active,2026-04-27T05:32:02
1818,2241,5257********3124-7993,debit,Mastercard,2030-06,active,2025-06-08T07:19:52
1819,2242,3213*******0318-9606,debit,Amex,2030-06,active,2025-06-17T01:29:33
1820,2244,5863********1742-3319,debit,Mastercard,2030-01,blocked,2026-01-03T02:55:29
1821,2245,5173********0132-7979,debit,Mastercard,2028-11,blocked,2025-11-19T16:34:56
1822,2246,4239********7437-785,debit,Visa,2030-02,blocked,2026-02-18T22:31:48
1823,2247,4876********4787-6458,debit,Visa,2029-09,active,2025-09-21T09:01:10
1824,2248,4375********4171-4288,debit,Visa,2029-05,blocked,2026-05-01T20:34:01
1825,2250,5059********0734-3824,debit,Mastercard,2030-11,active,2025-11-10T02:28:30
1826,2251,5245********2151-2152,debit,Mastercard,2031-04,active,2026-04-21T17:15:41
1827,2252,4374********7017-2477,debit,Visa,2028-08,active,2024-08-23T09:12:03
1828,2253,4331********2548-6054,debit,Visa,2031-03,active,2026-03-09T16:38:20
1829,2256,4910********7043-482,debit,Visa,2029-03,active,2026-03-26T05:36:31
1830,2257,5543********4855-5987,debit,Mastercard,2027-10,active,2024-10-06T10:18:23
1831,2258,5171********9000-5657,debit,Mastercard,2030-04,active,2026-04-24T15:55:37
1832,2259,4710********7008-3338,debit,Visa,2030-05,expired,2026-05-14T23:39:45
1833,2260,4911********9666-1339,credit,Visa,2029-05,active,2026-05-13T09:48:24
1834,2261,5577********4141-6180,debit,Mastercard,2030-05,active,2026-05-05T01:07:15
1835,2261,4722********1084-3979,debit,Visa,2031-05,active,2026-05-11T00:51:52
1836,2262,5451********9796-7330,debit,Mastercard,2030-04,blocked,2026-04-23T23:02:12
1837,2263,5482********1329-4373,debit,Mastercard,2029-12,blocked,2025-12-15T01:37:05
1838,2263,3633*******2519-6865,debit,Amex,2028-09,blocked,2025-09-13T06:13:29
1839,2264,4758********5900-9939,debit,Visa,2028-12,active,2025-12-28T18:11:19
1840,2265,5879********4589-9441,debit,Mastercard,2028-11,active,2025-11-25T03:52:54
1841,2266,5573********1383-2776,credit,Mastercard,2029-12,active,2025-12-25T23:43:25
1842,2268,4484********5444-9411,debit,Visa,2030-02,active,2026-02-20T14:34:00
1843,2269,4012********0945-1569,credit,Visa,2028-10,blocked,2023-10-14T07:39:53
1844,2271,5430********7299-3075,debit,Mastercard,2028-09,blocked,2023-09-19T15:17:24
1845,2272,4641********2585-9681,credit,Visa,2030-02,active,2026-02-28T16:44:58
1846,2273,5173********7771-6251,debit,Mastercard,2031-03,active,2026-03-29T12:36:39
1847,2275,4969********3419-6641,debit,Visa,2030-09,blocked,2025-09-10T19:47:53
1848,2276,4039********1832-3918,credit,Visa,2029-05,active,2025-05-01T04:21:15
1849,2278,4383********3179-6194,debit,Visa,2029-03,active,2025-03-01T09:34:35
1850,2280,3798*******7116-9253,debit,Amex,2029-04,expired,2026-04-18T21:48:36
1851,2282,4750********6968-4860,debit,Visa,2029-05,blocked,2026-05-11T05:22:32
1852,2283,6408********6233-3675,debit,Discover,2030-04,active,2025-04-13T18:05:52
1853,2284,5436********4352-1026,debit,Mastercard,2030-09,active,2025-09-21T02:25:19
1854,2285,5525********6346-1487,credit,Mastercard,2031-05,active,2026-05-13T06:35:23
1855,2286,5528********8764-4541,debit,Mastercard,2031-05,active,2026-05-08T12:32:52
1856,2287,5130********3891-4023,debit,Mastercard,2030-04,active,2026-04-14T11:18:03
1857,2287,5487********7910-9177,debit,Mastercard,2029-04,active,2026-04-13T19:28:01
1858,2288,5528********1607-1026,debit,Mastercard,2028-07,expired,2025-07-06T06:36:15
1859,2288,4877********9511-9151,debit,Visa,2029-05,blocked,2026-05-15T02:25:30
1860,2290,4210********5506-9471,debit,Visa,2031-01,active,2026-01-18T12:58:01
1861,2290,4488********4036-6776,debit,Visa,2027-12,active,2024-12-20T17:15:50
1862,2293,4546********6684-5730,debit,Visa,2030-09,active,2025-09-16T06:22:54
1863,2294,4937********1519-700,debit,Visa,2029-04,active,2026-04-03T14:16:36
1864,2295,5121********1873-3265,debit,Mastercard,2030-01,active,2026-01-12T21:19:50
1865,2296,4269********8858-6049,debit,Visa,2031-04,active,2026-04-01T08:40:09
1866,2297,4859********9840-1681,debit,Visa,2029-01,active,2026-01-08T23:41:34
1867,2298,5248********2576-4603,credit,Mastercard,2028-05,blocked,2025-05-19T14:54:59
1868,2299,5647********6343-6247,debit,Mastercard,2029-03,active,2026-03-28T11:40:47
1869,2300,4137********2161-9498,credit,Visa,2031-04,active,2026-04-11T00:59:02
1870,2301,4661********6269-9441,debit,Visa,2031-04,expired,2026-04-10T05:45:05
1871,2302,4158********5181-5858,debit,Visa,2031-04,active,2026-04-27T23:11:36
1872,2303,6419********8117-9008,debit,Discover,2031-04,active,2026-04-12T06:21:31
1873,2304,4358********4814-3238,debit,Visa,2031-01,blocked,2026-01-19T17:20:00
1874,2304,4895********0381-5018,debit,Visa,2030-01,expired,2026-01-01T20:37:11
1875,2305,5419********5890-3359,credit,Mastercard,2030-05,blocked,2026-05-05T20:21:29
1876,2306,5344********0438-8432,debit,Mastercard,2030-08,blocked,2025-08-31T18:44:45
1877,2307,4866********2635-6990,debit,Visa,2028-10,active,2025-10-29T01:37:39
1878,2308,3796*******1082-9304,debit,Amex,2029-04,active,2026-04-07T22:58:00
1879,2309,4640********8279-2969,debit,Visa,2030-02,active,2025-02-28T16:48:09
1880,2312,4993********6178-2878,credit,Visa,2029-04,active,2026-04-01T10:19:15
1881,2314,4675********2824-3723,debit,Visa,2030-10,active,2025-10-17T10:50:13
1882,2316,4267********4428-9200,debit,Visa,2030-09,active,2025-09-18T08:36:55
1883,2317,3479*******8943-2744,debit,Amex,2028-05,blocked,2025-05-02T15:54:30
1884,2319,6154********7267-4265,debit,Discover,2029-07,active,2025-07-09T04:52:52
1885,2320,5498********5229-7291,debit,Mastercard,2030-04,active,2025-04-05T23:40:28
1886,2321,4981********2545-6310,debit,Visa,2027-06,blocked,2022-06-20T05:47:51
1887,2322,5555********0449-7854,debit,Mastercard,2029-09,active,2025-09-10T07:07:12
1888,2323,4484********7670-7669,debit,Visa,2029-11,active,2024-11-08T15:40:42
1889,2324,4639********3043-4130,credit,Visa,2031-05,active,2026-05-16T09:03:47
1890,2326,4826********9552-6701,debit,Visa,2031-04,active,2026-04-11T15:11:12
1891,2327,4378********5112-3705,debit,Visa,2030-03,active,2026-03-15T23:12:20
1892,2328,5724********0442-2842,debit,Mastercard,2029-01,blocked,2026-01-05T16:38:39
1893,2329,4196********1037-1882,debit,Visa,2031-03,blocked,2026-03-02T12:02:32
1894,2332,4717********0200-2845,debit,Visa,2030-04,active,2026-04-22T09:30:10
1895,2333,4792********7285-2439,credit,Visa,2030-05,blocked,2026-05-16T10:56:12
1896,2336,5908********4379-6341,debit,Mastercard,2029-05,active,2026-05-06T01:20:24
1897,2337,4672********4716-9627,debit,Visa,2029-03,expired,2025-03-01T06:26:21
1898,2339,4734********7264-9755,debit,Visa,2030-03,active,2026-03-20T00:34:23
1899,2342,4950********6824-4424,debit,Visa,2029-03,blocked,2026-03-27T18:19:27
1900,2343,5587********2556-9386,debit,Mastercard,2030-03,blocked,2025-03-03T08:14:24
1901,2344,4531********3123-8166,credit,Visa,2030-07,expired,2025-07-21T19:17:36
1902,2345,4600********7619-5863,debit,Visa,2030-01,blocked,2025-01-29T07:27:19
1903,2346,4835********9679-8925,debit,Visa,2031-03,active,2026-03-14T08:22:42
1904,2347,4614********7390-3703,debit,Visa,2030-05,active,2025-05-04T15:34:44
1905,2348,5186********6581-7294,debit,Mastercard,2029-07,blocked,2025-07-02T17:47:22
1906,2351,3243*******9932-6357,debit,Amex,2030-06,active,2025-06-25T17:33:47
1907,2354,5269********9243-5821,debit,Mastercard,2029-04,active,2026-04-08T04:42:31
1908,2355,4103********8109-8472,debit,Visa,2029-05,active,2026-05-08T20:43:24
1909,2356,5635********5776-1748,debit,Mastercard,2030-03,active,2025-03-15T04:27:42
1910,2356,3607*******9121-1310,debit,Amex,2029-04,active,2024-04-30T03:32:07
1911,2358,4073********9605-2805,debit,Visa,2028-03,blocked,2024-03-30T13:24:08
1912,2359,4227********6374-8752,credit,Visa,2030-01,blocked,2026-01-02T18:29:33
1913,2360,4629********8034-2060,debit,Visa,2030-03,active,2026-03-03T06:47:22
1914,2361,6733********6003-8185,credit,Discover,2027-12,active,2024-12-30T15:58:50
1915,2362,6173********7274-1222,debit,Discover,2029-04,active,2024-04-18T16:04:37
1916,2366,5964********2470-99,debit,Mastercard,2028-08,active,2025-08-21T14:33:03
1917,2367,4639********7224-5955,debit,Visa,2027-12,active,2023-12-31T15:12:45
1918,2370,5087********2429-4143,debit,Mastercard,2030-05,blocked,2026-05-01T04:17:24
1919,2372,4488********3915-4171,debit,Visa,2031-05,active,2026-05-12T08:12:06
1920,2372,5413********7134-9479,debit,Mastercard,2029-05,active,2026-05-09T12:52:47
1921,2373,4895********5920-5243,debit,Visa,2027-11,blocked,2023-11-26T19:34:59
1922,2374,4885********2806-7487,debit,Visa,2027-05,active,2024-05-27T08:06:51
1923,2375,4266********7774-148,debit,Visa,2030-07,blocked,2025-07-04T04:10:28
1924,2375,4862********1713-4973,debit,Visa,2029-04,active,2026-04-20T21:28:54
1925,2376,4236********1897-597,debit,Visa,2029-06,blocked,2025-06-30T10:29:01
1926,2379,5512********8743-7247,debit,Mastercard,2029-05,blocked,2026-05-11T22:29:57
1927,2380,4323********5642-5678,debit,Visa,2030-04,blocked,2026-04-16T07:55:37
1928,2382,4351********1108-6332,debit,Visa,2029-02,blocked,2026-02-14T22:49:02
1929,2383,4495********4104-1206,debit,Visa,2028-12,expired,2025-12-17T04:51:46
1930,2384,5536********1173-1670,debit,Mastercard,2029-01,active,2026-01-05T16:56:51
1931,2386,6889********7194-6158,credit,Discover,2029-11,blocked,2025-11-20T04:08:50
1932,2387,4558********6257-9583,debit,Visa,2031-03,active,2026-03-13T12:57:10
1933,2388,5169********4808-7614,debit,Mastercard,2030-03,expired,2026-03-14T18:17:50
1934,2389,5214********9827-9396,debit,Mastercard,2029-03,active,2026-03-31T23:14:09
1935,2391,5027********6352-2476,credit,Mastercard,2028-12,blocked,2025-12-06T15:51:32
1936,2392,4880********9535-409,debit,Visa,2028-06,active,2025-06-02T05:09:11
1937,2394,5841********1659-1512,debit,Mastercard,2029-11,active,2025-11-06T16:32:36
1938,2395,5668********3323-5954,debit,Mastercard,2029-03,blocked,2026-03-19T10:22:13
1939,2396,4334********4353-4967,debit,Visa,2031-02,active,2026-02-08T21:08:16
1940,2400,5135********3941-2510,debit,Mastercard,2031-01,expired,2026-01-15T12:55:43
1941,2401,4477********2094-6175,debit,Visa,2031-05,blocked,2026-05-16T15:33:31
1942,2402,4844********2372-4248,debit,Visa,2029-03,active,2026-03-24T14:44:53
1943,2403,3830*******2356-9240,debit,Amex,2028-10,expired,2024-10-02T16:33:06
1944,2404,4266********6006-6636,debit,Visa,2028-10,active,2025-10-11T04:52:07
1945,2406,5588********3297-8918,debit,Mastercard,2031-04,active,2026-04-01T20:50:31
1946,2407,4221********4739-646,debit,Visa,2028-08,blocked,2025-08-07T16:34:30
1947,2408,4677********2412-5180,debit,Visa,2029-12,expired,2025-12-31T08:38:03
1948,2410,5741********1654-8261,credit,Mastercard,2029-05,blocked,2026-05-16T17:59:44
1949,2413,5638********6028-3891,debit,Mastercard,2029-05,active,2025-05-11T07:08:36
1950,2415,4307********0121-6016,debit,Visa,2029-05,active,2026-05-13T16:10:01
1951,2416,4625********3604-3164,debit,Visa,2031-05,expired,2026-05-14T00:42:45
1952,2416,5283********1690-3740,debit,Mastercard,2029-05,active,2026-05-11T21:19:43
1953,2418,5441********9107-903,debit,Mastercard,2029-04,active,2026-04-30T12:42:17
1954,2418,4477********8712-3020,debit,Visa,2031-04,active,2026-04-08T16:45:08
1955,2421,6159********4869-835,debit,Discover,2031-05,blocked,2026-05-06T00:22:43
1956,2422,4398********5618-9942,debit,Visa,2031-05,active,2026-05-10T08:29:29
1957,2423,5396********5074-4959,debit,Mastercard,2029-05,blocked,2026-05-16T08:03:16
1958,2424,4516********0583-7901,debit,Visa,2029-11,blocked,2025-11-04T04:42:08
1959,2425,5528********0770-1065,debit,Mastercard,2030-06,active,2025-06-26T23:36:39
1960,2427,4252********1501-4777,credit,Visa,2029-03,active,2025-03-28T00:21:37
1961,2430,5970********3072-5838,debit,Mastercard,2029-03,active,2026-03-24T20:46:52
1962,2432,3134*******0617-4134,debit,Amex,2030-03,blocked,2026-03-13T11:14:24
1963,2433,6922********3249-262,debit,Discover,2030-03,expired,2026-03-02T02:14:45
1964,2434,3669*******8985-1451,debit,Amex,2029-05,blocked,2026-05-02T19:34:22
1965,2435,4580********4397-6928,debit,Visa,2031-02,active,2026-02-13T01:12:38
1966,2436,4418********4714-2973,debit,Visa,2030-11,expired,2025-11-12T06:54:27
1967,2437,5992********9371-1170,credit,Mastercard,2031-04,active,2026-04-11T15:28:46
1968,2438,4527********2186-8929,debit,Visa,2031-03,blocked,2026-03-07T19:03:07
1969,2439,5016********9093-1284,debit,Mastercard,2029-10,active,2024-10-03T08:29:33
1970,2440,5030********4506-4304,debit,Mastercard,2030-05,blocked,2026-05-02T12:08:59
1971,2442,4677********5328-1212,credit,Visa,2026-09,active,2023-09-26T20:18:42
1972,2446,4411********4295-8702,debit,Visa,2030-07,active,2025-07-31T00:16:24
1973,2446,4496********4635-48,debit,Visa,2029-12,active,2025-12-30T07:39:45
1974,2449,4269********8306-9023,debit,Visa,2029-12,active,2025-12-10T16:01:42
1975,2452,5394********6479-2149,debit,Mastercard,2029-04,active,2026-04-13T07:09:34
1976,2453,5273********2236-7204,debit,Mastercard,2031-04,active,2026-04-13T17:24:46
1977,2453,5072********6754-2623,debit,Mastercard,2031-02,active,2026-02-15T09:46:39
1978,2454,6611********7106-486,credit,Discover,2029-05,active,2026-05-15T21:49:23
1979,2455,3425*******6227-5132,debit,Amex,2029-11,active,2025-11-02T05:05:00
1980,2456,4437********8658-415,credit,Visa,2030-08,active,2025-08-10T23:46:21
1981,2457,5893********1350-1288,debit,Mastercard,2028-12,active,2025-12-30T03:22:21
1982,2458,4401********4601-9356,debit,Visa,2030-05,blocked,2025-05-04T11:32:03
1983,2459,4775********8696-5018,credit,Visa,2028-11,active,2025-11-18T03:05:52
1984,2460,4037********5252-383,credit,Visa,2029-02,active,2026-02-15T02:44:14
1985,2461,4563********1107-7288,credit,Visa,2031-05,active,2026-05-10T17:17:24
1986,2462,5687********5201-1562,debit,Mastercard,2028-07,active,2025-07-28T04:42:48
1987,2463,6147********9139-9837,debit,Discover,2029-05,blocked,2026-05-09T20:10:08
1988,2464,4870********7557-7152,credit,Visa,2030-12,active,2025-12-14T08:19:53
1989,2465,5731********7682-9265,debit,Mastercard,2028-07,active,2025-07-22T16:23:35
1990,2467,4850********3518-3843,debit,Visa,2029-04,active,2026-04-06T06:20:09
1991,2468,5463********4257-2509,debit,Mastercard,2029-01,active,2026-01-29T16:38:59
1992,2469,4811********9545-4386,debit,Visa,2030-05,blocked,2026-05-07T11:38:59
1993,2470,4900********5005-3316,debit,Visa,2029-08,active,2024-08-16T14:46:26
1994,2472,4943********0565-9603,credit,Visa,2030-01,active,2025-01-16T14:03:58
1995,2474,5528********3958-5252,debit,Mastercard,2030-05,expired,2026-05-11T22:55:03
1996,2475,5824********5590-2027,debit,Mastercard,2028-07,active,2025-07-18T12:13:15
1997,2476,5868********0050-6974,debit,Mastercard,2030-04,blocked,2026-04-27T13:02:56
1998,2479,4559********9574-3244,debit,Visa,2031-01,expired,2026-01-15T10:42:39
1999,2481,5061********6062-7263,debit,Mastercard,2028-02,blocked,2024-02-02T09:09:36
2000,2482,5572********1276-6948,debit,Mastercard,2030-04,active,2026-04-20T17:42:24
2001,2483,5291********6811-1187,debit,Mastercard,2030-03,active,2026-03-12T22:21:59
2002,2483,4245********2157-4220,debit,Visa,2030-02,blocked,2026-02-03T09:35:43
2003,2484,5548********3429-3551,credit,Mastercard,2031-01,blocked,2026-01-26T07:38:11
2004,2485,5843********8169-2585,debit,Mastercard,2029-01,active,2026-01-11T03:19:04
2005,2486,4309********2958-1143,debit,Visa,2029-04,expired,2026-04-10T19:00:03
2006,2487,5254********9253-8073,debit,Mastercard,2030-08,expired,2025-08-20T22:41:24
2007,2490,5788********2657-9751,debit,Mastercard,2026-12,active,2023-12-18T14:26:46
2008,2492,5817********1253-7577,debit,Mastercard,2030-02,active,2026-02-23T12:05:21
2009,2494,4862********2099-638,debit,Visa,2030-05,expired,2026-05-16T11:10:55
2010,2496,4974********3024-7273,debit,Visa,2029-07,blocked,2025-07-30T15:28:28
2011,2497,4774********4867-6785,debit,Visa,2031-03,active,2026-03-04T19:47:08
2012,2499,3978*******7772-3167,credit,Amex,2029-04,blocked,2026-04-23T16:33:47
2013,2500,4469********6676-8989,credit,Visa,2029-11,expired,2025-11-08T17:50:49
2014,2501,4346********9874-5715,debit,Visa,2028-11,expired,2025-11-10T14:48:50
2015,2502,4164********2893-2659,credit,Visa,2029-02,blocked,2026-02-14T17:11:48
2016,2503,5286********7403-5667,credit,Mastercard,2029-10,blocked,2025-10-08T15:12:59
2017,2505,5691********3094-5911,debit,Mastercard,2031-03,blocked,2026-03-17T07:37:18
2018,2505,5766********5540-1617,debit,Mastercard,2030-05,blocked,2025-05-07T06:16:08
2019,2506,5933********1995-3208,credit,Mastercard,2029-01,active,2026-01-16T19:13:08
2020,2507,3019*******1324-1208,debit,Amex,2030-04,blocked,2025-04-24T06:33:18
2021,2509,4445********1752-811,debit,Visa,2028-03,active,2025-03-25T20:12:09
2022,2510,4335********9893-5577,debit,Visa,2029-01,active,2024-01-21T06:40:19
2023,2512,5763********8625-6951,credit,Mastercard,2028-08,expired,2025-08-29T11:15:42
2024,2513,3221*******8852-9756,debit,Amex,2031-04,blocked,2026-04-28T16:15:08
2025,2514,4826********2650-2796,credit,Visa,2029-03,active,2026-03-13T08:34:31
2026,2516,3462*******2638-5860,debit,Amex,2026-02,expired,2023-02-03T10:39:26
2027,2518,5702********1259-9507,debit,Mastercard,2031-04,blocked,2026-04-05T21:25:54
2028,2518,6529********9108-8269,debit,Discover,2029-04,expired,2026-04-22T23:12:37
2029,2519,5172********5537-9688,debit,Mastercard,2031-02,active,2026-02-20T19:13:59
2030,2520,5424********3137-7023,debit,Mastercard,2031-03,blocked,2026-03-30T22:26:40
2031,2523,4120********2061-6436,credit,Visa,2030-04,blocked,2026-04-30T22:37:56
2032,2524,5007********5999-9782,debit,Mastercard,2031-04,active,2026-04-30T06:23:05
2033,2527,5198********3852-9549,debit,Mastercard,2030-01,active,2026-01-27T01:53:16
2034,2529,5049********7520-1561,debit,Mastercard,2031-05,blocked,2026-05-09T20:08:58
2035,2530,4791********0637-8232,debit,Visa,2030-03,blocked,2026-03-15T09:10:52
2036,2531,5259********9281-8205,debit,Mastercard,2031-01,active,2026-01-26T17:47:30
2037,2532,5581********5203-1424,debit,Mastercard,2027-12,blocked,2023-12-17T11:47:17
2038,2533,4384********5138-6468,debit,Visa,2029-05,active,2026-05-12T10:51:30
2039,2535,5685********4237-3396,debit,Mastercard,2031-01,active,2026-01-16T09:51:24
2040,2536,4077********2020-5910,debit,Visa,2030-06,expired,2025-06-17T07:55:49
2041,2537,4819********6627-362,credit,Visa,2029-05,active,2026-05-10T00:00:54
2042,2538,3247*******6729-3065,debit,Amex,2029-04,active,2026-04-08T09:23:26
2043,2539,5579********6755-5622,debit,Mastercard,2028-12,active,2025-12-12T10:58:02
2044,2539,4332********9120-728,debit,Visa,2031-02,active,2026-02-19T15:50:56
2045,2540,4587********8246-1001,debit,Visa,2029-09,blocked,2024-09-23T03:56:37
2046,2541,5167********7395-765,debit,Mastercard,2030-03,active,2025-03-22T18:23:37
2047,2542,4870********7289-2265,debit,Visa,2027-04,active,2024-04-16T11:51:01
2048,2544,5768********5366-4668,debit,Mastercard,2027-09,active,2024-09-09T21:30:29
2049,2545,6843********5686-8903,debit,Discover,2028-12,blocked,2025-12-15T10:07:20
2050,2545,3368*******1202-8251,debit,Amex,2030-12,active,2025-12-05T07:06:04
2051,2549,3806*******5633-5182,debit,Amex,2029-02,active,2025-02-11T03:16:59
2052,2549,5251********4191-5952,debit,Mastercard,2030-07,expired,2025-07-31T01:51:02
2053,2550,4828********3635-3830,debit,Visa,2030-01,active,2025-01-01T00:30:56
2054,2551,4554********4779-9412,debit,Visa,2030-05,active,2026-05-15T06:06:28
2055,2553,5262********2360-5987,debit,Mastercard,2029-12,active,2024-12-15T11:21:07
2056,2554,4559********4771-3331,debit,Visa,2029-02,expired,2026-02-17T00:02:05
2057,2555,5470********0988-2600,credit,Mastercard,2030-01,blocked,2025-01-31T14:44:40
2058,2556,5757********9135-5488,debit,Mastercard,2027-01,expired,2024-01-26T20:14:25
2059,2558,3962*******5152-6910,debit,Amex,2029-05,active,2026-05-10T13:50:50
2060,2558,4135********8313-7917,debit,Visa,2031-05,expired,2026-05-15T08:07:36
2061,2559,3952*******4394-6404,debit,Amex,2030-03,blocked,2026-03-16T06:03:01
2062,2560,4691********2584-5444,credit,Visa,2030-04,active,2026-04-01T06:27:37
2063,2561,5020********7247-1761,debit,Mastercard,2028-10,active,2025-10-29T19:31:03
2064,2563,5228********1250-1358,debit,Mastercard,2031-04,active,2026-04-03T10:40:35
2065,2565,4072********4954-1539,debit,Visa,2029-07,active,2025-07-01T19:25:30
2066,2566,3470*******0561-8567,credit,Amex,2029-01,active,2026-01-23T15:54:10
2067,2568,4245********9119-6795,debit,Visa,2031-03,blocked,2026-03-31T02:21:52
2068,2569,4449********2999-5935,credit,Visa,2031-04,blocked,2026-04-06T19:36:42
2069,2570,5011********1246-6164,debit,Mastercard,2030-03,blocked,2026-03-09T18:09:36
2070,2571,5364********2925-8603,credit,Mastercard,2031-05,expired,2026-05-07T06:34:08
2071,2572,4075********3698-3506,debit,Visa,2029-02,active,2026-02-08T06:56:57
2072,2573,4188********0306-9586,debit,Visa,2029-03,blocked,2026-03-02T02:33:50
2073,2574,3089*******1974-6600,debit,Amex,2029-04,expired,2026-04-11T08:20:51
2074,2577,5157********7676-6373,debit,Mastercard,2030-03,blocked,2026-03-26T15:48:59
2075,2578,5136********2735-6482,credit,Mastercard,2029-01,expired,2025-01-12T08:20:59
2076,2579,5395********5991-2595,debit,Mastercard,2029-03,blocked,2025-03-04T19:51:35
2077,2582,4292********4365-2606,debit,Visa,2030-05,active,2026-05-01T22:16:27
2078,2583,5415********3967-9048,debit,Mastercard,2029-01,blocked,2025-01-04T13:16:23
2079,2584,4710********2827-6583,credit,Visa,2030-01,active,2026-01-09T00:00:35
2080,2585,4841********3030-2563,debit,Visa,2030-04,active,2025-04-03T07:06:07
2081,2586,4293********3955-8822,debit,Visa,2030-04,blocked,2026-04-11T20:54:19
2082,2587,5062********0986-1473,debit,Mastercard,2029-04,active,2026-04-26T12:52:38
2083,2589,5746********1797-1449,credit,Mastercard,2029-09,active,2025-09-26T08:41:23
2084,2591,3420*******1788-1701,debit,Amex,2029-04,active,2025-04-13T07:30:55
2085,2592,5803********3659-8837,debit,Mastercard,2029-06,expired,2025-06-11T16:33:42
2086,2592,4109********4122-5409,debit,Visa,2030-04,active,2026-04-28T00:14:48
2087,2593,5326********4193-7810,credit,Mastercard,2031-03,active,2026-03-21T07:13:13
2088,2594,5479********2288-9112,debit,Mastercard,2027-12,active,2024-12-23T10:35:22
2089,2596,4829********0410-2200,debit,Visa,2028-10,active,2025-10-23T22:36:56
2090,2597,4020********2396-6701,debit,Visa,2026-09,active,2023-09-17T05:47:08
2091,2598,4348********9400-577,credit,Visa,2029-09,active,2025-09-28T22:17:50
2092,2599,4741********2155-5802,debit,Visa,2028-06,active,2024-06-27T16:48:33
2093,2600,5178********9280-3481,debit,Mastercard,2031-03,active,2026-03-30T06:14:43
2094,2602,5128********5208-9364,credit,Mastercard,2030-11,blocked,2025-11-01T14:37:31
2095,2603,4747********9883-8441,debit,Visa,2028-12,active,2024-12-02T05:17:02
2096,2605,4202********2639-6179,debit,Visa,2030-01,active,2025-01-05T23:02:04
2097,2605,4818********7367-808,debit,Visa,2030-09,active,2025-09-07T21:06:17
2098,2606,5897********5140-6362,debit,Mastercard,2030-12,active,2025-12-30T20:12:34
2099,2609,4395********5003-8329,debit,Visa,2030-05,active,2026-05-14T14:50:00
2100,2610,4253********5511-7333,debit,Visa,2031-05,active,2026-05-15T02:53:39
2101,2612,5746********0577-9669,debit,Mastercard,2030-11,blocked,2025-11-27T18:56:41
2102,2614,4097********3598-1308,debit,Visa,2027-05,active,2024-05-24T08:20:25
2103,2615,5633********2783-8671,debit,Mastercard,2029-01,active,2026-01-01T00:52:32
2104,2616,4818********9113-5441,credit,Visa,2030-10,expired,2025-10-23T19:46:16
2105,2617,5884********2483-9156,debit,Mastercard,2028-11,active,2025-11-04T02:55:38
2106,2618,4357********6473-1675,debit,Visa,2031-04,blocked,2026-04-21T02:00:58
2107,2619,4495********4901-3314,debit,Visa,2029-07,active,2025-07-02T00:17:31
2108,2621,4052********5507-8327,debit,Visa,2031-05,expired,2026-05-12T14:51:24
2109,2622,4734********8229-9252,debit,Visa,2030-05,active,2026-05-14T14:59:47
2110,2624,4939********8601-5238,debit,Visa,2029-08,active,2025-08-25T11:16:26
2111,2626,4415********0938-3547,debit,Visa,2031-03,active,2026-03-28T23:31:03
2112,2627,5138********6077-7983,credit,Mastercard,2030-11,blocked,2025-11-16T07:01:55
2113,2628,4084********3271-6252,debit,Visa,2030-01,active,2026-01-12T06:49:29
2114,2630,5906********3995-1721,debit,Mastercard,2030-02,expired,2025-02-18T22:20:29
2115,2631,3424*******9087-6869,debit,Amex,2029-12,blocked,2024-12-02T08:27:51
2116,2633,5225********4077-4627,debit,Mastercard,2029-11,blocked,2025-11-09T00:34:28
2117,2635,5941********1822-27,credit,Mastercard,2030-10,blocked,2025-10-24T00:03:51
2118,2636,4030********2256-8577,credit,Visa,2028-09,active,2025-09-20T11:26:08
2119,2637,5287********0033-9975,debit,Mastercard,2027-03,active,2024-03-17T01:47:09
2120,2638,4985********3596-334,debit,Visa,2027-11,active,2023-11-14T17:57:51
2121,2640,4402********5540-8408,debit,Visa,2031-04,active,2026-04-13T01:57:24
2122,2642,5504********3884-8825,debit,Mastercard,2031-05,active,2026-05-03T04:53:19
2123,2642,5834********4116-7589,debit,Mastercard,2030-05,active,2026-05-02T04:41:47
2124,2643,6434********0048-4484,debit,Discover,2031-02,blocked,2026-02-18T19:13:04
2125,2644,4087********7521-3591,debit,Visa,2031-03,blocked,2026-03-27T05:45:38
2126,2646,4817********3015-5329,debit,Visa,2030-02,blocked,2026-02-20T22:23:13
2127,2650,5071********2532-7318,debit,Mastercard,2029-10,active,2025-10-20T17:48:03
2128,2651,4032********2414-3788,debit,Visa,2029-01,active,2025-01-30T11:54:26
2129,2652,6425********8582-8312,debit,Discover,2027-12,blocked,2024-12-27T07:42:27
2130,2652,4121********5359-2222,debit,Visa,2029-01,active,2026-01-10T18:11:36
2131,2653,4858********6907-4037,debit,Visa,2029-01,blocked,2026-01-31T15:52:00
2132,2654,6511********6237-7417,debit,Discover,2028-07,active,2023-07-16T13:39:25
2133,2655,5798********8890-5653,debit,Mastercard,2031-03,expired,2026-03-26T09:25:15
2134,2656,3242*******1636-2652,debit,Amex,2029-12,blocked,2025-12-22T09:50:20
2135,2657,3286*******2830-9316,debit,Amex,2029-04,blocked,2026-04-17T09:23:29
2136,2659,4845********7228-4919,credit,Visa,2028-10,active,2025-10-29T23:49:19
2137,2663,5419********4306-5881,credit,Mastercard,2029-04,active,2026-04-28T13:38:47
2138,2664,5490********8108-549,debit,Mastercard,2029-04,active,2026-04-04T13:36:30
2139,2664,6717********2601-4989,debit,Discover,2029-04,active,2026-04-03T23:22:12
2140,2667,5418********7741-730,debit,Mastercard,2030-04,blocked,2025-04-29T02:46:46
2141,2667,4466********6819-9482,debit,Visa,2027-12,blocked,2024-12-09T06:09:35
2142,2668,5774********4459-9908,debit,Mastercard,2030-04,active,2026-04-23T08:46:10
2143,2669,5686********1463-7480,debit,Mastercard,2031-04,active,2026-04-13T09:55:26
2144,2670,5968********6741-1585,debit,Mastercard,2029-02,active,2026-02-27T02:33:57
2145,2671,4745********1197-6229,debit,Visa,2030-07,active,2025-07-31T06:32:27
2146,2671,3716*******9691-3726,debit,Amex,2028-03,blocked,2025-03-12T13:16:22
2147,2673,4565********2103-5637,debit,Visa,2028-11,blocked,2025-11-02T15:17:44
2148,2674,4183********3750-5201,debit,Visa,2030-03,active,2026-03-20T03:07:30
2149,2675,5702********9867-3232,debit,Mastercard,2030-02,expired,2026-02-11T02:51:42
2150,2678,4093********5401-7242,credit,Visa,2029-11,blocked,2024-11-25T01:11:14
2151,2679,5898********5649-2853,debit,Mastercard,2029-05,expired,2025-05-14T08:01:44
2152,2681,5716********7424-599,debit,Mastercard,2030-01,active,2026-01-08T23:54:54
2153,2682,5880********9517-8908,debit,Mastercard,2028-09,active,2024-09-27T05:09:41
2154,2684,5210********1965-3917,debit,Mastercard,2029-07,active,2024-07-08T02:58:04
2155,2684,6018********9941-9683,debit,Discover,2028-04,active,2024-04-10T20:19:47
2156,2685,5348********3141-1438,debit,Mastercard,2030-02,blocked,2026-02-20T16:47:54
2157,2685,4184********3114-4394,debit,Visa,2031-05,active,2026-05-02T14:39:02
2158,2687,5175********0959-3281,debit,Mastercard,2028-02,active,2024-02-05T00:39:11
2159,2687,5753********2599-2603,debit,Mastercard,2029-04,active,2025-04-11T16:10:51
2160,2688,5296********3829-3053,debit,Mastercard,2030-08,active,2025-08-24T09:17:26
2161,2689,4980********0781-313,debit,Visa,2030-04,expired,2026-04-14T22:45:03
2162,2690,5708********5711-997,debit,Mastercard,2029-05,active,2026-05-14T06:03:38
2163,2690,4910********9242-5182,debit,Visa,2031-03,active,2026-03-15T19:55:20
2164,2694,4225********4977-6057,debit,Visa,2029-05,expired,2026-05-13T01:55:50
2165,2698,4682********8741-8250,debit,Visa,2029-10,active,2024-10-02T14:17:54
2166,2700,4537********3643-6623,debit,Visa,2030-04,blocked,2026-04-01T00:09:36
2167,2701,3892*******5690-8193,debit,Amex,2029-09,expired,2025-09-19T22:06:29
2168,2702,4547********1846-9760,debit,Visa,2029-03,blocked,2026-03-13T16:24:10
2169,2703,4579********0203-7428,debit,Visa,2031-02,active,2026-02-12T23:53:01
2170,2704,5334********8868-1364,debit,Mastercard,2030-02,active,2026-02-10T18:21:14
2171,2705,5293********8158-8038,debit,Mastercard,2030-01,active,2026-01-04T01:55:02
2172,2706,5214********9072-3246,debit,Mastercard,2031-05,active,2026-05-12T23:05:33
2173,2708,4775********9537-1307,debit,Visa,2031-02,blocked,2026-02-23T07:05:34
2174,2709,5665********1329-2545,debit,Mastercard,2028-01,expired,2025-01-06T18:18:49
2175,2710,4785********9911-3723,credit,Visa,2030-01,active,2025-01-08T17:28:51
2176,2711,4533********2891-883,debit,Visa,2028-02,blocked,2024-02-12T15:19:02
2177,2713,5820********7219-9973,debit,Mastercard,2027-12,active,2024-12-28T03:31:46
2178,2714,5619********4933-7255,debit,Mastercard,2029-11,active,2024-11-12T11:13:50
2179,2715,4665********1882-8387,debit,Visa,2030-01,blocked,2026-01-16T14:24:52
2180,2717,4583********2252-4307,credit,Visa,2028-09,blocked,2024-09-06T22:09:32
2181,2718,4847********2087-6732,debit,Visa,2031-05,active,2026-05-14T13:39:26
2182,2719,6894********0539-8492,debit,Discover,2030-05,active,2026-05-10T11:09:08
2183,2719,4648********4142-1508,debit,Visa,2030-10,active,2025-10-06T13:57:14
2184,2720,3234*******7286-5118,debit,Amex,2030-08,active,2025-08-12T22:17:04
2185,2725,4229********9078-7822,debit,Visa,2031-04,active,2026-04-14T15:13:10
2186,2725,5240********2538-9961,debit,Mastercard,2030-12,active,2025-12-15T23:25:29
2187,2727,4159********9734-792,debit,Visa,2026-05,blocked,2022-05-27T10:51:36
2188,2730,4466********2343-6554,debit,Visa,2029-04,blocked,2026-04-23T13:03:37
2189,2731,4777********9001-1019,debit,Visa,2029-03,blocked,2025-03-09T20:45:10
2190,2732,5642********7801-7144,credit,Mastercard,2028-08,active,2025-08-26T01:10:00
2191,2733,4871********3394-1728,debit,Visa,2028-09,expired,2024-09-28T06:00:10
2192,2734,4744********1026-5368,debit,Visa,2027-07,active,2024-07-10T08:22:28
2193,2735,4187********2892-4810,credit,Visa,2030-05,active,2025-05-03T06:21:59
2194,2737,4919********5774-5601,debit,Visa,2029-10,blocked,2024-10-15T11:03:54
2195,2738,5740********4091-4528,debit,Mastercard,2029-08,active,2025-08-11T16:32:45
2196,2740,5053********9842-6638,debit,Mastercard,2031-04,blocked,2026-04-30T09:45:02
2197,2741,5181********2798-7327,debit,Mastercard,2030-05,blocked,2026-05-11T23:04:15
2198,2742,4579********4769-7656,debit,Visa,2031-03,active,2026-03-13T23:40:26
2199,2744,4032********3942-2851,debit,Visa,2030-05,active,2026-05-14T14:24:40
2200,2745,4892********5679-5079,debit,Visa,2029-05,expired,2026-05-16T14:48:26
2201,2746,5963********5314-3436,debit,Mastercard,2030-05,blocked,2026-05-05T09:30:45
2202,2747,5348********9716-1432,debit,Mastercard,2031-03,active,2026-03-11T18:39:06
2203,2748,4422********5323-5426,debit,Visa,2028-05,expired,2025-05-29T16:42:49
2204,2750,5402********2685-7286,debit,Mastercard,2029-05,active,2025-05-14T23:17:25
2205,2751,3908*******7405-1630,debit,Amex,2031-05,blocked,2026-05-15T13:52:47
2206,2751,5591********4082-6564,debit,Mastercard,2031-05,expired,2026-05-15T11:35:09
2207,2752,5654********9407-4602,debit,Mastercard,2029-09,active,2025-09-12T11:46:31
2208,2756,3705*******4862-8942,debit,Amex,2031-05,expired,2026-05-10T12:36:31
2209,2757,5323********5124-535,debit,Mastercard,2029-05,expired,2026-05-15T14:43:14
2210,2760,3673*******7995-3697,debit,Amex,2029-04,expired,2026-04-10T00:28:11
2211,2761,5315********2044-4800,debit,Mastercard,2030-04,blocked,2026-04-17T11:47:05
2212,2762,5534********9508-2732,credit,Mastercard,2030-04,blocked,2026-04-30T21:23:25
2213,2763,4669********4122-639,debit,Visa,2031-04,blocked,2026-04-16T22:36:34
2214,2765,5792********4117-4494,debit,Mastercard,2029-12,expired,2025-12-19T01:05:13
2215,2766,5936********6117-7358,debit,Mastercard,2031-01,active,2026-01-30T17:10:51
2216,2766,4792********5174-2696,debit,Visa,2030-07,active,2025-07-19T03:29:21
2217,2767,4605********1903-2354,debit,Visa,2029-10,active,2025-10-27T12:45:17
2218,2768,5496********7052-9249,debit,Mastercard,2028-06,active,2025-06-21T18:04:41
2219,2771,5268********6769-5426,debit,Mastercard,2031-03,blocked,2026-03-06T18:00:34
2220,2771,5682********0716-9515,debit,Mastercard,2028-10,blocked,2025-10-07T12:56:27
2221,2773,5680********6693-4269,credit,Mastercard,2028-06,blocked,2023-06-26T00:49:09
2222,2774,4076********8408-7205,debit,Visa,2030-12,active,2025-12-31T09:33:14
2223,2777,4524********8434-2031,debit,Visa,2030-04,active,2026-04-15T20:25:30
2224,2778,5148********3336-7530,debit,Mastercard,2029-02,active,2024-02-28T04:37:42
2225,2780,4386********1651-5674,debit,Visa,2029-05,blocked,2026-05-10T02:52:17
2226,2781,4426********4112-8464,debit,Visa,2028-11,active,2025-11-28T12:38:53
2227,2782,5704********0630-8520,debit,Mastercard,2031-02,active,2026-02-07T07:49:26
2228,2783,4267********5572-648,debit,Visa,2028-11,expired,2025-11-15T02:59:49
2229,2784,3660*******5739-7970,debit,Amex,2031-02,active,2026-02-22T04:45:20
2230,2785,4602********1483-6232,debit,Visa,2030-05,blocked,2026-05-11T20:20:44
2231,2786,4685********7529-1674,debit,Visa,2029-02,active,2026-02-21T09:30:19
2232,2786,3719*******5535-8080,debit,Amex,2029-02,active,2025-02-08T03:27:13
2233,2787,5622********8181-23,debit,Mastercard,2029-11,expired,2025-11-20T09:21:23
2234,2788,4681********1967-1273,debit,Visa,2029-05,active,2026-05-04T07:04:19
2235,2789,4224********1691-2936,credit,Visa,2029-05,active,2026-05-09T03:18:06
2236,2790,5576********0811-5391,debit,Mastercard,2029-04,active,2025-04-15T15:34:54
2237,2790,4773********8456-4792,debit,Visa,2029-12,active,2024-12-29T02:36:46
2238,2791,4754********0912-7251,debit,Visa,2031-05,active,2026-05-04T08:52:50
2239,2792,5650********8202-7949,debit,Mastercard,2029-04,expired,2026-04-27T18:10:37
2240,2794,3635*******7886-6144,debit,Amex,2030-04,active,2026-04-25T02:55:50
2241,2795,5162********8301-5268,debit,Mastercard,2028-06,active,2025-06-12T16:08:15
2242,2796,5106********7927-1123,debit,Mastercard,2029-10,blocked,2025-10-02T23:41:34
2243,2798,5453********4698-6025,debit,Mastercard,2030-04,blocked,2026-04-30T15:46:19
2244,2798,4199********2752-2514,debit,Visa,2028-06,blocked,2025-06-26T03:04:09
2245,2799,4267********6683-8305,credit,Visa,2029-04,blocked,2026-04-30T18:27:12
2246,2800,5700********3236-444,debit,Mastercard,2029-01,active,2026-01-01T20:01:11
2247,2801,4304********5760-4943,debit,Visa,2030-06,active,2025-06-04T13:50:31
2248,2803,4743********2576-4019,debit,Visa,2027-02,active,2024-02-15T15:29:26
2249,2804,4121********0837-3020,credit,Visa,2029-07,expired,2024-07-30T22:27:20
2250,2805,4254********7812-685,debit,Visa,2030-03,active,2026-03-23T15:39:31
2251,2806,5301********5157-2993,debit,Mastercard,2029-12,active,2024-12-16T05:08:42
2252,2808,4051********4535-6446,debit,Visa,2030-10,expired,2025-10-26T02:37:38
2253,2808,3558*******9298-5305,debit,Amex,2030-11,active,2025-11-04T06:08:56
2254,2809,5404********3152-2457,debit,Mastercard,2031-03,active,2026-03-29T06:47:39
2255,2810,5645********1136-2253,debit,Mastercard,2029-12,blocked,2025-12-18T04:18:21
2256,2810,4708********4004-552,debit,Visa,2029-03,blocked,2024-03-12T20:55:54
2257,2811,4696********9759-3068,debit,Visa,2029-08,expired,2025-08-22T02:53:28
2258,2813,5556********3565-6894,debit,Mastercard,2029-03,active,2025-03-10T16:21:41
2259,2816,4050********3451-9195,debit,Visa,2027-01,expired,2024-01-30T20:03:35
2260,2816,4330********9241-6269,debit,Visa,2029-07,expired,2025-07-07T03:16:26
2261,2817,5491********2687-4318,debit,Mastercard,2031-04,blocked,2026-04-13T16:49:31
2262,2818,5946********6535-8936,debit,Mastercard,2030-05,blocked,2026-05-12T08:20:17
2263,2819,4088********3795-4657,debit,Visa,2031-04,active,2026-04-15T18:59:03
2264,2820,5335********4625-3412,debit,Mastercard,2030-10,blocked,2025-10-27T01:48:55
2265,2821,3239*******3021-9732,debit,Amex,2031-03,expired,2026-03-20T01:43:24
2266,2823,5579********1549-1561,debit,Mastercard,2030-04,active,2026-04-28T04:56:04
2267,2823,4259********1170-2567,debit,Visa,2030-03,active,2026-03-25T15:13:10
2268,2824,4965********7746-186,debit,Visa,2029-05,active,2026-05-07T06:51:48
2269,2825,4292********5691-3277,credit,Visa,2030-04,active,2026-04-30T09:26:25
2270,2826,4133********6032-702,credit,Visa,2029-05,blocked,2025-05-17T11:07:54
2271,2827,5587********9555-8136,debit,Mastercard,2029-11,blocked,2024-11-06T06:39:12
2272,2828,5381********9378-9437,debit,Mastercard,2028-05,active,2024-05-16T14:38:56
2273,2830,5172********0043-8811,credit,Mastercard,2028-03,active,2025-03-01T21:13:11
2274,2831,5104********7180-3241,debit,Mastercard,2030-10,blocked,2025-10-12T07:59:43
2275,2832,4425********9930-9871,debit,Visa,2031-05,expired,2026-05-08T13:09:24
2276,2833,5309********4575-6726,debit,Mastercard,2029-05,active,2026-05-12T18:29:11
2277,2834,4427********3773-6504,debit,Visa,2031-05,active,2026-05-14T23:55:41
2278,2835,5309********2870-5075,credit,Mastercard,2031-05,active,2026-05-14T07:37:47
2279,2836,4572********2953-1800,debit,Visa,2031-03,active,2026-03-22T15:23:54
2280,2836,5789********1487-658,debit,Mastercard,2029-05,expired,2026-05-15T22:39:50
2281,2837,4034********0207-1039,debit,Visa,2029-07,expired,2024-07-08T19:37:33
2282,2838,5031********0384-6346,debit,Mastercard,2030-05,blocked,2025-05-24T01:40:43
2283,2839,3136*******6291-6313,debit,Amex,2029-06,blocked,2025-06-11T23:25:53
2284,2840,4960********5976-2421,debit,Visa,2028-08,blocked,2025-08-27T13:04:27
2285,2842,5777********1053-6245,debit,Mastercard,2030-05,blocked,2026-05-11T02:55:30
2286,2843,5598********3097-7267,debit,Mastercard,2028-04,blocked,2025-04-07T00:22:49
2287,2843,5043********8056-2902,debit,Mastercard,2030-12,active,2025-12-16T22:21:18
2288,2844,4603********4093-289,debit,Visa,2028-07,blocked,2024-07-13T20:35:18
2289,2848,3444*******5419-6654,debit,Amex,2030-01,active,2025-01-24T15:01:59
2290,2849,5041********4872-1357,credit,Mastercard,2028-07,blocked,2025-07-23T17:46:59
2291,2850,5172********4702-1318,debit,Mastercard,2030-01,active,2026-01-09T00:35:41
2292,2851,4253********1204-7383,debit,Visa,2026-06,active,2023-06-08T17:43:23
2293,2852,5105********7119-7702,debit,Mastercard,2030-05,active,2026-05-13T00:32:00
2294,2853,5577********7632-468,credit,Mastercard,2028-12,active,2025-12-10T01:56:02
2295,2854,4675********4115-59,credit,Visa,2030-04,expired,2026-04-12T18:11:43
2296,2855,4419********8595-5553,debit,Visa,2030-12,active,2025-12-07T08:44:46
2297,2856,4589********1160-8562,debit,Visa,2027-03,active,2024-03-08T03:36:29
2298,2857,4744********2910-3668,debit,Visa,2031-02,active,2026-02-28T08:56:07
2299,2858,4934********8233-6624,credit,Visa,2029-01,blocked,2026-01-29T08:55:40
2300,2859,5580********2027-2695,debit,Mastercard,2029-05,blocked,2025-05-28T07:38:51
2301,2860,4152********2664-4034,debit,Visa,2030-05,blocked,2026-05-08T13:34:29
2302,2861,4712********5476-4230,debit,Visa,2029-05,active,2026-05-16T14:58:57
2303,2861,4559********4391-1328,debit,Visa,2029-05,active,2026-05-16T17:52:05
2304,2862,4224********8124-7499,debit,Visa,2031-05,active,2026-05-15T01:45:56
2305,2864,4567********4237-2515,debit,Visa,2029-03,expired,2026-03-26T23:15:02
2306,2866,4031********6996-4887,credit,Visa,2030-05,active,2026-05-12T01:55:24
2307,2867,4673********5336-1091,debit,Visa,2031-04,active,2026-04-19T18:05:21
2308,2868,4276********9723-2741,debit,Visa,2030-05,active,2026-05-03T15:23:44
2309,2869,5414********5255-5100,debit,Mastercard,2030-01,active,2026-01-24T15:51:12
2310,2870,5835********6532-9861,debit,Mastercard,2028-11,active,2025-11-21T08:53:52
2311,2870,3051*******3645-6607,debit,Amex,2029-09,expired,2024-09-16T21:43:57
2312,2871,5343********9704-3352,credit,Mastercard,2031-05,expired,2026-05-08T17:54:28
2313,2872,4640********0545-7175,credit,Visa,2031-04,blocked,2026-04-04T03:31:36
2314,2873,5640********7142-5413,debit,Mastercard,2031-04,active,2026-04-02T04:07:36
2315,2873,4152********1889-9778,debit,Visa,2029-04,active,2026-04-15T02:19:52
2316,2874,4780********7250-8985,debit,Visa,2029-03,active,2026-03-06T17:29:40
2317,2875,4671********5349-2109,debit,Visa,2031-01,blocked,2026-01-17T10:34:30
2318,2876,4990********9506-4301,credit,Visa,2031-03,blocked,2026-03-18T03:01:40
2319,2877,4348********6452-4119,debit,Visa,2029-03,expired,2026-03-29T06:44:49
2320,2880,5768********9786-7196,debit,Mastercard,2029-04,expired,2025-04-06T02:20:51
2321,2882,5041********8768-6028,credit,Mastercard,2028-08,active,2025-08-19T11:28:46
2322,2883,5944********7373-7596,debit,Mastercard,2030-02,blocked,2026-02-05T03:40:45
2323,2884,4963********1708-804,debit,Visa,2029-04,active,2026-04-04T21:18:45
2324,2885,4739********5849-7008,debit,Visa,2028-10,expired,2025-10-08T18:30:13
2325,2887,4296********1259-1709,debit,Visa,2029-05,active,2026-05-13T08:59:06
2326,2888,4194********6941-5928,debit,Visa,2029-05,active,2026-05-09T03:09:38
2327,2888,4842********1277-4258,debit,Visa,2027-10,active,2024-10-29T03:54:45
2328,2891,5216********7189-4851,debit,Mastercard,2030-08,active,2025-08-07T19:13:33
2329,2892,4161********3442-1111,credit,Visa,2029-07,active,2025-07-03T13:35:56
2330,2893,5387********1508-1119,debit,Mastercard,2030-05,blocked,2026-05-11T15:56:33
2331,2894,5196********6463-5830,debit,Mastercard,2031-05,active,2026-05-16T17:58:25
2332,2894,4584********4400-3839,debit,Visa,2031-05,active,2026-05-16T18:38:46
2333,2895,4860********6170-6442,debit,Visa,2028-11,blocked,2025-11-13T21:41:14
2334,2896,4696********2912-7130,debit,Visa,2031-04,blocked,2026-04-08T05:20:23
2335,2897,4255********8732-2298,credit,Visa,2031-02,active,2026-02-25T07:02:02
2336,2898,5076********7450-5169,debit,Mastercard,2030-09,blocked,2025-09-19T13:51:30
2337,2900,5863********1655-2329,debit,Mastercard,2031-05,blocked,2026-05-14T13:22:23
2338,2901,4356********5116-6896,debit,Visa,2028-11,active,2025-11-26T18:39:52
2339,2903,4520********8290-4046,debit,Visa,2027-10,active,2024-10-09T16:08:48
2340,2904,5230********0210-7655,debit,Mastercard,2027-10,blocked,2023-10-09T16:50:18
2341,2904,5310********8698-8761,debit,Mastercard,2030-09,blocked,2025-09-21T16:47:58
2342,2907,4820********7697-2897,debit,Visa,2028-01,blocked,2025-01-03T03:35:28
2343,2908,5554********3642-4755,debit,Mastercard,2030-08,expired,2025-08-10T01:46:37
2344,2909,4968********0313-7700,debit,Visa,2031-04,expired,2026-04-20T17:56:56
2345,2911,4296********3445-7103,debit,Visa,2029-04,active,2026-04-06T01:28:07
2346,2912,5000********0085-4336,debit,Mastercard,2028-08,expired,2025-08-06T23:52:51
2347,2912,4474********6269-3660,debit,Visa,2028-11,active,2024-11-11T21:32:09
2348,2915,4556********9085-1372,debit,Visa,2027-05,expired,2022-05-08T17:32:45
2349,2915,4691********4846-9091,debit,Visa,2029-11,blocked,2025-11-12T19:32:53
2350,2916,4113********1581-8673,credit,Visa,2028-10,active,2025-10-05T16:11:03
2351,2918,3044*******9893-3543,debit,Amex,2031-05,active,2026-05-06T09:42:39
2352,2919,4164********3908-2374,credit,Visa,2030-10,blocked,2025-10-27T13:01:50
2353,2921,5178********3852-504,debit,Mastercard,2031-02,active,2026-02-28T06:44:59
2354,2922,5743********4856-6902,debit,Mastercard,2030-07,expired,2025-07-14T11:48:08
2355,2924,3494*******9968-6883,debit,Amex,2029-08,expired,2024-08-25T08:28:12
2356,2925,5412********6563-5938,debit,Mastercard,2030-03,active,2025-03-14T02:32:37
2357,2927,5999********8308-3417,debit,Mastercard,2028-10,blocked,2025-10-02T08:59:41
2358,2928,4353********2159-5076,debit,Visa,2029-05,active,2026-05-05T10:54:35
2359,2929,4198********7023-286,credit,Visa,2030-05,active,2026-05-08T15:41:19
2360,2931,5054********6680-8534,credit,Mastercard,2029-02,active,2025-02-14T01:16:35
2361,2932,4844********1023-9346,debit,Visa,2028-10,active,2025-10-07T20:13:54
2362,2932,5739********9845-4613,debit,Mastercard,2030-03,active,2025-03-01T13:58:58
2363,2933,5955********5529-3838,debit,Mastercard,2029-05,expired,2026-05-08T09:35:06
2364,2936,5529********6260-5984,debit,Mastercard,2031-03,expired,2026-03-17T10:35:28
2365,2937,5398********3507-6090,debit,Mastercard,2030-01,blocked,2026-01-05T08:36:17
2366,2939,5186********0905-9515,debit,Mastercard,2031-04,blocked,2026-04-13T15:03:13
2367,2939,4554********5977-8239,debit,Visa,2029-05,blocked,2026-05-13T01:17:45
2368,2941,5533********5505-5636,debit,Mastercard,2030-01,active,2025-01-10T19:39:54
2369,2942,5441********7225-266,debit,Mastercard,2027-04,active,2023-04-03T13:10:45
2370,2943,4182********2927-7204,debit,Visa,2031-04,blocked,2026-04-30T10:32:20
2371,2945,4277********8985-2945,debit,Visa,2030-01,active,2026-01-10T07:51:14
2372,2946,5827********4737-1515,debit,Mastercard,2031-04,active,2026-04-18T15:32:17
2373,2947,4291********2424-8783,debit,Visa,2031-01,active,2026-01-29T15:51:09
2374,2948,5801********4533-1213,debit,Mastercard,2029-03,blocked,2026-03-25T03:11:50
2375,2948,5841********1048-6776,debit,Mastercard,2030-03,blocked,2026-03-22T23:29:13
2376,2949,4493********7781-2554,credit,Visa,2031-05,active,2026-05-11T21:32:08
2377,2950,4296********2033-7301,credit,Visa,2030-10,active,2025-10-25T17:56:11
2378,2952,5379********3483-901,debit,Mastercard,2031-03,active,2026-03-26T01:39:15
2379,2953,5128********5959-1878,debit,Mastercard,2030-02,active,2026-02-17T01:11:19
2380,2954,4992********5235-3412,debit,Visa,2029-05,active,2026-05-03T19:13:11
2381,2955,4821********7773-8848,debit,Visa,2030-09,active,2025-09-13T17:13:47
2382,2956,4142********7420-4358,debit,Visa,2030-05,blocked,2026-05-15T00:55:00
2383,2957,4634********0028-334,debit,Visa,2028-12,blocked,2025-12-12T10:46:55
2384,2958,5382********4582-283,debit,Mastercard,2030-11,active,2025-11-07T03:13:43
2385,2959,4081********4382-2498,debit,Visa,2027-08,active,2023-08-24T04:31:04
2386,2960,5911********1560-5100,debit,Mastercard,2029-04,blocked,2026-04-27T16:54:00
2387,2961,4391********4858-5432,debit,Visa,2030-11,active,2025-11-15T01:23:22
2388,2962,5201********3415-9390,debit,Mastercard,2028-03,active,2025-03-25T07:26:19
2389,2962,4563********3397-7328,debit,Visa,2028-10,active,2024-10-13T09:50:51
2390,2963,4400********9699-8643,debit,Visa,2025-04,expired,2022-04-13T17:30:15
2391,2964,4824********1064-6270,debit,Visa,2030-01,blocked,2026-01-24T02:24:49
2392,2965,5126********4425-6048,debit,Mastercard,2029-03,blocked,2026-03-31T19:00:51
2393,2966,5594********9438-9154,debit,Mastercard,2028-12,active,2025-12-01T12:41:26
2394,2967,3078*******2106-2336,debit,Amex,2029-02,blocked,2026-02-21T18:25:04
2395,2969,5542********0735-809,debit,Mastercard,2029-09,blocked,2025-09-30T14:35:38
2396,2970,4387********2347-7548,debit,Visa,2028-12,blocked,2025-12-23T02:57:07
2397,2971,5528********0466-7251,debit,Mastercard,2030-01,active,2026-01-03T04:15:05
2398,2971,4477********7734-642,debit,Visa,2029-10,active,2025-10-02T04:16:38
2399,2972,4106********8633-5313,debit,Visa,2029-11,active,2025-11-10T15:04:18
2400,2973,5873********0265-3802,debit,Mastercard,2029-07,active,2024-07-31T15:54:07
2401,2974,5231********5232-6533,debit,Mastercard,2030-03,active,2026-03-20T03:31:54
2402,2974,5755********0766-8833,debit,Mastercard,2031-02,active,2026-02-05T15:27:24
2403,2975,4291********7400-257,debit,Visa,2031-02,blocked,2026-02-06T07:07:56
2404,2976,5196********3224-5230,debit,Mastercard,2031-04,active,2026-04-28T20:05:52
2405,2977,5094********2046-6196,debit,Mastercard,2031-05,active,2026-05-13T21:12:30
2406,2978,4519********6990-656,debit,Visa,2028-12,active,2024-12-25T01:29:59
2407,2978,5888********8975-8786,debit,Mastercard,2029-02,blocked,2026-02-23T06:49:22
2408,2979,5704********7151-2803,debit,Mastercard,2025-11,expired,2022-11-14T01:28:37
2409,2981,5936********6261-774,debit,Mastercard,2030-04,expired,2026-04-18T04:13:29
2410,2982,4522********4427-3471,debit,Visa,2029-02,blocked,2026-02-28T19:05:04
2411,2983,4222********2351-9203,debit,Visa,2030-07,expired,2025-07-08T05:34:37
2412,2985,5967********9125-6369,debit,Mastercard,2027-07,active,2024-07-26T02:10:01
2413,2988,4745********9855-6262,credit,Visa,2028-07,expired,2025-07-30T23:51:59
2414,2989,5200********4956-3874,debit,Mastercard,2030-06,active,2025-06-26T09:20:40
2415,2992,3456*******2422-6898,debit,Amex,2029-01,blocked,2026-01-27T04:24:59
2416,2993,4363********5797-7563,debit,Visa,2030-01,active,2026-01-27T01:30:13
2417,2994,4548********5447-3264,debit,Visa,2029-07,blocked,2025-07-05T10:11:02
2418,2995,5721********5078-4336,debit,Mastercard,2029-03,expired,2026-03-20T17:53:29
2419,2996,3681*******8951-2784,debit,Amex,2029-03,active,2026-03-12T12:14:35
2420,2997,5103********5603-1926,debit,Mastercard,2028-01,active,2024-01-20T06:20:21
2421,2999,5950********4394-7349,debit,Mastercard,2031-01,blocked,2026-01-23T03:17:58
2422,2999,4511********3862-2497,debit,Visa,2030-11,blocked,2025-11-08T10:44:23
2423,3001,5637********2056-2740,credit,Mastercard,2030-03,active,2025-03-11T17:21:40
2424,3002,6952********8798-9203,debit,Discover,2030-11,active,2025-11-17T07:09:35
2425,3003,4159********6346-4102,debit,Visa,2029-10,active,2025-10-30T17:36:57
2426,3004,4612********8293-5083,debit,Visa,2031-01,blocked,2026-01-28T19:46:02
2427,3005,5826********1357-6791,debit,Mastercard,2029-04,active,2026-04-24T01:34:02
2428,3007,4765********0574-7355,debit,Visa,2030-03,active,2026-03-26T08:22:07
2429,3007,5211********4744-2815,debit,Mastercard,2030-04,expired,2026-04-07T03:03:40
2430,3009,5638********5325-1086,debit,Mastercard,2030-02,blocked,2025-02-26T19:37:31
2431,3011,4296********5787-4938,debit,Visa,2031-04,active,2026-04-03T17:00:30
2432,3013,4522********1534-2593,debit,Visa,2029-08,active,2025-08-14T09:32:35
2433,3014,5186********7730-6604,debit,Mastercard,2031-05,active,2026-05-12T00:33:19
2434,3015,5741********7879-3666,debit,Mastercard,2030-02,active,2026-02-08T17:44:58
2435,3017,5078********6634-75,debit,Mastercard,2031-05,active,2026-05-01T23:29:18
2436,3020,5076********3678-4409,credit,Mastercard,2031-05,expired,2026-05-16T17:04:53
2437,3022,5607********0738-8326,credit,Mastercard,2031-04,expired,2026-04-19T18:21:48
2438,3023,4259********2161-6679,debit,Visa,2030-05,active,2026-05-02T10:12:51
2439,3023,5884********0629-3126,debit,Mastercard,2031-04,active,2026-04-27T10:54:02
2440,3024,4992********5764-5797,debit,Visa,2029-05,blocked,2025-05-23T16:12:55
2441,3026,4823********4836-9551,credit,Visa,2030-01,blocked,2025-01-19T11:16:13
2442,3027,4287********6498-50,debit,Visa,2030-02,active,2026-02-27T16:42:29
2443,3030,4148********4026-6850,debit,Visa,2029-10,blocked,2025-10-24T07:13:14
2444,3032,4743********6106-6894,debit,Visa,2030-06,active,2025-06-01T02:45:24
2445,3033,5548********8185-9982,debit,Mastercard,2030-05,blocked,2026-05-14T06:34:58
2446,3033,5158********7370-9618,debit,Mastercard,2029-04,active,2026-04-28T11:16:07
2447,3034,5096********2102-2714,credit,Mastercard,2029-02,blocked,2026-02-01T02:19:08
2448,3035,4407********9592-8398,debit,Visa,2031-03,blocked,2026-03-24T19:57:15
2449,3036,5642********9064-3334,debit,Mastercard,2030-02,blocked,2026-02-04T19:39:15
2450,3037,4044********3328-8851,debit,Visa,2027-08,blocked,2023-08-05T06:56:34
2451,3038,4878********0796-2817,debit,Visa,2030-06,blocked,2025-06-08T08:25:18
2452,3039,5091********6151-3148,debit,Mastercard,2031-02,expired,2026-02-08T03:54:24
2453,3039,4293********1399-6329,debit,Visa,2028-11,active,2025-11-01T23:34:22
2454,3040,4019********8180-3649,debit,Visa,2030-01,active,2026-01-09T01:10:13
2455,3042,4244********8071-95,credit,Visa,2029-12,blocked,2025-12-23T01:03:24
2456,3043,5019********3261-6443,credit,Mastercard,2030-03,active,2026-03-25T14:48:17
2457,3046,5462********0080-7996,debit,Mastercard,2031-02,active,2026-02-27T13:20:24
2458,3048,4952********5723-9967,debit,Visa,2029-03,expired,2026-03-09T21:19:51
2459,3049,5872********0899-6109,debit,Mastercard,2031-05,active,2026-05-16T12:16:01
2460,3050,4578********2901-8695,debit,Visa,2029-09,active,2024-09-26T00:43:59
2461,3050,5969********0436-5600,debit,Mastercard,2025-09,expired,2022-09-05T01:32:23
2462,3051,5577********0852-2020,debit,Mastercard,2028-06,active,2024-06-23T12:42:09
2463,3052,4446********1951-2829,debit,Visa,2029-04,blocked,2026-04-13T07:08:23
2464,3055,4078********6658-3882,debit,Visa,2030-03,blocked,2026-03-08T01:21:21
2465,3056,4700********0908-5474,debit,Visa,2029-02,expired,2026-02-21T12:25:57
2466,3058,4749********6100-6829,debit,Visa,2031-04,active,2026-04-29T11:32:50
2467,3061,5064********0701-7259,debit,Mastercard,2029-04,blocked,2026-04-18T12:17:15
2468,3063,4088********6742-2817,debit,Visa,2030-07,expired,2025-07-24T22:54:29
2469,3065,5758********1112-2615,debit,Mastercard,2030-09,active,2025-09-24T06:11:00
2470,3065,5681********5064-5525,debit,Mastercard,2029-11,blocked,2025-11-02T16:04:44
2471,3066,5749********2631-9586,debit,Mastercard,2030-09,active,2025-09-30T15:52:51
2472,3069,6552********3368-6524,debit,Discover,2031-03,active,2026-03-02T06:56:23
2473,3070,4457********1465-6708,debit,Visa,2029-01,expired,2025-01-05T10:15:24
2474,3071,4664********1949-5059,debit,Visa,2029-08,blocked,2024-08-14T01:51:43
2475,3072,3488*******2889-2401,debit,Amex,2030-10,expired,2025-10-05T13:42:00
2476,3073,5254********8367-6005,debit,Mastercard,2030-05,blocked,2026-05-13T19:11:38
2477,3075,5954********4907-7441,debit,Mastercard,2029-05,expired,2026-05-06T20:48:54
2478,3076,4315********5819-8189,debit,Visa,2030-11,active,2025-11-28T23:10:33
2479,3077,4692********7788-1262,debit,Visa,2031-03,expired,2026-03-06T03:04:52
2480,3081,4892********9130-2670,debit,Visa,2029-08,active,2025-08-26T08:40:46
2481,3082,4438********3478-2671,debit,Visa,2031-03,active,2026-03-03T15:32:13
2482,3084,3737*******9780-1426,credit,Amex,2031-01,blocked,2026-01-11T10:24:10
2483,3085,4908********0118-5098,debit,Visa,2029-04,active,2026-04-24T13:38:30
2484,3086,5222********9095-8950,debit,Mastercard,2029-03,active,2025-03-04T08:17:34
2485,3090,4825********2142-4104,debit,Visa,2030-04,active,2026-04-09T06:49:22
2486,3090,3173*******1456-9280,debit,Amex,2030-05,active,2026-05-13T18:27:01
2487,3092,5069********0772-3506,debit,Mastercard,2030-05,active,2026-05-16T07:59:50
2488,3093,5311********0559-2310,debit,Mastercard,2029-03,expired,2026-03-12T11:42:29
2489,3094,6173********0339-227,debit,Discover,2030-04,active,2025-04-27T04:34:05
2490,3095,4605********3338-8522,debit,Visa,2031-03,active,2026-03-10T00:17:53
2491,3096,4386********2307-1569,debit,Visa,2031-02,blocked,2026-02-17T15:21:16
2492,3097,5275********4286-4597,debit,Mastercard,2031-03,active,2026-03-16T13:10:55
2493,3098,5800********4683-7989,debit,Mastercard,2029-04,expired,2026-04-02T12:26:10
2494,3099,3971*******4231-1004,debit,Amex,2031-04,expired,2026-04-05T05:08:58
2495,3100,5299********0320-4800,debit,Mastercard,2028-12,expired,2024-12-30T14:54:26
2496,3101,4761********1487-7577,debit,Visa,2031-01,active,2026-01-24T02:52:29
2497,3102,4879********4784-8777,debit,Visa,2030-10,active,2025-10-18T21:59:54
2498,3104,4021********9076-4695,debit,Visa,2029-11,active,2025-11-08T17:01:52
2499,3105,5965********0201-3228,credit,Mastercard,2030-10,active,2025-10-20T18:20:19
2500,3106,5628********3914-9305,debit,Mastercard,2031-03,active,2026-03-06T23:56:17
2501,3106,4486********5436-859,debit,Visa,2028-08,blocked,2025-08-07T00:31:19
2502,3107,5897********5968-6593,debit,Mastercard,2027-05,active,2024-05-31T08:52:15
2503,3108,4942********1118-9123,debit,Visa,2029-03,active,2026-03-23T22:03:49
2504,3109,5448********7512-9720,credit,Mastercard,2031-01,active,2026-01-26T23:14:36
2505,3110,4761********0051-8056,debit,Visa,2029-04,active,2026-04-21T01:12:55
2506,3111,3095*******9167-82,debit,Amex,2028-11,active,2024-11-23T23:37:39
2507,3114,4504********6296-8539,debit,Visa,2030-05,active,2026-05-12T20:31:23
2508,3115,5728********6056-6136,debit,Mastercard,2028-06,active,2025-06-18T00:23:25
2509,3115,3839*******9030-703,debit,Amex,2028-05,blocked,2025-05-04T03:19:16
2510,3116,4093********1807-5109,debit,Visa,2029-02,active,2026-02-05T06:13:51
2511,3117,4789********6762-2254,debit,Visa,2031-04,active,2026-04-17T03:29:56
2512,3119,5599********1687-8537,debit,Mastercard,2030-08,active,2025-08-13T11:41:59
2513,3119,4096********1629-4389,debit,Visa,2028-08,active,2025-08-15T12:34:57
2514,3121,5907********6141-8684,debit,Mastercard,2029-05,active,2026-05-15T19:25:28
2515,3125,4272********1152-9482,debit,Visa,2029-01,active,2026-01-20T18:14:42
2516,3126,5790********7458-1736,debit,Mastercard,2029-01,active,2026-01-18T21:07:37
2517,3127,4277********2462-1242,debit,Visa,2028-11,active,2025-11-26T11:56:42
2518,3129,5298********5881-6820,credit,Mastercard,2030-05,active,2026-05-14T20:17:42
2519,3130,5998********1252-2011,debit,Mastercard,2028-07,active,2025-07-28T13:04:13
2520,3131,4042********2547-9395,debit,Visa,2030-07,expired,2025-07-31T10:27:10
2521,3134,4327********6767-8731,debit,Visa,2029-08,active,2025-08-20T03:31:46
2522,3138,5513********1913-1196,debit,Mastercard,2028-02,active,2025-02-05T02:12:44
2523,3139,4703********5483-8649,debit,Visa,2030-02,active,2026-02-06T04:32:30
2524,3140,5837********0654-5719,debit,Mastercard,2031-04,blocked,2026-04-29T15:16:42
2525,3141,5876********4669-8842,debit,Mastercard,2030-02,active,2026-02-05T21:15:19
2526,3143,4789********7324-6189,credit,Visa,2030-10,active,2025-10-26T07:47:12
2527,3144,6374********5454-4779,debit,Discover,2030-05,active,2026-05-15T10:15:51
2528,3145,3676*******7983-9210,debit,Amex,2031-04,active,2026-04-12T09:04:42
2529,3148,4930********7282-4760,credit,Visa,2030-02,active,2026-02-13T04:40:26
2530,3149,5137********9711-2465,debit,Mastercard,2029-03,active,2026-03-23T14:26:56
2531,3151,4568********0381-3775,debit,Visa,2029-10,blocked,2025-10-24T12:13:29
2532,3151,4371********2498-1564,debit,Visa,2029-01,blocked,2026-01-25T02:07:42
2533,3152,4589********9633-1546,debit,Visa,2028-11,active,2025-11-23T01:01:25
2534,3154,4197********7343-811,debit,Visa,2029-04,blocked,2026-04-27T03:57:33
2535,3155,3514*******2492-2428,debit,Amex,2031-03,active,2026-03-20T04:55:54
2536,3158,5320********4563-1591,debit,Mastercard,2028-07,active,2025-07-18T02:07:02
2537,3159,4151********1649-9027,debit,Visa,2029-05,expired,2026-05-06T09:54:40
2538,3162,5718********5476-8299,debit,Mastercard,2028-11,blocked,2025-11-14T03:46:19
2539,3163,4566********6940-7786,credit,Visa,2029-03,blocked,2026-03-13T11:57:30
2540,3164,4731********5120-2580,credit,Visa,2029-02,active,2025-02-21T05:02:23
2541,3167,4271********9662-9377,debit,Visa,2029-05,active,2025-05-16T09:31:21
2542,3167,4115********8219-5689,debit,Visa,2029-06,blocked,2025-06-02T19:11:07
2543,3168,4325********4748-8634,debit,Visa,2028-08,active,2023-08-18T06:22:51
2544,3169,4751********3960-6778,debit,Visa,2030-10,blocked,2025-10-12T10:21:15
2545,3171,4821********6311-7821,debit,Visa,2029-07,blocked,2024-07-30T19:01:31
2546,3175,4807********4627-389,debit,Visa,2030-05,active,2026-05-07T12:09:26
2547,3175,4496********0984-7935,debit,Visa,2029-04,active,2026-04-04T14:25:42
2548,3176,4453********6876-9491,debit,Visa,2030-09,blocked,2025-09-28T18:49:14
2549,3177,5643********9943-7471,debit,Mastercard,2030-05,active,2025-05-24T13:26:19
2550,3178,4851********7802-8275,debit,Visa,2031-01,blocked,2026-01-20T10:27:09
2551,3181,4170********4665-5599,debit,Visa,2030-04,expired,2026-04-03T14:47:21
2552,3182,5225********1549-2240,debit,Mastercard,2028-09,blocked,2025-09-11T19:15:04
2553,3185,4791********4356-8818,debit,Visa,2027-05,active,2024-05-27T18:16:41
2554,3186,5093********7179-3583,credit,Mastercard,2027-06,blocked,2023-06-10T21:38:25
2555,3188,5589********2533-8024,debit,Mastercard,2030-02,active,2026-02-19T00:52:15
2556,3189,4755********4222-24,debit,Visa,2031-05,expired,2026-05-09T08:31:27
2557,3191,4384********8546-5548,debit,Visa,2030-11,expired,2025-11-28T17:37:45
2558,3191,4896********5635-7516,debit,Visa,2030-06,expired,2025-06-30T11:33:55
2559,3194,5476********7656-8992,debit,Mastercard,2027-06,active,2023-06-13T09:47:33
2560,3194,4907********7419-3906,debit,Visa,2027-09,active,2024-09-20T09:02:44
2561,3195,5849********9905-6018,debit,Mastercard,2029-04,blocked,2026-04-25T16:33:12
2562,3196,4040********3942-1318,debit,Visa,2030-12,active,2025-12-10T22:22:20
2563,3197,4771********9393-6297,debit,Visa,2026-04,expired,2023-04-20T11:07:02
2564,3198,5132********3869-9205,credit,Mastercard,2026-02,expired,2023-02-07T01:27:30
2565,3199,4790********4591-4458,debit,Visa,2031-04,active,2026-04-01T21:52:20
2566,3200,5633********8036-965,credit,Mastercard,2030-05,active,2026-05-16T16:29:10
2567,3201,5847********5323-6967,credit,Mastercard,2028-07,active,2025-07-02T22:00:58
2568,3205,4627********1695-1025,credit,Visa,2029-04,expired,2026-04-24T02:07:23
2569,3206,5732********9434-2670,debit,Mastercard,2030-10,expired,2025-10-16T09:50:27
2570,3207,4874********1826-4977,debit,Visa,2028-05,blocked,2025-05-26T12:14:45
2571,3207,5978********5991-4131,debit,Mastercard,2030-12,blocked,2025-12-03T05:16:10
2572,3208,6289********0814-7528,debit,Discover,2030-03,active,2025-03-20T04:14:59
2573,3209,6426********0341-4870,debit,Discover,2030-03,blocked,2026-03-31T09:43:42
2574,3211,4166********5865-665,debit,Visa,2030-03,active,2026-03-13T21:43:51
2575,3214,5531********7895-3437,debit,Mastercard,2030-04,active,2026-04-30T12:23:42
2576,3216,4544********7586-4498,debit,Visa,2027-12,blocked,2024-12-31T00:58:26
2577,3217,3247*******3097-6570,debit,Amex,2028-09,blocked,2025-09-19T22:15:37
2578,3218,4137********8228-307,debit,Visa,2030-03,blocked,2026-03-30T11:24:12
2579,3219,4797********8479-4656,debit,Visa,2030-02,active,2025-02-16T11:42:52
2580,3220,4236********1881-8363,debit,Visa,2029-05,expired,2026-05-08T19:47:01
2581,3220,5475********1914-3324,debit,Mastercard,2030-05,active,2026-05-15T04:10:32
2582,3221,4766********6767-4134,debit,Visa,2030-10,active,2025-10-13T16:23:44
2583,3222,4233********8955-3619,debit,Visa,2028-12,blocked,2025-12-03T16:30:59
2584,3223,5064********6946-7417,debit,Mastercard,2030-10,active,2025-10-15T08:24:11
2585,3224,4927********9599-4080,debit,Visa,2030-10,active,2025-10-13T03:46:10
2586,3224,5271********6067-2933,debit,Mastercard,2028-11,active,2025-11-01T10:33:12
2587,3225,5496********0811-2285,debit,Mastercard,2029-01,expired,2026-01-01T17:56:33
2588,3226,5789********4350-454,debit,Mastercard,2031-04,active,2026-04-14T00:56:34
2589,3227,5658********7861-7640,debit,Mastercard,2029-11,blocked,2025-11-16T18:26:00
2590,3229,4038********6638-4183,debit,Visa,2031-03,active,2026-03-14T08:44:41
2591,3230,5958********4491-9035,debit,Mastercard,2031-05,blocked,2026-05-15T09:45:55
2592,3231,5668********2912-891,debit,Mastercard,2029-02,blocked,2025-02-07T05:13:50
2593,3232,4854********1203-3379,debit,Visa,2030-05,active,2026-05-16T16:53:24
2594,3234,5437********0265-8573,debit,Mastercard,2030-05,blocked,2026-05-06T02:14:30
2595,3236,5281********8119-1252,debit,Mastercard,2028-08,active,2025-08-13T18:06:07
2596,3237,4598********6306-9966,debit,Visa,2030-05,active,2026-05-13T14:53:26
2597,3238,5600********4819-9152,debit,Mastercard,2029-09,blocked,2024-09-12T07:12:27
2598,3239,4226********6384-3736,debit,Visa,2029-11,blocked,2025-11-15T11:27:57
2599,3240,6662********4531-4639,debit,Discover,2028-11,active,2025-11-11T18:20:51
2600,3241,4106********5926-1563,debit,Visa,2030-08,active,2025-08-02T03:00:38
2601,3242,4680********6357-7722,debit,Visa,2028-08,active,2025-08-16T21:02:50
2602,3244,4022********6581-5883,debit,Visa,2031-03,active,2026-03-30T03:32:21
2603,3247,4391********6751-9399,debit,Visa,2028-12,blocked,2025-12-12T07:15:13
2604,3248,4395********5960-3070,debit,Visa,2029-01,active,2024-01-12T10:11:39
2605,3249,5018********2014-2442,debit,Mastercard,2028-12,blocked,2025-12-22T01:34:53
2606,3251,4785********6658-6664,debit,Visa,2029-03,active,2026-03-03T12:59:37
2607,3251,5738********8614-304,debit,Mastercard,2029-04,expired,2026-04-29T16:51:54
2608,3252,5624********2858-8025,debit,Mastercard,2030-08,blocked,2025-08-09T14:59:31
2609,3254,4927********1886-1736,debit,Visa,2029-09,blocked,2024-09-25T14:42:02
2610,3254,5268********6962-300,debit,Mastercard,2029-08,active,2024-08-11T00:20:13
2611,3255,4294********8665-6692,debit,Visa,2029-04,active,2026-04-14T10:35:30
2612,3256,4026********6583-9982,credit,Visa,2028-09,active,2025-09-22T23:29:36
2613,3257,5434********4750-7445,debit,Mastercard,2030-03,active,2026-03-15T05:43:05
2614,3259,4757********1284-2974,credit,Visa,2030-01,active,2026-01-08T00:30:58
2615,3261,5923********7610-127,debit,Mastercard,2029-07,expired,2025-07-14T08:30:19
2616,3262,5360********5380-9379,credit,Mastercard,2029-04,active,2026-04-30T17:02:38
2617,3263,4785********9222-379,debit,Visa,2031-03,expired,2026-03-24T07:05:07
2618,3265,5234********2830-1195,credit,Mastercard,2030-05,blocked,2025-05-13T11:18:31
2619,3267,4565********8832-4992,debit,Visa,2031-03,active,2026-03-28T07:08:49
2620,3268,3990*******1116-9047,debit,Amex,2029-04,active,2026-04-16T16:04:10
2621,3270,5887********3499-4111,debit,Mastercard,2029-11,active,2025-11-22T02:24:16
2622,3271,5617********0717-3836,debit,Mastercard,2030-04,active,2026-04-23T23:37:23
2623,3272,5153********0087-754,debit,Mastercard,2030-05,blocked,2026-05-08T20:50:28
2624,3273,4884********4390-4485,debit,Visa,2029-02,expired,2026-02-03T17:56:18
2625,3273,4191********4947-3306,debit,Visa,2029-03,active,2026-03-10T09:10:25
2626,3274,5105********9109-238,debit,Mastercard,2030-03,expired,2026-03-06T21:16:47
2627,3277,5656********4854-7477,credit,Mastercard,2029-03,active,2026-03-27T18:06:54
2628,3278,4632********7039-5474,debit,Visa,2029-12,blocked,2024-12-01T22:44:48
2629,3279,5128********5228-4799,debit,Mastercard,2031-01,blocked,2026-01-02T05:32:42
2630,3283,5542********5663-3979,debit,Mastercard,2028-12,active,2025-12-23T03:05:04
2631,3284,5368********0835-5763,debit,Mastercard,2027-10,blocked,2024-10-14T15:56:21
2632,3285,4035********1858-4047,credit,Visa,2030-04,blocked,2026-04-25T09:46:00
2633,3286,4890********7172-7908,debit,Visa,2031-04,active,2026-04-26T00:39:07
2634,3288,5551********9064-5958,debit,Mastercard,2031-04,active,2026-04-07T00:11:10
2635,3289,5175********0404-4994,debit,Mastercard,2031-03,active,2026-03-26T15:01:23
2636,3290,6007********8078-446,debit,Discover,2028-08,blocked,2023-08-12T20:55:07
2637,3291,5862********6154-2323,debit,Mastercard,2030-05,blocked,2026-05-13T01:57:48
2638,3292,5536********3860-397,debit,Mastercard,2031-03,blocked,2026-03-10T10:53:11
2639,3293,5873********1160-130,debit,Mastercard,2030-04,blocked,2026-04-24T05:42:56
2640,3294,4637********6410-8874,debit,Visa,2030-06,active,2025-06-26T07:00:12
2641,3296,5281********6576-4920,debit,Mastercard,2028-08,active,2025-08-09T13:57:25
2642,3297,4681********2707-4092,debit,Visa,2029-03,blocked,2024-03-23T00:25:43
2643,3298,5098********1473-3343,debit,Mastercard,2028-03,blocked,2025-03-21T05:59:37
2644,3298,5661********3959-2579,debit,Mastercard,2030-02,active,2025-02-18T18:22:22
2645,3300,5853********4026-9573,credit,Mastercard,2030-03,active,2026-03-16T03:43:08
2646,3302,5111********4521-8346,debit,Mastercard,2029-04,active,2024-04-18T15:30:15
2647,3304,4736********3717-5634,credit,Visa,2029-05,blocked,2026-05-10T09:01:38
2648,3307,5112********5673-1902,debit,Mastercard,2030-05,blocked,2026-05-04T14:09:51
2649,3307,4369********2991-5839,debit,Visa,2029-07,blocked,2025-07-07T05:34:23
2650,3308,5954********4998-3515,credit,Mastercard,2029-04,active,2025-04-21T10:22:22
2651,3312,5268********5426-6413,debit,Mastercard,2030-09,active,2025-09-09T09:45:34
2652,3313,5040********1232-7982,debit,Mastercard,2029-04,active,2026-04-13T15:16:38
2653,3314,4812********6847-3517,debit,Visa,2030-12,expired,2025-12-08T09:58:00
2654,3316,6387********2627-3831,debit,Discover,2029-01,active,2024-01-02T04:34:31
2655,3316,4454********5613-4895,debit,Visa,2029-04,active,2026-04-18T20:39:48
2656,3318,4302********2848-1828,debit,Visa,2029-10,active,2024-10-05T11:39:56
2657,3319,4460********4429-1748,debit,Visa,2027-11,active,2024-11-13T07:03:48
2658,3319,4008********3821-540,debit,Visa,2028-12,active,2024-12-13T09:52:36
2659,3320,4297********3936-1781,debit,Visa,2031-04,blocked,2026-04-26T23:58:42
2660,3321,4853********0275-7661,debit,Visa,2030-03,active,2026-03-15T23:39:57
2661,3323,4063********2992-5271,debit,Visa,2028-11,active,2025-11-12T22:31:22
2662,3324,5544********7913-3023,credit,Mastercard,2030-04,active,2026-04-06T09:15:13
2663,3325,4118********1623-4326,credit,Visa,2029-04,active,2026-04-28T18:06:37
2664,3327,4904********9989-3173,debit,Visa,2029-04,expired,2026-04-16T13:15:41
2665,3328,4042********4894-8973,debit,Visa,2031-05,active,2026-05-08T20:30:38
2666,3330,5573********9589-372,debit,Mastercard,2030-04,active,2026-04-14T09:09:01
2667,3330,5929********5626-6043,debit,Mastercard,2029-03,blocked,2026-03-28T03:54:57
2668,3331,4666********8597-7451,debit,Visa,2030-03,active,2026-03-02T07:49:16
2669,3332,4750********6284-2248,credit,Visa,2031-05,blocked,2026-05-10T14:17:57
2670,3333,4709********3434-9900,debit,Visa,2030-04,active,2026-04-28T20:28:01
2671,3335,5599********2571-8277,debit,Mastercard,2031-03,blocked,2026-03-26T02:28:52
2672,3339,4617********8707-9217,debit,Visa,2027-06,blocked,2024-06-05T17:24:00
2673,3340,5476********0188-5710,debit,Mastercard,2030-04,active,2025-04-25T11:19:28
2674,3341,4723********7775-3801,debit,Visa,2031-03,blocked,2026-03-13T08:34:27
2675,3342,5668********4353-573,debit,Mastercard,2031-05,active,2026-05-03T18:59:31
2676,3343,4061********6354-1438,debit,Visa,2031-03,blocked,2026-03-23T23:54:37
2677,3344,5399********0969-5106,debit,Mastercard,2031-04,blocked,2026-04-19T17:24:05
2678,3345,4372********0051-1790,debit,Visa,2028-04,active,2025-04-01T19:40:50
2679,3346,5061********5845-8490,debit,Mastercard,2028-04,active,2025-04-28T23:43:09
2680,3347,4209********0185-3602,debit,Visa,2029-04,active,2026-04-27T08:16:24
2681,3350,4211********2861-4523,debit,Visa,2031-05,active,2026-05-15T18:08:52
2682,3351,5646********6493-542,debit,Mastercard,2030-03,active,2026-03-12T06:12:43
2683,3352,4934********9301-421,debit,Visa,2031-04,active,2026-04-29T19:22:40
2684,3352,4655********3537-9516,debit,Visa,2030-05,active,2026-05-06T16:54:41
2685,3354,5589********6161-3494,debit,Mastercard,2027-07,active,2024-07-01T06:59:35
2686,3355,4023********4720-4082,debit,Visa,2027-06,blocked,2022-06-08T22:34:10
2687,3355,5632********3983-2289,debit,Mastercard,2028-02,blocked,2023-02-20T16:24:01
2688,3356,6169********8671-6137,debit,Discover,2030-02,active,2026-02-11T03:46:03
2689,3357,4734********9656-9258,credit,Visa,2028-11,active,2025-11-26T01:11:37
2690,3358,5050********7657-3862,debit,Mastercard,2029-12,active,2025-12-07T21:32:24
2691,3359,4854********4346-2508,debit,Visa,2028-12,expired,2025-12-25T07:57:14
2692,3360,5001********5078-2620,credit,Mastercard,2030-03,blocked,2026-03-05T14:21:18
2693,3362,5014********6666-6342,debit,Mastercard,2026-08,blocked,2022-08-14T14:08:22
2694,3363,3683*******4150-6595,debit,Amex,2025-12,expired,2022-12-06T21:14:35
2695,3365,5044********8277-3004,credit,Mastercard,2026-11,active,2023-11-21T00:54:18
2696,3366,6829********4654-4967,credit,Discover,2028-06,blocked,2023-06-06T20:10:28
2697,3367,3297*******1155-319,credit,Amex,2030-02,blocked,2026-02-03T11:32:00
2698,3369,4063********7078-6805,credit,Visa,2030-12,active,2025-12-31T12:15:20
2699,3370,5090********1739-4397,debit,Mastercard,2031-04,active,2026-04-30T12:23:43
2700,3371,5857********3353-6280,debit,Mastercard,2029-02,active,2026-02-14T09:29:01
2701,3374,5409********2559-2138,debit,Mastercard,2030-08,active,2025-08-13T11:45:54
2702,3376,4694********9909-2649,debit,Visa,2027-03,active,2023-03-08T08:03:56
2703,3376,3920*******6887-8927,debit,Amex,2026-08,blocked,2023-08-27T07:18:48
2704,3379,4806********2073-1423,debit,Visa,2029-04,blocked,2026-04-14T21:59:42
2705,3380,4152********5257-4812,debit,Visa,2030-10,expired,2025-10-04T21:34:50
2706,3382,5847********8270-7029,debit,Mastercard,2029-03,active,2026-03-01T09:54:54
2707,3384,4982********6171-7625,debit,Visa,2031-04,active,2026-04-27T17:31:05
2708,3384,4590********0597-6707,debit,Visa,2030-04,active,2026-04-23T03:04:05
2709,3385,5091********9387-7405,debit,Mastercard,2029-12,blocked,2024-12-11T05:01:49
2710,3386,5238********6321-8180,debit,Mastercard,2030-04,active,2026-04-27T08:01:15
2711,3387,4246********8072-6749,debit,Visa,2028-05,active,2025-05-03T06:53:15
2712,3388,4329********8863-6666,debit,Visa,2029-03,active,2026-03-02T03:26:25
2713,3389,5236********4977-4033,debit,Mastercard,2029-05,active,2026-05-13T12:50:36
2714,3393,5745********9276-2074,debit,Mastercard,2030-02,active,2026-02-16T03:13:18
2715,3395,4515********6847-6714,debit,Visa,2029-10,active,2025-10-17T10:11:38
2716,3396,4572********6522-4882,debit,Visa,2028-11,active,2025-11-28T05:20:58
2717,3396,5395********5278-8934,debit,Mastercard,2030-11,active,2025-11-03T09:48:25
2718,3397,4352********9988-7533,debit,Visa,2028-08,active,2024-08-30T11:39:50
2719,3399,4876********5225-6711,debit,Visa,2029-12,expired,2025-12-05T09:02:06
2720,3400,5849********9597-8622,debit,Mastercard,2029-01,blocked,2026-01-27T18:53:07
2721,3401,3052*******3993-1909,credit,Amex,2030-05,blocked,2026-05-09T02:54:51
2722,3403,4499********1995-8589,credit,Visa,2029-04,active,2024-04-03T14:34:58
2723,3405,5790********4665-2732,debit,Mastercard,2031-05,active,2026-05-06T13:40:16
2724,3406,4802********3685-8826,credit,Visa,2031-05,blocked,2026-05-14T17:23:22
2725,3407,4795********5843-9000,debit,Visa,2029-06,blocked,2025-06-11T03:16:46
2726,3407,5745********2587-7953,debit,Mastercard,2028-09,blocked,2025-09-10T10:37:14
2727,3408,5864********8656-7761,debit,Mastercard,2028-11,blocked,2025-11-05T13:23:56
2728,3409,4006********5465-6381,credit,Visa,2030-01,active,2026-01-04T12:37:51
2729,3410,5571********5402-8765,debit,Mastercard,2030-01,blocked,2026-01-15T03:16:49
2730,3412,5519********2034-4833,debit,Mastercard,2028-10,blocked,2025-10-22T00:41:35
2731,3413,5384********0713-4443,debit,Mastercard,2028-03,blocked,2024-03-06T10:20:14
2732,3414,4226********4971-435,debit,Visa,2028-01,active,2024-01-27T03:59:04
2733,3415,4581********3498-239,debit,Visa,2029-08,expired,2024-08-06T10:47:57
2734,3416,4366********0311-523,credit,Visa,2028-02,active,2025-02-25T06:25:17
2735,3417,4918********7905-1168,debit,Visa,2029-07,blocked,2024-07-31T17:47:09
2736,3420,4049********7652-1811,debit,Visa,2028-12,active,2025-12-12T19:03:39
2737,3421,4631********0166-7737,debit,Visa,2027-12,active,2024-12-28T04:29:04
2738,3422,5118********4095-1034,debit,Mastercard,2031-04,blocked,2026-04-19T16:16:49
2739,3423,4776********1672-5070,debit,Visa,2029-07,blocked,2024-07-07T02:44:48
2740,3424,4039********5350-1054,credit,Visa,2030-04,blocked,2026-04-29T15:10:57
2741,3427,5179********6042-8886,debit,Mastercard,2030-05,active,2026-05-07T08:04:54
2742,3428,5593********7869-2471,credit,Mastercard,2031-05,active,2026-05-07T11:24:46
2743,3432,4231********4477-9430,debit,Visa,2030-03,active,2026-03-26T03:57:54
2744,3432,5664********0473-3781,debit,Mastercard,2030-06,blocked,2025-06-29T21:18:54
2745,3433,4689********7394-2079,debit,Visa,2029-05,active,2025-05-09T21:01:43
2746,3433,5007********7640-1098,debit,Mastercard,2027-04,blocked,2024-04-25T11:10:17
2747,3434,4397********7465-9217,debit,Visa,2029-03,active,2026-03-04T20:47:42
2748,3435,5861********3102-4739,credit,Mastercard,2029-07,active,2025-07-05T17:25:36
2749,3436,4655********5733-7217,debit,Visa,2028-12,active,2024-12-08T09:12:53
2750,3437,5219********8738-4069,debit,Mastercard,2031-03,active,2026-03-26T13:34:56
2751,3438,3862*******9607-9638,debit,Amex,2030-05,expired,2026-05-03T16:30:57
2752,3439,4474********3365-292,debit,Visa,2028-02,blocked,2025-02-23T01:29:17
2753,3440,5035********4310-2945,debit,Mastercard,2029-10,active,2025-10-04T15:36:24
2754,3440,4928********4677-711,debit,Visa,2029-10,active,2025-10-05T08:35:37
2755,3441,4746********5809-5608,debit,Visa,2029-07,active,2024-07-28T07:44:16
2756,3442,4595********6731-339,debit,Visa,2030-04,expired,2025-04-14T11:17:52
2757,3443,4830********5290-7499,debit,Visa,2030-05,active,2026-05-12T06:20:55
2758,3444,5525********8675-8679,debit,Mastercard,2030-03,active,2026-03-09T23:53:23
2759,3445,5313********4383-3116,debit,Mastercard,2030-01,expired,2026-01-30T04:03:22
2760,3446,5356********4730-5166,debit,Mastercard,2028-11,active,2025-11-05T20:07:33
2761,3447,4797********1662-8867,debit,Visa,2028-06,blocked,2023-06-26T00:50:41
2762,3448,4484********1085-9294,debit,Visa,2030-04,blocked,2026-04-16T18:53:14
2763,3449,5659********7013-9968,credit,Mastercard,2028-09,active,2025-09-09T22:11:28
2764,3450,4198********8026-271,debit,Visa,2029-05,active,2026-05-07T01:16:24
2765,3451,4855********3081-9026,debit,Visa,2028-05,active,2025-05-20T21:00:46
2766,3453,5038********8628-3251,debit,Mastercard,2030-11,active,2025-11-21T10:07:02
2767,3455,4610********6140-9002,debit,Visa,2030-05,blocked,2025-05-11T19:27:04
2768,3456,5958********0814-5117,debit,Mastercard,2030-01,active,2026-01-03T18:51:19
2769,3457,4753********1906-8907,debit,Visa,2029-04,active,2026-04-13T10:53:58
2770,3459,3650*******8020-8529,debit,Amex,2028-09,active,2025-09-07T14:12:03
2771,3463,5481********2336-7699,debit,Mastercard,2031-05,active,2026-05-14T10:16:00
2772,3465,4492********5646-3636,debit,Visa,2029-09,active,2024-09-08T06:42:34
2773,3466,5652********5076-7585,credit,Mastercard,2027-12,active,2024-12-11T19:58:00
2774,3469,4968********8019-7059,debit,Visa,2029-07,blocked,2025-07-19T01:57:19
2775,3470,5945********3211-6136,debit,Mastercard,2031-03,active,2026-03-20T05:23:25
2776,3473,5890********1625-5883,debit,Mastercard,2029-10,active,2025-10-01T21:55:37
2777,3474,4896********5445-101,debit,Visa,2029-12,blocked,2025-12-28T20:52:04
2778,3475,4809********7975-3087,credit,Visa,2030-01,blocked,2026-01-13T11:41:54
2779,3476,4751********9928-9793,debit,Visa,2029-06,blocked,2025-06-15T21:57:48
2780,3476,4398********6687-6919,debit,Visa,2028-09,blocked,2025-09-24T02:20:37
2781,3477,4436********5428-4413,debit,Visa,2029-11,active,2025-11-27T20:07:46
2782,3478,4243********7305-1111,credit,Visa,2029-05,active,2026-05-12T00:10:06
2783,3481,5317********4155-9761,debit,Mastercard,2031-04,expired,2026-04-28T11:51:46
2784,3482,5019********8442-3179,debit,Mastercard,2031-05,active,2026-05-12T01:29:47
2785,3484,3487*******6516-5587,debit,Amex,2029-03,active,2026-03-05T01:56:51
2786,3484,4766********8536-4821,debit,Visa,2031-03,active,2026-03-17T09:45:56
2787,3486,5015********1910-4875,debit,Mastercard,2028-03,expired,2025-03-02T03:56:44
2788,3487,5745********9224-5916,debit,Mastercard,2028-09,active,2025-09-15T05:04:55
2789,3488,5672********1709-9150,debit,Mastercard,2028-12,blocked,2025-12-17T16:35:12
2790,3490,5037********0616-8509,debit,Mastercard,2029-02,blocked,2026-02-08T06:53:53
2791,3491,4318********8896-455,debit,Visa,2030-07,active,2025-07-31T08:18:00
2792,3492,4786********0859-875,debit,Visa,2028-11,active,2025-11-18T18:44:52
2793,3496,3157*******1454-9488,debit,Amex,2029-03,active,2026-03-20T22:31:25
2794,3498,4190********8245-1408,debit,Visa,2030-05,active,2026-05-09T09:36:40
2795,3499,4358********7340-1879,debit,Visa,2030-01,blocked,2026-01-04T23:46:05
2796,3500,5523********7290-2521,debit,Mastercard,2030-02,active,2026-02-28T06:56:39
2797,3501,4337********8986-6282,debit,Visa,2029-05,active,2025-05-29T23:04:15
2798,3503,4536********5412-300,debit,Visa,2029-04,blocked,2026-04-08T12:41:57
2799,3503,5392********5739-8328,debit,Mastercard,2029-03,blocked,2026-03-14T23:01:22
2800,3504,4853********8863-1581,debit,Visa,2031-05,active,2026-05-13T18:18:14
2801,3504,5706********6246-5795,debit,Mastercard,2029-05,active,2026-05-13T19:49:16
2802,3505,4069********9088-3135,credit,Visa,2029-05,active,2026-05-07T02:56:02
2803,3506,5036********5288-6350,debit,Mastercard,2031-05,expired,2026-05-10T18:36:34
2804,3507,5751********1808-9631,debit,Mastercard,2028-11,active,2025-11-21T11:55:01
2805,3508,5026********6017-5351,credit,Mastercard,2028-02,active,2023-02-13T15:39:40
2806,3510,5981********7890-1196,debit,Mastercard,2028-11,expired,2025-11-11T23:19:32
2807,3511,5812********3909-1420,debit,Mastercard,2031-01,active,2026-01-03T06:37:07
2808,3512,4410********4639-3830,debit,Visa,2029-04,blocked,2026-04-17T19:27:51
2809,3513,5260********6896-4053,debit,Mastercard,2031-01,active,2026-01-11T11:57:58
2810,3515,5524********5408-5957,debit,Mastercard,2028-12,expired,2025-12-01T21:53:27
2811,3517,4452********9514-9923,debit,Visa,2031-03,active,2026-03-08T07:38:37
2812,3518,4425********3636-9628,debit,Visa,2030-04,blocked,2026-04-11T21:23:37
2813,3519,4963********5416-8126,debit,Visa,2029-04,expired,2026-04-03T14:18:09
2814,3519,5649********5447-3502,debit,Mastercard,2030-02,active,2026-02-26T08:53:22
2815,3520,5076********8818-4171,debit,Mastercard,2027-12,expired,2024-12-29T09:36:52
2816,3521,4862********9318-4052,credit,Visa,2031-03,active,2026-03-15T05:57:03
2817,3522,5985********7956-6757,debit,Mastercard,2029-10,expired,2025-10-31T11:47:45
2818,3523,4899********1697-1378,debit,Visa,2031-03,active,2026-03-06T07:49:58
2819,3524,5559********4730-7776,debit,Mastercard,2029-11,active,2025-11-25T04:55:30
2820,3525,4092********0087-8728,debit,Visa,2030-05,expired,2026-05-05T15:56:59
2821,3529,4235********5376-4064,debit,Visa,2030-04,blocked,2025-04-08T20:53:59
2822,3532,4475********0089-4953,debit,Visa,2031-03,active,2026-03-25T07:03:27
2823,3533,4066********9768-2891,debit,Visa,2029-04,blocked,2025-04-11T23:47:00
2824,3533,5085********8293-5518,debit,Mastercard,2031-04,expired,2026-04-01T14:40:53
2825,3536,5110********3342-2882,debit,Mastercard,2028-08,active,2025-08-29T16:35:42
2826,3537,4576********5039-1005,debit,Visa,2029-08,active,2025-08-28T22:10:38
2827,3538,5230********5079-9005,debit,Mastercard,2031-02,active,2026-02-13T20:25:21
2828,3539,3757*******0906-7455,debit,Amex,2028-10,blocked,2025-10-09T16:50:19
2829,3540,4904********9507-6719,credit,Visa,2030-02,active,2026-02-26T13:56:41
2830,3541,4611********4372-2909,debit,Visa,2029-01,active,2026-01-23T13:15:12
2831,3543,4913********7139-7682,debit,Visa,2029-07,expired,2024-07-27T01:20:28
2832,3544,5881********7833-2497,debit,Mastercard,2031-01,expired,2026-01-17T17:47:55
2833,3545,4520********0909-7241,debit,Visa,2029-05,expired,2026-05-16T07:46:18
2834,3546,4690********9254-8993,debit,Visa,2030-12,blocked,2025-12-20T22:18:10
2835,3546,5261********4502-1272,debit,Mastercard,2029-04,blocked,2026-04-29T08:37:36
2836,3548,4301********5137-712,debit,Visa,2031-03,expired,2026-03-15T20:15:11
2837,3549,4676********2239-5506,debit,Visa,2029-05,active,2026-05-01T12:41:01
2838,3549,4610********7163-1129,debit,Visa,2030-01,active,2026-01-03T07:03:15
2839,3550,4191********0022-4178,debit,Visa,2029-03,blocked,2026-03-27T13:03:56
2840,3551,3444*******4736-2617,debit,Amex,2030-04,active,2026-04-08T07:04:53
2841,3553,4196********7608-4377,debit,Visa,2030-04,blocked,2026-04-14T15:32:06
2842,3554,4791********5773-1184,debit,Visa,2029-06,blocked,2024-06-20T08:30:07
2843,3555,5460********8577-5934,debit,Mastercard,2029-03,expired,2026-03-23T10:52:13
2844,3556,4034********4794-5642,debit,Visa,2029-05,expired,2025-05-08T23:09:56
2845,3557,5163********5325-7011,credit,Mastercard,2030-12,active,2025-12-07T06:15:09
2846,3558,4280********5515-4683,debit,Visa,2029-04,blocked,2026-04-27T01:57:12
2847,3559,4390********3995-9376,debit,Visa,2030-03,active,2026-03-06T05:18:03
2848,3559,4807********1006-8262,debit,Visa,2029-12,active,2025-12-02T18:31:53
2849,3560,4647********5004-5729,debit,Visa,2031-01,active,2026-01-13T02:01:47
2850,3561,3531*******3428-6535,debit,Amex,2031-03,expired,2026-03-11T12:30:05
2851,3562,5793********6818-3598,debit,Mastercard,2030-04,blocked,2026-04-04T01:46:17
2852,3563,5584********2004-9095,debit,Mastercard,2030-04,active,2026-04-30T23:52:44
2853,3564,4995********8369-5760,debit,Visa,2030-02,active,2026-02-01T20:18:26
2854,3565,5298********7786-3705,debit,Mastercard,2030-05,blocked,2026-05-04T10:27:52
2855,3566,3831*******4016-5690,debit,Amex,2028-07,blocked,2025-07-16T20:29:51
2856,3567,4656********2216-7292,debit,Visa,2028-09,active,2025-09-20T20:12:31
2857,3568,4694********9466-7307,debit,Visa,2030-01,blocked,2026-01-13T11:08:38
2858,3570,4536********5637-6497,debit,Visa,2030-02,active,2025-02-17T06:55:28
2859,3571,4460********0393-2482,credit,Visa,2030-10,expired,2025-10-19T16:49:25
2860,3572,5897********1127-8317,debit,Mastercard,2028-12,blocked,2025-12-21T06:09:03
2861,3573,5765********5372-9899,credit,Mastercard,2030-08,active,2025-08-20T14:49:41
2862,3574,4632********9155-7110,debit,Visa,2030-01,active,2026-01-05T02:53:19
2863,3575,4951********8246-7084,debit,Visa,2029-06,active,2024-06-01T18:46:56
2864,3576,4690********7513-800,debit,Visa,2029-12,active,2024-12-23T18:31:55
2865,3578,4754********5772-948,debit,Visa,2029-04,active,2026-04-19T17:53:55
2866,3579,5509********8183-4468,debit,Mastercard,2027-12,active,2023-12-04T01:51:22
2867,3580,4650********1485-7190,debit,Visa,2030-04,active,2026-04-29T04:41:27
2868,3581,3094*******7813-233,debit,Amex,2027-11,blocked,2024-11-13T08:22:55
2869,3583,4657********5813-2312,debit,Visa,2029-08,blocked,2025-08-16T12:50:36
2870,3587,5013********5559-2851,debit,Mastercard,2028-09,blocked,2025-09-25T14:21:32
2871,3588,5781********3703-7329,debit,Mastercard,2029-10,active,2025-10-13T01:08:44
2872,3588,5824********4975-7103,debit,Mastercard,2030-02,active,2025-02-10T20:23:07
2873,3589,4201********2941-5206,debit,Visa,2031-04,active,2026-04-03T18:49:32
2874,3590,4805********6084-565,debit,Visa,2029-08,active,2025-08-11T10:30:43
2875,3591,4783********4634-8987,debit,Visa,2027-11,active,2024-11-30T12:04:56
2876,3592,4482********7185-8084,debit,Visa,2030-10,blocked,2025-10-21T05:05:19
2877,3593,5800********4681-5945,debit,Mastercard,2029-02,blocked,2025-02-10T14:20:49
2878,3594,5692********1343-8006,debit,Mastercard,2029-06,active,2024-06-14T15:12:16
2879,3595,5147********7765-8523,debit,Mastercard,2030-11,blocked,2025-11-02T06:06:11
2880,3596,4933********2308-1978,debit,Visa,2030-04,active,2026-04-26T21:35:57
2881,3597,4533********7641-1053,debit,Visa,2029-05,blocked,2026-05-14T23:17:19
2882,3598,4932********8179-7598,debit,Visa,2029-05,active,2026-05-09T09:24:00
2883,3599,5935********4646-1286,credit,Mastercard,2030-06,blocked,2025-06-07T03:33:49
2884,3600,5419********6954-6057,debit,Mastercard,2028-12,blocked,2025-12-19T02:49:45
2885,3601,5327********7579-5729,debit,Mastercard,2031-05,blocked,2026-05-16T00:30:56
2886,3604,4066********9702-106,debit,Visa,2029-04,blocked,2026-04-08T04:43:27
2887,3606,5460********3938-6722,debit,Mastercard,2029-10,blocked,2024-10-07T17:29:46
2888,3606,5174********1625-593,debit,Mastercard,2030-11,blocked,2025-11-23T15:22:47
2889,3608,3690*******3050-2861,debit,Amex,2028-04,blocked,2025-04-16T19:55:41
2890,3610,5344********1496-4576,debit,Mastercard,2030-01,expired,2026-01-01T14:59:54
2891,3611,4749********0608-2690,debit,Visa,2031-02,active,2026-02-17T09:16:55
2892,3613,3817*******4967-3313,debit,Amex,2030-01,expired,2026-01-28T19:10:19
2893,3614,5537********7235-4360,debit,Mastercard,2031-04,active,2026-04-08T06:49:21
2894,3615,4331********0960-453,debit,Visa,2029-02,expired,2026-02-22T23:20:21
2895,3617,3558*******0752-6750,debit,Amex,2031-03,expired,2026-03-08T02:41:57
2896,3619,4867********7001-8539,debit,Visa,2029-04,active,2026-04-08T21:21:29
2897,3620,4563********2977-1694,debit,Visa,2031-03,active,2026-03-09T03:28:46
2898,3620,3515*******0080-3620,debit,Amex,2029-05,expired,2026-05-10T09:49:31
2899,3621,4989********0606-1002,credit,Visa,2031-05,active,2026-05-12T20:21:09
2900,3622,4175********1557-7368,debit,Visa,2030-11,active,2025-11-02T11:59:52
2901,3623,5580********0236-5463,debit,Mastercard,2031-04,active,2026-04-26T15:08:44
2902,3624,5156********5988-1958,debit,Mastercard,2028-01,active,2025-01-28T01:52:52
2903,3625,4606********8130-2565,credit,Visa,2031-04,active,2026-04-30T13:22:19
2904,3626,4919********3999-9994,debit,Visa,2029-05,blocked,2026-05-06T17:15:05
2905,3628,5155********1750-7995,credit,Mastercard,2031-05,blocked,2026-05-16T11:19:12
2906,3629,4578********5430-6591,credit,Visa,2030-05,blocked,2026-05-07T01:35:07
2907,3630,5806********0670-3933,debit,Mastercard,2030-05,active,2026-05-08T22:17:05
2908,3631,4455********4019-1702,debit,Visa,2031-05,active,2026-05-05T01:14:09
2909,3632,4210********1494-8336,debit,Visa,2028-12,blocked,2025-12-29T05:11:52
2910,3633,4006********8749-8408,credit,Visa,2031-02,active,2026-02-24T20:20:12
2911,3634,5203********9405-3196,debit,Mastercard,2030-11,active,2025-11-03T00:44:26
2912,3635,4829********5554-3809,debit,Visa,2029-07,expired,2025-07-15T10:19:16
2913,3637,5991********8504-4884,debit,Mastercard,2028-04,blocked,2024-04-17T05:10:11
2914,3638,4407********9953-1585,debit,Visa,2027-09,blocked,2024-09-27T11:56:57
2915,3639,4072********6122-3943,debit,Visa,2030-06,active,2025-06-24T00:12:53
2916,3640,5028********4554-963,debit,Mastercard,2028-02,active,2025-02-06T11:41:13
2917,3642,4663********5331-8701,debit,Visa,2030-12,blocked,2025-12-30T07:14:44
2918,3643,4386********4874-4564,debit,Visa,2029-07,active,2025-07-04T00:07:12
2919,3644,5212********6320-3526,debit,Mastercard,2029-04,active,2026-04-27T19:06:30
2920,3646,5503********2594-4280,debit,Mastercard,2028-03,blocked,2025-03-29T02:15:55
2921,3647,4461********3788-8967,debit,Visa,2029-03,blocked,2026-03-05T09:41:28
2922,3648,4753********2575-7376,debit,Visa,2030-03,active,2026-03-23T08:29:58
2923,3649,4091********3619-4611,debit,Visa,2027-03,active,2024-03-05T12:55:55
2924,3649,5457********0627-6591,debit,Mastercard,2029-01,active,2026-01-24T10:34:07
2925,3651,4462********7386-9931,debit,Visa,2030-11,active,2025-11-30T16:19:29
2926,3653,5278********9364-1397,debit,Mastercard,2029-01,blocked,2026-01-17T01:41:01
2927,3654,4902********2217-6663,debit,Visa,2027-12,active,2024-12-20T21:41:24
2928,3655,5870********8143-4172,debit,Mastercard,2031-04,active,2026-04-25T16:56:15
2929,3656,4558********3075-8024,debit,Visa,2030-06,blocked,2025-06-03T19:17:19
2930,3658,4880********1517-7673,debit,Visa,2029-10,active,2024-10-06T16:20:08
2931,3659,5026********6326-3427,debit,Mastercard,2030-07,blocked,2025-07-21T15:09:58
2932,3659,5178********1170-9965,debit,Mastercard,2029-12,active,2025-12-17T09:10:45
2933,3660,4591********0096-5465,debit,Visa,2028-07,blocked,2024-07-20T19:32:48
2934,3661,4846********6377-3626,debit,Visa,2030-02,expired,2026-02-21T03:17:47
2935,3663,5738********2262-3023,debit,Mastercard,2030-04,active,2025-04-04T08:35:09
2936,3664,4633********2461-129,credit,Visa,2031-04,blocked,2026-04-17T18:13:09
2937,3665,5761********9805-5509,debit,Mastercard,2031-05,blocked,2026-05-06T13:18:50
2938,3666,5025********6934-8029,debit,Mastercard,2031-04,active,2026-04-11T10:20:43
2939,3667,5647********1698-218,debit,Mastercard,2030-04,active,2026-04-01T17:43:23
2940,3668,4223********2894-4533,debit,Visa,2031-05,active,2026-05-09T06:51:05
2941,3669,4594********8014-6907,credit,Visa,2031-05,blocked,2026-05-04T05:58:50
2942,3673,3984*******9117-4366,debit,Amex,2028-10,active,2025-10-24T08:13:27
2943,3674,5354********6573-729,debit,Mastercard,2028-08,active,2023-08-04T21:37:00
2944,3676,5925********1611-489,debit,Mastercard,2030-04,blocked,2026-04-20T19:35:44
2945,3676,4625********9479-7054,debit,Visa,2028-10,blocked,2025-10-16T05:36:14
2946,3677,4211********7739-4214,debit,Visa,2029-01,expired,2025-01-13T16:58:20
2947,3678,5564********8824-478,debit,Mastercard,2028-11,active,2025-11-21T02:16:55
2948,3679,5973********9489-2537,debit,Mastercard,2030-01,active,2026-01-28T04:14:16
2949,3680,5483********9510-6683,debit,Mastercard,2029-04,active,2026-04-24T01:39:44
2950,3682,4033********7010-2248,debit,Visa,2029-12,blocked,2024-12-08T03:16:51
2951,3684,5203********5647-6076,credit,Mastercard,2030-03,blocked,2026-03-01T09:13:07
2952,3685,5619********2524-5971,credit,Mastercard,2028-10,active,2025-10-04T00:19:47
2953,3687,5768********5802-7319,debit,Mastercard,2030-01,blocked,2026-01-16T02:34:19
2954,3688,5754********7115-3457,debit,Mastercard,2031-04,active,2026-04-04T05:05:25
2955,3689,3063*******7494-1619,debit,Amex,2029-05,active,2025-05-26T05:47:25
2956,3690,4930********7858-3834,debit,Visa,2028-06,active,2024-06-01T16:21:14
2957,3691,4726********8488-6222,debit,Visa,2029-04,active,2025-04-21T01:17:08
2958,3693,4246********6416-976,debit,Visa,2030-09,active,2025-09-04T12:10:01
2959,3693,4605********5009-488,debit,Visa,2028-11,active,2025-11-12T21:10:09
2960,3694,4694********6821-7174,debit,Visa,2030-04,active,2026-04-22T05:50:35
2961,3696,5335********2419-3079,debit,Mastercard,2031-03,blocked,2026-03-23T04:31:40
2962,3697,3812*******5225-8615,debit,Amex,2029-04,active,2026-04-19T19:45:46
2963,3698,5145********9754-975,debit,Mastercard,2028-10,active,2024-10-12T20:49:43
2964,3699,5443********9276-908,debit,Mastercard,2031-03,active,2026-03-04T13:07:05
2965,3700,3985*******8572-4181,debit,Amex,2030-09,blocked,2025-09-22T03:04:36
2966,3701,4561********7042-1528,debit,Visa,2030-02,active,2025-02-07T09:45:39
2967,3702,4480********8600-5076,credit,Visa,2027-12,expired,2023-12-01T01:13:54
2968,3703,5729********1813-8604,debit,Mastercard,2028-06,blocked,2025-06-15T08:38:47
2969,3704,4705********8116-3195,debit,Visa,2026-08,blocked,2022-08-02T15:26:50
2970,3706,3947*******1500-8668,debit,Amex,2030-07,blocked,2025-07-09T12:33:13
2971,3707,5081********6430-5449,debit,Mastercard,2030-05,active,2026-05-02T15:49:12
2972,3709,5422********5969-1448,credit,Mastercard,2028-12,active,2025-12-03T05:48:12
2973,3710,5833********9808-7773,credit,Mastercard,2029-04,active,2026-04-23T15:51:57
2974,3713,5851********9338-392,debit,Mastercard,2031-04,blocked,2026-04-02T08:46:28
2975,3714,5449********7660-9704,debit,Mastercard,2030-05,blocked,2026-05-07T17:23:49
2976,3715,5651********0641-8298,debit,Mastercard,2030-07,active,2025-07-03T02:31:30
2977,3715,4485********3700-3087,debit,Visa,2030-01,active,2026-01-05T05:40:50
2978,3716,4971********8912-4687,debit,Visa,2029-12,active,2025-12-24T23:23:35
2979,3718,5368********3192-1024,debit,Mastercard,2030-02,blocked,2026-02-09T16:01:48
2980,3720,4409********0764-3645,debit,Visa,2029-08,active,2025-08-15T11:01:04
2981,3721,5138********7947-3484,debit,Mastercard,2030-05,active,2026-05-10T08:44:19
2982,3722,4640********8787-7740,debit,Visa,2030-05,active,2026-05-09T17:22:23
2983,3722,4404********9094-2802,debit,Visa,2030-05,active,2026-05-11T04:05:23
2984,3724,6270********8970-2558,debit,Discover,2030-04,blocked,2026-04-27T17:08:39
2985,3725,5798********1087-584,debit,Mastercard,2031-05,expired,2026-05-16T09:24:34
2986,3728,4775********5072-7611,debit,Visa,2031-05,active,2026-05-16T13:59:25
2987,3729,4381********1747-6840,debit,Visa,2028-07,blocked,2024-07-01T11:28:08
2988,3730,4704********0138-9778,debit,Visa,2029-05,blocked,2024-05-31T09:08:16
2989,3731,4040********4864-413,debit,Visa,2028-10,active,2024-10-17T13:27:01
2990,3732,5734********1607-3076,debit,Mastercard,2026-08,blocked,2023-08-06T10:55:55
2991,3734,5725********3886-2828,debit,Mastercard,2029-08,active,2025-08-17T03:00:04
2992,3735,3908*******2040-6355,debit,Amex,2031-05,expired,2026-05-15T12:45:45
2993,3737,4206********1946-5815,debit,Visa,2028-07,active,2025-07-17T08:41:19
2994,3738,3584*******4475-1702,debit,Amex,2031-02,active,2026-02-15T16:52:42
2995,3739,5410********3479-9811,debit,Mastercard,2028-07,active,2024-07-17T05:51:12
2996,3742,4758********4249-2461,debit,Visa,2030-04,active,2026-04-16T13:44:01
2997,3743,4493********9061-4481,debit,Visa,2029-11,blocked,2024-11-08T03:02:09
2998,3744,5490********0085-1096,debit,Mastercard,2029-04,blocked,2026-04-12T21:45:24
2999,3745,4050********2101-8581,debit,Visa,2030-05,active,2025-05-13T08:01:17
3000,3746,5311********2529-4599,debit,Mastercard,2029-01,expired,2026-01-19T03:05:05
3001,3747,4840********4671-6027,debit,Visa,2030-02,expired,2026-02-04T00:37:59
3002,3747,3827*******1516-3900,debit,Amex,2030-04,active,2026-04-25T10:05:54
3003,3748,3308*******4382-7030,debit,Amex,2029-04,active,2026-04-23T07:53:23
3004,3751,4271********7585-5299,credit,Visa,2029-05,active,2025-05-28T10:29:36
3005,3753,5662********3253-552,debit,Mastercard,2030-05,active,2026-05-14T22:31:56
3006,3753,5541********8152-1252,debit,Mastercard,2029-05,expired,2026-05-08T07:11:04
3007,3755,5172********7337-8959,credit,Mastercard,2030-06,active,2025-06-12T03:35:32
3008,3756,5703********5882-8647,debit,Mastercard,2030-03,blocked,2026-03-11T04:05:33
3009,3757,5282********0796-4129,debit,Mastercard,2028-05,blocked,2025-05-04T09:38:46
3010,3759,3369*******0430-7259,credit,Amex,2030-04,active,2026-04-30T11:26:53
3011,3760,5909********7023-9538,debit,Mastercard,2031-05,active,2026-05-05T07:48:02
3012,3762,5591********0049-5552,debit,Mastercard,2029-04,active,2025-04-03T01:43:45
3013,3763,5981********5908-2015,debit,Mastercard,2029-03,blocked,2026-03-09T02:18:34
3014,3763,5500********8881-1107,debit,Mastercard,2031-03,blocked,2026-03-19T13:40:53
3015,3764,5787********8350-7331,debit,Mastercard,2027-09,blocked,2024-09-27T21:06:55
3016,3766,3283*******1847-5480,debit,Amex,2029-02,blocked,2026-02-28T12:21:47
3017,3766,4864********3626-283,debit,Visa,2031-04,active,2026-04-01T08:46:33
3018,3768,4844********6468-8810,debit,Visa,2030-03,blocked,2026-03-07T00:43:53
3019,3769,5064********9061-7646,credit,Mastercard,2031-01,blocked,2026-01-30T14:30:55
3020,3770,4451********1700-6068,debit,Visa,2030-05,active,2026-05-12T22:32:48
3021,3770,4058********6712-6505,debit,Visa,2031-05,active,2026-05-14T16:05:06
3022,3772,5147********1100-9433,debit,Mastercard,2028-10,active,2025-10-26T20:40:35
3023,3773,4107********2793-5847,debit,Visa,2029-08,active,2024-08-09T20:37:42
3024,3774,5539********8142-9562,debit,Mastercard,2027-04,active,2024-04-24T16:30:42
3025,3775,4690********0717-4281,debit,Visa,2029-12,expired,2025-12-25T02:45:03
3026,3776,4238********6591-6853,debit,Visa,2029-05,expired,2026-05-05T04:30:20
3027,3777,5373********7057-5638,credit,Mastercard,2028-10,active,2025-10-17T07:35:43
3028,3778,5956********9422-1643,debit,Mastercard,2030-02,active,2026-02-11T19:50:41
3029,3780,4821********6131-3792,debit,Visa,2031-02,active,2026-02-27T13:02:05
3030,3781,4941********5885-6690,credit,Visa,2027-12,active,2024-12-31T17:35:27
3031,3782,5759********5015-8,debit,Mastercard,2027-08,blocked,2024-08-12T13:01:17
3032,3783,4916********2828-5271,debit,Visa,2029-05,active,2026-05-13T05:09:27
3033,3784,5856********1932-489,debit,Mastercard,2030-04,active,2026-04-28T00:56:08
3034,3785,5135********1536-4846,debit,Mastercard,2029-04,blocked,2026-04-30T07:37:59
3035,3786,4520********0794-263,debit,Visa,2031-05,blocked,2026-05-13T02:20:33
3036,3790,5593********9782-6290,debit,Mastercard,2030-01,blocked,2026-01-01T04:53:53
3037,3791,4028********8954-5968,debit,Visa,2029-01,active,2025-01-10T02:12:04
3038,3792,5360********6715-167,debit,Mastercard,2029-04,active,2026-04-26T17:03:06
3039,3793,3675*******8711-9766,debit,Amex,2029-11,active,2025-11-20T13:55:20
3040,3793,5579********4006-5353,debit,Mastercard,2027-08,active,2024-08-02T16:57:21
3041,3795,4591********7285-8996,debit,Visa,2028-03,active,2024-03-14T16:41:50
3042,3796,4211********8619-4081,debit,Visa,2030-05,active,2025-05-13T14:47:09
3043,3797,5491********6093-2323,debit,Mastercard,2031-05,active,2026-05-02T03:05:24
3044,3799,4776********6422-7934,debit,Visa,2029-03,blocked,2026-03-13T14:32:18
3045,3800,5417********1089-7960,debit,Mastercard,2029-04,expired,2026-04-24T00:21:16
3046,3801,4540********4077-2582,debit,Visa,2030-10,blocked,2025-10-19T15:57:52
3047,3802,4574********9140-4605,debit,Visa,2031-05,active,2026-05-16T14:56:07
3048,3803,4796********7444-7398,debit,Visa,2030-05,active,2025-05-16T08:40:37
3049,3806,4610********8924-4504,credit,Visa,2029-05,blocked,2026-05-08T12:51:33
3050,3808,5803********5537-8408,debit,Mastercard,2030-05,active,2026-05-15T17:33:34
3051,3809,5876********7506-1856,debit,Mastercard,2028-06,active,2025-06-21T16:12:37
3052,3809,5188********9611-3125,debit,Mastercard,2030-07,active,2025-07-13T16:25:23
3053,3810,4408********3103-7671,debit,Visa,2030-04,blocked,2026-04-09T02:35:35
3054,3812,5008********0390-5937,debit,Mastercard,2030-07,blocked,2025-07-25T16:27:30
3055,3815,4542********2424-4004,debit,Visa,2031-04,blocked,2026-04-15T03:18:55
3056,3816,5939********8805-7275,debit,Mastercard,2029-03,active,2026-03-02T06:38:48
3057,3817,4314********8825-8813,debit,Visa,2030-07,blocked,2025-07-25T21:30:51
3058,3818,4922********0627-180,credit,Visa,2029-04,expired,2025-04-30T09:46:00
3059,3820,5879********0028-5373,debit,Mastercard,2029-09,active,2024-09-19T06:33:40
3060,3821,4947********9697-2090,credit,Visa,2028-01,active,2025-01-14T17:00:30
3061,3823,5084********5709-9546,debit,Mastercard,2031-04,blocked,2026-04-22T22:26:30
3062,3825,5714********2785-4706,debit,Mastercard,2029-01,active,2024-01-13T01:36:26
3063,3827,5764********6652-5866,debit,Mastercard,2030-03,active,2026-03-28T03:27:07
3064,3828,5390********3443-6277,debit,Mastercard,2029-04,blocked,2026-04-25T00:15:56
3065,3829,4778********8271-1818,debit,Visa,2030-12,active,2025-12-02T16:07:18
3066,3829,5108********5401-689,debit,Mastercard,2029-10,blocked,2025-10-03T09:23:07
3067,3830,4047********0843-1860,debit,Visa,2030-05,active,2025-05-04T03:42:34
3068,3832,5972********3397-3837,debit,Mastercard,2031-05,blocked,2026-05-08T08:29:25
3069,3833,4608********1528-3550,credit,Visa,2029-02,blocked,2026-02-01T06:09:40
3070,3834,4983********4434-3513,debit,Visa,2029-12,expired,2025-12-14T18:33:44
3071,3834,5630********2412-4976,debit,Mastercard,2030-02,active,2026-02-22T20:57:33
3072,3837,5905********7403-9878,debit,Mastercard,2030-04,expired,2025-04-20T09:02:41
3073,3838,5992********7908-7298,debit,Mastercard,2029-01,active,2026-01-06T08:27:42
3074,3839,4884********7061-345,debit,Visa,2030-06,expired,2025-06-18T06:38:23
3075,3841,4488********6793-4363,debit,Visa,2029-09,blocked,2025-09-18T06:57:10
3076,3842,5133********4148-3488,debit,Mastercard,2027-05,active,2023-05-16T01:53:04
3077,3844,4639********2214-7290,debit,Visa,2029-10,active,2025-10-14T23:32:42
3078,3845,3019*******0054-6985,credit,Amex,2030-04,active,2025-04-03T11:53:36
3079,3847,5275********7064-9038,credit,Mastercard,2031-01,active,2026-01-30T06:33:52
3080,3849,5455********4613-7364,debit,Mastercard,2028-07,active,2024-07-13T13:50:51
3081,3850,5830********0915-9703,debit,Mastercard,2030-04,active,2026-04-20T10:28:32
3082,3852,4796********5605-6827,debit,Visa,2030-05,active,2025-05-03T19:37:57
3083,3853,4227********6245-7648,debit,Visa,2030-06,blocked,2025-06-24T06:04:29
3084,3854,4327********4691-5230,credit,Visa,2031-01,active,2026-01-02T01:42:20
3085,3855,5335********1829-1644,debit,Mastercard,2031-05,blocked,2026-05-14T23:27:53
3086,3857,5164********3261-8981,debit,Mastercard,2027-07,active,2023-07-10T05:47:00
3087,3859,6422********5966-7024,credit,Discover,2028-09,active,2024-09-21T09:30:06
3088,3860,5531********3031-4981,debit,Mastercard,2027-08,active,2024-08-01T03:16:06
3089,3862,4848********3005-6182,debit,Visa,2029-08,active,2025-08-09T20:18:56
3090,3863,4736********4791-3983,debit,Visa,2029-12,blocked,2025-12-18T11:55:47
3091,3864,5438********7411-194,debit,Mastercard,2031-04,expired,2026-04-26T22:52:13
3092,3865,4826********2061-3627,debit,Visa,2028-09,active,2025-09-08T21:12:41
3093,3868,4280********0813-3720,debit,Visa,2029-07,active,2025-07-20T21:05:34
3094,3869,4337********1452-8769,debit,Visa,2029-07,blocked,2024-07-17T13:35:46
3095,3872,4870********2931-965,credit,Visa,2030-11,active,2025-11-04T06:30:16
3096,3874,4393********9290-1744,debit,Visa,2031-05,blocked,2026-05-13T08:07:33
3097,3874,4528********4607-3407,debit,Visa,2029-08,blocked,2025-08-22T01:36:17
3098,3875,4079********5484-1612,credit,Visa,2030-02,blocked,2026-02-28T15:46:06
3099,3876,5493********8043-6048,debit,Mastercard,2029-04,active,2026-04-10T10:53:33
3100,3876,4740********2552-8792,debit,Visa,2031-05,active,2026-05-03T21:46:06
3101,3877,5202********5577-308,credit,Mastercard,2030-11,expired,2025-11-24T02:16:05
3102,3878,4208********8341-1215,debit,Visa,2029-02,blocked,2026-02-22T06:31:29
3103,3879,4229********4942-1919,debit,Visa,2028-02,expired,2025-02-14T14:24:56
3104,3880,5731********3116-3446,debit,Mastercard,2030-06,active,2025-06-27T03:30:41
3105,3882,4336********7126-6178,debit,Visa,2030-01,active,2026-01-01T04:35:57
3106,3884,3269*******1068-7153,debit,Amex,2031-03,blocked,2026-03-16T20:36:22
3107,3885,4687********3320-6711,debit,Visa,2028-09,active,2025-09-03T16:51:45
3108,3886,5816********2331-9877,debit,Mastercard,2030-04,blocked,2026-04-21T03:03:21
3109,3886,4139********4734-4197,debit,Visa,2030-12,blocked,2025-12-04T14:01:07
3110,3887,4886********9983-2418,debit,Visa,2030-07,active,2025-07-13T19:39:43
3111,3887,4139********7277-2673,debit,Visa,2028-12,blocked,2023-12-08T22:53:20
3112,3888,5184********9161-9273,debit,Mastercard,2029-09,active,2025-09-20T17:58:32
3113,3890,5082********0235-5265,debit,Mastercard,2029-04,active,2025-04-10T11:34:16
3114,3890,5525********1344-6965,debit,Mastercard,2029-12,blocked,2024-12-01T08:09:58
3115,3893,5872********7372-6208,debit,Mastercard,2030-05,expired,2026-05-01T17:49:34
3116,3896,5509********6185-5123,debit,Mastercard,2030-05,active,2026-05-15T01:16:05
3117,3897,4544********7057-7365,debit,Visa,2031-04,blocked,2026-04-10T02:34:43
3118,3898,5011********1630-4761,credit,Mastercard,2030-01,active,2025-01-30T07:33:46
3119,3900,4127********9968-9985,credit,Visa,2028-05,active,2025-05-16T18:29:22
3120,3901,4976********0699-9230,debit,Visa,2028-09,active,2025-09-05T14:28:56
3121,3902,4568********6537-6558,debit,Visa,2029-11,active,2025-11-01T07:35:28
3122,3903,4567********0473-6779,debit,Visa,2029-03,blocked,2026-03-28T03:50:21
3123,3904,5588********1570-2984,debit,Mastercard,2030-12,active,2025-12-21T12:27:33
3124,3905,5660********2996-3136,debit,Mastercard,2030-07,expired,2025-07-31T20:46:51
3125,3907,4788********1279-1886,debit,Visa,2030-03,active,2026-03-03T23:11:04
3126,3913,5093********6228-2606,credit,Mastercard,2027-01,active,2024-01-30T19:27:48
3127,3915,4087********7246-2117,debit,Visa,2031-02,active,2026-02-09T21:12:35
3128,3916,5985********1358-3220,credit,Mastercard,2031-04,blocked,2026-04-01T08:29:56
3129,3917,4262********0972-2482,debit,Visa,2029-04,active,2026-04-15T09:17:40
3130,3918,6826********8429-9446,debit,Discover,2031-02,active,2026-02-27T14:34:53
3131,3919,4093********4464-844,debit,Visa,2030-05,blocked,2026-05-10T18:17:17
3132,3920,5614********7317-2586,debit,Mastercard,2029-07,active,2025-07-03T00:02:11
3133,3923,6166********1841-3226,debit,Discover,2029-03,active,2025-03-22T22:58:18
3134,3924,4027********0471-1045,debit,Visa,2030-10,active,2025-10-30T16:05:21
3135,3925,5003********3629-6843,credit,Mastercard,2030-03,active,2026-03-31T16:55:31
3136,3926,4401********8483-267,debit,Visa,2031-04,active,2026-04-09T10:48:24
3137,3928,5982********5331-6173,debit,Mastercard,2025-10,blocked,2022-10-15T01:49:44
3138,3928,6601********5062-1939,debit,Discover,2026-09,blocked,2023-09-19T04:42:22
3139,3929,4536********8103-8551,debit,Visa,2029-09,blocked,2024-09-08T17:03:52
3140,3929,5826********3885-3743,debit,Mastercard,2027-07,active,2024-07-18T17:35:40
3141,3930,4727********3563-683,credit,Visa,2031-01,active,2026-01-12T12:14:27
3142,3932,3934*******9781-576,credit,Amex,2028-10,active,2025-10-26T21:19:48
3143,3934,5819********5439-9888,debit,Mastercard,2030-03,expired,2026-03-17T02:13:49
3144,3934,4999********5449-2740,debit,Visa,2029-05,active,2025-05-04T20:16:23
3145,3935,4660********8395-4890,debit,Visa,2030-11,active,2025-11-27T04:45:44
3146,3936,5626********1576-4042,debit,Mastercard,2029-02,active,2026-02-16T07:05:11
3147,3937,5551********8514-3080,debit,Mastercard,2030-01,blocked,2026-01-28T16:38:20
3148,3938,4119********2175-6021,debit,Visa,2031-02,active,2026-02-12T23:09:08
3149,3940,4042********8835-7764,debit,Visa,2031-02,active,2026-02-21T01:27:53
3150,3941,5931********0603-8702,debit,Mastercard,2031-02,active,2026-02-18T23:38:40
3151,3943,4262********8954-1986,debit,Visa,2031-03,active,2026-03-07T17:51:03
3152,3944,4023********7753-9738,debit,Visa,2031-04,active,2026-04-11T19:05:03
3153,3945,4817********4333-3720,debit,Visa,2029-01,active,2026-01-20T05:34:22
3154,3946,3798*******8953-9351,debit,Amex,2030-05,active,2026-05-10T01:21:43
3155,3947,5269********3284-1886,debit,Mastercard,2030-07,active,2025-07-25T04:05:26
3156,3947,5224********5876-1163,debit,Mastercard,2028-04,active,2025-04-06T11:18:43
3157,3948,5845********3433-1846,debit,Mastercard,2028-02,blocked,2024-02-15T21:59:27
3158,3949,4831********7469-604,credit,Visa,2030-10,active,2025-10-28T23:10:21
3159,3950,4257********0727-5947,debit,Visa,2030-03,active,2026-03-14T01:27:16
3160,3951,4976********9134-7183,debit,Visa,2031-02,active,2026-02-05T22:08:06
3161,3955,4185********7255-7633,debit,Visa,2031-02,active,2026-02-22T20:11:57
3162,3956,4097********0263-6187,debit,Visa,2031-05,active,2026-05-15T19:07:58
3163,3957,4900********3532-8407,debit,Visa,2030-05,active,2026-05-16T12:52:48
3164,3958,6526********5755-9463,debit,Discover,2029-10,expired,2025-10-16T16:54:14
3165,3958,5611********4428-7909,debit,Mastercard,2030-09,active,2025-09-13T01:10:59
3166,3959,5624********5474-4541,debit,Mastercard,2031-04,expired,2026-04-26T14:45:25
3167,3960,4189********6172-399,debit,Visa,2029-06,blocked,2025-06-28T20:34:53
3168,3964,5929********8321-9320,debit,Mastercard,2030-05,blocked,2026-05-12T12:59:47
3169,3965,4535********7688-7095,debit,Visa,2031-01,blocked,2026-01-02T17:35:37
3170,3967,5229********3022-6178,debit,Mastercard,2027-08,active,2023-08-02T13:07:13
3171,3968,4920********6542-8962,debit,Visa,2030-03,active,2026-03-07T03:19:25
3172,3969,3931*******8163-2940,debit,Amex,2030-02,active,2026-02-08T19:23:12
3173,3970,4338********6218-7855,debit,Visa,2028-08,blocked,2025-08-28T23:52:24
3174,3971,5944********4495-6237,debit,Mastercard,2030-02,blocked,2026-02-24T03:47:29
3175,3972,5258********9524-5847,debit,Mastercard,2030-01,blocked,2025-01-21T16:50:50
3176,3974,4271********3889-3816,debit,Visa,2029-10,active,2025-10-18T01:06:16
3177,3975,5865********4977-463,debit,Mastercard,2027-11,blocked,2024-11-26T18:17:11
3178,3975,5775********4675-2124,debit,Mastercard,2029-01,active,2024-01-30T10:02:26
3179,3976,5332********8935-1136,debit,Mastercard,2029-03,expired,2024-03-04T10:43:55
3180,3977,4892********0146-6404,debit,Visa,2029-09,blocked,2025-09-17T00:32:22
3181,3978,4111********6290-9064,debit,Visa,2029-05,blocked,2026-05-16T06:42:10
3182,3979,4276********0774-8654,credit,Visa,2029-03,active,2026-03-21T15:08:14
3183,3981,3711*******8590-7332,debit,Amex,2028-12,active,2024-12-12T11:33:46
3184,3982,4028********7778-3963,debit,Visa,2029-01,active,2026-01-18T08:20:22
3185,3982,5431********2990-4752,debit,Mastercard,2031-05,active,2026-05-12T23:32:22
3186,3983,5649********2151-4381,debit,Mastercard,2031-03,expired,2026-03-31T13:47:53
3187,3985,4207********1444-5153,debit,Visa,2029-02,active,2026-02-11T04:06:54
3188,3986,4352********7879-308,credit,Visa,2030-02,active,2026-02-11T07:50:16
3189,3988,4157********6010-6222,debit,Visa,2031-04,blocked,2026-04-29T06:32:40
3190,3988,4976********8129-609,debit,Visa,2029-04,blocked,2026-04-09T16:19:35
3191,3989,4572********1252-7337,debit,Visa,2030-04,blocked,2026-04-16T05:30:45
3192,3989,3843*******9279-5867,debit,Amex,2030-04,active,2026-04-08T10:42:05
3193,3990,4200********3601-4581,debit,Visa,2031-05,active,2026-05-16T18:29:36
3194,3992,3003*******4538-6938,debit,Amex,2031-05,active,2026-05-15T17:52:50
3195,3993,3101*******8197-4109,debit,Amex,2031-04,active,2026-04-29T20:11:48
3196,3994,5437********5518-1527,credit,Mastercard,2028-11,blocked,2025-11-17T15:34:29
3197,3996,5581********2038-517,debit,Mastercard,2030-05,blocked,2026-05-12T13:47:17
3198,3998,4866********5955-7482,credit,Visa,2029-01,blocked,2026-01-23T02:34:07
3199,3999,5203********3413-3584,debit,Mastercard,2029-10,active,2025-10-24T16:42:44
3200,4000,4843********6753-9030,debit,Visa,2028-05,expired,2024-05-15T13:55:34
3201,4001,4435********9637-5677,debit,Visa,2029-09,active,2024-09-26T19:08:55
3202,4002,5897********6090-2682,debit,Mastercard,2029-09,active,2025-09-20T07:17:31
3203,4003,4405********5134-2132,debit,Visa,2028-05,blocked,2023-05-24T05:32:55
3204,4003,4229********1360-5228,debit,Visa,2028-09,expired,2023-09-18T17:36:51
3205,4004,4129********2812-2683,credit,Visa,2029-08,expired,2025-08-23T04:02:20
3206,4005,6969********1677-316,credit,Discover,2029-09,active,2024-09-02T14:39:56
3207,4007,5838********0699-1410,debit,Mastercard,2029-04,active,2026-04-26T06:36:41
3208,4008,5145********3397-1571,debit,Mastercard,2029-03,expired,2026-03-21T05:02:15
3209,4009,5175********2972-7154,debit,Mastercard,2029-12,expired,2025-12-21T23:55:19
3210,4010,4527********1380-8991,credit,Visa,2029-05,active,2026-05-10T09:08:57
3211,4011,5315********5456-2482,debit,Mastercard,2031-04,expired,2026-04-11T12:40:06
3212,4012,4207********5236-6580,debit,Visa,2031-03,blocked,2026-03-02T23:11:10
3213,4013,4449********5815-1402,debit,Visa,2030-05,active,2026-05-15T21:12:04
3214,4014,4461********6728-1961,debit,Visa,2030-03,active,2026-03-15T10:03:27
3215,4015,4571********9900-1345,debit,Visa,2031-04,active,2026-04-03T09:18:29
3216,4016,4645********7396-6382,debit,Visa,2029-07,blocked,2025-07-26T04:36:13
3217,4016,4327********8775-1945,debit,Visa,2031-02,blocked,2026-02-20T04:20:44
3218,4017,5593********6295-1671,debit,Mastercard,2030-08,active,2025-08-04T04:16:13
3219,4018,5365********0187-8310,debit,Mastercard,2026-07,active,2022-07-13T03:05:17
3220,4018,4387********5953-5716,debit,Visa,2026-11,blocked,2022-11-25T10:26:14
3221,4019,4559********6198-864,debit,Visa,2031-02,expired,2026-02-18T11:02:15
3222,4020,4448********2600-3780,debit,Visa,2030-10,active,2025-10-07T06:12:50
3223,4021,4571********8774-1726,debit,Visa,2028-11,active,2024-11-27T15:41:46
3224,4021,5077********6080-373,debit,Mastercard,2028-06,active,2024-06-18T09:56:45
3225,4024,4898********6834-7400,debit,Visa,2029-01,blocked,2025-01-24T12:44:06
3226,4025,5743********7761-3356,debit,Mastercard,2029-03,active,2026-03-18T12:21:31
3227,4027,5191********1431-680,debit,Mastercard,2030-01,active,2026-01-30T05:26:46
3228,4028,4431********2962-7919,debit,Visa,2030-05,active,2025-05-04T15:25:52
3229,4033,5023********6578-7816,debit,Mastercard,2030-10,expired,2025-10-20T19:59:35
3230,4035,4590********1273-2459,credit,Visa,2030-04,blocked,2026-04-04T17:08:09
3231,4036,5425********8326-9298,debit,Mastercard,2028-07,active,2025-07-29T17:01:33
3232,4038,5173********1567-2257,debit,Mastercard,2030-02,active,2025-02-10T21:39:54
3233,4038,4336********1876-3970,debit,Visa,2030-08,active,2025-08-28T10:32:17
3234,4039,4519********3951-9913,debit,Visa,2031-03,active,2026-03-24T15:44:43
3235,4040,4131********9096-6600,debit,Visa,2029-04,active,2026-04-09T03:04:27
3236,4042,5551********1657-1355,debit,Mastercard,2029-10,blocked,2025-10-06T22:01:35
3237,4044,5795********5471-5903,debit,Mastercard,2029-10,active,2025-10-22T08:56:16
3238,4046,5476********9087-5729,debit,Mastercard,2030-04,active,2026-04-23T19:04:57
3239,4049,5548********6220-5938,credit,Mastercard,2031-03,blocked,2026-03-12T03:50:17
3240,4050,5385********2104-9697,debit,Mastercard,2030-03,active,2026-03-26T01:48:57
3241,4051,5808********2550-7443,debit,Mastercard,2031-04,expired,2026-04-22T11:42:05
3242,4054,3571*******6573-2587,credit,Amex,2030-05,active,2026-05-16T17:44:48
3243,4055,4885********6856-5192,debit,Visa,2030-02,expired,2025-02-17T18:53:21
3244,4056,5519********6751-1062,debit,Mastercard,2030-10,blocked,2025-10-25T12:00:59
3245,4058,4276********3513-4434,debit,Visa,2029-12,blocked,2025-12-30T23:26:40
3246,4059,5068********2173-7491,debit,Mastercard,2030-11,active,2025-11-18T19:29:49
3247,4060,4699********5883-6748,debit,Visa,2030-04,expired,2026-04-05T01:14:56
3248,4064,3608*******8374-4098,debit,Amex,2028-08,expired,2023-08-31T18:37:28
3249,4065,3279*******9676-8439,debit,Amex,2028-01,expired,2025-01-27T13:07:45
3250,4066,5600********6577-3363,debit,Mastercard,2029-05,active,2026-05-15T02:52:36
3251,4066,5523********4649-9836,debit,Mastercard,2030-05,active,2026-05-05T06:15:59
3252,4067,5104********9865-9624,debit,Mastercard,2030-03,active,2026-03-13T20:53:32
3253,4068,6977********7097-531,debit,Discover,2028-06,expired,2024-06-17T07:54:13
3254,4069,4774********8062-2484,credit,Visa,2030-01,blocked,2026-01-29T15:18:36
3255,4070,5809********8641-4362,credit,Mastercard,2029-12,active,2025-12-26T14:14:07
3256,4071,5340********8477-7964,debit,Mastercard,2028-08,blocked,2024-08-28T00:24:48
3257,4075,4700********2151-5031,debit,Visa,2028-05,active,2025-05-02T17:11:11
3258,4076,5316********2610-5334,debit,Mastercard,2030-10,active,2025-10-07T21:20:47
3259,4077,4742********5375-9044,debit,Visa,2031-05,blocked,2026-05-10T04:30:09
3260,4078,5351********0715-7031,debit,Mastercard,2029-07,active,2025-07-14T16:47:54
3261,4079,4294********5032-4280,credit,Visa,2030-04,blocked,2026-04-18T01:20:50
3262,4081,4721********1943-4900,debit,Visa,2031-04,blocked,2026-04-01T04:38:25
3263,4082,4493********3462-3608,debit,Visa,2030-04,expired,2026-04-24T03:55:57
3264,4082,4860********7504-1419,debit,Visa,2029-04,active,2026-04-30T00:18:13
3265,4083,3577*******6073-3090,debit,Amex,2029-11,blocked,2025-11-05T10:44:56
3266,4084,5345********1001-1377,debit,Mastercard,2027-08,active,2022-08-03T01:30:44
3267,4084,3791*******2639-339,debit,Amex,2028-12,active,2024-12-13T08:40:58
3268,4085,5042********4978-2532,debit,Mastercard,2029-04,blocked,2026-04-17T06:13:30
3269,4086,6724********1181-6309,credit,Discover,2029-04,active,2026-04-07T01:13:48
3270,4088,4623********5772-7745,debit,Visa,2030-11,blocked,2025-11-27T03:00:03
3271,4089,5491********4888-526,debit,Mastercard,2031-05,active,2026-05-01T01:09:44
3272,4090,5248********3333-5060,credit,Mastercard,2029-12,expired,2025-12-29T01:17:54
3273,4093,5074********2192-7792,debit,Mastercard,2029-07,active,2025-07-03T03:07:50
3274,4094,4933********6906-70,credit,Visa,2028-04,active,2025-04-20T17:24:24
3275,4096,5077********8977-4733,credit,Mastercard,2030-06,blocked,2025-06-23T15:00:55
3276,4097,5497********0030-255,debit,Mastercard,2029-08,blocked,2025-08-10T16:41:35
3277,4098,4798********3413-4615,debit,Visa,2029-03,blocked,2026-03-20T14:59:30
3278,4100,4133********9111-2183,debit,Visa,2029-09,expired,2024-09-19T17:35:20
3279,4101,4003********8851-1750,debit,Visa,2029-11,active,2025-11-14T07:05:42
3280,4103,4449********4250-4277,debit,Visa,2031-05,active,2026-05-15T00:08:57
3281,4104,4972********4574-3069,debit,Visa,2029-05,expired,2026-05-16T06:09:51
3282,4105,5832********8303-2256,debit,Mastercard,2028-08,active,2025-08-28T09:20:56
3283,4106,4368********6357-6181,debit,Visa,2031-01,active,2026-01-18T20:08:09
3284,4108,4299********8213-3922,debit,Visa,2029-07,active,2025-07-01T11:40:27
3285,4108,5086********5965-7079,debit,Mastercard,2031-03,active,2026-03-13T17:49:07
3286,4109,4621********4395-4970,debit,Visa,2029-12,blocked,2024-12-09T05:18:20
3287,4110,4101********3083-3324,debit,Visa,2030-01,blocked,2026-01-07T12:33:20
3288,4112,6535********5665-3160,debit,Discover,2028-10,active,2024-10-30T08:40:46
3289,4114,4684********2365-879,credit,Visa,2030-11,active,2025-11-16T04:13:00
3290,4116,4919********9571-3088,debit,Visa,2028-11,expired,2025-11-16T10:39:12
3291,4116,3752*******8295-7800,debit,Amex,2026-03,expired,2022-03-03T17:43:49
3292,4117,5920********0394-477,debit,Mastercard,2031-01,blocked,2026-01-19T21:44:54
3293,4118,5524********5749-2727,debit,Mastercard,2029-05,active,2026-05-14T01:38:50
3294,4119,4984********6484-4386,debit,Visa,2030-02,expired,2025-02-28T00:53:12
3295,4119,4812********0284-4744,debit,Visa,2029-12,active,2025-12-28T04:30:45
3296,4120,4858********4499-7159,debit,Visa,2028-07,active,2024-07-24T10:02:46
3297,4121,6128********7620-4595,debit,Discover,2029-09,active,2025-09-04T18:40:19
3298,4122,4234********6081-9863,debit,Visa,2030-05,blocked,2026-05-05T10:07:03
3299,4123,4153********7085-6562,debit,Visa,2029-04,expired,2026-04-19T20:35:52
3300,4126,4360********8284-9096,debit,Visa,2031-03,blocked,2026-03-07T04:12:45
3301,4127,5236********8748-2369,debit,Mastercard,2031-03,blocked,2026-03-10T15:41:33
3302,4128,4655********7786-9551,debit,Visa,2030-08,active,2025-08-24T17:34:57
3303,4129,5199********7238-8639,debit,Mastercard,2028-05,active,2025-05-08T18:01:53
3304,4132,5871********8374-1721,debit,Mastercard,2029-05,expired,2026-05-16T05:02:44
3305,4133,4835********1025-5295,debit,Visa,2029-04,active,2026-04-28T06:14:50
3306,4134,6891********0951-4779,debit,Discover,2030-04,expired,2026-04-19T11:24:18
3307,4135,4008********0032-1929,debit,Visa,2031-05,active,2026-05-07T12:37:53
3308,4137,3943*******5901-1682,debit,Amex,2031-05,active,2026-05-08T14:15:34
3309,4138,4641********3962-7159,credit,Visa,2028-01,active,2025-01-16T18:07:36
3310,4139,4254********5166-3982,debit,Visa,2029-09,blocked,2025-09-24T20:40:30
3311,4139,4852********4715-4429,debit,Visa,2030-07,expired,2025-07-08T21:29:58
3312,4140,4686********2106-1765,debit,Visa,2029-10,active,2025-10-13T09:43:30
3313,4141,3850*******6564-5144,debit,Amex,2029-01,blocked,2025-01-31T16:57:10
3314,4142,4289********6277-8919,debit,Visa,2029-03,blocked,2026-03-28T15:18:35
3315,4143,5470********2890-9276,debit,Mastercard,2028-02,expired,2024-02-14T22:19:10
3316,4144,5870********4629-8368,debit,Mastercard,2028-08,active,2023-08-21T13:59:16
3317,4146,5239********6787-1080,credit,Mastercard,2029-05,blocked,2026-05-04T09:28:16
3318,4148,5579********7304-6577,debit,Mastercard,2028-03,active,2023-03-14T12:12:27
3319,4150,4060********6217-610,debit,Visa,2030-01,active,2025-01-27T02:43:01
3320,4151,4142********3426-3776,credit,Visa,2029-05,blocked,2026-05-16T10:53:26
3321,4154,5808********5977-5308,debit,Mastercard,2030-10,blocked,2025-10-09T14:17:42
3322,4155,3098*******9851-4439,debit,Amex,2029-02,expired,2026-02-28T16:37:32
3323,4156,5932********2315-3688,debit,Mastercard,2029-04,blocked,2026-04-29T00:44:10
3324,4157,5561********1020-9763,debit,Mastercard,2028-12,active,2025-12-27T03:23:11
3325,4159,3821*******6011-8403,debit,Amex,2030-05,active,2026-05-12T07:28:02
3326,4162,4746********7463-2841,credit,Visa,2027-07,blocked,2023-07-25T10:15:17
3327,4165,5087********4920-5824,debit,Mastercard,2029-04,active,2026-04-29T20:57:03
3328,4166,4539********4360-4184,credit,Visa,2030-03,expired,2026-03-17T21:28:10
3329,4168,3143*******3551-6257,credit,Amex,2029-11,active,2024-11-10T17:04:11
3330,4169,4351********6095-821,debit,Visa,2029-10,active,2025-10-18T19:43:13
3331,4170,4694********0749-6509,debit,Visa,2030-02,active,2026-02-25T01:36:28
3332,4171,5286********0525-714,debit,Mastercard,2031-03,active,2026-03-05T14:30:50
3333,4172,4471********9070-2682,debit,Visa,2029-04,active,2026-04-05T02:27:08
3334,4173,4701********9997-2002,debit,Visa,2025-02,expired,2022-02-26T12:09:48
3335,4175,4760********5715-6352,debit,Visa,2029-01,active,2026-01-25T14:37:43
3336,4175,4941********7810-1543,debit,Visa,2031-04,active,2026-04-19T10:28:25
3337,4177,5579********0454-2707,debit,Mastercard,2030-08,active,2025-08-14T02:43:02
3338,4178,4023********3083-1779,debit,Visa,2030-04,active,2026-04-16T04:00:58
3339,4179,4365********8951-8387,credit,Visa,2029-04,active,2026-04-10T10:04:37
3340,4180,6921********7882-1000,debit,Discover,2031-01,active,2026-01-20T23:39:19
3341,4180,4806********9482-428,debit,Visa,2029-04,active,2026-04-14T07:50:15
3342,4181,5428********9348-3597,debit,Mastercard,2029-03,active,2025-03-02T18:06:19
3343,4184,4626********2883-5421,debit,Visa,2029-03,blocked,2026-03-24T04:47:43
3344,4185,4727********1039-1994,debit,Visa,2030-04,blocked,2026-04-09T22:17:38
3345,4187,5842********2148-1815,debit,Mastercard,2029-03,active,2025-03-13T09:31:24
3346,4187,5591********9960-7568,debit,Mastercard,2030-05,expired,2025-05-09T04:40:42
3347,4188,5097********5761-3924,debit,Mastercard,2028-10,blocked,2025-10-30T23:45:35
3348,4190,4876********3660-5263,debit,Visa,2031-05,active,2026-05-13T10:57:18
3349,4191,5242********7752-9046,credit,Mastercard,2029-10,expired,2025-10-08T22:36:20
3350,4192,4607********2224-6589,debit,Visa,2029-10,active,2025-10-14T11:25:57
3351,4193,5988********3912-3933,debit,Mastercard,2029-05,blocked,2026-05-04T21:14:10
3352,4194,4220********8273-8499,debit,Visa,2028-11,blocked,2024-11-23T20:27:58
3353,4194,4279********3402-5242,debit,Visa,2029-11,blocked,2025-11-19T06:09:44
3354,4195,4435********8992-4162,debit,Visa,2031-05,active,2026-05-16T02:05:41
3355,4196,4821********7724-5102,debit,Visa,2029-07,expired,2025-07-27T03:22:58
3356,4197,4331********5998-2017,debit,Visa,2030-08,active,2025-08-19T06:43:13
3357,4198,5431********4477-2205,debit,Mastercard,2029-06,active,2025-06-04T01:27:50
3358,4199,5539********3216-676,credit,Mastercard,2029-05,blocked,2026-05-12T15:34:32
3359,4200,6152********2323-1990,debit,Discover,2029-02,active,2026-02-01T03:20:47
3360,4200,5345********0952-7446,debit,Mastercard,2028-09,blocked,2025-09-13T11:56:04
3361,4201,4012********8610-8202,debit,Visa,2030-05,active,2026-05-14T01:29:40
3362,4204,4643********0749-1855,debit,Visa,2031-05,expired,2026-05-01T03:15:17
3363,4205,4094********3466-6222,debit,Visa,2029-03,blocked,2026-03-05T14:52:55
3364,4206,4755********8553-836,debit,Visa,2028-10,blocked,2025-10-09T13:11:30
3365,4207,4166********8698-7605,debit,Visa,2028-07,active,2025-07-03T18:52:43
3366,4208,5448********5441-3249,credit,Mastercard,2031-05,active,2026-05-16T08:57:49
3367,4209,4733********0352-7669,credit,Visa,2026-08,active,2023-08-12T05:05:00
3368,4210,4155********1445-5514,debit,Visa,2027-08,active,2024-08-12T09:57:46
3369,4211,4944********5643-7398,debit,Visa,2030-04,blocked,2026-04-28T05:02:15
3370,4211,5244********1960-6154,debit,Mastercard,2029-10,expired,2025-10-03T19:20:38
3371,4212,4336********6459-6933,debit,Visa,2028-06,active,2025-06-29T23:02:48
3372,4213,5898********6659-9755,debit,Mastercard,2030-04,blocked,2026-04-03T19:40:35
3373,4214,4546********5391-3544,debit,Visa,2030-04,blocked,2025-04-29T18:08:33
3374,4216,4037********9595-4821,debit,Visa,2029-12,active,2025-12-16T08:21:34
3375,4217,5413********4210-6873,debit,Mastercard,2029-12,active,2025-12-10T03:29:01
3376,4218,5349********6941-4853,debit,Mastercard,2029-08,active,2025-08-07T16:16:46
3377,4220,3420*******9021-4627,debit,Amex,2029-12,active,2024-12-16T17:21:07
3378,4222,4916********5813-4388,debit,Visa,2029-05,active,2026-05-09T17:01:00
3379,4224,3536*******8571-1017,debit,Amex,2027-10,expired,2024-10-05T19:58:21
3380,4227,5562********3621-9552,debit,Mastercard,2030-12,blocked,2025-12-11T12:40:14
3381,4228,4982********1636-2360,debit,Visa,2029-04,active,2026-04-26T08:57:07
3382,4229,4280********0469-2929,debit,Visa,2031-05,blocked,2026-05-13T01:59:53
3383,4230,5009********5094-7679,debit,Mastercard,2031-05,active,2026-05-02T03:49:16
3384,4230,4985********7011-3589,debit,Visa,2029-05,blocked,2026-05-14T17:02:37
3385,4231,3962*******6257-7302,debit,Amex,2028-11,blocked,2023-11-08T00:10:22
3386,4232,5732********6083-2846,credit,Mastercard,2028-01,active,2025-01-15T22:22:01
3387,4233,4813********2758-2351,debit,Visa,2029-04,expired,2026-04-04T21:07:40
3388,4235,4817********7109-3026,credit,Visa,2029-12,active,2025-12-13T12:37:41
3389,4236,5774********8958-7325,debit,Mastercard,2028-12,active,2025-12-06T15:18:37
3390,4237,6550********5444-5426,debit,Discover,2028-10,blocked,2025-10-03T20:57:38
3391,4238,5287********7478-6810,debit,Mastercard,2029-01,expired,2026-01-27T19:26:54
3392,4241,4133********4555-1078,debit,Visa,2029-03,active,2025-03-28T00:36:33
3393,4242,4933********4215-1137,debit,Visa,2031-02,active,2026-02-23T00:23:50
3394,4244,5115********9729-2446,debit,Mastercard,2029-01,active,2026-01-01T23:38:35
3395,4244,4833********0550-2378,debit,Visa,2031-02,expired,2026-02-16T21:19:46
3396,4247,3264*******2420-649,debit,Amex,2029-04,active,2026-04-10T09:56:14
3397,4250,5778********7822-8922,debit,Mastercard,2030-03,blocked,2026-03-13T10:42:30
3398,4253,4207********8162-989,debit,Visa,2030-04,active,2026-04-08T05:44:24
3399,4254,5777********2179-6800,debit,Mastercard,2028-11,blocked,2025-11-14T06:21:35
3400,4255,4405********9193-1790,credit,Visa,2028-10,active,2025-10-13T13:07:25
3401,4256,5293********6621-3269,debit,Mastercard,2030-04,active,2026-04-07T21:07:04
3402,4257,5855********6743-9088,debit,Mastercard,2026-06,active,2023-06-09T17:18:07
3403,4258,5467********9702-6519,credit,Mastercard,2029-02,active,2026-02-27T19:40:12
3404,4260,4978********1796-2342,debit,Visa,2029-05,blocked,2026-05-14T07:27:46
3405,4261,4970********4636-2462,debit,Visa,2030-12,blocked,2025-12-10T14:16:08
3406,4262,5857********3073-4076,debit,Mastercard,2028-10,active,2025-10-22T14:36:32
3407,4263,4246********0396-2674,debit,Visa,2030-05,blocked,2025-05-08T06:18:06
3408,4263,5100********0885-7379,debit,Mastercard,2029-10,blocked,2025-10-22T10:56:01
3409,4264,5393********1028-7082,debit,Mastercard,2029-01,blocked,2025-01-01T23:25:36
3410,4266,5484********1875-1726,debit,Mastercard,2027-05,expired,2024-05-10T23:37:54
3411,4266,4295********3691-8271,debit,Visa,2029-12,expired,2025-12-02T15:29:49
3412,4267,5653********8538-2512,debit,Mastercard,2030-10,expired,2025-10-13T15:44:28
3413,4267,5316********8507-2631,debit,Mastercard,2030-05,active,2025-05-11T10:20:53
3414,4268,4737********0376-2732,debit,Visa,2030-07,expired,2025-07-10T07:00:59
3415,4270,5980********9175-8882,debit,Mastercard,2030-10,active,2025-10-13T01:29:36
3416,4271,4782********9242-553,debit,Visa,2029-03,blocked,2026-03-02T11:26:35
3417,4273,4792********0325-8791,debit,Visa,2029-02,active,2026-02-18T08:05:40
3418,4274,6511********5418-6980,debit,Discover,2030-01,active,2026-01-08T00:38:13
3419,4275,5627********4018-3393,debit,Mastercard,2028-07,active,2025-07-17T01:24:10
3420,4276,4921********1176-4076,credit,Visa,2029-07,blocked,2025-07-01T01:13:03
3421,4278,4093********1043-7342,debit,Visa,2030-05,active,2026-05-13T13:14:42
3422,4282,4804********8162-6190,debit,Visa,2029-04,active,2026-04-18T02:54:12
3423,4284,4559********3262-8638,debit,Visa,2030-02,active,2026-02-19T06:10:40
3424,4285,5997********6127-9444,debit,Mastercard,2031-05,blocked,2026-05-15T01:21:39
3425,4286,4023********8531-353,debit,Visa,2030-04,active,2026-04-25T23:19:02
3426,4287,5204********6724-3466,credit,Mastercard,2030-03,blocked,2026-03-25T21:02:57
3427,4288,4097********9378-1625,debit,Visa,2029-09,blocked,2024-09-02T17:03:06
3428,4290,4714********6855-5851,debit,Visa,2029-12,blocked,2024-12-16T20:53:19
3429,4291,5819********6609-4658,debit,Mastercard,2031-05,active,2026-05-12T01:40:14
3430,4292,3309*******7001-8079,debit,Amex,2030-05,active,2026-05-03T01:52:40
3431,4293,5566********6183-6025,debit,Mastercard,2029-01,active,2025-01-03T13:25:44
3432,4296,5825********0701-3228,debit,Mastercard,2029-05,active,2026-05-11T19:31:21
3433,4297,4386********9680-1808,credit,Visa,2028-06,active,2025-06-13T19:21:26
3434,4299,4351********4393-8880,debit,Visa,2030-07,active,2025-07-29T03:41:21
3435,4300,5623********6286-5017,debit,Mastercard,2029-07,active,2025-07-27T21:37:51
3436,4301,4704********2340-5030,debit,Visa,2031-05,expired,2026-05-15T21:39:19
3437,4302,4948********3295-8741,debit,Visa,2030-04,expired,2026-04-21T05:53:04
3438,4303,4240********2710-3007,debit,Visa,2028-03,expired,2025-03-11T19:16:18
3439,4304,5566********1489-974,credit,Mastercard,2031-01,expired,2026-01-02T09:52:55
3440,4305,6693********9234-6232,debit,Discover,2029-04,blocked,2025-04-12T16:56:33
3441,4306,5252********7001-6851,credit,Mastercard,2028-11,active,2025-11-05T05:03:35
3442,4307,5292********8192-7253,debit,Mastercard,2030-11,blocked,2025-11-24T10:02:26
3443,4308,4285********9396-1538,debit,Visa,2029-12,active,2025-12-28T04:16:02
3444,4309,5841********3657-7532,debit,Mastercard,2030-01,active,2026-01-22T00:33:18
3445,4310,4900********6045-7008,debit,Visa,2030-08,blocked,2025-08-03T12:31:39
3446,4311,5667********2648-7414,debit,Mastercard,2028-01,active,2024-01-13T09:08:36
3447,4312,4550********8060-9887,debit,Visa,2030-05,active,2026-05-07T17:02:27
3448,4313,5928********6365-7530,debit,Mastercard,2031-05,active,2026-05-12T22:29:29
3449,4314,3668*******3501-6548,debit,Amex,2031-05,active,2026-05-09T17:05:49
3450,4315,5678********0374-4787,debit,Mastercard,2028-11,expired,2025-11-02T08:39:25
3451,4319,5309********7231-3670,debit,Mastercard,2030-02,active,2026-02-23T12:26:46
3452,4320,4727********6198-7388,debit,Visa,2029-04,blocked,2026-04-11T06:14:20
3453,4320,5626********6052-9683,debit,Mastercard,2031-04,expired,2026-04-20T05:43:23
3454,4322,4740********2921-6025,debit,Visa,2030-03,active,2026-03-17T03:50:16
3455,4323,4998********8187-2782,debit,Visa,2031-01,active,2026-01-10T16:03:54
3456,4323,5496********2597-675,debit,Mastercard,2028-08,active,2025-08-30T10:42:59
3457,4325,5550********0423-9444,credit,Mastercard,2029-01,active,2026-01-21T23:49:33
3458,4326,4067********7993-2179,debit,Visa,2027-10,active,2024-10-10T16:58:01
3459,4326,5552********2247-3627,debit,Mastercard,2029-07,active,2024-07-29T10:24:24
3460,4327,5249********6851-6182,debit,Mastercard,2029-12,active,2025-12-05T11:51:55
3461,4328,4319********5679-5004,debit,Visa,2029-08,blocked,2024-08-24T21:49:30
3462,4329,3318*******1649-4018,debit,Amex,2031-03,active,2026-03-24T16:30:11
3463,4330,4784********2837-1890,debit,Visa,2028-09,blocked,2025-09-23T04:49:37
3464,4331,4448********5149-197,debit,Visa,2029-12,blocked,2025-12-12T10:01:48
3465,4332,5042********2089-5644,debit,Mastercard,2029-07,active,2025-07-10T10:36:03
3466,4335,5344********5192-8300,credit,Mastercard,2029-04,active,2026-04-03T09:21:29
3467,4336,5678********4284-4648,debit,Mastercard,2026-02,expired,2022-02-05T14:32:41
3468,4338,4135********4207-6705,debit,Visa,2027-09,expired,2024-09-11T06:21:36
3469,4340,4654********3122-3679,debit,Visa,2029-04,blocked,2026-04-13T13:24:58
3470,4341,5743********1705-5422,debit,Mastercard,2031-01,expired,2026-01-24T09:58:25
3471,4342,4868********4121-9120,debit,Visa,2029-02,expired,2025-02-26T13:51:04
3472,4344,4088********0517-1436,debit,Visa,2030-02,expired,2025-02-24T21:31:29
3473,4345,4379********8014-8836,debit,Visa,2030-11,active,2025-11-23T01:14:03
3474,4348,4660********9037-142,debit,Visa,2029-12,blocked,2025-12-24T22:15:39
3475,4349,3402*******4555-154,debit,Amex,2030-05,active,2026-05-08T04:22:48
3476,4350,4912********9132-6099,debit,Visa,2031-04,active,2026-04-23T15:57:28
3477,4351,5447********2532-5484,debit,Mastercard,2029-05,expired,2026-05-13T23:31:01
3478,4352,5733********8058-1682,debit,Mastercard,2030-04,active,2026-04-01T23:45:17
3479,4353,4415********3993-5302,debit,Visa,2029-07,active,2025-07-18T21:13:40
3480,4354,3062*******4605-5229,debit,Amex,2028-02,expired,2025-02-04T10:16:14
3481,4355,4394********8323-150,debit,Visa,2029-09,blocked,2024-09-18T08:55:42
3482,4358,5229********8542-2503,credit,Mastercard,2029-05,active,2026-05-04T09:16:02
3483,4360,5256********3577-6563,debit,Mastercard,2029-12,active,2025-12-03T21:17:01
3484,4361,4556********5395-9872,debit,Visa,2027-09,active,2024-09-13T10:37:02
3485,4362,4341********9095-5443,debit,Visa,2028-11,expired,2025-11-16T02:23:43
3486,4364,3264*******7898-9652,debit,Amex,2028-12,active,2025-12-13T10:50:16
3487,4366,5109********6541-9521,debit,Mastercard,2028-06,expired,2024-06-03T04:27:55
3488,4369,5762********3224-6705,debit,Mastercard,2029-04,active,2026-04-24T22:09:14
3489,4370,5163********7748-2430,debit,Mastercard,2029-01,active,2026-01-21T20:34:26
3490,4371,5302********8778-5522,debit,Mastercard,2030-03,active,2026-03-10T07:50:29
3491,4371,5184********4873-7091,debit,Mastercard,2029-02,active,2026-02-21T00:30:08
3492,4372,4393********8696-4529,debit,Visa,2028-09,active,2025-09-28T19:21:45
3493,4373,4404********0717-2245,debit,Visa,2031-01,blocked,2026-01-22T02:12:05
3494,4374,4680********4146-2231,debit,Visa,2030-03,active,2026-03-27T06:36:31
3495,4375,3298*******0013-4518,debit,Amex,2029-04,active,2026-04-13T16:25:13
3496,4376,5266********2599-6852,debit,Mastercard,2028-09,blocked,2025-09-07T02:04:03
3497,4377,5463********0720-141,debit,Mastercard,2028-08,blocked,2025-08-13T08:39:28
3498,4378,5270********1072-6787,credit,Mastercard,2031-03,active,2026-03-04T14:45:12
3499,4379,5764********8237-8421,credit,Mastercard,2029-12,blocked,2025-12-12T21:12:04
3500,4382,4972********3950-9960,debit,Visa,2030-02,blocked,2025-02-06T23:01:00
3501,4383,4066********3322-8204,debit,Visa,2031-05,blocked,2026-05-08T07:46:26
3502,4383,4336********9789-7337,debit,Visa,2030-09,active,2025-09-17T23:52:25
3503,4384,3070*******9396-9129,debit,Amex,2029-10,active,2025-10-28T18:08:21
3504,4385,5707********4961-8454,debit,Mastercard,2027-06,expired,2024-06-06T18:24:32
3505,4386,4303********8554-1381,credit,Visa,2030-04,expired,2025-04-07T16:39:49
3506,4387,6688********6565-1406,debit,Discover,2029-08,active,2024-08-06T12:02:14
3507,4389,5961********2256-1725,debit,Mastercard,2031-03,active,2026-03-18T13:24:40
3508,4390,5918********1957-3892,debit,Mastercard,2031-04,blocked,2026-04-06T13:00:33
3509,4391,5745********6674-2210,debit,Mastercard,2031-02,blocked,2026-02-19T02:49:42
3510,4393,4887********9898-2384,debit,Visa,2031-04,expired,2026-04-10T18:59:54
3511,4401,4515********8531-2556,debit,Visa,2030-07,active,2025-07-05T17:04:34
3512,4402,4509********8643-6030,debit,Visa,2028-10,blocked,2025-10-20T12:37:51
3513,4403,4529********7616-654,debit,Visa,2031-01,active,2026-01-04T05:52:02
3514,4404,4481********3315-9559,credit,Visa,2030-05,active,2026-05-01T03:18:35
3515,4406,4177********0160-5258,debit,Visa,2029-05,active,2026-05-11T09:29:02
3516,4407,4082********1102-98,debit,Visa,2030-04,expired,2025-04-05T16:29:27
3517,4408,4074********9331-9918,debit,Visa,2030-05,active,2026-05-11T15:44:55
3518,4409,4998********9234-4204,debit,Visa,2029-05,active,2026-05-16T05:39:01
3519,4409,4616********2484-3890,debit,Visa,2031-05,active,2026-05-15T13:45:13
3520,4410,4699********7902-3271,debit,Visa,2031-04,expired,2026-04-03T05:48:06
3521,4410,4007********0184-8608,debit,Visa,2029-04,active,2026-04-03T03:20:44
3522,4411,4059********4440-5033,debit,Visa,2029-10,active,2025-10-31T21:40:35
3523,4412,5674********5958-4216,debit,Mastercard,2030-05,active,2025-05-30T10:02:25
3524,4413,4684********3424-2321,debit,Visa,2029-12,active,2025-12-18T02:33:16
3525,4416,5795********3812-9398,debit,Mastercard,2029-04,blocked,2026-04-26T04:32:04
3526,4418,4032********0627-3893,debit,Visa,2029-02,active,2026-02-21T15:51:50
3527,4420,3119*******8273-2718,debit,Amex,2029-03,active,2026-03-21T17:29:15
3528,4420,5993********6990-783,debit,Mastercard,2031-03,active,2026-03-19T07:41:00
3529,4421,4451********7913-9140,debit,Visa,2028-08,expired,2025-08-03T04:46:59
3530,4423,4545********8481-4338,debit,Visa,2030-04,expired,2026-04-28T06:35:05
3531,4424,3408*******8764-9158,debit,Amex,2029-04,active,2026-04-09T17:49:15
3532,4426,4466********1794-1449,debit,Visa,2030-12,active,2025-12-13T19:06:52
3533,4427,4894********1656-6341,debit,Visa,2029-10,blocked,2024-10-16T14:20:56
3534,4428,5825********8209-6292,debit,Mastercard,2028-06,active,2025-06-07T22:33:49
3535,4428,5445********4354-3153,debit,Mastercard,2029-11,blocked,2024-11-08T04:18:53
3536,4430,4360********5313-9284,debit,Visa,2030-02,active,2026-02-19T14:26:06
3537,4431,5629********9363-4252,debit,Mastercard,2028-01,active,2025-01-20T11:23:30
3538,4432,4204********3834-6326,debit,Visa,2030-09,active,2025-09-06T10:55:58
3539,4435,3170*******4313-383,debit,Amex,2031-03,active,2026-03-07T20:42:30
3540,4436,5862********9775-3010,debit,Mastercard,2029-04,active,2026-04-24T08:16:26
3541,4436,5056********9740-4565,debit,Mastercard,2031-05,expired,2026-05-04T16:46:40
3542,4438,5821********4239-6902,debit,Mastercard,2030-06,active,2025-06-08T22:23:46
3543,4439,3436*******0729-1987,debit,Amex,2031-05,active,2026-05-03T11:08:21
3544,4442,3444*******7108-4573,debit,Amex,2027-06,blocked,2024-06-02T20:11:03
3545,4443,5216********0934-8036,debit,Mastercard,2029-01,active,2025-01-27T00:18:24
3546,4444,4645********4547-824,debit,Visa,2029-05,active,2026-05-14T10:57:46
3547,4445,4644********1568-4850,debit,Visa,2030-11,expired,2025-11-05T08:13:45
3548,4446,5579********2281-5502,debit,Mastercard,2029-11,active,2025-11-25T12:10:57
3549,4447,5280********1565-2905,debit,Mastercard,2029-05,expired,2026-05-05T13:59:03
3550,4447,4017********4589-2951,debit,Visa,2030-05,expired,2026-05-09T13:01:07
3551,4448,5209********5725-2266,debit,Mastercard,2029-09,active,2025-09-25T03:00:37
3552,4448,4420********4756-9338,debit,Visa,2030-11,expired,2025-11-14T20:20:23
3553,4450,5439********6845-881,credit,Mastercard,2030-06,active,2025-06-07T19:49:53
3554,4452,3148*******9909-7437,debit,Amex,2030-04,expired,2026-04-13T21:53:43
3555,4453,5142********9944-769,debit,Mastercard,2030-04,expired,2026-04-15T21:30:30
3556,4454,5355********0781-2126,debit,Mastercard,2031-02,blocked,2026-02-23T00:52:11
3557,4455,5458********3118-5435,debit,Mastercard,2031-05,active,2026-05-02T22:10:11
3558,4456,5818********7890-7113,debit,Mastercard,2031-05,active,2026-05-02T01:35:25
3559,4458,5070********7374-5871,debit,Mastercard,2030-04,active,2026-04-26T02:18:26
3560,4458,5255********5755-5792,debit,Mastercard,2030-11,active,2025-11-03T21:07:55
3561,4459,4130********0338-6,debit,Visa,2031-05,active,2026-05-11T07:13:42
3562,4460,4247********8791-9035,debit,Visa,2028-11,active,2024-11-15T20:27:50
3563,4461,4890********4052-4381,debit,Visa,2029-02,active,2025-02-19T08:14:27
3564,4461,4512********2188-8313,debit,Visa,2030-02,blocked,2026-02-24T20:28:25
3565,4462,4949********8734-1302,debit,Visa,2030-12,expired,2025-12-05T14:52:31
3566,4463,5695********7510-1899,debit,Mastercard,2028-10,expired,2024-10-06T19:56:56
3567,4464,5245********7468-7545,debit,Mastercard,2030-12,blocked,2025-12-08T10:38:14
3568,4465,4114********9001-445,debit,Visa,2026-08,active,2022-08-06T05:44:53
3569,4469,6487********7077-8632,debit,Discover,2030-08,active,2025-08-07T00:01:51
3570,4471,5206********6647-726,debit,Mastercard,2031-02,blocked,2026-02-25T20:33:26
3571,4472,4756********7237-635,debit,Visa,2029-12,active,2025-12-09T22:57:47
3572,4473,5169********9076-9021,debit,Mastercard,2031-01,blocked,2026-01-14T00:05:06
3573,4475,5282********4959-7090,debit,Mastercard,2030-05,active,2026-05-03T06:37:18
3574,4479,4744********9611-3748,credit,Visa,2029-01,blocked,2026-01-01T21:44:24
3575,4480,5378********6750-5721,debit,Mastercard,2029-06,blocked,2025-06-11T23:25:02
3576,4482,3607*******8992-3219,debit,Amex,2030-04,active,2026-04-10T16:05:04
3577,4482,4384********2482-7531,debit,Visa,2030-05,active,2026-05-02T22:57:54
3578,4483,3988*******7441-9482,debit,Amex,2029-10,active,2025-10-12T18:31:04
3579,4485,3128*******6239-6809,credit,Amex,2029-12,active,2024-12-06T01:38:31
3580,4489,5573********1324-8545,debit,Mastercard,2031-05,blocked,2026-05-09T02:47:21
3581,4490,6599********9670-7947,debit,Discover,2027-08,active,2024-08-27T05:16:35
3582,4491,5063********6866-2973,debit,Mastercard,2030-04,expired,2026-04-11T22:06:57
3583,4492,5441********5474-6299,debit,Mastercard,2030-09,expired,2025-09-08T07:12:40
3584,4493,6932********2372-7468,debit,Discover,2028-08,expired,2025-08-05T20:17:45
3585,4493,5475********1369-8885,debit,Mastercard,2030-03,expired,2026-03-16T15:38:48
3586,4494,5945********1148-222,debit,Mastercard,2028-12,active,2025-12-06T12:01:01
3587,4496,4640********0693-7690,debit,Visa,2030-02,active,2026-02-03T17:44:46
3588,4498,5337********1491-8062,debit,Mastercard,2028-09,active,2024-09-13T15:47:58
3589,4499,5579********6282-2571,debit,Mastercard,2029-04,blocked,2026-04-21T21:39:30
3590,4499,4660********2786-6691,debit,Visa,2030-04,blocked,2026-04-01T01:51:35
3591,4501,4299********7281-354,credit,Visa,2029-12,blocked,2025-12-05T02:16:33
3592,4503,4791********8998-1459,debit,Visa,2031-04,active,2026-04-05T08:23:17
3593,4505,4239********9100-3392,debit,Visa,2031-02,blocked,2026-02-22T18:27:45
3594,4506,5618********7318-177,debit,Mastercard,2030-10,blocked,2025-10-30T06:12:44
3595,4507,5059********1997-2734,credit,Mastercard,2028-04,active,2025-04-16T02:38:44
3596,4508,4157********3032-1226,debit,Visa,2031-05,active,2026-05-01T17:13:26
3597,4509,4286********4134-7031,debit,Visa,2029-03,blocked,2026-03-30T07:04:47
3598,4510,5814********5637-3747,debit,Mastercard,2030-06,blocked,2025-06-18T10:57:24
3599,4511,5671********4220-7013,debit,Mastercard,2030-12,expired,2025-12-19T01:04:27
3600,4513,5720********3159-5779,debit,Mastercard,2029-01,active,2026-01-28T22:18:20
3601,4513,4955********7735-6318,debit,Visa,2029-01,active,2026-01-18T13:27:16
3602,4514,4982********9607-8209,credit,Visa,2030-02,blocked,2025-02-01T05:53:10
3603,4515,4032********5082-8833,debit,Visa,2030-11,active,2025-11-06T04:43:52
3604,4516,5507********2988-8505,debit,Mastercard,2030-02,active,2026-02-13T14:22:32
3605,4516,5653********4192-5248,debit,Mastercard,2030-12,active,2025-12-31T20:21:29
3606,4517,3041*******6997-900,debit,Amex,2031-04,blocked,2026-04-20T18:11:16
3607,4518,5797********3718-9293,credit,Mastercard,2030-12,active,2025-12-10T13:46:33
3608,4519,5392********1944-8527,credit,Mastercard,2030-10,blocked,2025-10-09T12:31:45
3609,4520,3935*******9095-5831,debit,Amex,2030-01,expired,2026-01-18T05:21:10
3610,4520,5961********0294-6222,debit,Mastercard,2030-04,expired,2026-04-24T14:29:49
3611,4521,3335*******1071-4376,debit,Amex,2028-08,active,2025-08-04T16:05:32
3612,4521,5744********4560-9849,debit,Mastercard,2031-01,active,2026-01-08T18:49:15
3613,4522,5951********6367-6510,debit,Mastercard,2028-08,active,2025-08-14T05:28:50
3614,4525,4061********8189-7716,debit,Visa,2028-11,blocked,2025-11-15T08:54:59
3615,4526,5598********2937-2203,debit,Mastercard,2030-01,active,2026-01-12T08:02:23
3616,4527,4978********6330-6217,debit,Visa,2029-03,active,2026-03-06T12:25:43
3617,4528,3795*******9386-2357,debit,Amex,2031-04,active,2026-04-28T02:43:24
3618,4530,4378********8406-6620,debit,Visa,2028-04,active,2025-04-30T15:40:25
3619,4531,5311********6798-2555,debit,Mastercard,2029-05,active,2026-05-06T20:47:06
3620,4532,5974********3368-8366,debit,Mastercard,2029-01,expired,2026-01-30T12:16:04
3621,4533,4972********2955-2592,credit,Visa,2029-11,active,2025-11-04T14:18:58
3622,4534,4697********7654-678,debit,Visa,2030-05,active,2026-05-04T05:33:14
3623,4534,4340********7237-7255,debit,Visa,2031-05,active,2026-05-06T04:39:16
3624,4536,5426********4554-7774,credit,Mastercard,2029-03,active,2026-03-22T00:13:10
3625,4537,5716********7264-3100,debit,Mastercard,2031-01,active,2026-01-29T08:54:55
3626,4538,4446********2055-7559,debit,Visa,2026-11,expired,2022-11-06T01:18:32
3627,4539,4270********0451-8483,debit,Visa,2030-01,blocked,2025-01-25T22:26:30
3628,4540,5878********6382-2450,debit,Mastercard,2027-11,active,2024-11-14T19:17:00
3629,4541,4436********7848-260,debit,Visa,2029-01,active,2024-01-19T09:07:15
3630,4543,5007********3803-2866,credit,Mastercard,2029-05,blocked,2026-05-04T10:31:35
3631,4544,4273********8974-4721,debit,Visa,2030-03,expired,2026-03-22T03:15:38
3632,4544,4016********5352-8206,debit,Visa,2030-05,blocked,2026-05-07T17:49:38
3633,4549,4554********1840-3216,debit,Visa,2031-01,expired,2026-01-19T15:57:38
3634,4550,4101********5851-9267,debit,Visa,2030-09,active,2025-09-14T15:22:26
3635,4551,4937********2041-9486,debit,Visa,2031-04,active,2026-04-10T05:43:29
3636,4553,5700********4496-1198,debit,Mastercard,2030-05,active,2026-05-10T18:59:39
3637,4554,4822********5182-8080,debit,Visa,2030-04,active,2025-04-20T18:37:27
3638,4554,5667********8555-1678,debit,Mastercard,2029-01,blocked,2026-01-10T06:40:50
3639,4556,5311********7714-7785,debit,Mastercard,2029-12,active,2025-12-27T12:11:33
3640,4557,4596********7721-211,debit,Visa,2029-03,blocked,2025-03-12T02:25:43
3641,4558,5518********4471-2591,credit,Mastercard,2028-05,blocked,2025-05-03T09:38:54
3642,4559,5810********3620-1756,debit,Mastercard,2029-07,blocked,2025-07-31T00:58:24
3643,4560,4860********6777-5234,debit,Visa,2030-03,expired,2026-03-16T06:05:01
3644,4561,4378********0500-8647,debit,Visa,2028-12,active,2025-12-19T00:53:03
3645,4563,4907********3885-654,debit,Visa,2030-05,active,2026-05-12T12:11:00
3646,4564,4331********6861-2234,debit,Visa,2030-02,active,2026-02-06T15:35:20
3647,4565,4282********7802-1553,debit,Visa,2030-07,active,2025-07-28T19:57:36
3648,4566,5658********6032-6638,debit,Mastercard,2029-01,blocked,2025-01-30T08:53:44
3649,4568,5676********7409-5152,debit,Mastercard,2031-04,expired,2026-04-24T21:23:30
3650,4569,5900********7528-4798,debit,Mastercard,2031-03,expired,2026-03-22T02:18:36
3651,4569,4207********6691-9957,debit,Visa,2031-04,active,2026-04-03T13:58:32
3652,4570,5292********7726-8834,debit,Mastercard,2030-02,active,2026-02-27T09:24:32
3653,4570,4175********7845-6531,debit,Visa,2030-05,active,2026-05-01T21:56:09
3654,4571,5228********9905-6884,debit,Mastercard,2029-02,active,2026-02-08T04:00:29
3655,4572,4831********1932-8664,debit,Visa,2029-09,active,2024-09-26T02:19:07
3656,4573,6581********7554-6248,debit,Discover,2029-02,blocked,2026-02-25T12:58:39
3657,4574,4028********5655-1299,credit,Visa,2031-05,active,2026-05-02T16:48:39
3658,4576,5511********2971-6695,debit,Mastercard,2029-04,active,2026-04-25T05:52:41
3659,4577,5513********3441-4602,debit,Mastercard,2031-03,active,2026-03-15T02:22:29
3660,4578,5366********1275-6925,debit,Mastercard,2030-02,expired,2025-02-21T09:29:15
3661,4579,5436********3507-3028,debit,Mastercard,2027-12,active,2024-12-06T12:34:05
3662,4580,5947********4068-410,debit,Mastercard,2031-03,active,2026-03-13T01:07:05
3663,4581,5653********1308-3623,debit,Mastercard,2030-01,blocked,2026-01-01T09:30:36
3664,4582,3630*******2380-9824,debit,Amex,2030-09,active,2025-09-19T04:59:16
3665,4583,4894********8009-1534,debit,Visa,2030-01,blocked,2026-01-22T05:37:21
3666,4587,4624********8173-1675,debit,Visa,2029-06,active,2025-06-27T20:41:49
3667,4587,5914********2550-4081,debit,Mastercard,2031-03,active,2026-03-28T05:47:44
3668,4588,5966********5654-8681,debit,Mastercard,2029-11,blocked,2025-11-08T10:29:00
3669,4589,4125********6689-365,debit,Visa,2028-08,blocked,2024-08-27T16:29:01
3670,4589,4803********7476-5728,debit,Visa,2028-08,blocked,2025-08-07T11:31:55
3671,4591,5778********8468-3450,debit,Mastercard,2030-02,blocked,2025-02-14T19:26:05
3672,4593,4430********2352-2188,debit,Visa,2028-04,active,2023-04-09T04:49:32
3673,4595,4558********8626-1216,debit,Visa,2029-03,blocked,2026-03-15T13:20:01
3674,4595,6877********0320-9003,debit,Discover,2029-04,blocked,2026-04-18T05:41:04
3675,4596,4373********9799-6821,debit,Visa,2031-01,active,2026-01-16T05:56:50
3676,4597,4301********0217-4565,debit,Visa,2029-05,active,2026-05-13T16:55:49
3677,4599,4369********3743-8886,debit,Visa,2028-09,active,2025-09-10T22:17:49
3678,4601,4726********7612-9785,credit,Visa,2026-07,expired,2023-07-14T03:22:02
3679,4602,4004********7103-9820,debit,Visa,2030-04,active,2026-04-22T15:40:32
3680,4603,4480********3194-7056,debit,Visa,2030-08,expired,2025-08-13T05:01:54
3681,4603,5489********4057-8163,debit,Mastercard,2028-08,active,2025-08-21T09:55:37
3682,4604,4516********6466-6331,debit,Visa,2028-12,blocked,2025-12-27T02:49:15
3683,4606,4237********0156-6228,credit,Visa,2029-01,active,2026-01-22T09:56:09
3684,4607,5527********2686-5049,debit,Mastercard,2028-01,blocked,2025-01-23T13:23:55
3685,4608,4534********6012-8804,debit,Visa,2029-05,blocked,2024-05-04T00:50:07
3686,4608,4441********2870-2058,debit,Visa,2028-07,blocked,2023-07-01T17:06:12
3687,4609,4886********4113-9305,debit,Visa,2026-11,blocked,2023-11-14T05:09:45
3688,4610,4947********4857-1325,debit,Visa,2030-04,active,2026-04-28T18:47:20
3689,4612,4185********5784-4052,debit,Visa,2031-04,active,2026-04-06T17:34:24
3690,4613,5407********8654-3491,debit,Mastercard,2031-05,blocked,2026-05-13T23:12:38
3691,4614,5166********1043-725,debit,Mastercard,2031-02,blocked,2026-02-27T21:14:19
3692,4615,4869********0645-7794,debit,Visa,2027-07,blocked,2024-07-21T10:28:03
3693,4618,4908********9810-8862,debit,Visa,2031-01,blocked,2026-01-06T05:22:03
3694,4619,5180********8610-6494,debit,Mastercard,2030-10,blocked,2025-10-06T00:24:58
3695,4621,5472********4183-6289,debit,Mastercard,2028-10,blocked,2023-10-07T17:20:28
3696,4622,4880********0489-7818,debit,Visa,2031-01,active,2026-01-21T21:02:51
3697,4623,4114********5503-1044,debit,Visa,2028-01,blocked,2024-01-18T12:33:22
3698,4624,5702********1277-623,debit,Mastercard,2030-02,blocked,2026-02-26T04:46:31
3699,4625,4224********8524-1504,debit,Visa,2030-04,active,2026-04-23T12:02:53
3700,4626,5483********5666-7510,debit,Mastercard,2027-10,blocked,2024-10-28T21:03:35
3701,4627,4278********1995-5895,credit,Visa,2029-05,expired,2026-05-15T01:37:58
3702,4629,5778********2985-8227,debit,Mastercard,2028-10,expired,2025-10-10T17:06:44
3703,4631,5918********4319-2751,debit,Mastercard,2027-01,blocked,2024-01-19T03:13:57
3704,4631,4854********2357-5700,debit,Visa,2028-05,blocked,2025-05-13T01:08:24
3705,4632,5916********9520-796,debit,Mastercard,2030-02,blocked,2025-02-02T14:39:41
3706,4634,4309********1294-3541,debit,Visa,2031-02,active,2026-02-11T10:30:56
3707,4635,5556********9073-6449,debit,Mastercard,2028-08,blocked,2025-08-30T20:33:57
3708,4636,5236********3369-8019,debit,Mastercard,2030-03,blocked,2026-03-31T05:03:55
3709,4636,4299********7423-7166,debit,Visa,2031-04,blocked,2026-04-05T21:41:38
3710,4637,4637********6338-5551,debit,Visa,2030-11,blocked,2025-11-21T01:36:34
3711,4638,4713********4141-8325,credit,Visa,2025-10,expired,2022-10-07T05:03:14
3712,4642,4810********1600-7401,debit,Visa,2030-08,blocked,2025-08-05T17:50:37
3713,4643,5983********3476-924,debit,Mastercard,2031-04,active,2026-04-19T19:52:25
3714,4644,5902********1692-8377,debit,Mastercard,2028-05,active,2025-05-02T15:32:18
3715,4645,4288********4943-8773,debit,Visa,2029-03,active,2026-03-22T03:52:17
3716,4646,4539********7686-9174,debit,Visa,2030-05,blocked,2026-05-15T23:15:53
3717,4647,5718********6664-929,debit,Mastercard,2030-01,expired,2026-01-17T12:26:09
3718,4649,3812*******1131-9279,debit,Amex,2029-03,active,2026-03-19T10:07:11
3719,4652,4433********5420-7577,debit,Visa,2031-05,blocked,2026-05-09T17:34:50
3720,4652,4381********4614-549,debit,Visa,2031-05,blocked,2026-05-12T13:05:22
3721,4653,5896********3958-4775,debit,Mastercard,2029-05,expired,2026-05-04T07:59:15
3722,4654,5764********4008-2805,debit,Mastercard,2027-11,active,2024-11-06T12:34:25
3723,4655,5901********2698-1744,debit,Mastercard,2028-09,active,2025-09-21T21:10:44
3724,4658,3135*******9667-5653,debit,Amex,2030-11,blocked,2025-11-18T23:44:58
3725,4658,4893********6193-6700,debit,Visa,2029-11,blocked,2025-11-11T12:35:55
3726,4659,5376********9448-9200,debit,Mastercard,2030-05,active,2026-05-15T10:19:19
3727,4663,5994********0234-6905,credit,Mastercard,2030-04,active,2025-04-18T15:18:20
3728,4664,4937********9518-2884,debit,Visa,2028-10,expired,2023-10-22T16:41:25
3729,4669,5574********0076-5106,debit,Mastercard,2030-06,active,2025-06-15T15:30:38
3730,4670,5425********1797-186,debit,Mastercard,2030-11,blocked,2025-11-30T15:51:27
3731,4670,4380********0566-7274,debit,Visa,2028-04,active,2025-04-11T16:24:49
3732,4671,4385********8041-9289,credit,Visa,2028-08,active,2024-08-25T05:19:53
3733,4672,5978********6941-9999,debit,Mastercard,2028-06,active,2024-06-08T00:14:42
3734,4673,5847********3404-5372,credit,Mastercard,2031-03,active,2026-03-30T13:11:06
3735,4674,4398********7373-8753,debit,Visa,2029-11,blocked,2024-11-24T07:17:50
3736,4674,4071********7800-7147,debit,Visa,2028-08,blocked,2024-08-27T16:36:41
3737,4675,5265********1704-4681,debit,Mastercard,2029-02,active,2025-02-21T09:19:38
3738,4676,4618********1599-5440,debit,Visa,2028-07,active,2024-07-15T19:14:11
3739,4677,5351********0027-9860,debit,Mastercard,2029-11,blocked,2025-11-13T11:29:23
3740,4678,4344********0063-9737,debit,Visa,2029-04,active,2026-04-19T11:10:42
3741,4679,4289********6183-8884,debit,Visa,2029-05,active,2026-05-10T11:30:34
3742,4680,4142********6384-2612,debit,Visa,2030-03,active,2026-03-23T16:46:17
3743,4681,4328********0315-9016,debit,Visa,2030-01,active,2026-01-19T21:51:33
3744,4682,5081********7186-5384,debit,Mastercard,2030-04,blocked,2026-04-06T03:05:18
3745,4683,5362********9184-576,credit,Mastercard,2031-03,active,2026-03-11T14:28:37
3746,4685,6250********7359-1731,debit,Discover,2031-02,active,2026-02-15T14:00:26
3747,4686,4222********5021-6746,debit,Visa,2030-02,expired,2025-02-22T06:57:29
3748,4687,4761********1509-4214,debit,Visa,2029-10,active,2025-10-24T05:26:02
3749,4689,4556********4603-5762,debit,Visa,2031-03,active,2026-03-25T07:56:59
3750,4690,5687********3030-514,debit,Mastercard,2029-03,active,2024-03-05T13:26:15
3751,4691,5642********5169-3440,debit,Mastercard,2031-01,blocked,2026-01-08T08:03:30
3752,4693,5900********6685-346,debit,Mastercard,2030-02,active,2026-02-09T04:12:17
3753,4696,4220********0126-4834,credit,Visa,2028-01,expired,2025-01-13T05:01:57
3754,4697,4110********4868-6231,debit,Visa,2027-12,expired,2024-12-03T17:04:17
3755,4698,5964********4588-7340,debit,Mastercard,2031-01,blocked,2026-01-10T09:55:10
3756,4701,5422********0993-5073,debit,Mastercard,2029-02,expired,2026-02-20T07:24:56
3757,4702,4712********7480-6824,debit,Visa,2031-02,active,2026-02-03T19:51:49
3758,4705,4839********6647-1309,debit,Visa,2029-05,expired,2026-05-12T23:05:14
3759,4706,4947********0607-7228,debit,Visa,2031-05,blocked,2026-05-08T23:35:09
3760,4707,5367********4356-4885,debit,Mastercard,2030-01,blocked,2026-01-29T19:43:01
3761,4709,4139********1231-8101,credit,Visa,2031-05,active,2026-05-10T01:38:39
3762,4710,5899********9257-9180,debit,Mastercard,2030-12,active,2025-12-28T16:44:44
3763,4712,4813********1971-787,debit,Visa,2030-04,blocked,2026-04-09T07:43:13
3764,4712,5037********6451-330,debit,Mastercard,2030-08,active,2025-08-28T22:50:44
3765,4714,5297********1243-2936,debit,Mastercard,2029-02,blocked,2024-02-01T16:01:38
3766,4715,4057********0102-2375,debit,Visa,2030-05,blocked,2026-05-08T12:43:37
3767,4716,5319********7989-2831,debit,Mastercard,2027-04,active,2024-04-08T16:26:13
3768,4717,4737********4574-8060,debit,Visa,2028-02,active,2024-02-21T20:19:10
3769,4718,5922********2345-4010,debit,Mastercard,2029-02,active,2026-02-21T01:19:45
3770,4720,4070********0436-5124,debit,Visa,2027-11,active,2024-11-13T18:33:06
3771,4721,4382********7723-2154,credit,Visa,2028-04,expired,2025-04-08T11:48:14
3772,4722,5780********5867-4415,credit,Mastercard,2028-11,active,2024-11-15T01:54:16
3773,4723,5927********6322-5960,debit,Mastercard,2029-01,active,2025-01-12T14:57:28
3774,4724,5614********9672-6516,debit,Mastercard,2029-10,active,2025-10-04T13:39:09
3775,4725,5166********8039-5378,debit,Mastercard,2031-04,blocked,2026-04-14T17:22:45
3776,4726,4523********4757-7928,debit,Visa,2031-04,active,2026-04-15T07:36:34
3777,4727,4249********5035-3325,debit,Visa,2028-07,active,2025-07-13T16:53:23
3778,4728,4791********2226-5638,debit,Visa,2029-02,active,2026-02-20T07:42:48
3779,4731,5343********6303-1610,debit,Mastercard,2031-05,blocked,2026-05-09T21:20:19
3780,4731,5459********4895-1378,debit,Mastercard,2029-04,expired,2026-04-22T11:53:37
3781,4734,5376********2527-8187,debit,Mastercard,2029-05,active,2026-05-14T13:29:39
3782,4735,4158********8699-4612,debit,Visa,2030-05,active,2026-05-11T15:36:00
3783,4737,4167********5995-1140,debit,Visa,2028-09,active,2025-09-27T12:46:42
3784,4738,4521********6022-601,credit,Visa,2029-12,active,2024-12-09T07:36:47
3785,4739,3027*******8026-720,debit,Amex,2028-04,expired,2023-04-26T20:34:03
3786,4739,5023********8977-6804,debit,Mastercard,2030-03,expired,2026-03-25T13:50:50
3787,4740,5206********3415-9396,debit,Mastercard,2030-07,blocked,2025-07-29T21:21:03
3788,4743,5575********3997-4667,debit,Mastercard,2027-08,active,2024-08-20T17:59:39
3789,4744,4014********2087-9132,debit,Visa,2028-09,blocked,2025-09-16T02:38:16
3790,4744,5174********6782-3700,debit,Mastercard,2029-02,blocked,2026-02-04T14:36:10
3791,4747,5990********6434-3485,debit,Mastercard,2029-06,blocked,2025-06-07T04:46:59
3792,4750,5173********7617-4567,debit,Mastercard,2031-02,blocked,2026-02-26T19:57:43
3793,4751,5730********8874-2116,debit,Mastercard,2028-09,blocked,2024-09-15T12:12:15
3794,4752,3448*******5971-4653,debit,Amex,2031-05,expired,2026-05-10T16:36:51
3795,4753,4267********3558-3974,debit,Visa,2030-02,active,2026-02-21T11:13:29
3796,4754,5104********0822-3221,debit,Mastercard,2030-03,active,2026-03-17T13:20:02
3797,4755,5849********8452-277,debit,Mastercard,2029-10,active,2025-10-26T05:29:10
3798,4756,5555********4624-2823,debit,Mastercard,2029-03,blocked,2026-03-03T01:03:59
3799,4757,4587********5638-6267,debit,Visa,2029-04,active,2026-04-20T06:30:39
3800,4758,4988********8158-822,credit,Visa,2030-05,active,2026-05-12T00:51:34
3801,4759,5990********7658-2819,debit,Mastercard,2030-03,active,2026-03-09T21:10:44
3802,4760,4597********9295-9086,credit,Visa,2029-05,active,2026-05-07T04:32:14
3803,4762,5585********0168-7672,debit,Mastercard,2030-05,active,2026-05-16T03:15:05
3804,4763,5247********5641-1357,debit,Mastercard,2030-04,active,2026-04-14T08:35:11
3805,4764,4081********8944-4878,credit,Visa,2029-01,blocked,2025-01-13T05:56:15
3806,4765,4350********9072-6790,debit,Visa,2029-06,active,2025-06-23T18:03:35
3807,4766,4795********0178-7881,debit,Visa,2030-04,active,2026-04-28T04:12:44
3808,4767,6904********3064-3212,credit,Discover,2030-02,expired,2026-02-26T18:23:42
3809,4768,4596********9828-6991,debit,Visa,2028-05,active,2025-05-25T12:29:47
3810,4768,4022********4423-3659,debit,Visa,2029-10,expired,2025-10-05T15:34:05
3811,4769,5444********6379-6822,debit,Mastercard,2030-05,active,2026-05-15T17:37:36
3812,4771,5785********2104-193,debit,Mastercard,2030-04,expired,2026-04-28T18:34:33
3813,4771,4390********7581-1258,debit,Visa,2030-02,active,2026-02-20T11:18:04
3814,4773,5845********5044-8422,debit,Mastercard,2031-01,active,2026-01-21T19:09:07
3815,4774,3262*******0843-502,debit,Amex,2028-05,blocked,2025-05-19T04:44:37
3816,4776,4545********6636-1290,debit,Visa,2028-08,active,2024-08-05T03:55:08
3817,4777,5508********2453-3004,debit,Mastercard,2029-12,expired,2025-12-18T20:18:48
3818,4778,5545********5211-7042,debit,Mastercard,2030-03,expired,2026-03-06T06:46:47
3819,4780,5241********9890-264,debit,Mastercard,2029-02,expired,2026-02-10T14:18:48
3820,4780,4826********1775-2499,debit,Visa,2028-07,active,2024-07-12T20:45:40
3821,4781,4088********9005-8518,debit,Visa,2029-08,active,2025-08-15T11:04:15
3822,4782,4132********3742-1348,debit,Visa,2028-01,blocked,2025-01-30T12:53:55
3823,4783,4682********1449-7559,credit,Visa,2031-04,blocked,2026-04-26T13:39:21
3824,4784,4846********4258-3331,debit,Visa,2031-04,active,2026-04-21T12:03:53
3825,4785,5265********6837-7710,debit,Mastercard,2030-04,active,2026-04-01T17:38:43
3826,4786,4830********8936-8398,debit,Visa,2031-03,active,2026-03-30T10:56:35
3827,4787,4338********7797-9188,debit,Visa,2029-11,active,2025-11-23T23:01:24
3828,4788,5313********3547-158,debit,Mastercard,2029-02,active,2026-02-11T12:54:40
3829,4789,5941********7722-7595,debit,Mastercard,2030-02,active,2026-02-18T22:03:22
3830,4790,4883********7178-3280,credit,Visa,2030-08,active,2025-08-02T21:22:40
3831,4793,4196********5377-3190,debit,Visa,2031-05,active,2026-05-14T00:56:18
3832,4794,5548********0875-3988,debit,Mastercard,2031-05,expired,2026-05-02T18:18:32
3833,4796,4781********7937-9419,debit,Visa,2029-01,active,2026-01-20T23:22:37
3834,4798,5413********8703-6371,debit,Mastercard,2029-05,blocked,2026-05-16T10:16:52
3835,4800,6533********3118-8433,debit,Discover,2031-01,expired,2026-01-04T10:06:31
3836,4801,5437********6327-5864,debit,Mastercard,2028-03,active,2025-03-24T13:30:19
3837,4802,4767********9128-4290,debit,Visa,2026-01,blocked,2023-01-23T03:18:53
3838,4804,4950********6172-4085,debit,Visa,2025-05,expired,2022-05-04T16:31:39
3839,4807,4802********3204-1300,debit,Visa,2030-04,blocked,2026-04-16T17:34:06
3840,4808,3836*******9899-7400,credit,Amex,2029-04,active,2026-04-07T20:16:14
3841,4809,6939********6960-213,debit,Discover,2029-05,expired,2026-05-07T18:41:14
3842,4810,4367********0396-4039,debit,Visa,2028-04,blocked,2025-04-11T17:31:30
3843,4811,5470********5793-1304,debit,Mastercard,2029-05,blocked,2026-05-14T04:30:09
3844,4812,4156********0741-416,debit,Visa,2029-02,active,2026-02-06T06:11:54
3845,4814,4971********1627-2965,debit,Visa,2031-03,blocked,2026-03-01T14:41:32
3846,4817,5830********2192-6229,debit,Mastercard,2029-01,active,2025-01-31T06:34:41
3847,4818,5890********6019-263,debit,Mastercard,2029-08,blocked,2025-08-25T19:22:38
3848,4819,5899********0279-9453,debit,Mastercard,2029-07,expired,2025-07-23T11:33:26
3849,4819,4015********2770-8272,debit,Visa,2030-04,active,2025-04-26T14:33:44
3850,4822,4938********5108-9288,debit,Visa,2028-10,active,2023-10-11T01:22:15
3851,4823,4959********7239-1817,debit,Visa,2031-04,expired,2026-04-08T06:04:52
3852,4824,4512********0176-664,debit,Visa,2029-05,blocked,2026-05-08T09:09:23
3853,4826,4708********2982-3833,debit,Visa,2029-05,active,2026-05-02T06:01:13
3854,4827,4860********6217-9007,debit,Visa,2030-08,blocked,2025-08-25T04:04:47
3855,4828,4991********3113-1147,debit,Visa,2027-03,blocked,2024-03-31T03:55:57
3856,4828,5525********5529-1501,debit,Mastercard,2028-04,active,2025-04-18T19:24:29
3857,4829,4585********0122-3412,debit,Visa,2030-06,blocked,2025-06-15T20:34:27
3858,4830,4127********0395-6951,credit,Visa,2028-05,blocked,2023-05-21T09:23:16
3859,4832,4266********9628-7089,debit,Visa,2028-02,blocked,2024-02-29T18:23:46
3860,4835,4707********5771-1249,debit,Visa,2029-05,active,2026-05-15T06:52:40
3861,4837,5026********7297-4763,debit,Mastercard,2030-02,blocked,2025-02-18T22:14:24
3862,4838,4582********5646-3834,debit,Visa,2029-05,active,2025-05-13T06:30:01
3863,4839,5473********1381-859,debit,Mastercard,2028-09,blocked,2024-09-11T05:46:50
3864,4841,4843********3639-8560,debit,Visa,2031-04,blocked,2026-04-20T23:02:25
3865,4841,5897********7327-1634,debit,Mastercard,2030-03,blocked,2026-03-12T07:19:37
3866,4843,4759********4312-207,debit,Visa,2028-11,active,2025-11-28T17:19:51
3867,4843,5340********0677-2148,debit,Mastercard,2030-04,active,2026-04-21T12:14:23
3868,4844,5001********6853-6845,debit,Mastercard,2031-04,active,2026-04-06T16:07:52
3869,4847,5182********5331-6841,debit,Mastercard,2031-02,active,2026-02-16T06:56:23
3870,4848,5056********4630-8244,debit,Mastercard,2031-04,active,2026-04-14T22:10:26
3871,4849,4613********6087-4804,debit,Visa,2029-11,active,2024-11-19T12:11:55
3872,4850,4357********6191-5169,debit,Visa,2029-02,active,2026-02-25T14:07:44
3873,4850,4425********0545-9553,debit,Visa,2030-02,active,2026-02-07T20:22:12
3874,4854,3016*******1515-1986,debit,Amex,2028-12,active,2025-12-04T08:39:14
3875,4855,3085*******8701-5271,debit,Amex,2031-05,active,2026-05-11T15:49:35
3876,4855,4692********4290-5917,debit,Visa,2029-11,active,2025-11-16T19:43:44
3877,4857,4635********7210-8773,debit,Visa,2029-03,active,2026-03-09T21:25:04
3878,4858,5981********3388-4944,debit,Mastercard,2031-04,active,2026-04-22T16:48:32
3879,4858,4399********9856-4540,debit,Visa,2031-04,active,2026-04-13T08:46:10
3880,4859,4723********5926-8075,debit,Visa,2030-04,blocked,2026-04-28T01:03:37
3881,4861,3393*******4854-483,debit,Amex,2029-09,blocked,2025-09-20T14:03:19
3882,4862,4649********8243-1536,debit,Visa,2030-04,active,2026-04-13T21:53:52
3883,4864,5918********8565-3884,debit,Mastercard,2028-07,active,2025-07-29T01:46:02
3884,4866,5774********1772-8641,debit,Mastercard,2027-11,blocked,2023-11-10T04:49:12
3885,4866,4140********5914-3193,debit,Visa,2027-10,blocked,2023-10-16T08:30:38
3886,4868,4083********1428-3939,credit,Visa,2031-04,blocked,2026-04-28T16:28:35
3887,4869,5652********9162-9056,debit,Mastercard,2030-01,expired,2026-01-06T06:31:34
3888,4870,4297********7259-8931,debit,Visa,2031-04,blocked,2026-04-16T13:03:23
3889,4870,4115********0143-4374,debit,Visa,2029-04,active,2026-04-18T21:11:57
3890,4871,4200********8350-4540,credit,Visa,2029-12,blocked,2025-12-31T16:06:13
3891,4872,3566*******7552-1451,debit,Amex,2031-03,active,2026-03-09T13:14:49
3892,4875,4181********9047-7145,debit,Visa,2031-05,active,2026-05-06T16:05:30
3893,4876,5747********9668-8469,debit,Mastercard,2030-03,active,2026-03-27T05:43:24
3894,4878,4661********7777-1083,debit,Visa,2028-09,expired,2025-09-01T06:31:04
3895,4879,4280********3009-6791,credit,Visa,2030-01,active,2026-01-31T20:42:12
3896,4881,5753********2422-9324,credit,Mastercard,2029-04,expired,2026-04-23T20:25:25
3897,4882,4946********8538-4698,debit,Visa,2029-08,expired,2025-08-21T03:33:27
3898,4883,3227*******2566-9447,debit,Amex,2027-10,blocked,2023-10-20T12:25:26
3899,4883,5750********3237-6081,debit,Mastercard,2029-01,blocked,2026-01-16T05:57:38
3900,4884,5681********1736-8843,debit,Mastercard,2028-01,blocked,2023-01-30T07:59:46
3901,4885,5884********7587-5191,credit,Mastercard,2028-06,blocked,2025-06-22T07:15:43
3902,4886,4507********6577-6598,debit,Visa,2030-08,active,2025-08-28T07:38:16
3903,4888,3729*******9269-7761,debit,Amex,2029-03,active,2026-03-28T05:35:18
3904,4890,5358********2150-4155,debit,Mastercard,2029-05,expired,2026-05-11T01:58:38
3905,4890,4319********8882-2126,debit,Visa,2029-05,active,2026-05-10T16:22:36
3906,4891,4055********7506-7660,debit,Visa,2029-06,active,2025-06-06T12:27:27
3907,4892,4233********2707-8714,debit,Visa,2029-01,blocked,2026-01-06T11:43:44
3908,4897,3790*******1403-9322,debit,Amex,2030-05,active,2026-05-08T05:49:50
3909,4898,5637********1590-902,debit,Mastercard,2031-04,active,2026-04-16T10:27:41
3910,4899,4011********0137-9825,debit,Visa,2026-01,expired,2023-01-05T20:38:17
3911,4900,4988********7597-1624,credit,Visa,2030-01,blocked,2026-01-20T07:05:27
3912,4901,4810********6459-6876,debit,Visa,2027-07,active,2024-07-29T17:12:08
3913,4902,4370********4532-5829,credit,Visa,2031-02,active,2026-02-14T02:14:58
3914,4903,4634********9054-1477,debit,Visa,2028-01,blocked,2025-01-31T01:36:01
3915,4905,5182********4634-2804,debit,Mastercard,2027-04,active,2024-04-18T23:51:03
3916,4907,4272********0817-7559,debit,Visa,2029-05,active,2026-05-03T11:41:56
3917,4907,5457********0600-5318,debit,Mastercard,2027-04,active,2024-04-06T22:41:30
3918,4908,4680********1603-9679,debit,Visa,2029-06,active,2025-06-26T10:58:38
3919,4912,5144********7279-2063,debit,Mastercard,2031-04,active,2026-04-04T16:39:05
3920,4913,4511********4213-6051,debit,Visa,2029-11,blocked,2025-11-26T01:04:52
3921,4914,5810********6658-7201,debit,Mastercard,2030-05,blocked,2026-05-08T21:52:00
3922,4915,5715********3949-4751,debit,Mastercard,2030-05,blocked,2026-05-07T19:35:42
3923,4917,4101********8159-6212,debit,Visa,2028-12,active,2025-12-10T04:37:42
3924,4918,4036********0803-8936,debit,Visa,2028-12,active,2025-12-28T03:16:04
3925,4920,5922********7946-9237,debit,Mastercard,2031-04,active,2026-04-09T19:43:07
3926,4921,6127********6391-2009,debit,Discover,2030-04,expired,2025-04-08T16:26:17
3927,4923,5407********5738-6592,debit,Mastercard,2029-02,active,2026-02-15T21:24:26
3928,4924,5656********9901-8830,debit,Mastercard,2029-03,active,2026-03-27T03:59:42
3929,4925,3811*******5152-4322,credit,Amex,2028-10,active,2025-10-07T08:43:24
3930,4926,5834********1933-9087,debit,Mastercard,2028-12,blocked,2025-12-11T21:37:30
3931,4927,5843********1242-5098,credit,Mastercard,2029-04,blocked,2026-04-27T12:47:50
3932,4928,4954********7516-3429,debit,Visa,2028-05,expired,2025-05-14T02:46:47
3933,4930,4906********5121-9918,debit,Visa,2024-10,expired,2021-10-21T00:36:41
3934,4931,6488********6366-6614,debit,Discover,2028-07,expired,2025-07-28T06:38:34
3935,4933,4326********1726-1137,debit,Visa,2028-04,active,2025-04-21T19:56:44
3936,4936,5796********7770-6367,debit,Mastercard,2031-04,blocked,2026-04-11T04:06:40
3937,4937,4185********7015-3727,debit,Visa,2029-05,active,2026-05-06T13:30:14
3938,4938,4406********7537-3343,credit,Visa,2030-05,blocked,2026-05-08T19:33:47
3939,4939,5915********4098-6834,debit,Mastercard,2029-08,blocked,2025-08-10T00:49:07
3940,4940,4735********2692-5184,debit,Visa,2031-03,active,2026-03-08T16:42:28
3941,4941,4364********6800-203,debit,Visa,2030-02,active,2026-02-11T08:38:43
3942,4943,4859********7647-8879,debit,Visa,2031-05,active,2026-05-03T10:50:33
3943,4944,5755********7358-3316,debit,Mastercard,2031-05,active,2026-05-15T08:15:19
3944,4945,4836********0844-8023,debit,Visa,2030-03,active,2026-03-16T10:37:42
3945,4946,5117********6172-3340,debit,Mastercard,2029-04,active,2026-04-28T21:36:17
3946,4947,4121********4395-755,debit,Visa,2031-03,active,2026-03-13T05:23:35
3947,4951,4506********8782-5740,debit,Visa,2029-07,expired,2025-07-20T14:37:31
3948,4952,5676********8244-9120,debit,Mastercard,2029-06,active,2025-06-14T00:12:20
3949,4954,4155********2563-7429,debit,Visa,2028-07,active,2025-07-30T05:06:26
3950,4955,5248********3876-9352,credit,Mastercard,2030-04,blocked,2026-04-14T10:00:34
3951,4956,4119********5348-3742,debit,Visa,2031-03,expired,2026-03-20T05:56:25
3952,4957,5381********0619-5859,debit,Mastercard,2030-03,active,2026-03-10T12:55:40
3953,4958,5175********9795-8536,debit,Mastercard,2030-03,blocked,2025-03-15T13:45:26
3954,4959,4433********6413-4504,debit,Visa,2031-01,blocked,2026-01-08T01:08:13
3955,4964,5536********9537-3202,debit,Mastercard,2030-02,expired,2026-02-13T22:27:10
3956,4965,5245********2710-438,debit,Mastercard,2027-06,active,2024-06-24T01:06:54
3957,4966,4577********5806-4731,debit,Visa,2030-04,active,2025-04-24T14:40:00
3958,4967,5226********2319-5553,credit,Mastercard,2029-04,active,2026-04-18T07:43:28
3959,4968,5638********4749-7252,debit,Mastercard,2030-04,blocked,2026-04-18T05:53:55
3960,4970,5997********4925-5093,debit,Mastercard,2027-06,active,2024-06-17T04:55:20
3961,4971,4146********8515-941,debit,Visa,2031-04,active,2026-04-25T19:51:09
3962,4974,5579********7540-1819,debit,Mastercard,2030-01,blocked,2026-01-25T11:06:01
3963,4975,5574********6740-5843,credit,Mastercard,2030-10,blocked,2025-10-14T14:58:36
3964,4976,4159********0121-7472,debit,Visa,2031-03,blocked,2026-03-20T20:10:58
3965,4979,5932********0184-453,debit,Mastercard,2030-01,active,2026-01-02T01:51:13
3966,4981,3993*******4424-3483,debit,Amex,2030-10,expired,2025-10-19T15:17:47
3967,4981,6933********8233-1283,debit,Discover,2031-03,expired,2026-03-31T03:07:46
3968,4982,4217********4771-7988,credit,Visa,2031-04,active,2026-04-22T02:27:56
3969,4983,5321********5999-8863,debit,Mastercard,2030-12,active,2025-12-10T14:19:55
3970,4986,4403********1192-8398,debit,Visa,2027-04,active,2024-04-27T06:47:11
3971,4987,5497********6231-9686,debit,Mastercard,2027-02,active,2024-02-14T00:53:48
3972,4988,4595********9065-5088,debit,Visa,2029-03,blocked,2026-03-14T22:11:56
3973,4989,4056********5637-6081,debit,Visa,2028-08,blocked,2025-08-30T01:05:10
3974,4991,3527*******1943-3457,debit,Amex,2030-05,blocked,2026-05-15T23:42:20
3975,4992,4163********6306-6597,debit,Visa,2031-02,expired,2026-02-24T12:02:09
3976,4993,4430********6022-2514,debit,Visa,2030-06,active,2025-06-25T00:26:23
3977,4995,5471********7728-1315,debit,Mastercard,2026-10,active,2023-10-19T10:27:51
3978,4996,5180********4076-7278,debit,Mastercard,2029-10,active,2025-10-24T20:48:15
3979,4996,4203********3211-7423,debit,Visa,2030-05,active,2026-05-13T17:42:12
3980,4997,4794********1464-1204,debit,Visa,2029-10,active,2025-10-08T19:35:24
3981,4998,4645********1858-1749,debit,Visa,2029-01,active,2026-01-09T02:19:12
3982,4999,4567********2679-3573,debit,Visa,2030-12,active,2025-12-12T15:51:03
3983,5002,4388********9858-8297,credit,Visa,2029-02,blocked,2026-02-23T08:29:16
3984,5003,4379********1474-3207,debit,Visa,2029-01,active,2026-01-15T04:38:15
3985,5004,5437********9895-1281,debit,Mastercard,2031-05,blocked,2026-05-16T13:55:54
3986,5006,3084*******4512-5667,debit,Amex,2029-08,active,2025-08-24T08:54:33
3987,5007,4140********3364-7690,debit,Visa,2029-05,blocked,2026-05-15T18:44:22
3988,5007,5594********8974-7209,debit,Mastercard,2030-03,blocked,2026-03-20T06:11:13
3989,5008,5800********2739-7485,debit,Mastercard,2031-04,blocked,2026-04-01T02:28:33
3990,5009,5976********9881-1671,debit,Mastercard,2029-08,expired,2024-08-25T17:24:12
3991,5010,4215********1967-3944,credit,Visa,2031-03,blocked,2026-03-05T19:07:31
3992,5012,4406********9257-6017,debit,Visa,2030-05,active,2026-05-15T05:38:18
3993,5013,5404********0858-1386,debit,Mastercard,2029-03,active,2026-03-11T20:32:38
3994,5014,5435********9863-209,debit,Mastercard,2031-04,expired,2026-04-26T02:07:24
3995,5016,5322********1311-9084,debit,Mastercard,2029-04,active,2026-04-30T18:26:20
3996,5016,3707*******9388-7474,debit,Amex,2031-03,active,2026-03-23T20:22:15
3997,5017,4535********0014-802,debit,Visa,2029-07,active,2025-07-25T15:25:53
3998,5017,5286********6119-2449,debit,Mastercard,2029-04,active,2025-04-12T03:28:35
3999,5019,5915********9400-8220,debit,Mastercard,2030-01,active,2026-01-30T14:18:24
4000,5020,4838********5716-2361,debit,Visa,2030-07,active,2025-07-03T12:03:59
4001,5021,5912********1163-2271,debit,Mastercard,2026-10,expired,2023-10-30T02:15:03
4002,5022,5046********6442-7348,debit,Mastercard,2029-05,active,2026-05-08T16:32:57
4003,5023,5892********4687-4056,debit,Mastercard,2030-07,blocked,2025-07-25T15:20:06
4004,5024,4046********0300-6194,debit,Visa,2031-04,active,2026-04-09T01:32:35
4005,5025,4267********9655-2652,debit,Visa,2030-11,blocked,2025-11-30T18:21:46
4006,5026,5048********9637-157,debit,Mastercard,2031-03,blocked,2026-03-21T20:37:13
4007,5027,5899********1237-3245,debit,Mastercard,2030-03,blocked,2026-03-20T03:49:56
4008,5028,4526********7092-5600,debit,Visa,2028-10,blocked,2024-10-10T01:09:47
4009,5029,4585********8552-604,debit,Visa,2029-01,active,2026-01-04T17:03:18
4010,5033,4190********9759-7986,debit,Visa,2030-04,active,2026-04-09T05:39:39
4011,5034,3611*******3081-778,debit,Amex,2030-01,blocked,2026-01-30T06:06:31
4012,5035,5707********6499-3370,debit,Mastercard,2030-05,active,2026-05-02T22:48:22
4013,5036,5237********3355-2907,debit,Mastercard,2031-04,active,2026-04-30T05:11:47
4014,5037,5762********2771-6019,debit,Mastercard,2031-05,active,2026-05-11T00:42:08
4015,5037,4132********6948-3369,debit,Visa,2031-04,active,2026-04-27T04:23:36
4016,5038,5537********4533-9607,debit,Mastercard,2029-05,active,2026-05-15T20:39:40
4017,5038,4037********6099-9145,debit,Visa,2029-07,active,2025-07-27T10:37:17
4018,5039,3462*******6348-2934,debit,Amex,2028-03,blocked,2024-03-12T18:23:54
4019,5040,4359********9818-1815,debit,Visa,2031-01,expired,2026-01-18T07:55:37
4020,5043,3039*******8007-8801,debit,Amex,2029-10,blocked,2025-10-05T15:19:34
4021,5044,5477********0306-9238,debit,Mastercard,2029-08,active,2025-08-08T05:26:46
4022,5046,5809********2979-1113,credit,Mastercard,2030-10,blocked,2025-10-23T08:57:55
4023,5047,4278********1716-9074,debit,Visa,2030-11,active,2025-11-18T02:56:41
4024,5049,5497********8406-7423,credit,Mastercard,2029-01,active,2026-01-24T23:43:47
4025,5050,5738********9807-9945,debit,Mastercard,2029-01,active,2026-01-25T00:38:00
4026,5051,5604********6351-9472,debit,Mastercard,2030-05,blocked,2026-05-12T14:36:52
4027,5052,4829********4062-1581,debit,Visa,2029-01,expired,2026-01-03T10:45:43
4028,5053,5582********7023-5539,debit,Mastercard,2029-10,expired,2025-10-24T13:47:01
4029,5055,5633********8881-6944,debit,Mastercard,2031-05,blocked,2026-05-04T20:58:16
4030,5057,4513********6829-6072,debit,Visa,2030-09,blocked,2025-09-20T03:45:49
4031,5058,4590********8003-8470,debit,Visa,2030-03,active,2025-03-20T20:20:55
4032,5059,4112********6851-2829,debit,Visa,2031-03,expired,2026-03-05T12:14:54
4033,5060,4959********1278-9354,debit,Visa,2027-09,expired,2024-09-16T23:45:14
4034,5061,4478********9348-7393,debit,Visa,2027-03,expired,2024-03-07T13:58:56
4035,5062,5760********5067-7127,debit,Mastercard,2028-11,expired,2024-11-13T11:42:33
4036,5063,4458********9447-9325,debit,Visa,2028-08,active,2025-08-31T23:11:09
4037,5064,4939********9624-7215,debit,Visa,2031-05,active,2026-05-16T15:51:28
4038,5065,5574********5122-8086,credit,Mastercard,2029-05,active,2026-05-15T22:43:19
4039,5066,5164********1242-5056,debit,Mastercard,2031-05,active,2026-05-14T13:36:50
4040,5067,5012********3150-9404,debit,Mastercard,2029-03,expired,2026-03-16T03:24:38
4041,5067,4209********3363-175,debit,Visa,2030-04,active,2026-04-15T11:22:25
4042,5071,5859********7766-3650,credit,Mastercard,2031-04,blocked,2026-04-28T07:38:31
4043,5072,5863********5987-4013,debit,Mastercard,2030-11,expired,2025-11-28T03:16:35
4044,5073,6381********1851-8589,credit,Discover,2031-01,active,2026-01-28T09:42:18
4045,5074,4224********9585-6056,credit,Visa,2030-03,expired,2026-03-26T02:49:56
4046,5077,6470********2144-4008,debit,Discover,2026-11,blocked,2022-11-05T00:31:40
4047,5078,4232********4143-3438,debit,Visa,2028-04,blocked,2025-04-05T02:08:21
4048,5079,5493********4127-4470,debit,Mastercard,2027-12,active,2024-12-25T05:50:10
4049,5081,4716********1777-652,debit,Visa,2031-03,expired,2026-03-21T09:20:18
4050,5082,3443*******6846-5749,debit,Amex,2030-01,active,2026-01-25T12:01:23
4051,5082,5708********3617-7251,debit,Mastercard,2028-12,active,2025-12-30T23:28:07
4052,5083,4823********7301-2024,debit,Visa,2030-03,expired,2025-03-18T16:30:30
4053,5084,3493*******9041-4966,credit,Amex,2031-04,active,2026-04-23T07:00:49
4054,5087,4636********6261-4679,debit,Visa,2030-12,active,2025-12-27T05:28:44
4055,5089,4522********9999-2216,debit,Visa,2028-02,active,2023-02-04T22:20:53
4056,5093,4231********5796-7378,debit,Visa,2030-04,expired,2026-04-25T19:27:14
4057,5094,4225********4146-3554,credit,Visa,2030-10,active,2025-10-13T13:32:19
4058,5095,5830********5240-5572,debit,Mastercard,2029-03,active,2026-03-27T06:49:05
4059,5098,3253*******1886-8662,debit,Amex,2028-10,expired,2024-10-25T14:26:04
4060,5100,4731********6544-4521,debit,Visa,2031-05,active,2026-05-08T07:17:03
4061,5101,5364********5287-2319,debit,Mastercard,2030-04,blocked,2025-04-26T23:07:45
4062,5101,4308********7268-411,debit,Visa,2031-04,blocked,2026-04-15T05:03:16
4063,5102,5100********7321-8132,debit,Mastercard,2029-03,expired,2026-03-23T04:54:40
4064,5102,4788********2426-593,debit,Visa,2029-09,active,2025-09-26T17:32:14
4065,5103,3323*******0531-2624,debit,Amex,2030-04,blocked,2026-04-30T07:47:09
4066,5105,4906********2089-84,debit,Visa,2029-04,active,2026-04-01T09:17:44
4067,5106,4661********5161-9322,debit,Visa,2028-04,blocked,2024-04-12T01:32:41
4068,5107,5962********9712-5290,debit,Mastercard,2031-02,active,2026-02-08T03:42:34
4069,5108,5401********6590-3457,debit,Mastercard,2029-02,blocked,2026-02-23T11:18:55
4070,5110,4184********9005-4271,debit,Visa,2030-05,expired,2026-05-13T16:07:37
4071,5111,3287*******6057-3586,debit,Amex,2029-12,active,2025-12-20T00:51:09
4072,5113,5516********8584-2998,credit,Mastercard,2030-05,blocked,2026-05-16T11:48:14
4073,5114,4853********6164-6533,credit,Visa,2031-04,active,2026-04-26T14:20:02
4074,5115,4991********5136-3717,debit,Visa,2031-03,active,2026-03-30T14:05:26
4075,5117,4381********1830-2705,debit,Visa,2031-04,active,2026-04-21T05:51:03
4076,5119,4043********2400-13,debit,Visa,2028-08,active,2024-08-05T01:17:29
4077,5120,4740********6232-1363,debit,Visa,2031-02,expired,2026-02-24T07:27:58
4078,5121,3399*******4436-2207,debit,Amex,2030-05,blocked,2026-05-04T02:29:03
4079,5122,4006********2333-7048,debit,Visa,2029-11,active,2025-11-26T10:08:16
4080,5123,4473********8819-3295,credit,Visa,2030-11,blocked,2025-11-23T11:59:54
4081,5124,5478********7920-6864,debit,Mastercard,2029-08,active,2025-08-12T13:47:03
4082,5125,4781********7409-1783,debit,Visa,2029-05,blocked,2026-05-09T07:16:27
4083,5126,4051********2935-7407,debit,Visa,2029-11,active,2025-11-30T12:38:38
4084,5128,4512********8030-9157,debit,Visa,2029-08,active,2025-08-28T01:45:35
4085,5129,4221********1060-52,debit,Visa,2029-07,expired,2025-07-13T13:56:03
4086,5129,5002********2778-4661,debit,Mastercard,2028-10,active,2025-10-29T13:17:27
4087,5130,4071********2144-157,debit,Visa,2029-01,blocked,2025-01-26T21:55:20
4088,5131,5561********7741-3216,debit,Mastercard,2031-01,active,2026-01-28T09:13:59
4089,5132,4126********9468-3352,debit,Visa,2028-07,active,2025-07-19T19:50:26
4090,5133,4262********3634-9857,credit,Visa,2030-05,active,2026-05-11T23:08:09
4091,5134,4905********4214-2072,debit,Visa,2031-05,active,2026-05-16T10:35:13
4092,5134,5490********5145-8017,debit,Mastercard,2031-05,active,2026-05-14T19:50:42
4093,5135,5708********6054-631,debit,Mastercard,2030-05,blocked,2026-05-13T19:26:35
4094,5136,4197********3594-3311,credit,Visa,2030-05,blocked,2026-05-10T01:10:39
4095,5137,4511********2427-2233,debit,Visa,2030-02,expired,2026-02-05T19:26:30
4096,5138,5690********2052-3839,debit,Mastercard,2028-12,active,2025-12-12T21:25:11
4097,5139,5554********8651-6321,debit,Mastercard,2027-07,blocked,2023-07-12T02:19:27
4098,5140,5119********5720-8464,debit,Mastercard,2031-02,blocked,2026-02-28T03:30:25
4099,5141,4972********8388-4852,debit,Visa,2031-03,expired,2026-03-07T13:59:58
4100,5142,5452********5075-6719,debit,Mastercard,2029-03,blocked,2025-03-23T16:28:18
4101,5145,6749********3590-1051,debit,Discover,2029-10,blocked,2025-10-15T09:01:20
4102,5146,4078********5163-1345,debit,Visa,2030-05,active,2026-05-03T17:42:58
4103,5147,4188********9560-3887,debit,Visa,2031-05,active,2026-05-11T15:44:51
4104,5148,4855********4022-5931,debit,Visa,2028-12,active,2025-12-08T14:39:11
4105,5150,5690********0736-6629,debit,Mastercard,2029-01,blocked,2026-01-12T00:53:30
4106,5151,4353********7229-8522,debit,Visa,2028-10,active,2025-10-28T19:09:13
4107,5152,5714********6981-5336,debit,Mastercard,2029-03,active,2025-03-19T09:28:46
4108,5154,4230********7910-3882,debit,Visa,2030-04,blocked,2026-04-15T14:23:42
4109,5155,5960********5043-8640,debit,Mastercard,2028-06,active,2025-06-23T09:13:32
4110,5157,4795********2146-2856,debit,Visa,2029-05,active,2026-05-09T10:43:40
4111,5159,4095********1138-9143,debit,Visa,2028-08,active,2025-08-16T11:08:20
4112,5160,5532********2588-1102,debit,Mastercard,2030-04,active,2026-04-03T10:17:02
4113,5161,4639********3806-8990,debit,Visa,2030-11,expired,2025-11-17T05:15:27
4114,5162,5094********4700-5710,debit,Mastercard,2030-02,expired,2026-02-23T20:20:40
4115,5163,4191********7498-6266,debit,Visa,2029-05,active,2026-05-16T06:06:35
4116,5166,5673********5354-1003,debit,Mastercard,2028-12,expired,2025-12-02T04:14:49
4117,5166,4029********7916-1473,debit,Visa,2031-04,blocked,2026-04-24T10:18:11
4118,5167,5270********6800-8457,debit,Mastercard,2029-12,blocked,2025-12-28T10:08:38
4119,5169,5403********1584-3389,debit,Mastercard,2030-03,active,2026-03-07T11:08:50
4120,5169,6810********9864-6632,debit,Discover,2029-02,active,2026-02-06T13:26:51
4121,5170,4093********1020-5570,debit,Visa,2031-01,active,2026-01-24T13:37:01
4122,5171,5520********4928-8121,debit,Mastercard,2030-01,blocked,2026-01-22T22:19:52
4123,5171,3660*******7553-7305,debit,Amex,2029-10,blocked,2025-10-19T12:19:36
4124,5172,4888********6851-9182,debit,Visa,2030-05,expired,2026-05-04T18:47:31
4125,5175,5911********9440-9143,debit,Mastercard,2030-10,active,2025-10-07T13:29:48
4126,5176,3748*******7030-963,debit,Amex,2030-05,expired,2026-05-02T05:39:00
4127,5177,4550********2907-4104,debit,Visa,2029-05,active,2026-05-13T10:02:21
4128,5178,4820********2523-9736,debit,Visa,2031-05,active,2026-05-14T11:13:48
4129,5178,5051********8460-7557,debit,Mastercard,2029-05,active,2026-05-08T22:46:15
4130,5179,5248********0606-2026,debit,Mastercard,2030-05,active,2026-05-16T03:28:42
4131,5181,5629********2241-6652,debit,Mastercard,2030-01,blocked,2026-01-08T19:27:31
4132,5182,4871********5321-572,debit,Visa,2031-03,expired,2026-03-03T14:45:09
4133,5183,3466*******9904-1195,debit,Amex,2030-11,blocked,2025-11-03T03:16:58
4134,5184,6312********7830-816,debit,Discover,2028-12,active,2025-12-12T21:55:16
4135,5185,5731********5833-5755,debit,Mastercard,2031-05,active,2026-05-12T02:24:58
4136,5185,5152********6674-3098,debit,Mastercard,2030-05,active,2026-05-16T08:54:08
4137,5186,3345*******8665-1567,debit,Amex,2031-03,expired,2026-03-12T22:09:31
4138,5187,4564********4066-9382,debit,Visa,2029-03,blocked,2026-03-23T02:18:18
4139,5188,4968********7594-7653,debit,Visa,2029-05,active,2026-05-11T08:42:53
4140,5189,6089********4848-4510,debit,Discover,2026-12,active,2022-12-25T00:28:49
4141,5190,5186********5665-3312,debit,Mastercard,2029-05,blocked,2026-05-11T20:33:34
4142,5191,4702********3277-8455,debit,Visa,2029-02,blocked,2026-02-03T16:09:40
4143,5192,5699********5490-6916,debit,Mastercard,2028-08,active,2023-08-21T15:10:25
4144,5193,5168********6173-2826,debit,Mastercard,2029-11,active,2025-11-05T00:52:27
4145,5194,5606********8372-7198,debit,Mastercard,2029-04,expired,2026-04-28T11:54:20
4146,5195,4976********9167-5238,debit,Visa,2028-11,active,2024-11-30T07:30:12
4147,5196,5732********4833-2914,debit,Mastercard,2029-02,active,2026-02-12T15:33:30
4148,5201,5183********2289-5427,debit,Mastercard,2031-03,active,2026-03-08T06:54:48
4149,5204,4563********3102-1248,debit,Visa,2028-12,expired,2025-12-22T03:38:24
4150,5205,4517********5877-7333,debit,Visa,2031-05,blocked,2026-05-02T10:09:07
4151,5206,4549********8996-6972,debit,Visa,2029-04,active,2025-04-03T11:24:14
4152,5206,3077*******4132-6580,debit,Amex,2028-12,active,2024-12-05T07:45:50
4153,5207,4733********9148-605,debit,Visa,2027-09,active,2024-09-01T01:23:07
4154,5208,4644********9311-7142,credit,Visa,2029-04,active,2026-04-16T18:33:46
4155,5210,5240********0707-6125,debit,Mastercard,2031-02,blocked,2026-02-15T12:23:18
4156,5211,4118********0150-9059,debit,Visa,2029-04,active,2026-04-20T21:57:44
4157,5212,5822********9436-8062,debit,Mastercard,2030-02,blocked,2026-02-11T15:30:01
4158,5215,4365********8628-4543,credit,Visa,2029-05,blocked,2024-05-24T15:18:34
4159,5219,5492********7642-5866,debit,Mastercard,2031-05,blocked,2026-05-15T10:11:28
4160,5220,4661********8165-8934,debit,Visa,2031-03,active,2026-03-04T23:19:47
4161,5221,6457********4610-5365,debit,Discover,2028-06,active,2025-06-12T16:20:44
4162,5222,5362********0916-6163,debit,Mastercard,2031-04,active,2026-04-15T10:00:24
4163,5223,5654********9029-1937,debit,Mastercard,2030-08,active,2025-08-12T12:41:03
4164,5223,5303********6355-6440,debit,Mastercard,2029-11,active,2025-11-03T19:43:22
4165,5224,5774********1516-7411,debit,Mastercard,2029-03,blocked,2026-03-25T19:35:56
4166,5226,5354********0807-5245,debit,Mastercard,2028-10,active,2025-10-06T18:34:24
4167,5227,4872********9264-722,debit,Visa,2030-09,blocked,2025-09-02T08:53:49
4168,5228,5166********0599-9942,credit,Mastercard,2029-11,active,2025-11-14T17:58:21
4169,5229,5947********3692-2036,debit,Mastercard,2029-12,active,2025-12-05T19:57:31
4170,5233,4181********0593-3795,debit,Visa,2030-11,expired,2025-11-23T04:40:14
4171,5234,5844********8663-9714,debit,Mastercard,2029-02,expired,2026-02-21T09:33:21
4172,5235,4187********4297-3861,debit,Visa,2027-09,active,2024-09-29T08:56:52
4173,5235,5886********8182-4611,debit,Mastercard,2029-11,active,2024-11-13T23:58:02
4174,5237,4456********7932-9804,debit,Visa,2028-01,active,2024-01-05T01:29:25
4175,5238,5483********6154-5364,debit,Mastercard,2028-12,blocked,2024-12-02T15:54:45
4176,5239,4449********3980-936,debit,Visa,2028-12,active,2025-12-07T05:30:23
4177,5240,3846*******6000-7780,debit,Amex,2028-07,active,2025-07-25T13:05:17
4178,5242,4765********2903-6246,credit,Visa,2029-02,blocked,2024-02-14T10:23:04
4179,5243,4412********2354-2750,debit,Visa,2031-04,blocked,2026-04-07T23:43:38
4180,5244,4755********6880-9502,credit,Visa,2030-05,blocked,2026-05-06T22:38:36
4181,5245,4481********7573-9587,debit,Visa,2029-08,active,2025-08-10T03:33:53
4182,5245,5962********9265-7234,debit,Mastercard,2030-02,active,2026-02-17T14:11:11
4183,5246,4207********2554-1098,debit,Visa,2031-05,blocked,2026-05-13T15:25:15
4184,5247,5067********7937-8862,debit,Mastercard,2028-11,active,2025-11-18T05:51:04
4185,5248,4152********1261-459,debit,Visa,2030-04,blocked,2026-04-26T14:48:38
4186,5249,5053********9035-8112,debit,Mastercard,2030-12,active,2025-12-01T19:17:10
4187,5252,4684********9465-1240,credit,Visa,2029-05,active,2026-05-15T16:14:48
4188,5253,5393********2658-7819,debit,Mastercard,2029-05,active,2026-05-03T15:08:47
4189,5253,4873********9431-6336,debit,Visa,2030-05,active,2026-05-16T10:43:32
4190,5256,6143********8434-3693,debit,Discover,2030-09,active,2025-09-04T14:25:47
4191,5257,5869********9104-1265,debit,Mastercard,2030-02,expired,2026-02-16T07:24:46
4192,5257,5374********0430-1322,debit,Mastercard,2029-04,active,2026-04-20T15:19:49
4193,5258,3953*******5742-4059,debit,Amex,2029-03,active,2025-03-15T05:32:26
4194,5259,3329*******1299-686,debit,Amex,2031-03,expired,2026-03-06T13:36:50
4195,5260,3584*******7254-1187,debit,Amex,2028-05,active,2023-05-16T09:32:14
4196,5260,4342********5569-9888,debit,Visa,2028-08,active,2023-08-31T22:24:39
4197,5264,5029********7267-6409,debit,Mastercard,2030-03,active,2026-03-10T02:34:14
4198,5265,4936********4784-3976,debit,Visa,2031-04,expired,2026-04-24T02:57:26
4199,5266,5299********6573-1640,credit,Mastercard,2027-08,active,2024-08-16T21:33:23
4200,5269,5219********7431-6695,credit,Mastercard,2029-11,active,2025-11-05T09:54:40
4201,5270,4344********5269-3376,debit,Visa,2030-02,expired,2026-02-02T22:43:20
4202,5273,5858********6963-5655,credit,Mastercard,2031-01,expired,2026-01-21T22:44:17
4203,5274,4977********4830-8414,debit,Visa,2030-12,active,2025-12-17T00:01:18
4204,5275,5534********2023-9113,debit,Mastercard,2030-05,active,2026-05-14T11:35:17
4205,5277,3029*******6987-4983,debit,Amex,2029-02,blocked,2025-02-14T08:44:18
4206,5278,4268********0735-3198,debit,Visa,2028-09,active,2025-09-10T10:30:23
4207,5279,4300********0550-5674,credit,Visa,2030-05,blocked,2026-05-11T01:24:55
4208,5280,3029*******4220-9052,debit,Amex,2029-03,active,2025-03-06T20:36:28
4209,5281,5818********6553-7245,debit,Mastercard,2031-02,active,2026-02-21T01:57:22
4210,5282,5248********5969-7797,debit,Mastercard,2030-12,blocked,2025-12-24T19:03:12
4211,5284,5697********7232-2700,debit,Mastercard,2030-02,blocked,2026-02-28T15:16:17
4212,5285,4067********3901-9934,debit,Visa,2031-05,blocked,2026-05-14T06:31:30
4213,5286,5711********7665-2504,debit,Mastercard,2029-01,active,2026-01-21T12:10:11
4214,5287,4000********8408-1518,debit,Visa,2028-05,expired,2025-05-13T15:36:12
4215,5289,5940********8406-8486,debit,Mastercard,2028-06,expired,2025-06-30T05:32:53
4216,5290,5711********3115-7170,credit,Mastercard,2029-08,active,2025-08-27T02:49:40
4217,5291,4311********7086-6799,debit,Visa,2026-10,expired,2022-10-21T20:21:22
4218,5291,5130********1518-4989,debit,Mastercard,2028-10,expired,2023-10-11T04:26:40
4219,5292,4128********2758-4769,debit,Visa,2028-11,active,2025-11-15T07:52:47
4220,5294,4399********7131-4010,debit,Visa,2030-10,active,2025-10-12T03:33:13
4221,5294,4527********2831-2004,debit,Visa,2029-06,blocked,2025-06-01T05:22:32
4222,5295,5778********5531-4122,debit,Mastercard,2028-10,expired,2025-10-27T14:36:36
4223,5296,4535********2402-6801,debit,Visa,2028-09,active,2025-09-18T11:41:36
4224,5300,5664********1747-1746,debit,Mastercard,2027-09,active,2023-09-29T22:07:38
4225,5302,5592********3555-4208,debit,Mastercard,2029-05,active,2026-05-09T03:47:43
4226,5303,4761********8846-5912,debit,Visa,2029-11,expired,2025-11-24T08:10:12
4227,5306,4499********2342-1801,credit,Visa,2030-04,expired,2026-04-03T17:08:29
4228,5307,6397********8508-7758,credit,Discover,2028-11,active,2025-11-17T00:15:11
4229,5309,5528********5660-7083,debit,Mastercard,2028-11,active,2025-11-04T23:08:44
4230,5310,5565********5963-9152,debit,Mastercard,2026-04,expired,2023-04-14T04:45:00
4231,5311,5899********7478-7953,debit,Mastercard,2030-05,blocked,2026-05-11T19:09:10
4232,5312,5536********9974-6759,debit,Mastercard,2031-03,expired,2026-03-03T06:01:02
4233,5313,3436*******5526-2,debit,Amex,2029-01,blocked,2026-01-06T14:16:08
4234,5315,6425********3039-4532,debit,Discover,2031-04,blocked,2026-04-19T14:59:14
4235,5315,5375********4046-416,debit,Mastercard,2028-04,blocked,2025-04-25T05:41:33
4236,5316,4840********3208-3560,debit,Visa,2028-01,active,2024-01-24T06:53:42
4237,5317,5416********4598-171,debit,Mastercard,2029-03,blocked,2026-03-09T16:07:54
4238,5318,4750********1823-4541,debit,Visa,2030-05,expired,2026-05-11T14:27:22
4239,5320,4978********1681-1404,debit,Visa,2028-05,expired,2023-05-08T06:59:34
4240,5321,4299********4398-5627,credit,Visa,2031-01,active,2026-01-11T17:26:29
4241,5322,5523********4268-2621,debit,Mastercard,2029-02,blocked,2025-02-19T15:26:27
4242,5324,4697********4720-2663,debit,Visa,2030-09,blocked,2025-09-04T03:44:19
4243,5326,5047********4462-5067,debit,Mastercard,2031-03,blocked,2026-03-29T16:18:46
4244,5328,3100*******7281-2210,debit,Amex,2029-04,expired,2026-04-26T18:33:38
4245,5329,5945********0522-6794,credit,Mastercard,2030-01,active,2026-01-28T01:11:33
4246,5331,4239********7140-5594,credit,Visa,2031-05,active,2026-05-13T18:39:52
4247,5332,4323********7965-4039,debit,Visa,2029-03,active,2025-03-25T22:44:48
4248,5333,5271********2294-1800,debit,Mastercard,2030-11,blocked,2025-11-28T23:57:17
4249,5334,4878********9755-7298,debit,Visa,2031-04,active,2026-04-17T17:18:29
4250,5335,4843********8615-2619,credit,Visa,2031-02,blocked,2026-02-10T14:47:05
4251,5336,5084********2713-9950,debit,Mastercard,2029-01,active,2026-01-18T15:10:42
4252,5339,5443********1789-981,debit,Mastercard,2028-11,expired,2025-11-25T02:08:22
4253,5340,5635********6633-2795,debit,Mastercard,2029-09,active,2025-09-29T22:37:54
4254,5341,5556********1124-6957,debit,Mastercard,2029-07,active,2025-07-17T05:22:07
4255,5343,5255********0769-63,debit,Mastercard,2030-02,active,2026-02-06T10:23:41
4256,5345,5677********7918-989,credit,Mastercard,2030-06,blocked,2025-06-29T02:01:50
4257,5346,5815********2814-923,debit,Mastercard,2030-09,active,2025-09-19T02:38:16
4258,5347,4369********9507-5802,credit,Visa,2030-04,expired,2025-04-04T00:35:47
4259,5348,5239********7858-7026,credit,Mastercard,2029-02,blocked,2024-02-18T10:39:39
4260,5349,5437********0876-4747,debit,Mastercard,2029-03,active,2026-03-20T08:42:00
4261,5350,5621********1933-6303,debit,Mastercard,2030-01,active,2026-01-20T23:49:47
4262,5351,4098********5588-6638,debit,Visa,2028-06,blocked,2025-06-27T08:33:31
4263,5352,4067********4563-7834,debit,Visa,2029-06,active,2025-06-11T10:35:48
4264,5353,4839********7119-8371,debit,Visa,2031-04,active,2026-04-01T01:39:39
4265,5354,4957********2935-9149,debit,Visa,2031-04,blocked,2026-04-29T18:29:49
4266,5355,4755********6823-4231,debit,Visa,2030-03,blocked,2026-03-09T07:24:41
4267,5357,5277********3250-6758,credit,Mastercard,2031-04,active,2026-04-21T23:06:32
4268,5358,4178********4648-7894,credit,Visa,2029-02,active,2026-02-01T01:39:14
4269,5359,4720********0091-4485,debit,Visa,2028-08,active,2025-08-24T09:34:24
4270,5360,4366********4994-7139,debit,Visa,2030-04,active,2026-04-11T15:35:54
4271,5362,5660********3249-7423,credit,Mastercard,2030-04,blocked,2026-04-25T23:38:02
4272,5364,6000********9691-748,debit,Discover,2028-02,blocked,2025-02-02T02:15:50
4273,5365,6611********4864-8579,debit,Discover,2031-04,active,2026-04-13T13:46:29
4274,5365,4100********6017-3055,debit,Visa,2031-03,active,2026-03-05T08:32:22
4275,5366,4700********7031-7421,debit,Visa,2028-12,active,2025-12-17T00:25:16
4276,5370,5083********3161-4605,debit,Mastercard,2029-03,active,2026-03-08T21:41:50
4277,5370,5568********6677-5746,debit,Mastercard,2028-11,active,2025-11-12T01:13:30
4278,5371,6000********9423-8137,debit,Discover,2028-09,active,2025-09-13T05:51:09
4279,5371,5234********6051-3241,debit,Mastercard,2030-03,active,2026-03-05T12:32:14
4280,5373,4940********9946-6134,debit,Visa,2029-03,active,2026-03-13T19:04:09
4281,5374,4616********6020-7266,debit,Visa,2030-05,active,2026-05-03T10:09:20
4282,5375,4966********4420-1439,debit,Visa,2029-06,blocked,2024-06-21T22:15:44
4283,5378,4552********2726-4480,debit,Visa,2030-02,blocked,2025-02-09T01:12:36
4284,5379,5722********9066-4564,debit,Mastercard,2027-02,expired,2024-02-23T01:19:35
4285,5380,5421********0030-3871,debit,Mastercard,2028-06,blocked,2024-06-02T14:08:04
4286,5383,5322********8324-6884,debit,Mastercard,2028-09,active,2025-09-06T09:18:42
4287,5387,5162********0395-6690,debit,Mastercard,2031-05,active,2026-05-12T19:41:35
4288,5388,5052********6679-8209,credit,Mastercard,2030-05,blocked,2026-05-12T19:22:10
4289,5389,4843********3494-6247,debit,Visa,2030-02,active,2025-02-26T09:38:16
4290,5390,4090********4355-498,debit,Visa,2029-09,expired,2025-09-29T00:20:05
4291,5391,4051********1646-2295,debit,Visa,2029-05,blocked,2026-05-02T17:25:56
4292,5391,5264********2536-5073,debit,Mastercard,2029-04,active,2026-04-04T14:22:55
4293,5392,4096********4581-9448,credit,Visa,2031-03,active,2026-03-22T17:29:03
4294,5393,4791********3527-9782,debit,Visa,2030-04,expired,2026-04-21T13:55:39
4295,5395,5288********9414-8688,debit,Mastercard,2028-08,blocked,2025-08-01T14:24:42
4296,5396,5596********8462-8953,debit,Mastercard,2030-01,blocked,2025-01-21T12:12:03
4297,5397,3642*******8833-2530,debit,Amex,2029-05,active,2025-05-29T22:49:53
4298,5398,4809********7703-5684,debit,Visa,2029-12,blocked,2025-12-09T06:36:36
4299,5399,4246********5077-9388,debit,Visa,2030-05,blocked,2026-05-16T03:41:16
4300,5400,4527********1241-5536,debit,Visa,2030-07,blocked,2025-07-17T05:35:07
4301,5401,4096********2871-5849,debit,Visa,2030-03,active,2026-03-15T09:39:49
4302,5404,4978********5268-7002,debit,Visa,2027-05,active,2024-05-27T20:27:12
4303,5404,5600********7594-1417,debit,Mastercard,2027-05,active,2024-05-17T19:03:32
4304,5405,4597********2963-8207,debit,Visa,2028-06,active,2025-06-14T11:05:51
4305,5409,3408*******0492-9639,debit,Amex,2031-05,blocked,2026-05-15T13:51:07
4306,5410,4142********7080-7957,debit,Visa,2031-03,expired,2026-03-23T14:54:44
4307,5412,5368********3682-2658,debit,Mastercard,2030-03,active,2026-03-03T17:41:33
4308,5412,4468********9289-1166,debit,Visa,2030-12,active,2025-12-23T23:31:09
4309,5415,5724********3138-9884,debit,Mastercard,2030-03,active,2026-03-17T13:26:42
4310,5416,5879********0228-846,debit,Mastercard,2028-02,active,2025-02-12T02:18:44
4311,5417,4263********9009-2972,debit,Visa,2029-08,blocked,2025-08-25T14:43:57
4312,5420,4259********0678-1610,debit,Visa,2030-01,active,2026-01-08T05:06:05
4313,5421,5844********1443-8390,debit,Mastercard,2030-03,expired,2026-03-01T19:42:39
4314,5422,4613********2658-8390,credit,Visa,2028-07,active,2025-07-09T21:43:10
4315,5423,4384********8972-9741,credit,Visa,2031-01,active,2026-01-11T08:49:14
4316,5424,4594********1272-7928,debit,Visa,2031-03,active,2026-03-10T01:13:44
4317,5425,4223********1331-9436,debit,Visa,2030-01,active,2026-01-24T19:36:39
4318,5425,5053********0667-8395,debit,Mastercard,2028-11,blocked,2025-11-23T19:06:56
4319,5428,5332********3685-5442,debit,Mastercard,2030-02,active,2026-02-27T07:40:55
4320,5429,4433********6207-4701,debit,Visa,2031-02,active,2026-02-27T04:03:08
4321,5430,4633********3960-9437,debit,Visa,2030-02,active,2025-02-21T02:06:51
4322,5431,4391********7229-7585,debit,Visa,2028-05,expired,2024-05-18T18:38:26
4323,5432,4960********7816-7304,debit,Visa,2029-12,expired,2024-12-17T04:51:09
4324,5433,6751********7586-8939,debit,Discover,2030-10,blocked,2025-10-05T01:35:08
4325,5434,4338********2331-3077,debit,Visa,2030-10,active,2025-10-25T02:43:15
4326,5434,5185********4428-7003,debit,Mastercard,2028-09,active,2024-09-29T23:32:17
4327,5435,5872********2180-61,debit,Mastercard,2028-12,blocked,2025-12-08T17:34:55
4328,5436,4077********4320-9654,credit,Visa,2030-08,expired,2025-08-07T03:47:27
4329,5437,4636********6095-9099,debit,Visa,2031-03,active,2026-03-10T16:43:42
4330,5437,5950********8805-7717,debit,Mastercard,2030-05,blocked,2026-05-14T21:11:52
4331,5438,4492********4378-9988,debit,Visa,2030-04,expired,2026-04-11T08:35:52
4332,5444,4644********8949-7448,debit,Visa,2029-02,blocked,2026-02-20T12:11:58
4333,5448,5559********5772-7495,debit,Mastercard,2031-02,blocked,2026-02-20T15:26:08
4334,5449,5893********6938-1644,debit,Mastercard,2030-03,active,2026-03-07T11:01:23
4335,5451,5589********4721-9242,debit,Mastercard,2031-02,blocked,2026-02-25T12:31:47
4336,5452,5993********6752-1465,debit,Mastercard,2029-05,blocked,2026-05-13T14:43:10
4337,5453,3035*******6779-4177,debit,Amex,2030-04,blocked,2026-04-24T21:28:14
4338,5454,5271********3499-6688,debit,Mastercard,2029-04,blocked,2026-04-18T00:56:45
4339,5454,5242********3979-447,debit,Mastercard,2030-04,blocked,2026-04-22T15:36:29
4340,5456,5002********2394-9219,debit,Mastercard,2029-05,blocked,2026-05-15T16:28:05
4341,5458,4067********4693-6301,debit,Visa,2028-06,expired,2025-06-15T21:20:37
4342,5460,4215********0782-9577,debit,Visa,2028-04,active,2025-04-06T00:08:18
4343,5460,4534********3853-1569,debit,Visa,2029-01,active,2026-01-15T00:42:50
4344,5462,4560********2414-8756,credit,Visa,2030-03,active,2026-03-18T01:07:49
4345,5464,4872********3157-3006,debit,Visa,2030-11,active,2025-11-01T07:06:25
4346,5466,5900********7653-362,debit,Mastercard,2030-12,active,2025-12-29T05:15:47
4347,5467,3648*******0451-5012,debit,Amex,2028-10,active,2025-10-07T07:23:28
4348,5467,4196********9606-1141,debit,Visa,2030-01,expired,2026-01-08T22:55:31
4349,5468,5358********3312-5205,debit,Mastercard,2031-05,blocked,2026-05-03T20:33:32
4350,5469,5882********9827-2801,debit,Mastercard,2030-04,blocked,2026-04-24T14:30:15
4351,5472,4497********2638-7278,debit,Visa,2029-04,active,2026-04-02T15:11:40
4352,5473,3298*******2436-3319,debit,Amex,2028-09,blocked,2025-09-20T16:32:50
4353,5476,4794********6799-7109,debit,Visa,2028-04,active,2023-04-01T18:12:07
4354,5478,4773********4686-1242,debit,Visa,2028-09,active,2025-09-22T20:25:57
4355,5479,6100********2369-7101,debit,Discover,2029-05,active,2025-05-29T20:21:58
4356,5480,4255********1691-1445,debit,Visa,2031-02,blocked,2026-02-17T07:19:26
4357,5481,4121********8290-5,debit,Visa,2030-09,blocked,2025-09-09T12:57:18
4358,5482,4334********5215-2766,credit,Visa,2031-02,active,2026-02-10T06:34:39
4359,5483,4993********7394-1812,debit,Visa,2027-08,active,2024-08-09T04:35:59
4360,5483,5252********1515-189,debit,Mastercard,2028-12,blocked,2024-12-06T17:26:46
4361,5484,5091********1707-8702,debit,Mastercard,2029-05,active,2026-05-10T00:12:25
4362,5486,5754********9918-839,debit,Mastercard,2030-12,expired,2025-12-23T04:49:24
4363,5488,3762*******5883-3401,debit,Amex,2029-01,blocked,2026-01-19T02:55:26
4364,5489,5585********1735-7254,debit,Mastercard,2031-03,expired,2026-03-28T03:04:52
4365,5489,4618********0931-2850,debit,Visa,2030-04,blocked,2026-04-11T01:49:40
4366,5490,4253********6281-7864,credit,Visa,2030-04,active,2026-04-29T00:18:20
4367,5494,4610********6032-8139,debit,Visa,2027-12,expired,2024-12-12T00:24:24
4368,5495,4611********7348-5212,credit,Visa,2027-04,expired,2024-04-29T00:07:03
4369,5496,4634********5273-2773,debit,Visa,2028-10,expired,2025-10-06T05:38:05
4370,5497,5614********8577-7410,debit,Mastercard,2028-10,active,2025-10-25T08:31:28
4371,5498,4232********4217-7712,debit,Visa,2030-01,blocked,2025-01-12T04:16:28
4372,5498,4739********3429-81,debit,Visa,2031-04,active,2026-04-10T11:49:10
4373,5499,5835********9542-4739,debit,Mastercard,2029-09,active,2024-09-19T08:59:52
4374,5501,5807********4738-9757,debit,Mastercard,2031-03,active,2026-03-19T08:56:11
4375,5503,3301*******2659-4303,debit,Amex,2029-02,blocked,2025-02-27T16:15:35
4376,5504,4233********2161-8508,debit,Visa,2030-06,active,2025-06-13T04:44:05
4377,5505,5879********5845-9940,credit,Mastercard,2029-05,blocked,2026-05-02T01:26:56
4378,5507,4050********3628-3651,debit,Visa,2027-12,active,2023-12-29T05:04:58
4379,5507,5371********2760-8592,debit,Mastercard,2029-07,active,2024-07-29T19:49:44
4380,5508,4440********8570-3673,debit,Visa,2030-01,expired,2026-01-02T21:01:48
4381,5509,5325********4745-2849,debit,Mastercard,2029-04,expired,2026-04-01T01:59:23
4382,5509,4363********7296-993,debit,Visa,2031-03,active,2026-03-20T22:50:31
4383,5511,4416********7419-8241,debit,Visa,2028-10,active,2023-10-14T11:36:09
4384,5512,3047*******6686-8103,debit,Amex,2027-04,expired,2024-04-02T16:35:01
4385,5514,5160********4926-4615,debit,Mastercard,2031-05,active,2026-05-13T07:17:18
4386,5515,5784********0981-7969,debit,Mastercard,2031-05,active,2026-05-03T05:35:22
4387,5516,5261********3258-1402,debit,Mastercard,2029-04,blocked,2026-04-26T18:20:46
4388,5517,4978********4097-1639,debit,Visa,2029-04,active,2025-04-01T07:10:09
4389,5518,4961********9978-7445,debit,Visa,2030-01,active,2026-01-23T02:35:03
4390,5519,4736********3756-3311,debit,Visa,2028-11,blocked,2024-11-20T00:10:18
4391,5520,4630********8289-8512,debit,Visa,2029-03,blocked,2026-03-31T23:18:38
4392,5520,5030********7344-560,debit,Mastercard,2029-05,blocked,2026-05-09T07:56:07
4393,5521,5395********7277-5427,debit,Mastercard,2029-11,active,2025-11-23T04:25:00
4394,5522,5323********4184-6129,debit,Mastercard,2028-11,blocked,2025-11-30T17:56:39
4395,5523,5651********0667-6369,debit,Mastercard,2029-04,active,2025-04-07T15:13:29
4396,5524,4617********7089-2789,debit,Visa,2030-02,active,2026-02-12T11:31:28
4397,5528,4509********7190-2002,debit,Visa,2029-05,blocked,2026-05-01T13:28:30
4398,5529,5517********1254-2661,debit,Mastercard,2031-05,active,2026-05-13T04:13:52
4399,5530,4632********7731-9989,credit,Visa,2029-05,blocked,2026-05-09T21:20:22
4400,5533,4463********3389-5905,debit,Visa,2030-04,active,2026-04-08T13:04:04
4401,5534,4432********1116-574,debit,Visa,2029-05,blocked,2026-05-16T11:53:28
4402,5535,4998********7580-735,debit,Visa,2029-05,active,2025-05-17T09:32:34
4403,5536,4254********1966-8986,debit,Visa,2028-04,blocked,2024-04-30T00:56:12
4404,5541,5637********6211-562,debit,Mastercard,2029-10,blocked,2025-10-13T17:21:42
4405,5543,5505********6828-3638,credit,Mastercard,2030-06,active,2025-06-05T03:03:20
4406,5545,4706********6070-8619,debit,Visa,2031-01,active,2026-01-12T19:47:36
4407,5547,4129********3488-4023,debit,Visa,2027-07,expired,2024-07-17T17:59:29
4408,5548,4881********9698-895,debit,Visa,2028-12,active,2024-12-22T03:58:12
4409,5550,5400********1654-5579,debit,Mastercard,2027-07,active,2024-07-27T16:22:37
4410,5552,5779********0138-2365,debit,Mastercard,2028-07,blocked,2025-07-26T09:23:14
4411,5553,4310********0292-7031,credit,Visa,2030-11,active,2025-11-05T17:14:03
4412,5554,4256********2269-7839,debit,Visa,2031-04,blocked,2026-04-20T08:45:15
4413,5555,4947********3826-7537,debit,Visa,2029-01,active,2025-01-16T04:37:09
4414,5556,4170********7244-2955,debit,Visa,2029-12,active,2024-12-26T00:02:48
4415,5557,5520********5337-5373,debit,Mastercard,2030-02,active,2026-02-02T03:07:56
4416,5558,5929********7431-2686,debit,Mastercard,2030-08,blocked,2025-08-20T22:30:15
4417,5559,4109********1677-6415,debit,Visa,2031-03,active,2026-03-17T03:56:07
4418,5560,4852********5694-4404,debit,Visa,2030-01,blocked,2026-01-17T21:27:09
4419,5560,4100********6378-8965,debit,Visa,2029-01,blocked,2026-01-08T16:22:43
4420,5561,4286********0656-2622,debit,Visa,2029-05,expired,2025-05-09T16:52:26
4421,5562,4786********3297-8634,debit,Visa,2029-02,active,2026-02-27T02:20:08
4422,5563,4158********2562-4451,credit,Visa,2029-05,active,2026-05-11T23:53:23
4423,5564,5053********9465-4841,debit,Mastercard,2030-05,active,2026-05-13T02:22:47
4424,5565,5603********5173-76,debit,Mastercard,2030-06,blocked,2025-06-30T08:44:35
4425,5566,5570********8548-5088,debit,Mastercard,2030-05,expired,2026-05-15T17:37:29
4426,5567,4041********5453-9672,credit,Visa,2030-05,active,2026-05-07T21:36:12
4427,5568,4153********0730-9287,debit,Visa,2029-05,expired,2026-05-03T07:43:09
4428,5569,4838********6307-2525,debit,Visa,2031-04,active,2026-04-29T19:32:19
4429,5570,4815********7202-1400,debit,Visa,2030-06,expired,2025-06-01T13:57:37
4430,5570,5298********9303-7362,debit,Mastercard,2030-07,blocked,2025-07-15T19:56:48
4431,5571,3655*******9505-7735,debit,Amex,2030-04,active,2026-04-01T04:46:58
4432,5573,4199********7482-6953,debit,Visa,2030-09,expired,2025-09-03T00:52:05
4433,5574,4956********8566-6942,debit,Visa,2030-11,active,2025-11-26T17:40:17
4434,5575,3373*******0711-478,credit,Amex,2030-10,active,2025-10-17T20:30:47
4435,5576,5538********6094-3988,debit,Mastercard,2029-02,active,2026-02-03T05:03:48
4436,5578,4251********9776-8898,debit,Visa,2029-05,active,2026-05-07T19:16:25
4437,5580,5704********8556-3200,credit,Mastercard,2029-02,active,2026-02-25T22:40:46
4438,5582,5013********5286-1393,debit,Mastercard,2031-05,expired,2026-05-14T15:19:00
4439,5583,4744********9266-6851,debit,Visa,2030-05,blocked,2026-05-04T13:18:01
4440,5583,3975*******6980-2551,debit,Amex,2029-05,expired,2026-05-16T16:24:28
4441,5584,5771********4260-9750,debit,Mastercard,2029-05,active,2026-05-03T04:08:17
4442,5586,5169********4514-6544,credit,Mastercard,2030-05,active,2026-05-06T00:25:48
4443,5587,5543********6286-2079,debit,Mastercard,2030-01,blocked,2026-01-26T02:20:35
4444,5587,4691********1015-7197,debit,Visa,2031-04,blocked,2026-04-03T06:24:55
4445,5589,4207********0368-915,credit,Visa,2029-01,active,2026-01-07T23:46:06
4446,5590,5795********1809-6087,debit,Mastercard,2029-05,active,2025-05-23T23:53:35
4447,5591,4803********5433-1121,debit,Visa,2029-04,active,2026-04-04T22:29:03
4448,5593,5770********7465-3885,debit,Mastercard,2030-05,active,2025-05-04T10:28:44
4449,5594,5608********6683-1225,debit,Mastercard,2029-03,active,2026-03-14T16:23:30
4450,5594,4255********1585-696,debit,Visa,2029-12,active,2024-12-07T00:09:27
4451,5595,4506********5859-9813,credit,Visa,2029-04,active,2026-04-17T09:33:56
4452,5596,4171********2199-3197,debit,Visa,2031-03,active,2026-03-25T19:00:59
4453,5598,4901********9845-7335,credit,Visa,2030-07,blocked,2025-07-08T02:09:54
4454,5600,5597********7000-542,debit,Mastercard,2029-09,blocked,2025-09-25T05:35:01
4455,5601,5762********7250-2517,debit,Mastercard,2028-08,expired,2025-08-11T12:14:39
4456,5602,5814********9173-9943,debit,Mastercard,2030-10,blocked,2025-10-02T22:16:33
4457,5604,5335********4577-8232,credit,Mastercard,2029-05,active,2025-05-04T02:59:35
4458,5605,5665********4690-3249,credit,Mastercard,2030-08,blocked,2025-08-20T11:50:11
4459,5608,4587********0651-2615,credit,Visa,2027-05,active,2024-05-25T07:47:25
4460,5609,4570********7385-233,credit,Visa,2028-10,active,2025-10-26T18:03:58
4461,5612,4884********3863-3560,credit,Visa,2030-01,blocked,2026-01-16T05:41:42
4462,5613,4235********1958-7448,debit,Visa,2031-05,active,2026-05-01T13:29:28
4463,5614,5218********8829-2901,credit,Mastercard,2031-01,active,2026-01-05T09:46:20
4464,5615,3663*******1278-7433,debit,Amex,2029-05,blocked,2026-05-16T18:06:43
4465,5616,4190********8382-1069,debit,Visa,2030-02,active,2026-02-11T00:10:00
4466,5621,5375********2886-4063,debit,Mastercard,2029-08,blocked,2025-08-09T22:36:37
4467,5622,3970*******8642-6294,debit,Amex,2027-04,active,2024-04-06T08:48:07
4468,5623,5728********9397-8100,debit,Mastercard,2029-01,active,2024-01-04T21:36:46
4469,5624,4573********8885-4989,debit,Visa,2030-11,active,2025-11-22T13:42:16
4470,5625,4105********7840-0,debit,Visa,2028-09,expired,2025-09-28T12:45:11
4471,5626,4352********0117-1240,debit,Visa,2030-01,active,2026-01-13T08:21:22
4472,5628,5598********2876-2740,credit,Mastercard,2030-04,expired,2026-04-21T12:16:12
4473,5629,5151********1533-6065,debit,Mastercard,2031-03,active,2026-03-01T16:56:33
4474,5631,5332********7883-737,debit,Mastercard,2029-03,expired,2025-03-26T23:37:14
4475,5634,4482********1385-9587,debit,Visa,2029-12,blocked,2025-12-29T07:21:48
4476,5635,4853********6375-3806,debit,Visa,2030-12,blocked,2025-12-21T23:13:25
4477,5635,6483********2653-3002,debit,Discover,2028-05,blocked,2025-05-18T23:22:30
4478,5636,5007********7418-3020,debit,Mastercard,2029-02,active,2026-02-09T10:47:04
4479,5637,4216********2103-3794,debit,Visa,2031-05,expired,2026-05-16T15:50:46
4480,5637,4670********2048-3204,debit,Visa,2031-05,expired,2026-05-01T05:56:03
4481,5638,4480********5007-6209,debit,Visa,2031-04,expired,2026-04-13T07:40:11
4482,5639,4581********8782-7390,debit,Visa,2029-12,active,2024-12-10T18:27:32
4483,5641,6913********4719-1315,debit,Discover,2029-05,blocked,2026-05-07T15:21:23
4484,5642,4035********7893-6892,debit,Visa,2026-07,expired,2023-07-25T10:56:18
4485,5643,6992********8373-5641,debit,Discover,2029-12,active,2025-12-28T11:56:45
4486,5644,4543********1413-2822,credit,Visa,2029-05,active,2026-05-16T17:42:12
4487,5645,5263********4642-8815,debit,Mastercard,2029-05,active,2026-05-01T21:00:36
4488,5646,4338********0930-5682,debit,Visa,2029-07,expired,2025-07-17T05:05:06
4489,5649,4447********3440-3972,debit,Visa,2030-01,blocked,2026-01-12T06:26:32
4490,5649,4924********2755-5574,debit,Visa,2031-01,active,2026-01-17T13:07:02
4491,5650,5872********6469-4371,debit,Mastercard,2028-05,blocked,2024-05-04T06:16:39
4492,5651,4474********3469-5939,debit,Visa,2030-01,active,2026-01-07T01:17:24
4493,5652,4393********2710-9748,debit,Visa,2028-08,blocked,2025-08-20T04:31:02
4494,5653,4019********3388-5802,debit,Visa,2030-01,blocked,2026-01-31T04:33:46
4495,5655,4516********6062-6423,credit,Visa,2031-02,active,2026-02-23T17:41:03
4496,5656,5690********0899-4309,debit,Mastercard,2029-03,blocked,2026-03-24T15:08:49
4497,5657,4455********8543-9423,debit,Visa,2031-05,blocked,2026-05-16T03:14:19
4498,5658,5072********4151-8970,debit,Mastercard,2030-04,active,2026-04-28T09:24:08
4499,5659,4045********2004-7151,debit,Visa,2029-08,active,2025-08-12T14:30:21
4500,5660,6270********0105-8582,debit,Discover,2030-02,blocked,2026-02-10T20:10:07
4501,5660,4745********6287-2486,debit,Visa,2028-10,active,2025-10-14T06:04:30
4502,5661,4693********2777-7501,debit,Visa,2029-11,blocked,2024-11-19T18:20:21
4503,5662,5942********7375-3390,debit,Mastercard,2028-11,blocked,2025-11-26T16:20:12
4504,5663,4637********7955-324,debit,Visa,2027-04,active,2024-04-20T15:07:40
4505,5663,5458********0333-5030,debit,Mastercard,2027-06,active,2024-06-11T19:40:26
4506,5664,5024********9892-5296,debit,Mastercard,2029-01,active,2025-01-25T00:59:36
4507,5664,4939********2507-4741,debit,Visa,2029-05,active,2025-05-23T05:25:21
4508,5665,5706********5806-358,debit,Mastercard,2026-11,blocked,2023-11-26T18:22:22
4509,5666,5193********4045-4928,debit,Mastercard,2028-02,active,2023-02-26T14:40:33
4510,5667,4217********2083-3222,debit,Visa,2029-05,blocked,2025-05-17T06:37:09
4511,5669,4560********7068-3583,debit,Visa,2029-07,blocked,2025-07-05T17:51:31
4512,5670,4686********0708-4517,debit,Visa,2029-05,active,2026-05-09T14:15:13
4513,5671,4600********5763-1348,credit,Visa,2029-08,active,2024-08-27T12:19:59
4514,5672,3084*******0942-1960,debit,Amex,2028-05,active,2025-05-13T05:36:44
4515,5674,4884********9092-2294,debit,Visa,2029-02,active,2026-02-11T23:43:09
4516,5675,4070********8747-7200,credit,Visa,2031-01,blocked,2026-01-30T21:29:59
4517,5676,5720********5435-2744,credit,Mastercard,2029-04,active,2026-04-20T09:33:45
4518,5678,4930********0772-3249,debit,Visa,2028-03,expired,2025-03-06T06:32:29
4519,5680,4976********1999-5555,debit,Visa,2029-12,active,2025-12-22T05:51:06
4520,5681,4046********7675-1889,debit,Visa,2028-06,blocked,2023-06-09T01:47:42
4521,5681,4681********5813-2138,debit,Visa,2028-05,active,2025-05-20T19:40:50
4522,5683,4297********2759-2966,credit,Visa,2029-07,blocked,2025-07-31T15:33:46
4523,5685,4381********3032-1979,debit,Visa,2029-08,active,2024-08-20T10:31:50
4524,5686,4776********6396-6089,debit,Visa,2029-12,active,2024-12-25T23:16:22
4525,5686,5883********6281-9527,debit,Mastercard,2029-04,blocked,2026-04-13T04:03:23
4526,5689,4777********2100-725,debit,Visa,2029-04,active,2026-04-29T16:19:31
4527,5691,6111********2281-5686,debit,Discover,2026-08,active,2023-08-05T13:57:06
4528,5691,5558********5614-8907,debit,Mastercard,2026-05,expired,2023-05-02T09:09:12
4529,5693,4402********8844-5797,debit,Visa,2029-08,blocked,2025-08-06T18:23:41
4530,5694,5709********7123-9584,debit,Mastercard,2029-08,expired,2025-08-25T04:11:04
4531,5699,5519********2427-1183,debit,Mastercard,2027-07,blocked,2024-07-24T05:40:50
4532,5699,4723********9320-9987,debit,Visa,2030-06,blocked,2025-06-05T06:16:35
4533,5700,4214********6324-1470,debit,Visa,2027-11,active,2024-11-05T06:06:51
4534,5702,5256********4200-9838,credit,Mastercard,2031-02,active,2026-02-18T22:24:35
4535,5703,5489********7065-4691,debit,Mastercard,2029-05,active,2026-05-10T16:41:09
4536,5705,4141********9354-3638,debit,Visa,2029-08,blocked,2025-08-25T19:10:04
4537,5707,5581********0674-7751,debit,Mastercard,2031-04,blocked,2026-04-07T02:09:47
4538,5709,5589********2036-7011,debit,Mastercard,2030-05,active,2026-05-14T14:05:39
4539,5710,5735********3163-7542,debit,Mastercard,2027-06,expired,2024-06-09T18:29:09
4540,5711,5166********7819-4576,debit,Mastercard,2029-05,active,2024-05-18T04:52:12
4541,5713,4576********3684-7740,debit,Visa,2029-02,expired,2024-02-11T12:12:21
4542,5715,3938*******7543-5941,debit,Amex,2031-05,active,2026-05-13T19:43:59
4543,5715,3383*******0104-1170,debit,Amex,2029-05,active,2026-05-16T16:13:40
4544,5717,4331********2957-2990,debit,Visa,2028-03,active,2025-03-03T18:43:30
4545,5718,4638********0086-5254,debit,Visa,2028-06,active,2025-06-02T17:29:00
4546,5720,4820********7552-7030,credit,Visa,2028-12,expired,2024-12-11T18:12:10
4547,5721,4806********3257-9264,debit,Visa,2029-12,active,2025-12-08T22:40:50
4548,5723,5569********4511-5193,debit,Mastercard,2031-04,active,2026-04-22T01:03:25
4549,5725,5632********7106-3883,credit,Mastercard,2029-01,blocked,2026-01-14T16:36:00
4550,5726,5950********7183-1825,credit,Mastercard,2030-02,active,2026-02-11T16:34:10
4551,5729,5150********4971-9554,debit,Mastercard,2028-05,expired,2025-05-24T19:37:48
4552,5730,4941********2880-1042,debit,Visa,2028-10,blocked,2025-10-31T08:27:45
4553,5731,5644********9550-7470,debit,Mastercard,2028-08,active,2024-08-09T19:51:26
4554,5732,4911********8033-6540,debit,Visa,2028-12,active,2025-12-23T11:24:04
4555,5735,4680********6140-737,debit,Visa,2031-01,blocked,2026-01-13T23:53:57
4556,5736,4906********7137-5726,debit,Visa,2030-05,active,2025-05-16T06:47:21
4557,5737,4471********2004-748,debit,Visa,2031-05,expired,2026-05-15T14:07:10
4558,5738,4314********5014-5456,debit,Visa,2029-01,blocked,2026-01-10T23:49:16
4559,5738,5070********1501-7989,debit,Mastercard,2031-03,blocked,2026-03-12T08:41:17
4560,5739,4549********6223-2857,debit,Visa,2029-10,active,2025-10-21T03:10:58
4561,5740,5059********4537-3942,debit,Mastercard,2029-10,expired,2025-10-29T03:00:23
4562,5741,5942********7957-3058,debit,Mastercard,2031-01,blocked,2026-01-06T12:10:59
4563,5741,5529********0318-6693,debit,Mastercard,2030-11,blocked,2025-11-17T23:16:50
4564,5742,4632********1838-2975,debit,Visa,2030-02,active,2026-02-28T21:01:50
4565,5743,4396********0522-3715,debit,Visa,2031-02,active,2026-02-05T17:07:22
4566,5745,4648********6540-9203,debit,Visa,2029-10,blocked,2024-10-08T08:51:40
4567,5748,5589********8367-7498,debit,Mastercard,2029-04,blocked,2026-04-02T06:12:37
4568,5748,5190********1634-6372,debit,Mastercard,2029-12,active,2025-12-16T19:08:50
4569,5751,5419********6892-8300,debit,Mastercard,2029-05,blocked,2026-05-14T08:47:55
4570,5752,4028********0727-2132,debit,Visa,2030-05,blocked,2026-05-16T17:30:45
4571,5753,4542********1387-7962,debit,Visa,2029-05,blocked,2026-05-11T18:15:34
4572,5755,4677********3524-7671,credit,Visa,2031-04,active,2026-04-03T06:19:46
4573,5756,5238********8840-8334,debit,Mastercard,2028-07,expired,2024-07-04T12:53:18
4574,5757,4507********3655-1379,debit,Visa,2029-02,blocked,2026-02-07T02:09:24
4575,5762,3354*******9772-152,debit,Amex,2029-01,active,2026-01-19T03:27:33
4576,5763,5603********2577-1557,debit,Mastercard,2028-07,blocked,2025-07-30T07:14:02
4577,5765,4488********5393-135,debit,Visa,2029-12,expired,2025-12-14T03:31:56
4578,5766,5664********2145-4340,debit,Mastercard,2029-04,expired,2026-04-05T08:02:48
4579,5767,4627********6658-2440,debit,Visa,2030-04,active,2026-04-06T15:41:25
4580,5768,4495********3598-1491,debit,Visa,2030-01,expired,2026-01-31T06:17:47
4581,5768,4206********4201-645,debit,Visa,2030-01,expired,2026-01-17T07:10:38
4582,5769,5433********5380-5234,debit,Mastercard,2030-03,active,2026-03-10T16:11:48
4583,5770,4804********8842-2304,debit,Visa,2030-08,active,2025-08-31T17:04:55
4584,5770,4885********7718-6073,debit,Visa,2030-08,expired,2025-08-12T09:46:14
4585,5772,5490********9742-9204,debit,Mastercard,2030-03,expired,2026-03-27T04:45:27
4586,5772,4785********3267-5439,debit,Visa,2030-02,active,2026-02-21T10:10:17
4587,5774,4252********2672-717,debit,Visa,2030-05,expired,2026-05-10T17:00:31
4588,5775,3710*******9673-798,credit,Amex,2030-03,active,2026-03-19T11:52:14
4589,5776,4959********3205-6447,credit,Visa,2028-09,active,2025-09-30T05:40:53
4590,5777,4342********8723-9945,debit,Visa,2028-12,active,2025-12-13T00:51:59
4591,5779,4778********7241-3125,debit,Visa,2030-11,active,2025-11-18T00:57:53
4592,5780,5025********0891-2500,credit,Mastercard,2029-02,active,2024-02-19T00:25:21
4593,5781,3673*******7420-2168,debit,Amex,2027-01,active,2024-01-13T10:14:12
4594,5782,4880********4618-3952,debit,Visa,2031-04,expired,2026-04-28T23:59:25
4595,5783,4501********2417-4626,debit,Visa,2029-04,active,2026-04-09T01:30:55
4596,5784,5386********8640-5798,debit,Mastercard,2028-05,expired,2025-05-25T03:51:50
4597,5785,4061********9232-3199,debit,Visa,2030-12,active,2025-12-22T00:20:42
4598,5785,4526********0913-381,debit,Visa,2031-05,active,2026-05-11T19:24:40
4599,5786,4991********7259-9677,debit,Visa,2028-12,blocked,2025-12-08T20:06:31
4600,5787,4311********9123-7354,debit,Visa,2028-12,blocked,2025-12-16T15:02:18
4601,5789,5998********6078-9643,debit,Mastercard,2028-10,active,2024-10-06T19:55:43
4602,5791,5189********2546-9681,credit,Mastercard,2030-07,active,2025-07-28T12:10:02
4603,5792,5439********4243-9077,credit,Mastercard,2027-01,active,2024-01-29T07:47:51
4604,5793,4234********9058-2804,debit,Visa,2030-12,blocked,2025-12-26T04:05:13
4605,5794,4943********2166-4136,debit,Visa,2027-07,blocked,2024-07-13T15:34:35
4606,5794,4779********6306-4998,debit,Visa,2031-02,blocked,2026-02-07T02:16:46
4607,5796,5210********2941-6408,debit,Mastercard,2031-02,active,2026-02-24T12:26:43
4608,5799,4844********7071-8038,debit,Visa,2028-06,expired,2023-06-26T04:36:22
4609,5801,3999*******8992-6636,debit,Amex,2028-06,active,2025-06-21T18:08:23
4610,5802,4915********3835-8467,debit,Visa,2029-03,expired,2026-03-13T17:16:36
4611,5804,4298********7352-9112,credit,Visa,2030-06,active,2025-06-14T05:27:26
4612,5805,4267********6411-8117,debit,Visa,2029-02,active,2026-02-24T14:03:19
4613,5808,4878********6754-8899,credit,Visa,2030-05,active,2026-05-02T11:10:55
4614,5809,4696********7008-5617,debit,Visa,2029-06,active,2025-06-07T03:34:18
4615,5810,5780********5328-378,debit,Mastercard,2029-03,blocked,2025-03-16T20:18:29
4616,5811,4757********0461-9869,debit,Visa,2029-07,blocked,2025-07-19T10:40:33
4617,5812,4351********9646-3626,debit,Visa,2029-03,blocked,2026-03-06T15:42:02
4618,5813,5011********7140-5641,debit,Mastercard,2029-04,blocked,2026-04-28T02:56:42
4619,5814,5644********2168-5389,debit,Mastercard,2027-09,active,2024-09-23T03:37:15
4620,5815,5138********3800-8308,credit,Mastercard,2029-10,blocked,2024-10-29T00:16:54
4621,5816,3212*******7974-6904,debit,Amex,2028-02,expired,2024-02-28T07:58:49
4622,5817,4108********3342-5807,debit,Visa,2029-05,expired,2025-05-28T18:54:52
4623,5817,4803********2801-8118,debit,Visa,2030-12,blocked,2025-12-09T16:02:21
4624,5818,6499********9193-5844,debit,Discover,2030-07,blocked,2025-07-06T17:13:11
4625,5820,5671********6612-3572,debit,Mastercard,2031-02,blocked,2026-02-04T10:15:38
4626,5821,5565********9018-2607,debit,Mastercard,2028-10,blocked,2025-10-06T11:35:12
4627,5824,4358********8544-5286,debit,Visa,2029-06,active,2025-06-06T22:59:46
4628,5825,4087********7353-5967,debit,Visa,2029-05,active,2026-05-04T18:54:52
4629,5826,4585********4734-3246,debit,Visa,2030-01,active,2026-01-20T01:43:04
4630,5827,4500********1074-1649,debit,Visa,2030-12,active,2025-12-13T02:06:12
4631,5828,3042*******8485-9934,debit,Amex,2030-09,active,2025-09-12T18:14:17
4632,5829,4233********3982-8886,debit,Visa,2028-08,active,2024-08-18T05:39:39
4633,5830,4876********9768-5335,debit,Visa,2027-10,active,2024-10-21T19:40:34
4634,5831,5262********1833-5347,credit,Mastercard,2028-04,expired,2025-04-02T03:40:22
4635,5832,4851********0084-5897,debit,Visa,2030-01,active,2025-01-17T04:11:36
4636,5833,4624********4203-7860,credit,Visa,2029-04,blocked,2026-04-15T06:59:53
4637,5834,4353********9964-9947,debit,Visa,2029-04,active,2026-04-27T18:36:37
4638,5835,4378********0081-2456,credit,Visa,2028-12,blocked,2025-12-26T05:45:37
4639,5837,5235********9126-2499,debit,Mastercard,2029-03,active,2026-03-25T07:08:14
4640,5838,5439********2549-2485,debit,Mastercard,2028-12,active,2023-12-19T02:34:20
4641,5840,5636********1955-4973,credit,Mastercard,2027-12,blocked,2023-12-28T11:33:30
4642,5842,4884********9552-7627,debit,Visa,2028-12,expired,2025-12-03T09:19:24
4643,5843,4683********0662-8269,debit,Visa,2031-01,active,2026-01-13T04:28:56
4644,5844,5400********9174-8821,debit,Mastercard,2029-02,expired,2026-02-22T18:49:07
4645,5845,4317********2113-3395,debit,Visa,2030-11,blocked,2025-11-05T00:20:25
4646,5847,4621********4191-6942,debit,Visa,2029-09,expired,2025-09-15T12:00:45
4647,5848,3752*******8508-391,debit,Amex,2028-09,active,2025-09-02T10:37:24
4648,5850,3401*******4813-3495,debit,Amex,2029-05,active,2026-05-06T13:26:57
4649,5852,4255********0818-5266,debit,Visa,2030-06,active,2025-06-11T18:29:22
4650,5853,4112********5070-3223,debit,Visa,2031-03,active,2026-03-30T15:16:35
4651,5854,4128********1954-8219,debit,Visa,2031-04,blocked,2026-04-30T21:55:46
4652,5857,5841********7473-3754,debit,Mastercard,2028-12,blocked,2025-12-09T11:31:38
4653,5858,5264********1645-6440,debit,Mastercard,2031-05,expired,2026-05-11T22:39:17
4654,5859,4409********6596-5238,credit,Visa,2030-07,blocked,2025-07-03T00:24:50
4655,5862,4873********8769-1666,debit,Visa,2029-04,blocked,2026-04-11T04:54:53
4656,5862,5205********7804-1618,debit,Mastercard,2031-02,active,2026-02-18T16:48:47
4657,5863,4807********5334-197,debit,Visa,2029-05,blocked,2026-05-11T19:20:16
4658,5863,6829********5161-5024,debit,Discover,2029-04,blocked,2026-04-08T12:33:17
4659,5864,5660********9157-2613,debit,Mastercard,2029-05,active,2026-05-08T23:06:13
4660,5865,6347********5381-9531,debit,Discover,2031-04,active,2026-04-29T12:12:07
4661,5866,4883********6861-6228,debit,Visa,2031-04,active,2026-04-22T22:24:38
4662,5867,4970********4846-8924,debit,Visa,2029-04,active,2026-04-26T23:44:59
4663,5868,4286********1632-1340,debit,Visa,2025-09,expired,2022-09-21T14:09:36
4664,5869,5737********2644-7525,debit,Mastercard,2031-05,active,2026-05-03T03:06:16
4665,5870,5608********5439-2578,debit,Mastercard,2029-05,active,2025-05-24T02:03:19
4666,5871,5902********5910-2361,credit,Mastercard,2029-02,active,2025-02-16T19:41:52
4667,5872,3122*******3930-5395,credit,Amex,2029-11,active,2025-11-01T23:07:37
4668,5873,5433********8098-3793,debit,Mastercard,2029-02,blocked,2026-02-19T09:19:01
4669,5874,4546********8551-3857,debit,Visa,2026-11,active,2023-11-16T05:04:19
4670,5875,4733********4430-5903,debit,Visa,2030-05,blocked,2026-05-16T05:29:30
4671,5876,3783*******8027-3813,debit,Amex,2029-07,active,2025-07-24T21:58:12
4672,5877,3854*******7977-135,credit,Amex,2029-05,expired,2026-05-05T00:11:32
4673,5879,3057*******5984-9900,credit,Amex,2031-04,expired,2026-04-28T20:38:51
4674,5881,4753********3221-7981,debit,Visa,2030-02,blocked,2026-02-23T01:47:11
4675,5881,4000********3842-6557,debit,Visa,2029-01,blocked,2026-01-18T18:57:59
4676,5882,4334********2089-8023,credit,Visa,2030-09,active,2025-09-06T22:52:58
4677,5883,4242********1357-72,debit,Visa,2028-07,active,2025-07-19T03:11:43
4678,5886,4691********8808-6755,credit,Visa,2030-01,blocked,2026-01-26T18:24:15
4679,5887,4131********0994-6767,debit,Visa,2030-03,expired,2026-03-19T07:55:38
4680,5889,5080********0426-9935,debit,Mastercard,2029-04,blocked,2026-04-13T15:53:21
4681,5890,5047********1351-6243,credit,Mastercard,2031-05,blocked,2026-05-05T19:02:02
4682,5891,5238********3575-5303,debit,Mastercard,2031-05,expired,2026-05-10T09:10:17
4683,5892,4793********4537-9117,debit,Visa,2030-06,blocked,2025-06-19T11:27:39
4684,5893,4313********8741-8740,debit,Visa,2029-04,active,2026-04-11T11:32:45
4685,5894,4950********4885-6046,debit,Visa,2029-09,active,2024-09-15T12:27:49
4686,5895,5395********3667-188,credit,Mastercard,2029-02,blocked,2026-02-18T06:10:52
4687,5897,6534********2657-5446,debit,Discover,2030-04,active,2026-04-30T11:02:34
4688,5898,6639********6341-5998,debit,Discover,2031-04,active,2026-04-21T23:44:35
4689,5900,5611********8234-9397,debit,Mastercard,2028-12,active,2025-12-20T04:54:51
4690,5901,4401********5848-6537,debit,Visa,2029-05,expired,2026-05-06T20:08:05
4691,5902,4859********6130-719,debit,Visa,2029-06,active,2025-06-02T16:58:01
4692,5902,5399********2521-1591,debit,Mastercard,2030-05,active,2025-05-22T07:41:07
4693,5904,4912********1529-1980,credit,Visa,2030-01,blocked,2025-01-14T03:06:58
4694,5906,4148********2515-6991,debit,Visa,2029-06,blocked,2025-06-14T21:27:06
4695,5909,5067********2376-3023,credit,Mastercard,2031-03,blocked,2026-03-05T16:09:23
4696,5910,5428********9824-9122,debit,Mastercard,2028-07,blocked,2025-07-10T02:04:23
4697,5911,5881********2094-1134,debit,Mastercard,2030-04,active,2026-04-26T18:11:23
4698,5912,5650********9053-6500,debit,Mastercard,2028-09,expired,2025-09-10T17:54:08
4699,5913,5771********9372-6341,debit,Mastercard,2030-05,blocked,2026-05-15T10:58:15
4700,5914,4828********3601-4267,debit,Visa,2030-08,active,2025-08-11T16:28:49
4701,5916,4380********5597-9329,debit,Visa,2029-05,active,2026-05-01T17:13:40
4702,5917,5790********7178-7401,debit,Mastercard,2030-11,active,2025-11-23T11:54:53
4703,5918,4413********8871-7853,debit,Visa,2029-05,blocked,2026-05-05T15:45:27
4704,5920,4120********4253-6197,credit,Visa,2031-02,active,2026-02-12T13:19:08
4705,5925,4611********8843-8039,debit,Visa,2028-10,blocked,2025-10-07T02:04:25
4706,5926,5704********7940-6573,debit,Mastercard,2030-04,expired,2026-04-13T19:00:58
4707,5927,4850********4081-8852,debit,Visa,2028-10,active,2025-10-18T00:49:31
4708,5928,4596********9230-3239,debit,Visa,2029-03,blocked,2026-03-04T06:51:18
4709,5929,5535********6888-8826,debit,Mastercard,2029-05,active,2025-05-31T21:01:11
4710,5930,4816********2459-7237,debit,Visa,2030-05,blocked,2026-05-03T21:41:01
4711,5931,3503*******3697-7159,debit,Amex,2028-05,active,2025-05-28T07:13:40
4712,5932,5193********4200-9652,debit,Mastercard,2027-03,expired,2023-03-25T11:06:36
4713,5933,4634********3195-5328,debit,Visa,2030-04,blocked,2026-04-24T05:19:01
4714,5934,5956********3346-9324,debit,Mastercard,2030-04,active,2026-04-20T03:17:16
4715,5936,4794********3297-5839,debit,Visa,2031-01,active,2026-01-18T11:03:31
4716,5937,5396********7727-9501,debit,Mastercard,2030-07,expired,2025-07-15T12:32:18
4717,5938,4586********7015-9587,debit,Visa,2030-02,active,2026-02-23T18:34:19
4718,5939,5227********7055-1635,debit,Mastercard,2030-11,blocked,2025-11-06T16:17:55
4719,5940,4253********1236-6377,debit,Visa,2031-03,blocked,2026-03-03T05:04:09
4720,5941,5781********3804-7178,debit,Mastercard,2028-03,blocked,2025-03-05T01:03:47
4721,5942,5561********3589-1336,debit,Mastercard,2028-06,active,2023-06-27T04:17:16
4722,5943,5005********7746-6477,debit,Mastercard,2030-05,active,2026-05-13T22:38:54
4723,5943,4142********1712-8456,debit,Visa,2030-08,active,2025-08-30T15:54:54
4724,5944,5348********8517-1196,debit,Mastercard,2031-05,blocked,2026-05-15T19:56:45
4725,5944,4662********9563-2305,debit,Visa,2030-04,active,2026-04-16T21:01:49
4726,5945,4009********0992-4510,debit,Visa,2031-05,blocked,2026-05-11T23:01:48
4727,5946,6183********0419-7089,debit,Discover,2030-12,active,2025-12-16T02:00:30
4728,5948,5159********4208-3897,debit,Mastercard,2031-04,active,2026-04-27T01:38:24
4729,5949,4063********7840-8969,debit,Visa,2029-04,active,2026-04-25T09:28:20
4730,5950,4867********5817-8061,debit,Visa,2030-08,active,2025-08-14T17:51:57
4731,5950,5988********0809-8443,debit,Mastercard,2029-03,active,2025-03-13T21:14:35
4732,5951,4017********9098-4386,debit,Visa,2030-12,active,2025-12-28T17:18:37
4733,5952,4573********8534-7355,debit,Visa,2029-05,active,2025-05-15T00:02:20
4734,5953,4412********1087-8623,debit,Visa,2031-01,expired,2026-01-11T03:36:13
4735,5953,4435********5369-8686,debit,Visa,2029-04,blocked,2026-04-21T15:26:22
4736,5954,4702********3056-1932,debit,Visa,2030-05,active,2025-05-25T14:51:49
4737,5955,4394********9245-3782,debit,Visa,2030-01,active,2026-01-10T23:58:28
4738,5955,5366********8813-9874,debit,Mastercard,2029-04,active,2026-04-01T17:24:09
4739,5957,4592********4609-7518,debit,Visa,2030-01,active,2026-01-03T12:41:13
4740,5958,4071********7951-394,debit,Visa,2028-10,blocked,2025-10-12T00:23:48
4741,5959,5555********2988-7914,debit,Mastercard,2029-03,active,2025-03-19T14:37:57
4742,5960,5593********9333-7064,debit,Mastercard,2030-01,active,2026-01-20T22:09:39
4743,5963,5911********0360-7045,debit,Mastercard,2030-10,blocked,2025-10-04T11:01:03
4744,5963,4271********9834-6311,debit,Visa,2031-01,active,2026-01-03T19:40:45
4745,5964,5382********7067-8195,credit,Mastercard,2031-02,blocked,2026-02-09T16:00:23
4746,5966,5482********9276-4746,debit,Mastercard,2031-04,blocked,2026-04-12T14:58:01
4747,5967,5784********1836-9373,debit,Mastercard,2028-08,expired,2024-08-31T09:19:49
4748,5968,4510********4308-8435,debit,Visa,2029-09,active,2025-09-03T22:42:06
4749,5968,5019********6080-8463,debit,Mastercard,2030-02,active,2026-02-23T05:43:08
4750,5969,4972********2673-6819,debit,Visa,2030-03,expired,2026-03-30T07:05:48
4751,5972,5503********0084-4731,debit,Mastercard,2030-09,blocked,2025-09-06T09:36:51
4752,5973,5720********9834-1028,debit,Mastercard,2030-11,active,2025-11-08T21:38:00
4753,5974,4328********5981-4870,debit,Visa,2027-12,blocked,2024-12-03T17:42:33
4754,5974,4003********7168-6662,debit,Visa,2027-09,blocked,2023-09-29T19:11:12
4755,5976,4589********9639-1003,debit,Visa,2027-08,active,2023-08-20T07:04:51
4756,5977,5777********2741-6614,debit,Mastercard,2029-05,blocked,2026-05-12T23:10:56
4757,5978,4285********2387-3613,debit,Visa,2031-02,blocked,2026-02-14T21:28:13
4758,5979,4129********4089-9570,debit,Visa,2028-04,blocked,2024-04-23T07:30:47
4759,5981,5196********4317-4015,debit,Mastercard,2030-07,active,2025-07-07T18:56:36
4760,5982,5899********3221-2954,debit,Mastercard,2029-05,blocked,2026-05-06T12:45:17
4761,5983,4453********5162-7157,debit,Visa,2028-10,expired,2025-10-31T03:30:49
4762,5983,4762********0853-9607,debit,Visa,2030-04,blocked,2025-04-27T01:33:09
4763,5984,3581*******3869-2843,debit,Amex,2030-04,active,2026-04-16T00:47:59
4764,5985,4661********6251-6129,debit,Visa,2029-03,blocked,2026-03-23T22:11:18
4765,5986,5771********3214-9066,debit,Mastercard,2029-08,active,2025-08-11T20:48:00
4766,5987,4980********8821-8199,debit,Visa,2029-02,active,2026-02-02T07:50:26
4767,5988,5241********0754-5959,debit,Mastercard,2028-04,active,2024-04-24T14:58:56
4768,5990,5079********0859-3858,debit,Mastercard,2030-10,active,2025-10-26T08:13:49
4769,5991,5714********1974-6268,credit,Mastercard,2031-04,active,2026-04-26T07:03:44
4770,5992,5497********7384-5530,debit,Mastercard,2031-02,active,2026-02-20T10:50:37
4771,5993,4854********5525-8003,debit,Visa,2028-11,blocked,2024-11-04T04:06:35
4772,5994,3655*******1233-5344,debit,Amex,2030-07,active,2025-07-02T02:55:12
4773,5995,5228********5101-5419,debit,Mastercard,2030-04,active,2026-04-02T12:42:48
4774,5996,5414********5033-2093,debit,Mastercard,2028-04,blocked,2025-04-10T08:12:02
4775,5999,5438********1220-9142,debit,Mastercard,2029-08,active,2025-08-29T10:33:53
4776,6002,4329********3871-2638,debit,Visa,2028-09,expired,2024-09-20T05:18:54
4777,6003,4858********0731-6884,debit,Visa,2029-07,active,2024-07-03T12:51:21
4778,6005,3655*******2250-2198,debit,Amex,2029-01,blocked,2026-01-31T19:49:08
4779,6006,5219********1804-8876,debit,Mastercard,2030-05,active,2026-05-16T16:46:59
4780,6007,3475*******3133-2019,debit,Amex,2029-05,active,2026-05-14T12:02:02
4781,6008,3496*******6837-3558,credit,Amex,2030-04,blocked,2026-04-29T19:56:06
4782,6009,4206********9376-8831,debit,Visa,2030-03,blocked,2026-03-18T18:18:13
4783,6011,5471********3900-8043,debit,Mastercard,2029-02,active,2025-02-17T16:01:30
4784,6012,4219********4659-1010,debit,Visa,2029-02,active,2026-02-13T16:16:54
4785,6012,4061********5039-376,debit,Visa,2029-03,active,2026-03-31T02:09:38
4786,6013,4805********1698-6929,credit,Visa,2029-03,active,2026-03-20T17:45:45
4787,6014,5358********9316-4720,debit,Mastercard,2027-10,blocked,2024-10-31T12:27:49
4788,6015,4707********0132-7160,debit,Visa,2029-05,blocked,2026-05-09T08:00:01
4789,6016,3903*******0625-8798,debit,Amex,2027-02,blocked,2023-02-22T06:36:42
4790,6017,5889********6681-1599,debit,Mastercard,2030-04,expired,2026-04-14T01:39:20
4791,6018,4526********5386-2222,debit,Visa,2030-09,active,2025-09-24T03:36:53
4792,6019,5198********5758-9168,debit,Mastercard,2030-04,active,2025-04-13T12:52:17
4793,6020,4031********8802-9941,debit,Visa,2028-10,active,2025-10-05T07:26:05
4794,6021,4623********2573-3592,debit,Visa,2031-02,active,2026-02-21T00:58:53
4795,6022,4405********6033-9252,credit,Visa,2029-02,active,2026-02-09T10:32:50
4796,6023,5743********5766-2776,debit,Mastercard,2031-01,blocked,2026-01-29T11:19:04
4797,6024,4373********1945-6151,debit,Visa,2028-12,blocked,2025-12-22T21:18:03
4798,6025,3819*******8362-2153,debit,Amex,2028-11,blocked,2024-11-20T13:28:03
4799,6025,3921*******7417-4596,debit,Amex,2028-09,blocked,2024-09-26T22:35:56
4800,6027,4879********9392-1359,debit,Visa,2027-12,active,2023-12-18T02:42:26
4801,6028,4981********4012-5995,debit,Visa,2027-10,active,2024-10-20T02:59:55
4802,6029,4699********9816-9535,debit,Visa,2030-04,active,2026-04-07T05:04:53
4803,6030,4982********5103-9872,debit,Visa,2029-03,active,2026-03-22T17:38:29
4804,6031,4386********9767-9546,debit,Visa,2030-03,active,2026-03-12T14:18:51
4805,6031,5423********3967-1354,debit,Mastercard,2029-02,expired,2026-02-10T23:44:51
4806,6032,5614********5566-2354,debit,Mastercard,2028-11,active,2025-11-08T18:16:47
4807,6033,5250********9497-9965,credit,Mastercard,2030-07,active,2025-07-19T13:42:32
4808,6034,5727********7072-5027,debit,Mastercard,2029-03,blocked,2026-03-27T20:45:17
4809,6035,4662********1689-474,debit,Visa,2028-05,blocked,2025-05-31T10:55:02
4810,6036,3042*******3657-1147,debit,Amex,2029-10,blocked,2025-10-05T23:09:58
4811,6037,5985********6390-4337,debit,Mastercard,2029-08,blocked,2025-08-02T03:08:27
4812,6038,3183*******5483-9285,debit,Amex,2027-04,expired,2024-04-30T16:53:37
4813,6040,4972********8857-2607,debit,Visa,2029-10,active,2024-10-04T08:41:17
4814,6041,4279********3038-4450,debit,Visa,2028-07,active,2023-07-21T10:48:51
4815,6042,5823********6443-4608,debit,Mastercard,2029-05,active,2026-05-07T23:56:03
4816,6042,4750********1022-2329,debit,Visa,2030-05,active,2026-05-07T19:20:33
4817,6047,5794********1308-9225,debit,Mastercard,2029-10,expired,2025-10-14T23:30:48
4818,6048,4944********7614-4727,debit,Visa,2030-08,active,2025-08-01T10:10:34
4819,6049,5531********5122-2982,debit,Mastercard,2030-05,active,2025-05-15T18:42:01
4820,6050,4276********5184-6754,debit,Visa,2030-01,blocked,2026-01-20T19:26:59
4821,6051,4982********0426-1011,debit,Visa,2030-04,active,2026-04-19T08:13:10
4822,6051,5887********9440-6631,debit,Mastercard,2031-03,active,2026-03-03T11:33:26
4823,6052,4307********1795-8387,debit,Visa,2030-05,active,2026-05-08T01:13:59
4824,6052,5876********0017-5196,debit,Mastercard,2028-12,blocked,2025-12-29T01:20:13
4825,6053,5972********1734-7413,debit,Mastercard,2031-05,expired,2026-05-13T10:39:40
4826,6054,4516********9388-977,debit,Visa,2030-04,expired,2026-04-08T03:51:53
4827,6056,4741********8009-1813,debit,Visa,2031-04,active,2026-04-14T20:13:06
4828,6057,4504********4756-332,debit,Visa,2031-04,active,2026-04-18T08:23:52
4829,6059,3860*******8789-287,debit,Amex,2028-07,blocked,2025-07-29T00:23:53
4830,6060,4739********0477-1950,debit,Visa,2028-12,active,2024-12-20T03:49:18
4831,6061,5603********9360-6264,debit,Mastercard,2028-08,blocked,2025-08-29T18:30:55
4832,6062,5205********5855-7388,debit,Mastercard,2030-05,active,2026-05-06T10:17:43
4833,6063,4299********8220-4925,debit,Visa,2028-08,blocked,2025-08-27T14:56:08
4834,6064,4220********5904-8406,debit,Visa,2029-05,active,2026-05-14T07:15:40
4835,6065,5137********0406-6615,debit,Mastercard,2027-03,expired,2024-03-24T15:54:49
4836,6067,3697*******4563-6687,debit,Amex,2029-10,active,2025-10-07T03:06:06
4837,6068,5959********0214-6637,debit,Mastercard,2031-05,expired,2026-05-16T03:40:58
4838,6069,3156*******6086-3998,debit,Amex,2028-10,blocked,2025-10-26T09:56:46
4839,6070,4059********5754-8862,debit,Visa,2030-04,active,2026-04-19T07:26:07
4840,6071,5183********7001-4830,debit,Mastercard,2030-12,active,2025-12-16T22:58:13
4841,6072,5482********9987-9496,debit,Mastercard,2029-12,active,2025-12-02T08:30:26
4842,6073,5504********8222-3224,debit,Mastercard,2030-04,expired,2026-04-05T11:46:38
4843,6075,3136*******6088-1590,debit,Amex,2030-08,blocked,2025-08-28T20:12:36
4844,6078,3682*******2461-3507,debit,Amex,2030-04,active,2026-04-09T15:36:26
4845,6079,5020********9729-3599,debit,Mastercard,2029-05,active,2026-05-01T15:25:59
4846,6081,4884********6955-3361,debit,Visa,2031-03,blocked,2026-03-04T06:37:39
4847,6083,5381********3263-3729,debit,Mastercard,2030-03,blocked,2026-03-29T22:51:18
4848,6085,5451********2843-8881,credit,Mastercard,2028-06,active,2025-06-15T14:27:13
4849,6086,5606********9174-5653,credit,Mastercard,2030-05,active,2026-05-10T02:10:19
4850,6088,4457********5675-6861,debit,Visa,2030-05,active,2026-05-15T20:17:06
4851,6089,5929********2590-6706,debit,Mastercard,2031-04,active,2026-04-28T07:07:03
4852,6089,6062********7710-1284,debit,Discover,2029-05,active,2026-05-16T10:27:41
4853,6090,5201********3491-6829,debit,Mastercard,2029-05,blocked,2026-05-16T14:53:25
4854,6090,4038********1294-552,debit,Visa,2030-05,blocked,2026-05-16T17:48:18
4855,6091,4181********7082-859,debit,Visa,2029-11,active,2024-11-30T18:49:47
4856,6092,5234********7696-7408,debit,Mastercard,2030-02,expired,2026-02-18T00:12:37
4857,6093,3314*******7919-2147,debit,Amex,2026-12,blocked,2023-12-17T23:43:28
4858,6093,6636********1147-2683,debit,Discover,2030-08,blocked,2025-08-20T06:09:56
4859,6094,4816********0970-5159,debit,Visa,2030-02,blocked,2026-02-14T21:37:54
4860,6095,4668********7347-421,debit,Visa,2031-05,blocked,2026-05-10T09:03:05
4861,6095,5697********1094-8719,debit,Mastercard,2030-05,blocked,2026-05-04T05:24:17
4862,6099,4928********9382-6980,debit,Visa,2029-02,active,2026-02-06T21:13:53
4863,6102,4391********4148-9352,debit,Visa,2029-02,active,2024-02-03T05:17:33
4864,6102,4000********3385-9597,debit,Visa,2027-02,active,2024-02-06T01:11:09
4865,6103,5649********2366-6894,debit,Mastercard,2031-05,active,2026-05-07T10:52:38
4866,6104,5077********8538-164,debit,Mastercard,2030-04,blocked,2026-04-29T21:09:21
4867,6105,4791********1599-5089,debit,Visa,2030-05,blocked,2026-05-08T19:41:09
4868,6106,4943********8560-9950,debit,Visa,2030-03,blocked,2025-03-24T05:11:30
4869,6107,4184********8569-1159,debit,Visa,2030-02,active,2026-02-27T09:26:59
4870,6107,5164********7270-5475,debit,Mastercard,2031-04,active,2026-04-10T11:20:42
4871,6108,5849********4002-5492,debit,Mastercard,2029-04,active,2026-04-19T23:24:29
4872,6110,4206********8233-1148,debit,Visa,2030-03,expired,2025-03-31T21:04:43
4873,6110,5715********6564-2502,debit,Mastercard,2029-06,active,2025-06-03T19:21:14
4874,6111,5304********5967-7840,debit,Mastercard,2030-04,blocked,2026-04-24T13:57:40
4875,6111,4030********7656-9021,debit,Visa,2031-03,active,2026-03-10T17:41:29
4876,6112,4198********4108-9935,debit,Visa,2029-03,active,2026-03-22T02:54:30
4877,6113,4511********5742-5520,debit,Visa,2028-12,active,2025-12-21T08:36:59
4878,6115,3766*******4939-6573,debit,Amex,2027-11,blocked,2024-11-08T04:20:34
4879,6116,3080*******0755-8958,debit,Amex,2028-11,blocked,2025-11-22T12:16:45
4880,6117,5814********2499-9446,debit,Mastercard,2030-05,active,2026-05-13T00:23:37
4881,6118,4537********4798-7143,debit,Visa,2030-04,active,2026-04-07T23:30:34
4882,6119,5004********3612-7851,debit,Mastercard,2030-04,blocked,2026-04-28T15:07:33
4883,6120,4272********7715-937,debit,Visa,2030-05,active,2026-05-04T09:48:04
4884,6121,4554********8418-3402,debit,Visa,2030-04,active,2026-04-15T17:45:56
4885,6126,5223********8867-8987,credit,Mastercard,2030-04,blocked,2026-04-25T15:51:51
4886,6127,5544********5433-5810,debit,Mastercard,2028-11,active,2025-11-03T05:56:11
4887,6128,4821********4162-3814,debit,Visa,2029-04,expired,2024-04-14T17:59:52
4888,6129,4090********5876-7444,debit,Visa,2029-07,blocked,2025-07-08T10:34:23
4889,6130,5998********3675-3885,debit,Mastercard,2029-04,active,2026-04-10T13:18:53
4890,6132,4397********9284-193,debit,Visa,2029-12,blocked,2025-12-18T16:22:10
4891,6135,4312********9451-2759,credit,Visa,2029-03,active,2026-03-22T17:04:30
4892,6136,4389********3294-1307,debit,Visa,2029-05,blocked,2026-05-01T04:16:09
4893,6137,4538********0901-8700,debit,Visa,2029-02,active,2026-02-01T17:49:16
4894,6138,4022********0835-1955,debit,Visa,2031-05,active,2026-05-13T03:33:57
4895,6139,5732********4521-1379,credit,Mastercard,2029-05,blocked,2026-05-13T01:21:17
4896,6140,4871********2368-2026,debit,Visa,2028-09,active,2025-09-30T23:29:56
4897,6140,5867********0881-7618,debit,Mastercard,2028-09,blocked,2025-09-22T05:27:50
4898,6141,5554********2165-5559,debit,Mastercard,2029-08,active,2025-08-07T12:14:02
4899,6141,4274********8651-2453,debit,Visa,2030-03,active,2026-03-05T01:24:57
4900,6142,5937********8039-3969,debit,Mastercard,2028-11,blocked,2025-11-14T10:15:41
4901,6142,3148*******4373-6694,debit,Amex,2031-02,active,2026-02-11T00:01:24
4902,6143,5530********3865-8348,debit,Mastercard,2029-05,active,2025-05-01T09:57:10
4903,6144,4012********2811-7495,debit,Visa,2029-04,blocked,2026-04-17T06:43:04
4904,6145,4148********7973-2946,debit,Visa,2028-09,blocked,2024-09-18T05:18:12
4905,6146,4190********7545-7192,debit,Visa,2029-02,active,2026-02-21T03:52:46
4906,6147,4351********1664-7121,debit,Visa,2029-04,active,2026-04-22T00:20:50
4907,6148,4592********6860-2476,debit,Visa,2028-01,expired,2025-01-11T08:22:33
4908,6149,5294********4261-5633,debit,Mastercard,2029-04,active,2026-04-05T21:50:02
4909,6149,4989********6810-6390,debit,Visa,2029-02,blocked,2026-02-07T12:02:53
4910,6150,5339********0584-4097,debit,Mastercard,2028-08,active,2025-08-29T10:24:59
4911,6151,6263********0744-851,debit,Discover,2028-04,blocked,2025-04-30T17:25:18
4912,6153,4063********9464-6420,debit,Visa,2031-04,expired,2026-04-06T22:24:14
4913,6155,5722********7789-8146,debit,Mastercard,2028-10,active,2025-10-22T16:29:47
4914,6157,4417********0552-2520,credit,Visa,2028-09,blocked,2024-09-10T18:35:40
4915,6158,4263********4145-5541,debit,Visa,2030-04,blocked,2026-04-26T17:01:19
4916,6159,5713********6718-7730,debit,Mastercard,2030-04,blocked,2026-04-14T03:40:59
4917,6160,3815*******6664-9308,debit,Amex,2029-06,blocked,2024-06-14T01:38:35
4918,6162,4772********0045-9905,debit,Visa,2031-03,active,2026-03-03T01:46:08
4919,6164,5352********1982-2223,debit,Mastercard,2028-06,active,2025-06-21T12:29:31
4920,6165,4843********0480-6161,debit,Visa,2029-11,blocked,2025-11-13T23:16:00
4921,6166,4188********0203-9484,debit,Visa,2028-11,active,2025-11-06T03:50:12
4922,6167,4476********0701-5274,debit,Visa,2029-06,active,2025-06-11T16:54:41
4923,6167,5403********5882-4524,debit,Mastercard,2030-01,expired,2026-01-26T20:35:03
4924,6168,5199********4336-340,debit,Mastercard,2030-12,active,2025-12-10T03:32:52
4925,6169,4120********1727-5613,debit,Visa,2028-06,active,2024-06-18T23:22:21
4926,6170,4311********0867-2979,debit,Visa,2030-12,blocked,2025-12-18T03:35:58
4927,6172,5617********0648-3228,debit,Mastercard,2031-05,blocked,2026-05-16T03:13:35
4928,6173,5559********4083-15,debit,Mastercard,2030-11,active,2025-11-04T01:32:40
4929,6176,3988*******7681-5060,debit,Amex,2030-05,active,2026-05-15T12:23:57
4930,6178,4258********5199-1171,debit,Visa,2027-06,active,2024-06-21T19:16:32
4931,6179,5041********9457-3359,debit,Mastercard,2030-02,active,2026-02-27T12:39:43
4932,6180,5685********5500-7107,debit,Mastercard,2027-04,active,2024-04-20T13:55:01
4933,6181,5998********3018-4365,debit,Mastercard,2027-10,active,2024-10-24T15:05:01
4934,6183,4310********8436-5326,debit,Visa,2028-09,active,2024-09-15T07:09:27
4935,6184,5031********6253-6901,debit,Mastercard,2029-04,active,2026-04-29T01:36:31
4936,6188,4539********0146-3938,debit,Visa,2031-05,active,2026-05-10T05:37:55
4937,6190,4821********3089-9715,debit,Visa,2028-06,blocked,2025-06-23T03:50:39
4938,6191,5263********3084-6827,credit,Mastercard,2030-01,blocked,2025-01-22T04:12:23
4939,6192,3140*******7726-3673,debit,Amex,2028-02,active,2025-02-07T03:03:57
4940,6194,4846********4380-1916,debit,Visa,2029-01,blocked,2026-01-16T02:42:28
4941,6195,4681********4264-2948,debit,Visa,2026-03,expired,2022-03-18T12:58:06
4942,6196,5936********4722-673,debit,Mastercard,2030-02,blocked,2025-02-14T16:28:07
4943,6197,5536********9356-6745,debit,Mastercard,2029-09,active,2024-09-01T16:50:25
4944,6198,5649********5000-2828,debit,Mastercard,2029-04,active,2026-04-14T03:47:24
4945,6199,4277********6685-9394,debit,Visa,2030-05,blocked,2026-05-07T21:48:32
4946,6200,5894********1262-2577,debit,Mastercard,2031-04,active,2026-04-14T22:03:46
4947,6204,4942********2002-4890,credit,Visa,2029-04,active,2024-04-06T03:06:35
4948,6205,5547********0609-745,debit,Mastercard,2029-04,blocked,2026-04-17T04:22:19
4949,6206,4200********5169-7055,credit,Visa,2030-12,blocked,2025-12-25T17:24:57
4950,6207,4307********2036-3549,debit,Visa,2028-06,blocked,2025-06-06T18:15:45
4951,6208,4420********4080-655,debit,Visa,2028-06,active,2025-06-09T03:51:07
4952,6210,5852********9081-824,credit,Mastercard,2029-08,blocked,2025-08-17T14:51:59
4953,6213,4506********1081-3641,debit,Visa,2029-08,blocked,2024-08-10T20:47:15
4954,6214,5879********1846-2476,debit,Mastercard,2028-12,active,2023-12-06T16:36:44
4955,6215,5933********4562-8666,debit,Mastercard,2028-06,active,2025-06-11T00:45:29
4956,6216,5017********9381-4722,debit,Mastercard,2030-04,blocked,2026-04-24T09:45:45
4957,6217,5081********6667-7974,debit,Mastercard,2029-04,active,2026-04-21T16:51:24
4958,6218,4560********4207-8913,debit,Visa,2030-05,active,2026-05-13T23:44:57
4959,6222,5266********5107-2317,debit,Mastercard,2031-04,active,2026-04-25T08:10:05
4960,6223,5208********4433-6094,debit,Mastercard,2031-02,active,2026-02-07T01:42:28
4961,6224,5599********3859-3238,debit,Mastercard,2031-05,blocked,2026-05-15T12:39:44
4962,6226,6193********6617-404,debit,Discover,2030-04,active,2025-04-16T02:22:51
4963,6227,5260********8024-181,debit,Mastercard,2030-02,active,2026-02-28T22:51:52
4964,6229,5261********3237-6865,debit,Mastercard,2030-02,blocked,2026-02-04T19:03:43
4965,6232,4196********5302-7094,credit,Visa,2028-09,active,2025-09-16T12:35:37
4966,6233,4477********0245-4701,debit,Visa,2030-03,blocked,2025-03-02T22:23:56
4967,6234,5692********4723-6828,debit,Mastercard,2028-12,active,2025-12-14T08:41:20
4968,6235,5559********2488-2084,credit,Mastercard,2029-03,active,2026-03-13T16:30:20
4969,6236,4926********3205-7556,debit,Visa,2030-05,blocked,2026-05-14T19:47:55
4970,6236,4644********3087-7727,debit,Visa,2030-04,active,2026-04-01T15:05:07
4971,6237,5729********5447-4745,debit,Mastercard,2029-12,active,2025-12-15T00:41:22
4972,6238,4980********2319-9228,debit,Visa,2028-10,active,2024-10-09T11:20:32
4973,6239,5939********2237-9695,debit,Mastercard,2029-07,active,2025-07-27T07:28:11
4974,6240,5317********5834-341,debit,Mastercard,2030-05,active,2026-05-05T09:48:30
4975,6240,4010********6710-3252,debit,Visa,2029-02,expired,2026-02-10T05:46:32
4976,6241,4594********8490-7176,debit,Visa,2029-04,active,2026-04-18T02:36:06
4977,6243,4830********2971-7397,debit,Visa,2028-11,expired,2024-11-27T19:06:03
4978,6244,4612********7311-6824,debit,Visa,2029-01,active,2025-01-31T12:49:03
4979,6245,4136********9664-924,debit,Visa,2031-05,active,2026-05-09T23:13:13
4980,6246,5771********6174-1493,debit,Mastercard,2029-04,active,2025-04-18T23:40:20
4981,6247,4761********0322-2622,debit,Visa,2029-05,expired,2025-05-24T10:15:42
4982,6248,5918********5265-1749,debit,Mastercard,2030-03,blocked,2026-03-25T15:18:39
4983,6248,4135********8829-4769,debit,Visa,2027-12,blocked,2024-12-05T15:29:49
4984,6249,5393********9817-8480,credit,Mastercard,2030-05,active,2026-05-16T11:21:37
4985,6251,5216********9968-2775,debit,Mastercard,2029-11,active,2024-11-16T14:24:35
4986,6252,4485********0871-6626,debit,Visa,2029-05,expired,2026-05-02T10:21:07
4987,6253,4561********4606-7867,debit,Visa,2029-02,active,2026-02-10T03:25:03
4988,6254,4758********3028-2289,credit,Visa,2029-02,blocked,2026-02-06T08:50:08
4989,6255,4032********1560-158,debit,Visa,2029-02,expired,2026-02-27T15:52:19
4990,6256,4196********5729-2743,debit,Visa,2025-09,expired,2022-09-29T20:35:03
4991,6256,4479********4580-3927,debit,Visa,2026-07,blocked,2023-07-11T19:14:11
4992,6257,5623********2139-8617,debit,Mastercard,2028-04,active,2025-04-08T10:18:38
4993,6258,4521********4805-5589,credit,Visa,2029-01,active,2026-01-15T09:30:57
4994,6259,3390*******5827-615,debit,Amex,2028-09,expired,2025-09-05T21:27:29
4995,6263,5334********9963-6250,debit,Mastercard,2029-10,active,2025-10-24T09:01:45
4996,6265,5607********1780-9788,credit,Mastercard,2029-05,active,2026-05-03T03:12:38
4997,6266,4959********6378-4553,debit,Visa,2031-03,active,2026-03-29T16:41:17
4998,6270,5160********7737-2092,credit,Mastercard,2029-08,blocked,2024-08-29T06:07:57
4999,6272,4816********7536-418,debit,Visa,2031-05,blocked,2026-05-04T04:33:55
5000,6273,3991*******1467-2831,credit,Amex,2028-07,blocked,2025-07-10T23:30:57
5001,6274,4365********9865-5325,debit,Visa,2028-05,active,2025-05-10T19:35:35
5002,6277,5857********0895-7898,debit,Mastercard,2029-02,blocked,2026-02-03T15:52:56
5003,6278,6029********9434-2890,debit,Discover,2029-10,expired,2025-10-05T20:27:47
5004,6279,4782********0321-6255,debit,Visa,2031-05,blocked,2026-05-07T06:40:13
5005,6280,3098*******7408-6728,debit,Amex,2028-05,active,2025-05-28T11:40:29
5006,6280,5549********6471-9318,debit,Mastercard,2030-09,blocked,2025-09-14T11:14:57
5007,6281,5709********4005-4798,debit,Mastercard,2029-02,blocked,2026-02-14T07:49:35
5008,6282,4874********7811-1489,debit,Visa,2026-11,active,2023-11-27T15:57:09
5009,6283,5451********2997-29,debit,Mastercard,2029-10,active,2024-10-06T01:25:07
5010,6284,4304********9832-2155,debit,Visa,2031-04,expired,2026-04-24T03:17:01
5011,6288,4065********6926-8195,debit,Visa,2029-01,active,2026-01-13T03:55:04
5012,6289,4737********3505-8227,debit,Visa,2028-07,active,2025-07-27T20:48:41
5013,6291,4329********4816-2868,debit,Visa,2028-08,active,2025-08-19T14:02:45
5014,6292,5580********9555-192,credit,Mastercard,2029-01,blocked,2025-01-18T22:09:38
5015,6294,4872********5335-5484,debit,Visa,2027-10,expired,2024-10-26T19:45:45
5016,6295,6005********0608-5414,debit,Discover,2030-01,active,2026-01-29T06:57:18
5017,6296,5214********8219-5888,debit,Mastercard,2030-09,expired,2025-09-25T01:25:48
5018,6297,4653********2782-200,debit,Visa,2028-09,active,2025-09-02T11:51:33
5019,6299,5102********0864-8612,debit,Mastercard,2029-04,blocked,2025-04-24T20:35:16
5020,6301,4582********1051-9009,credit,Visa,2031-04,active,2026-04-17T06:47:14
5021,6302,4571********1373-7229,debit,Visa,2030-01,active,2026-01-20T22:32:02
5022,6302,5091********9017-6729,debit,Mastercard,2029-12,expired,2025-12-09T03:52:34
5023,6303,4807********9559-7725,credit,Visa,2025-03,expired,2022-03-21T03:37:07
5024,6304,5885********7874-9537,debit,Mastercard,2031-03,active,2026-03-07T21:23:55
5025,6305,5761********5898-6330,credit,Mastercard,2028-10,blocked,2025-10-27T02:02:23
5026,6306,5356********8700-8424,debit,Mastercard,2031-05,active,2026-05-07T10:14:56
5027,6307,3225*******3777-1940,debit,Amex,2029-12,active,2025-12-12T10:34:54
5028,6308,5735********6900-2020,credit,Mastercard,2030-12,blocked,2025-12-25T05:37:48
5029,6309,4917********8089-3994,debit,Visa,2030-03,expired,2026-03-06T16:48:43
5030,6311,6647********7563-510,credit,Discover,2030-02,expired,2026-02-01T23:45:37
5031,6312,4458********5592-4903,debit,Visa,2028-11,active,2024-11-23T10:43:50
5032,6314,5965********9744-5137,debit,Mastercard,2030-05,active,2026-05-09T07:09:30
5033,6315,5594********9841-1392,debit,Mastercard,2029-04,blocked,2026-04-09T12:38:06
5034,6318,4782********9374-386,debit,Visa,2030-05,active,2026-05-09T01:00:42
5035,6320,5573********8171-1576,debit,Mastercard,2031-02,blocked,2026-02-08T10:47:22
5036,6321,3765*******5184-1563,debit,Amex,2029-07,active,2024-07-15T15:24:23
5037,6322,4418********8581-7202,debit,Visa,2031-04,expired,2026-04-17T22:35:24
5038,6325,5091********2104-4119,debit,Mastercard,2028-04,active,2023-04-16T02:23:43
5039,6325,5227********4460-7791,debit,Mastercard,2025-12,expired,2022-12-04T14:32:06
5040,6326,4723********2089-2760,debit,Visa,2028-02,active,2025-02-17T07:27:29
5041,6327,5032********1562-1745,debit,Mastercard,2029-02,active,2026-02-22T19:19:15
5042,6328,4820********3900-1316,debit,Visa,2030-04,active,2026-04-10T09:18:53
5043,6329,5112********7284-9508,debit,Mastercard,2030-04,active,2026-04-27T09:45:03
5044,6331,5821********8086-2236,debit,Mastercard,2029-02,blocked,2026-02-26T02:08:40
5045,6332,5701********9451-8505,debit,Mastercard,2028-03,active,2025-03-20T10:26:30
5046,6333,5589********4023-9337,debit,Mastercard,2030-09,active,2025-09-17T20:22:35
5047,6334,4961********1484-304,debit,Visa,2031-03,expired,2026-03-21T20:47:47
5048,6336,4333********8995-3127,debit,Visa,2029-09,active,2024-09-20T23:10:27
5049,6339,3934*******5358-9256,debit,Amex,2029-12,expired,2024-12-30T16:39:18
5050,6340,5126********8353-5908,debit,Mastercard,2031-04,expired,2026-04-20T17:36:49
5051,6341,5934********1864-1033,debit,Mastercard,2031-04,active,2026-04-30T07:54:53
5052,6341,4903********6489-9781,debit,Visa,2028-08,active,2025-08-10T08:41:42
5053,6342,5300********8071-8704,debit,Mastercard,2029-09,active,2025-09-26T05:55:05
5054,6343,5206********3452-8758,credit,Mastercard,2030-03,active,2026-03-15T02:50:36
5055,6344,4537********5029-1343,debit,Visa,2027-10,expired,2024-10-23T15:59:08
5056,6345,5223********1352-8213,debit,Mastercard,2028-12,active,2025-12-28T05:28:07
5057,6346,5226********3212-3085,debit,Mastercard,2031-05,active,2026-05-16T12:12:24
5058,6347,6035********2451-6878,credit,Discover,2031-05,active,2026-05-02T17:45:41
5059,6349,4057********8178-9330,debit,Visa,2029-05,active,2026-05-08T18:19:48
5060,6350,4215********0516-3661,debit,Visa,2029-05,active,2026-05-14T20:05:03
5061,6351,4913********3034-2626,debit,Visa,2029-10,active,2024-10-22T13:39:48
5062,6353,3783*******2804-7172,debit,Amex,2030-10,blocked,2025-10-07T06:26:12
5063,6354,5939********2942-7599,credit,Mastercard,2029-01,blocked,2026-01-21T05:13:08
5064,6355,4184********1632-3782,debit,Visa,2030-10,blocked,2025-10-27T11:11:31
5065,6356,4754********0138-2549,credit,Visa,2028-04,active,2025-04-24T19:56:31
5066,6357,5430********7827-9496,credit,Mastercard,2028-05,active,2024-05-05T12:08:13
5067,6359,5224********8149-1871,debit,Mastercard,2028-08,expired,2025-08-06T15:42:21
5068,6360,5126********5069-2069,debit,Mastercard,2029-02,blocked,2026-02-09T11:12:52
5069,6361,3408*******2938-1068,debit,Amex,2030-11,active,2025-11-29T11:49:34
5070,6362,4037********7879-109,debit,Visa,2028-12,blocked,2025-12-24T07:23:52
5071,6363,5469********0449-8767,debit,Mastercard,2029-03,blocked,2026-03-22T03:17:34
5072,6364,5671********6088-9104,debit,Mastercard,2030-03,blocked,2026-03-08T08:10:56
5073,6366,4770********2326-1701,debit,Visa,2029-08,active,2025-08-14T02:34:53
5074,6367,3507*******7582-4576,debit,Amex,2029-06,active,2025-06-05T07:51:06
5075,6368,5883********9245-5642,debit,Mastercard,2029-05,active,2024-05-24T11:20:20
5076,6371,4053********9174-7905,debit,Visa,2029-05,active,2025-05-11T11:46:46
5077,6372,4677********0619-4225,debit,Visa,2028-04,blocked,2025-04-10T10:22:25
5078,6373,5047********0637-8662,debit,Mastercard,2031-05,active,2026-05-09T04:26:19
5079,6375,4335********6035-5227,debit,Visa,2028-06,active,2024-06-24T05:08:47
5080,6377,5902********9200-8430,debit,Mastercard,2029-03,blocked,2026-03-27T12:04:45
5081,6378,4465********4818-3351,debit,Visa,2029-06,active,2025-06-20T06:43:49
5082,6379,5631********9414-8807,debit,Mastercard,2029-08,active,2025-08-13T17:52:06
5083,6380,4498********3024-6709,debit,Visa,2029-02,expired,2026-02-07T12:35:20
5084,6381,5933********0801-6370,debit,Mastercard,2029-02,expired,2024-02-06T05:29:33
5085,6381,4822********2460-1614,debit,Visa,2028-04,blocked,2024-04-18T17:29:54
5086,6382,5638********3412-7154,debit,Mastercard,2029-09,active,2024-09-14T21:14:22
5087,6383,4386********6663-2734,debit,Visa,2026-08,blocked,2023-08-20T14:30:53
5088,6383,4384********8196-13,debit,Visa,2027-11,active,2023-11-15T08:22:09
5089,6384,5047********0140-9255,credit,Mastercard,2030-07,expired,2025-07-15T14:36:53
5090,6385,3883*******4289-5676,debit,Amex,2027-12,blocked,2024-12-20T06:41:08
5091,6387,5174********0751-7302,credit,Mastercard,2027-07,active,2024-07-21T08:01:33
5092,6388,5451********4201-1322,debit,Mastercard,2030-05,blocked,2026-05-09T13:24:23
5093,6390,3595*******3190-3829,debit,Amex,2028-04,active,2023-04-26T20:55:12
5094,6391,4416********6542-1639,debit,Visa,2030-03,active,2026-03-09T18:02:46
5095,6394,5509********2361-9474,debit,Mastercard,2029-05,active,2026-05-13T13:09:55
5096,6395,4373********7736-9958,credit,Visa,2029-03,active,2026-03-01T09:16:37
5097,6396,3444*******1051-4548,debit,Amex,2030-12,expired,2025-12-01T06:49:05
5098,6398,5426********4220-7402,debit,Mastercard,2029-03,active,2026-03-28T04:32:16
5099,6398,4479********6461-708,debit,Visa,2028-12,active,2025-12-02T18:18:43
5100,6401,5172********7038-8141,debit,Mastercard,2031-04,expired,2026-04-28T05:11:37
5101,6402,5560********4362-4668,debit,Mastercard,2030-05,active,2026-05-13T03:00:54
5102,6404,3275*******5118-3056,credit,Amex,2031-02,expired,2026-02-21T11:01:54
5103,6406,4602********6098-6304,debit,Visa,2029-04,blocked,2025-04-05T08:10:55
5104,6407,5529********0480-518,credit,Mastercard,2030-03,blocked,2026-03-04T16:13:09
5105,6408,4079********1845-6464,debit,Visa,2029-03,active,2026-03-20T14:54:11
5106,6409,5309********4864-8560,debit,Mastercard,2028-10,expired,2025-10-20T20:02:05
5107,6411,4222********7013-9676,debit,Visa,2029-05,active,2026-05-16T17:20:28
5108,6412,4784********3481-4244,debit,Visa,2029-03,expired,2026-03-06T00:36:05
5109,6413,3162*******8908-8888,debit,Amex,2028-12,blocked,2025-12-04T05:38:41
5110,6413,4169********9167-9002,debit,Visa,2029-02,expired,2026-02-01T23:41:12
5111,6415,5352********6847-9314,debit,Mastercard,2029-01,active,2025-01-23T12:10:33
5112,6417,5015********2196-373,debit,Mastercard,2029-04,active,2026-04-22T12:02:01
5113,6418,4909********8332-1479,debit,Visa,2028-12,active,2025-12-29T14:42:36
5114,6419,4923********6091-6936,debit,Visa,2027-05,active,2024-05-11T20:52:31
5115,6420,4832********8748-4862,debit,Visa,2029-11,active,2025-11-18T21:45:15
5116,6420,4848********2620-6428,debit,Visa,2028-07,active,2025-07-26T14:19:52
5117,6421,3990*******4092-7502,debit,Amex,2031-04,active,2026-04-27T00:15:34
5118,6422,4188********7270-8677,credit,Visa,2030-04,active,2026-04-24T23:05:13
5119,6423,5743********1575-5696,debit,Mastercard,2029-11,blocked,2025-11-05T06:53:13
5120,6424,4040********6704-7858,debit,Visa,2031-03,blocked,2026-03-03T19:09:10
5121,6425,4438********3539-3837,debit,Visa,2029-01,blocked,2026-01-11T09:44:50
5122,6426,4674********8944-8749,debit,Visa,2030-04,active,2025-04-11T20:33:22
5123,6427,4522********6642-6236,credit,Visa,2030-06,blocked,2025-06-29T03:39:47
5124,6428,5055********5649-5942,debit,Mastercard,2029-05,expired,2026-05-13T16:37:06
5125,6428,5029********1434-8731,debit,Mastercard,2031-05,expired,2026-05-11T04:31:07
5126,6429,4027********3766-8441,debit,Visa,2029-11,expired,2024-11-03T18:14:06
5127,6430,5337********7269-3200,debit,Mastercard,2028-03,active,2023-03-18T04:22:04
5128,6431,5449********9363-9954,credit,Mastercard,2030-05,active,2026-05-01T01:19:48
5129,6432,5515********7627-5417,credit,Mastercard,2030-04,active,2026-04-14T17:56:49
5130,6433,6043********2301-754,credit,Discover,2031-05,active,2026-05-06T21:04:39
5131,6435,4967********8783-4198,debit,Visa,2029-05,active,2026-05-05T00:36:03
5132,6437,5414********5818-4822,debit,Mastercard,2029-06,expired,2024-06-14T02:49:02
5133,6439,4162********4452-8821,debit,Visa,2029-05,blocked,2026-05-15T12:07:02
5134,6441,5961********3309-5883,credit,Mastercard,2029-04,expired,2026-04-14T04:07:08
5135,6442,4359********1838-6123,debit,Visa,2030-03,blocked,2026-03-11T23:15:28
5136,6443,5594********1766-1539,debit,Mastercard,2029-02,active,2026-02-09T20:24:01
5137,6444,4177********6840-6067,debit,Visa,2029-05,active,2026-05-14T08:15:06
5138,6445,6561********9725-4697,debit,Discover,2031-05,blocked,2026-05-14T16:36:36
5139,6445,4160********1407-1629,debit,Visa,2030-05,blocked,2026-05-04T21:38:39
5140,6446,4853********8839-5735,debit,Visa,2030-04,active,2026-04-04T06:17:29
5141,6448,5469********6495-8318,debit,Mastercard,2030-04,active,2026-04-22T00:01:17
5142,6449,4510********6604-5507,debit,Visa,2030-03,blocked,2026-03-31T07:20:31
5143,6450,4757********8165-8984,debit,Visa,2030-04,active,2025-04-03T17:27:01
5144,6450,4897********8186-8176,debit,Visa,2028-10,active,2025-10-01T02:56:40
5145,6452,5058********4392-8678,debit,Mastercard,2030-11,blocked,2025-11-01T04:43:28
5146,6453,4906********4964-8335,debit,Visa,2029-08,expired,2025-08-18T03:56:54
5147,6454,4549********2152-9987,debit,Visa,2030-02,active,2026-02-27T12:44:51
5148,6455,4642********3861-7149,debit,Visa,2030-03,blocked,2026-03-02T04:03:49
5149,6456,4910********5179-3886,debit,Visa,2030-01,blocked,2026-01-01T10:10:06
5150,6458,4956********2495-3621,debit,Visa,2030-04,blocked,2025-04-02T09:06:07
5151,6462,5850********9519-7860,debit,Mastercard,2031-04,active,2026-04-17T15:19:53
5152,6463,4968********7777-7013,debit,Visa,2030-12,blocked,2025-12-24T00:33:39
5153,6463,4001********1439-7966,debit,Visa,2030-01,active,2026-01-21T09:29:42
5154,6464,4671********1111-6990,credit,Visa,2029-07,blocked,2025-07-30T19:19:20
5155,6465,4655********7332-287,debit,Visa,2028-03,active,2025-03-21T04:07:59
5156,6466,5557********9141-3034,debit,Mastercard,2029-03,active,2026-03-20T15:56:51
5157,6467,5335********4348-2840,credit,Mastercard,2028-12,active,2025-12-28T20:22:29
5158,6468,4489********9511-2266,credit,Visa,2029-05,blocked,2026-05-14T07:55:24
5159,6469,4705********8688-2715,credit,Visa,2028-11,active,2025-11-26T15:33:36
5160,6471,5445********6867-3664,debit,Mastercard,2029-12,expired,2024-12-31T18:50:58
5161,6472,5684********0580-4175,debit,Mastercard,2030-06,expired,2025-06-18T03:16:02
5162,6473,4253********0599-1018,debit,Visa,2031-03,blocked,2026-03-28T17:58:25
5163,6474,5855********6592-9840,debit,Mastercard,2029-03,blocked,2024-03-23T09:36:29
5164,6474,4725********3983-7668,debit,Visa,2029-12,blocked,2025-12-31T21:52:36
5165,6475,4288********0617-6164,debit,Visa,2029-02,active,2026-02-02T11:04:07
5166,6477,4556********3141-3492,debit,Visa,2029-02,expired,2026-02-07T09:09:40
5167,6481,4321********9565-7878,debit,Visa,2030-01,active,2026-01-18T22:15:15
5168,6482,5127********6068-3375,debit,Mastercard,2029-06,expired,2025-06-24T22:37:43
5169,6483,4116********5270-348,debit,Visa,2030-05,expired,2025-05-13T15:03:19
5170,6485,4285********5611-6396,debit,Visa,2028-03,blocked,2025-03-10T18:08:08
5171,6485,4780********3697-1477,debit,Visa,2027-04,blocked,2022-04-20T06:01:07
5172,6486,4339********0358-6183,debit,Visa,2030-11,expired,2025-11-09T03:45:01
5173,6488,4798********2296-2948,debit,Visa,2031-03,blocked,2026-03-09T21:50:31
5174,6489,4683********5934-3113,debit,Visa,2029-05,active,2026-05-05T21:34:46
5175,6492,5028********9552-4514,debit,Mastercard,2029-04,active,2026-04-07T19:55:17
5176,6494,4751********6114-8568,debit,Visa,2030-05,active,2026-05-02T09:10:38
5177,6495,6804********8723-6164,debit,Discover,2031-03,active,2026-03-24T12:38:26
5178,6497,5533********1374-6837,debit,Mastercard,2029-11,active,2025-11-19T07:38:15
5179,6499,4256********0945-7038,debit,Visa,2029-03,blocked,2026-03-17T23:46:26
5180,6500,5306********7641-3480,debit,Mastercard,2030-03,expired,2025-03-20T20:33:44
5181,6501,5144********8888-9311,debit,Mastercard,2029-01,active,2026-01-03T06:44:37
5182,6502,5949********3802-950,debit,Mastercard,2029-04,active,2025-04-18T17:05:16
5183,6504,4244********2512-6321,debit,Visa,2031-01,active,2026-01-25T15:42:46
5184,6504,3506*******7813-760,debit,Amex,2031-01,blocked,2026-01-28T21:24:58
5185,6505,4642********5795-1989,credit,Visa,2031-03,blocked,2026-03-10T23:37:52
5186,6506,5772********0125-4589,credit,Mastercard,2028-08,blocked,2023-08-26T14:14:15
5187,6507,4135********4165-3928,debit,Visa,2030-01,active,2025-01-15T16:17:57
5188,6508,5055********7441-4570,credit,Mastercard,2031-03,blocked,2026-03-22T13:53:56
5189,6509,5260********5707-3708,debit,Mastercard,2030-02,active,2026-02-22T19:39:58
5190,6510,5331********9615-5866,debit,Mastercard,2030-03,active,2026-03-11T17:16:25
5191,6511,4837********0115-9375,debit,Visa,2029-03,active,2026-03-10T06:57:47
5192,6511,4058********4582-4823,debit,Visa,2031-03,active,2026-03-07T14:06:40
5193,6512,4762********4695-9899,debit,Visa,2030-06,expired,2025-06-17T00:29:48
5194,6513,4300********0863-1902,debit,Visa,2030-08,active,2025-08-12T10:13:36
5195,6514,5199********3428-852,debit,Mastercard,2031-01,active,2026-01-14T17:18:13
5196,6515,5240********5532-6306,credit,Mastercard,2030-04,blocked,2025-04-25T16:08:36
5197,6518,4366********0122-8692,debit,Visa,2026-10,blocked,2023-10-12T23:57:21
5198,6520,4360********7589-2584,debit,Visa,2030-05,active,2026-05-15T09:48:21
5199,6523,4995********8923-7149,debit,Visa,2029-03,active,2025-03-16T19:14:57
5200,6523,4287********0713-1753,debit,Visa,2028-04,active,2025-04-05T21:50:04
5201,6524,5504********4605-7582,debit,Mastercard,2030-11,active,2025-11-19T19:42:03
5202,6525,5983********5395-5489,debit,Mastercard,2031-03,active,2026-03-20T01:17:18
5203,6527,5658********5577-8808,credit,Mastercard,2030-04,expired,2026-04-03T22:23:47
5204,6528,4945********7858-769,debit,Visa,2030-06,expired,2025-06-16T15:44:03
5205,6529,3615*******3481-5623,credit,Amex,2029-04,active,2026-04-18T22:22:06
5206,6530,4465********4799-5399,debit,Visa,2029-05,active,2026-05-10T13:13:59
5207,6531,5167********0265-2238,credit,Mastercard,2031-01,active,2026-01-31T11:11:54
5208,6532,4553********0443-56,debit,Visa,2028-12,blocked,2025-12-28T15:43:44
5209,6533,4731********9276-7904,debit,Visa,2030-04,active,2026-04-22T00:17:56
5210,6534,5683********1252-4246,debit,Mastercard,2029-02,blocked,2026-02-27T11:30:27
5211,6535,4728********2054-2651,credit,Visa,2031-04,blocked,2026-04-22T16:31:38
5212,6538,4125********0030-4449,debit,Visa,2029-05,active,2026-05-06T12:33:48
5213,6539,4553********1025-1869,debit,Visa,2029-03,active,2026-03-04T01:35:05
5214,6540,4257********7471-599,debit,Visa,2029-02,expired,2026-02-20T14:19:14
5215,6541,4067********2066-2704,debit,Visa,2029-01,blocked,2026-01-06T16:23:04
5216,6542,5489********0169-709,debit,Mastercard,2029-04,active,2026-04-03T10:42:00
5217,6542,4748********2270-9856,debit,Visa,2030-04,active,2026-04-03T02:16:21
5218,6543,4844********7637-5995,debit,Visa,2028-05,active,2024-05-13T11:02:13
5219,6543,6304********3980-6274,debit,Discover,2027-02,active,2024-02-01T10:35:02
5220,6545,5999********2103-6219,debit,Mastercard,2028-11,active,2024-11-21T23:51:21
5221,6546,4402********1198-6393,debit,Visa,2029-05,blocked,2025-05-12T18:45:17
5222,6547,6707********9707-6192,debit,Discover,2027-06,blocked,2024-06-04T18:08:02
5223,6548,4999********3769-5662,debit,Visa,2029-09,active,2024-09-17T06:01:37
5224,6549,5272********8275-513,debit,Mastercard,2030-03,active,2026-03-08T17:52:45
5225,6550,5972********6640-5980,credit,Mastercard,2031-05,active,2026-05-07T04:40:08
5226,6551,4086********9159-7469,debit,Visa,2029-02,active,2026-02-22T13:49:58
5227,6552,4634********9518-532,credit,Visa,2031-02,active,2026-02-15T21:53:00
5228,6553,5954********3348-2594,debit,Mastercard,2031-04,blocked,2026-04-27T12:14:34
5229,6553,5268********0520-4406,debit,Mastercard,2030-04,blocked,2026-04-18T17:41:42
5230,6554,5974********5262-4076,debit,Mastercard,2031-04,blocked,2026-04-23T20:38:11
5231,6555,4914********8409-5713,debit,Visa,2031-04,active,2026-04-28T07:58:59
5232,6557,6043********3121-8287,debit,Discover,2028-09,active,2024-09-27T15:47:58
5233,6558,5958********9291-284,debit,Mastercard,2027-09,active,2024-09-13T06:53:46
5234,6558,5704********7430-9546,debit,Mastercard,2028-09,blocked,2025-09-28T13:16:11
5235,6560,5653********8072-4467,debit,Mastercard,2029-08,active,2025-08-11T00:57:42
5236,6564,4383********9057-8407,debit,Visa,2031-02,blocked,2026-02-14T15:53:06
5237,6565,3514*******3399-1523,debit,Amex,2030-06,blocked,2025-06-28T13:11:42
5238,6566,4870********6834-3036,debit,Visa,2029-09,blocked,2024-09-20T20:51:16
5239,6567,5745********2743-5266,debit,Mastercard,2029-03,blocked,2026-03-07T12:46:52
5240,6568,6030********0989-8957,debit,Discover,2029-03,active,2026-03-11T22:04:21
5241,6569,6041********1648-834,debit,Discover,2030-01,active,2026-01-01T14:01:47
5242,6569,5253********3249-309,debit,Mastercard,2029-01,blocked,2026-01-12T20:49:33
5243,6571,6322********3001-5153,debit,Discover,2029-07,blocked,2025-07-17T09:42:42
5244,6572,3247*******5493-5540,debit,Amex,2029-02,active,2026-02-26T21:36:50
5245,6573,4613********4866-1214,credit,Visa,2028-11,active,2025-11-18T13:57:14
5246,6575,5268********4219-3928,debit,Mastercard,2028-09,active,2023-09-19T23:28:28
5247,6577,4770********4527-8331,debit,Visa,2029-01,blocked,2026-01-02T10:35:12
5248,6578,4205********9627-2308,debit,Visa,2031-04,expired,2026-04-30T06:05:02
5249,6580,4447********0116-7885,debit,Visa,2029-06,blocked,2025-06-12T13:28:35
5250,6581,5372********4922-2750,debit,Mastercard,2031-04,active,2026-04-11T11:13:25
5251,6583,4283********5647-4078,debit,Visa,2029-04,blocked,2026-04-06T02:15:00
5252,6584,5147********4418-55,debit,Mastercard,2031-04,expired,2026-04-18T18:10:22
5253,6585,4655********5083-6037,debit,Visa,2030-05,active,2025-05-03T21:56:06
5254,6586,5736********0318-3990,debit,Mastercard,2031-04,active,2026-04-07T18:25:59
5255,6587,4535********7961-4836,debit,Visa,2028-09,active,2024-09-01T12:55:15
5256,6588,5492********7202-6002,credit,Mastercard,2030-05,active,2026-05-13T03:05:48
5257,6592,5461********9013-7006,debit,Mastercard,2030-03,active,2026-03-30T04:34:13
5258,6593,4614********1237-9187,credit,Visa,2031-03,blocked,2026-03-05T13:16:19
5259,6595,4195********7008-5183,debit,Visa,2030-04,expired,2026-04-13T23:14:40
5260,6597,5612********3008-7056,debit,Mastercard,2030-02,active,2026-02-21T15:47:47
5261,6598,4529********7172-7805,credit,Visa,2029-02,expired,2026-02-17T08:54:13
5262,6599,4015********3168-9329,debit,Visa,2028-02,active,2025-02-03T09:48:14
5263,6601,5619********4822-6501,debit,Mastercard,2029-09,active,2025-09-20T06:57:33
5264,6602,4914********8086-5735,debit,Visa,2029-02,blocked,2025-02-01T07:09:03
5265,6603,4027********6968-855,debit,Visa,2029-12,active,2024-12-22T17:29:41
5266,6603,5308********7650-2522,debit,Mastercard,2028-06,blocked,2025-06-26T09:15:25
5267,6604,4440********0266-656,debit,Visa,2028-11,expired,2025-11-06T00:48:36
5268,6604,4022********6994-3616,debit,Visa,2028-10,active,2025-10-04T00:20:52
5269,6605,5642********9412-8103,debit,Mastercard,2031-03,blocked,2026-03-29T16:13:05
5270,6606,4040********8073-1623,debit,Visa,2030-03,active,2026-03-31T03:11:57
5271,6608,5244********3891-7480,debit,Mastercard,2028-10,active,2025-10-19T07:39:36
5272,6608,4999********1273-3812,debit,Visa,2031-03,active,2026-03-14T13:29:50
5273,6610,5135********8759-865,credit,Mastercard,2027-05,active,2024-05-20T20:11:26
5274,6611,4449********2653-971,debit,Visa,2029-03,blocked,2026-03-13T08:48:14
5275,6612,4171********7113-5538,debit,Visa,2029-05,active,2026-05-14T08:38:26
5276,6614,4628********7061-3462,debit,Visa,2028-01,active,2025-01-14T05:11:43
5277,6615,4629********4340-258,debit,Visa,2030-01,active,2026-01-22T07:45:28
5278,6616,4725********4266-2575,debit,Visa,2031-01,active,2026-01-16T12:57:56
5279,6617,5273********0224-9836,debit,Mastercard,2030-05,active,2026-05-15T02:48:05
5280,6617,5679********5741-3455,debit,Mastercard,2030-04,active,2026-04-16T18:46:22
5281,6618,5823********1271-8024,credit,Mastercard,2028-05,blocked,2025-05-24T17:47:29
5282,6619,5586********5497-4276,debit,Mastercard,2026-02,expired,2023-02-27T03:29:11
5283,6620,4457********8982-5307,debit,Visa,2027-10,active,2024-10-15T05:03:00
5284,6620,4421********2343-4968,debit,Visa,2028-08,expired,2024-08-26T18:21:50
5285,6621,5217********8224-3919,debit,Mastercard,2031-02,active,2026-02-10T13:26:35
5286,6622,4753********1187-2214,debit,Visa,2029-04,active,2026-04-22T12:21:13
5287,6625,4744********7333-2042,debit,Visa,2029-12,expired,2025-12-22T03:22:25
5288,6626,5787********9026-4579,debit,Mastercard,2029-12,active,2025-12-03T11:42:12
5289,6628,4473********0318-6976,debit,Visa,2029-05,active,2025-05-21T06:59:00
5290,6632,4946********1618-7441,debit,Visa,2031-03,active,2026-03-02T04:27:56
5291,6633,5974********3729-5051,debit,Mastercard,2029-05,active,2026-05-07T17:52:47
5292,6636,5164********8834-1524,credit,Mastercard,2029-12,blocked,2025-12-18T14:49:39
5293,6637,3420*******9023-9149,debit,Amex,2029-03,blocked,2026-03-16T02:51:16
5294,6640,5467********6709-444,debit,Mastercard,2030-01,blocked,2026-01-02T22:47:37
5295,6642,5333********8947-4549,debit,Mastercard,2028-09,active,2024-09-25T14:43:27
5296,6643,4067********0175-3953,credit,Visa,2030-09,active,2025-09-30T21:50:27
5297,6644,5126********5802-7268,debit,Mastercard,2029-04,active,2025-04-24T02:42:38
5298,6646,5426********7513-9906,credit,Mastercard,2029-03,blocked,2025-03-19T19:42:47
5299,6647,5962********8976-6708,debit,Mastercard,2029-03,active,2025-03-23T14:39:46
5300,6648,3238*******0295-2607,debit,Amex,2031-02,expired,2026-02-12T08:46:01
5301,6649,5027********2759-7798,debit,Mastercard,2030-12,expired,2025-12-26T21:06:31
5302,6651,4002********8363-531,debit,Visa,2030-01,expired,2025-01-19T06:44:34
5303,6652,4584********8444-6733,debit,Visa,2029-03,blocked,2026-03-05T01:50:38
5304,6655,4778********7544-9929,debit,Visa,2030-11,active,2025-11-24T02:10:45
5305,6657,4033********3953-8615,debit,Visa,2029-05,active,2026-05-07T17:01:44
5306,6658,4451********7327-9522,debit,Visa,2031-02,expired,2026-02-19T14:22:52
5307,6659,4564********3706-7762,debit,Visa,2029-04,active,2026-04-26T12:46:06
5308,6660,4739********9820-7989,debit,Visa,2029-04,blocked,2026-04-27T00:56:53
5309,6661,3798*******2316-7401,debit,Amex,2030-08,active,2025-08-25T15:40:31
5310,6661,4871********8009-7947,debit,Visa,2030-06,blocked,2025-06-05T06:11:38
5311,6662,4079********5275-7498,debit,Visa,2029-04,active,2026-04-24T18:38:59
5312,6663,5981********5618-9795,debit,Mastercard,2031-04,active,2026-04-06T08:00:22
5313,6664,5859********2059-3365,debit,Mastercard,2028-03,blocked,2025-03-19T09:59:20
5314,6664,5650********9196-8945,debit,Mastercard,2030-08,expired,2025-08-15T04:14:42
5315,6665,5221********0742-8769,credit,Mastercard,2031-04,active,2026-04-29T02:05:08
5316,6667,5544********2406-8731,debit,Mastercard,2028-10,expired,2023-10-13T06:29:00
5317,6669,4894********8763-3479,debit,Visa,2028-02,active,2024-02-06T18:08:33
5318,6671,4519********8616-1061,debit,Visa,2030-04,active,2026-04-07T15:42:21
5319,6673,4176********1526-6316,debit,Visa,2030-11,blocked,2025-11-04T08:57:56
5320,6675,4607********7385-4847,debit,Visa,2030-10,active,2025-10-17T16:10:12
5321,6676,4117********0848-1036,debit,Visa,2030-05,active,2026-05-08T11:20:20
5322,6677,4687********0503-4884,debit,Visa,2028-08,active,2024-08-16T05:17:30
5323,6678,5571********2554-6413,debit,Mastercard,2028-10,blocked,2025-10-31T23:08:32
5324,6679,4148********1900-3060,debit,Visa,2028-12,active,2024-12-13T01:34:15
5325,6680,5644********9367-8466,debit,Mastercard,2029-11,active,2024-11-11T17:39:57
5326,6682,5992********5604-7282,debit,Mastercard,2031-05,active,2026-05-03T12:21:06
5327,6683,4853********6708-6073,debit,Visa,2029-03,active,2026-03-04T21:36:10
5328,6683,5011********7781-9848,debit,Mastercard,2031-01,active,2026-01-27T14:03:17
5329,6684,4048********6479-155,debit,Visa,2030-02,active,2026-02-05T04:54:44
5330,6685,5469********9115-9617,debit,Mastercard,2031-04,active,2026-04-13T15:55:16
5331,6686,3798*******5863-1463,debit,Amex,2030-04,blocked,2026-04-24T01:38:47
5332,6687,4632********7155-6393,debit,Visa,2029-03,active,2026-03-10T05:06:28
5333,6688,4806********1771-7158,debit,Visa,2030-06,active,2025-06-16T19:00:15
5334,6691,4086********8259-8732,debit,Visa,2031-03,blocked,2026-03-04T05:51:46
5335,6692,5375********3663-8845,debit,Mastercard,2028-07,expired,2025-07-08T16:54:38
5336,6692,5885********7629-2170,debit,Mastercard,2027-07,active,2023-07-23T07:27:06
5337,6694,4521********7042-3419,debit,Visa,2027-10,active,2024-10-25T07:25:25
5338,6696,3052*******2464-4090,credit,Amex,2030-05,blocked,2026-05-04T16:55:39
5339,6698,5845********8527-195,debit,Mastercard,2030-12,active,2025-12-10T23:53:13
5340,6699,4850********3314-8750,debit,Visa,2029-09,blocked,2025-09-01T20:50:29
5341,6700,5779********1042-2023,debit,Mastercard,2029-03,blocked,2025-03-18T08:13:39
5342,6702,5182********0984-7059,debit,Mastercard,2029-12,active,2025-12-29T07:04:08
5343,6702,6170********7519-3812,debit,Discover,2030-05,active,2026-05-04T22:16:18
5344,6703,5647********5548-712,debit,Mastercard,2031-03,active,2026-03-10T12:33:03
5345,6705,4113********0148-3257,debit,Visa,2029-11,active,2025-11-16T16:16:34
5346,6705,5961********9383-5725,debit,Mastercard,2030-08,active,2025-08-28T15:37:53
5347,6706,5169********6802-1509,debit,Mastercard,2029-04,active,2025-04-05T19:54:16
5348,6707,5327********5584-2880,debit,Mastercard,2027-09,active,2023-09-18T20:47:39
5349,6708,5476********0040-4914,debit,Mastercard,2029-05,active,2026-05-10T19:36:24
5350,6709,4153********4757-4430,debit,Visa,2031-05,blocked,2026-05-14T00:59:49
5351,6710,6720********0092-2842,debit,Discover,2028-10,active,2024-10-24T22:12:07
5352,6710,4488********5677-9141,debit,Visa,2028-06,active,2024-06-26T18:59:36
5353,6712,5685********2846-4763,debit,Mastercard,2031-05,blocked,2026-05-14T04:02:46
5354,6714,4352********1566-1692,credit,Visa,2030-03,blocked,2026-03-21T17:46:43
5355,6715,3892*******5558-8788,debit,Amex,2029-12,blocked,2025-12-20T14:52:08
5356,6716,4900********3125-8322,debit,Visa,2030-12,blocked,2025-12-25T01:50:39
5357,6717,6149********8855-3633,debit,Discover,2031-04,blocked,2026-04-28T02:25:45
5358,6718,5327********4066-7846,debit,Mastercard,2029-11,active,2024-11-27T11:59:25
5359,6719,4835********6207-128,credit,Visa,2029-04,blocked,2026-04-30T01:59:55
5360,6721,4654********0364-808,credit,Visa,2030-02,active,2026-02-05T22:27:21
5361,6722,4212********8085-9372,debit,Visa,2030-05,active,2026-05-06T01:54:25
5362,6723,4377********8468-488,debit,Visa,2029-04,blocked,2026-04-29T16:51:39
5363,6725,4044********5581-7037,debit,Visa,2029-02,active,2026-02-25T11:18:13
5364,6726,4231********8647-7018,debit,Visa,2030-05,expired,2026-05-01T04:14:28
5365,6726,4808********4345-241,debit,Visa,2029-05,active,2026-05-11T14:46:15
5366,6727,4896********1631-3841,credit,Visa,2029-01,active,2026-01-18T16:10:43
5367,6728,4124********6499-9797,debit,Visa,2030-05,blocked,2026-05-06T10:02:15
5368,6730,5476********6052-6331,debit,Mastercard,2030-11,blocked,2025-11-15T02:27:37
5369,6732,4027********6496-3568,credit,Visa,2030-05,active,2026-05-16T11:30:26
5370,6733,4280********0246-2736,credit,Visa,2030-04,active,2026-04-08T03:27:55
5371,6734,4167********5935-3027,debit,Visa,2029-11,blocked,2024-11-16T06:06:29
5372,6735,4166********3112-477,debit,Visa,2028-03,blocked,2025-03-04T19:50:38
5373,6737,5963********3842-9311,debit,Mastercard,2030-10,active,2025-10-31T07:09:18
5374,6738,6578********5866-3530,debit,Discover,2029-02,blocked,2026-02-03T17:19:18
5375,6738,5120********1084-2583,debit,Mastercard,2027-01,blocked,2024-01-28T12:24:12
5376,6739,5339********9132-8944,debit,Mastercard,2030-04,expired,2026-04-18T17:39:49
5377,6741,5386********4759-2614,debit,Mastercard,2029-12,expired,2025-12-28T09:15:17
5378,6741,4559********4760-1930,debit,Visa,2029-11,blocked,2025-11-25T05:51:26
5379,6742,4288********5830-9772,debit,Visa,2029-10,blocked,2025-10-30T20:05:53
5380,6743,5432********6564-3651,credit,Mastercard,2030-08,active,2025-08-28T06:07:31
5381,6744,4027********0522-5700,debit,Visa,2031-05,expired,2026-05-16T05:26:59
5382,6744,5877********2215-5675,debit,Mastercard,2029-05,expired,2026-05-15T09:07:12
5383,6745,4129********9572-3146,debit,Visa,2030-03,active,2026-03-19T13:22:51
5384,6746,4803********2944-5244,debit,Visa,2029-03,blocked,2026-03-01T23:07:38
5385,6748,5229********9572-1328,credit,Mastercard,2030-10,expired,2025-10-18T14:38:46
5386,6749,5704********2234-2161,debit,Mastercard,2030-04,expired,2026-04-05T18:18:00
5387,6750,5645********2228-1307,debit,Mastercard,2031-05,active,2026-05-16T13:47:59
5388,6750,5849********6549-401,debit,Mastercard,2031-05,active,2026-05-15T17:25:38
5389,6751,4923********4121-9981,debit,Visa,2030-03,active,2026-03-07T23:59:42
5390,6752,5437********6599-1604,debit,Mastercard,2031-05,expired,2026-05-07T10:33:25
5391,6754,4449********8027-5951,debit,Visa,2029-04,active,2026-04-15T19:47:31
5392,6755,5910********5443-1101,debit,Mastercard,2029-05,blocked,2026-05-13T09:49:30
5393,6757,5693********4257-9133,debit,Mastercard,2029-04,blocked,2026-04-26T00:12:16
5394,6757,4463********3950-4429,debit,Visa,2029-05,blocked,2026-05-06T20:19:36
5395,6758,4774********9562-9587,credit,Visa,2031-05,active,2026-05-13T19:47:10
5396,6760,4096********1044-295,credit,Visa,2029-04,active,2026-04-23T00:18:51
5397,6762,4911********4636-6137,debit,Visa,2030-02,blocked,2025-02-16T05:35:06
5398,6765,4854********6702-8349,debit,Visa,2029-03,blocked,2026-03-10T21:34:37
5399,6768,5200********2261-639,debit,Mastercard,2029-04,active,2026-04-22T05:00:36
5400,6769,5787********8109-9142,credit,Mastercard,2028-12,blocked,2023-12-09T14:20:54
5401,6770,5123********2645-144,debit,Mastercard,2028-02,blocked,2025-02-01T03:48:12
5402,6770,5401********5407-5401,debit,Mastercard,2028-09,blocked,2025-09-21T06:41:10
5403,6771,5983********4661-3163,debit,Mastercard,2030-04,blocked,2026-04-02T17:11:39
5404,6773,4225********9930-9760,debit,Visa,2029-04,blocked,2026-04-21T18:33:17
5405,6774,4720********0020-1459,debit,Visa,2030-03,active,2026-03-27T21:51:39
5406,6774,5675********6015-8202,debit,Mastercard,2030-03,blocked,2026-03-17T00:51:07
5407,6775,5476********8331-5889,debit,Mastercard,2031-02,active,2026-02-20T05:42:54
5408,6776,4475********8005-2695,debit,Visa,2029-01,blocked,2026-01-26T21:10:33
5409,6776,5811********2556-1286,debit,Mastercard,2030-05,active,2026-05-09T10:24:05
5410,6777,4368********2862-2656,debit,Visa,2030-04,active,2026-04-19T13:00:07
5411,6778,4411********3191-214,debit,Visa,2031-03,active,2026-03-06T05:32:17
5412,6779,4668********8811-95,debit,Visa,2031-04,blocked,2026-04-30T01:26:23
5413,6780,5479********7660-2281,credit,Mastercard,2028-09,expired,2023-09-16T18:16:07
5414,6781,4270********1103-8100,debit,Visa,2027-09,active,2024-09-28T22:00:00
5415,6783,4890********2265-3282,credit,Visa,2028-11,expired,2025-11-10T14:21:31
5416,6785,4258********9353-7756,debit,Visa,2030-04,active,2026-04-16T12:48:50
5417,6786,4719********9538-589,debit,Visa,2031-04,blocked,2026-04-01T15:50:16
5418,6787,4141********8640-8069,debit,Visa,2029-04,blocked,2026-04-03T09:19:18
5419,6790,4610********2117-2154,debit,Visa,2030-04,blocked,2026-04-15T09:22:45
5420,6791,5465********4447-4165,debit,Mastercard,2029-03,blocked,2026-03-01T23:11:53
5421,6794,4320********8157-7190,debit,Visa,2029-02,expired,2026-02-01T11:58:58
5422,6795,4741********6082-2964,credit,Visa,2028-10,active,2024-10-07T13:12:39
5423,6797,6921********8833-4152,debit,Discover,2031-05,blocked,2026-05-15T04:16:27
5424,6798,4330********6650-6008,debit,Visa,2031-04,active,2026-04-27T13:10:12
5425,6801,5892********6234-9205,debit,Mastercard,2028-08,active,2024-08-19T01:39:51
5426,6802,5627********4350-7783,debit,Mastercard,2029-01,active,2026-01-24T05:16:18
5427,6805,4471********5249-59,debit,Visa,2030-03,blocked,2026-03-30T18:21:34
5428,6805,5869********6321-8036,debit,Mastercard,2029-04,active,2026-04-11T03:23:26
5429,6807,5403********6509-6357,debit,Mastercard,2030-11,blocked,2025-11-16T07:32:15
5430,6808,5337********6475-826,debit,Mastercard,2031-04,active,2026-04-15T16:25:15
5431,6809,5406********9214-9899,debit,Mastercard,2031-05,active,2026-05-12T16:49:04
5432,6810,3827*******6712-7914,debit,Amex,2029-04,active,2026-04-24T04:56:07
5433,6812,4256********7029-5496,debit,Visa,2029-10,blocked,2025-10-12T13:11:59
5434,6814,5869********9304-8214,debit,Mastercard,2029-04,blocked,2025-04-06T22:35:21
5435,6816,4366********5780-9758,debit,Visa,2028-06,active,2025-06-28T12:39:06
5436,6818,5839********0153-3076,credit,Mastercard,2029-02,active,2026-02-26T13:10:31
5437,6819,4663********4996-4547,debit,Visa,2030-03,active,2026-03-30T14:55:07
5438,6820,4627********1690-7017,credit,Visa,2028-06,expired,2025-06-12T17:58:35
5439,6822,4905********0989-5463,debit,Visa,2029-03,active,2024-03-29T13:31:33
5440,6824,4082********2680-2101,debit,Visa,2030-02,blocked,2026-02-06T03:08:25
5441,6824,4975********2498-8420,debit,Visa,2030-03,expired,2025-03-13T23:35:07
5442,6825,4728********8644-1386,debit,Visa,2028-10,blocked,2025-10-19T10:47:22
5443,6827,5955********8657-5171,debit,Mastercard,2031-05,blocked,2026-05-15T05:27:46
5444,6828,3118*******0016-9069,debit,Amex,2030-05,active,2026-05-08T05:07:13
5445,6829,4556********9149-3570,debit,Visa,2029-01,blocked,2024-01-17T10:34:12
5446,6830,5145********0701-8278,debit,Mastercard,2029-04,blocked,2026-04-13T15:47:49
5447,6830,4704********0472-7746,debit,Visa,2029-04,blocked,2026-04-15T00:35:29
5448,6831,5907********0963-5206,debit,Mastercard,2029-01,expired,2026-01-12T21:31:15
5449,6832,3370*******6450-7501,debit,Amex,2031-01,active,2026-01-27T23:06:47
5450,6832,4124********6557-4044,debit,Visa,2031-05,active,2026-05-15T21:16:11
5451,6835,5253********1435-1375,debit,Mastercard,2029-05,blocked,2026-05-10T01:36:04
5452,6835,5333********7325-5774,debit,Mastercard,2030-01,active,2026-01-19T19:04:49
5453,6836,5128********3294-7794,debit,Mastercard,2028-11,blocked,2025-11-12T10:22:23
5454,6837,5987********5235-8008,debit,Mastercard,2030-05,active,2026-05-05T03:41:58
5455,6838,5914********3603-246,debit,Mastercard,2029-05,blocked,2026-05-16T07:58:18
5456,6838,5007********4706-2899,debit,Mastercard,2029-05,blocked,2026-05-16T13:21:14
5457,6839,5934********5631-620,debit,Mastercard,2029-05,expired,2026-05-09T09:16:29
5458,6840,5817********5424-4267,debit,Mastercard,2031-03,active,2026-03-11T18:45:27
5459,6841,6830********2118-7233,debit,Discover,2030-05,expired,2026-05-07T00:25:07
5460,6843,5679********6439-2581,debit,Mastercard,2030-08,blocked,2025-08-31T16:49:30
5461,6844,4959********7078-5752,credit,Visa,2029-05,active,2026-05-01T09:48:28
5462,6845,5263********5207-3968,credit,Mastercard,2031-04,active,2026-04-26T17:51:21
5463,6846,5877********0865-9361,credit,Mastercard,2029-05,active,2026-05-16T14:52:41
5464,6849,4807********3011-3599,debit,Visa,2029-01,active,2026-01-10T07:14:15
5465,6849,5940********6031-96,debit,Mastercard,2030-10,active,2025-10-14T21:36:00
5466,6851,5193********7908-4524,credit,Mastercard,2029-09,active,2025-09-25T02:37:44
5467,6852,5439********1043-110,debit,Mastercard,2031-02,blocked,2026-02-08T04:57:47
5468,6852,6767********9564-7073,debit,Discover,2028-03,active,2025-03-01T16:20:18
5469,6853,4276********9691-2678,debit,Visa,2029-04,expired,2026-04-23T02:43:32
5470,6854,4947********6032-2090,debit,Visa,2029-02,expired,2024-02-23T09:52:01
5471,6855,5750********0712-9314,debit,Mastercard,2029-10,blocked,2024-10-28T04:20:20
5472,6856,4159********8662-8130,debit,Visa,2029-05,expired,2026-05-16T13:03:19
5473,6858,3663*******6121-4139,credit,Amex,2031-04,blocked,2026-04-11T13:40:05
5474,6860,4501********4889-9630,debit,Visa,2030-01,blocked,2026-01-18T06:25:30
5475,6861,4476********5003-9709,debit,Visa,2028-12,active,2025-12-04T09:33:00
5476,6864,5124********3395-7391,debit,Mastercard,2029-01,blocked,2026-01-30T09:42:31
5477,6865,4311********6597-4314,debit,Visa,2030-03,expired,2026-03-26T18:06:06
5478,6866,4977********1090-747,credit,Visa,2028-04,blocked,2025-04-22T01:53:16
5479,6868,5161********4095-1677,debit,Mastercard,2028-09,active,2024-09-18T14:39:19
5480,6871,6406********3507-6788,debit,Discover,2029-04,active,2026-04-03T03:45:01
5481,6873,5750********7717-3352,debit,Mastercard,2031-01,active,2026-01-15T07:20:04
5482,6874,5222********8590-7327,debit,Mastercard,2029-04,expired,2025-04-23T10:10:14
5483,6876,4961********6426-1885,debit,Visa,2029-04,active,2026-04-10T02:10:42
5484,6877,3382*******4441-8585,debit,Amex,2029-03,active,2024-03-29T06:49:35
5485,6878,5965********7967-6651,debit,Mastercard,2028-04,active,2024-04-19T04:05:50
5486,6879,5176********1510-9025,debit,Mastercard,2028-06,active,2025-06-20T12:18:07
5487,6880,4888********9736-6867,credit,Visa,2030-11,expired,2025-11-15T23:22:20
5488,6881,6436********7091-1478,debit,Discover,2029-03,active,2026-03-08T23:00:22
5489,6882,4987********6676-8932,debit,Visa,2030-01,active,2026-01-06T16:35:33
5490,6883,6782********3824-4723,credit,Discover,2030-03,blocked,2025-03-19T16:18:39
5491,6884,5949********9020-6132,debit,Mastercard,2029-04,active,2026-04-05T05:52:32
5492,6886,5590********8662-3514,credit,Mastercard,2029-09,active,2025-09-02T11:50:53
5493,6887,4724********5496-5038,debit,Visa,2029-05,active,2026-05-03T05:59:31
5494,6888,4292********7901-5715,debit,Visa,2030-05,blocked,2026-05-14T10:11:01
5495,6891,6468********7830-7449,credit,Discover,2030-04,active,2026-04-29T09:19:19
5496,6892,6980********8963-3282,debit,Discover,2029-02,blocked,2026-02-19T12:12:19
5497,6893,5699********2144-9782,debit,Mastercard,2030-10,expired,2025-10-20T00:04:29
5498,6893,4413********3216-5550,debit,Visa,2030-01,active,2026-01-17T15:42:43
5499,6894,4754********2941-5925,debit,Visa,2029-01,blocked,2026-01-25T14:24:36
5500,6895,5716********3685-9740,debit,Mastercard,2030-02,active,2025-02-24T23:00:36
5501,6897,3917*******0506-1376,debit,Amex,2028-05,expired,2025-05-16T09:26:48
5502,6898,5030********2911-3707,debit,Mastercard,2030-04,expired,2026-04-05T12:29:07
5503,6900,4429********6723-6165,debit,Visa,2031-02,active,2026-02-09T12:12:28
5504,6901,4911********9696-3058,debit,Visa,2029-02,active,2026-02-01T13:43:26
5505,6903,4199********1542-8408,credit,Visa,2030-01,blocked,2025-01-23T14:40:06
5506,6904,4373********2783-6528,debit,Visa,2030-03,expired,2026-03-24T16:04:17
5507,6906,3817*******7043-3503,debit,Amex,2029-01,blocked,2025-01-20T04:12:01
5508,6907,5304********8331-8239,debit,Mastercard,2027-10,active,2024-10-01T06:40:27
5509,6908,4944********0702-756,debit,Visa,2030-03,blocked,2026-03-08T00:31:33
5510,6908,5789********6959-2011,debit,Mastercard,2030-02,blocked,2026-02-23T20:38:35
5511,6909,3532*******8333-9145,debit,Amex,2030-04,active,2026-04-19T23:38:21
5512,6910,4778********8922-3746,debit,Visa,2029-01,active,2026-01-18T18:55:03
5513,6911,4815********9618-840,debit,Visa,2029-04,active,2025-04-14T22:18:34
5514,6911,5411********0057-7257,debit,Mastercard,2027-11,active,2024-11-09T10:30:49
5515,6912,4877********5011-8290,debit,Visa,2030-10,blocked,2025-10-27T16:02:13
5516,6912,5962********5488-7453,debit,Mastercard,2029-09,blocked,2024-09-18T04:41:31
5517,6913,5714********9007-1840,debit,Mastercard,2030-12,active,2025-12-07T04:02:52
5518,6916,5934********4152-1739,debit,Mastercard,2028-05,active,2024-05-18T05:28:40
5519,6917,3535*******2490-7493,debit,Amex,2029-01,active,2024-01-07T00:47:29
5520,6918,4701********2991-5127,debit,Visa,2030-02,blocked,2026-02-27T22:09:23
5521,6918,4734********0935-533,debit,Visa,2031-01,blocked,2026-01-07T04:44:04
5522,6920,4702********1411-3112,debit,Visa,2029-02,blocked,2026-02-08T10:46:11
5523,6922,5749********9450-8004,credit,Mastercard,2031-05,active,2026-05-16T04:49:03
5524,6923,5982********6112-8203,debit,Mastercard,2031-05,active,2026-05-15T20:07:13
5525,6925,4577********7712-4268,debit,Visa,2029-04,active,2026-04-10T11:03:07
5526,6926,4070********0105-1391,debit,Visa,2031-05,active,2026-05-05T02:58:25
5527,6927,5463********2438-3920,debit,Mastercard,2029-02,active,2026-02-17T15:17:03
5528,6929,5943********7285-420,debit,Mastercard,2030-06,active,2025-06-27T06:54:40
5529,6930,5049********7410-8184,debit,Mastercard,2031-03,active,2026-03-29T02:22:20
5530,6931,4011********1658-8746,debit,Visa,2030-05,active,2026-05-14T03:18:42
5531,6932,5825********0773-8990,debit,Mastercard,2030-01,blocked,2026-01-06T19:03:50
5532,6933,4265********1160-6696,debit,Visa,2030-10,active,2025-10-20T22:21:55
5533,6935,4231********7737-9648,debit,Visa,2030-04,expired,2026-04-23T06:50:04
5534,6937,5150********4206-4993,debit,Mastercard,2030-04,blocked,2025-04-27T12:53:54
5535,6938,4620********8519-6487,debit,Visa,2028-05,blocked,2024-05-09T08:56:39
5536,6941,4657********7297-4312,debit,Visa,2030-05,active,2026-05-03T05:49:25
5537,6942,4057********2442-7764,debit,Visa,2029-05,expired,2026-05-13T18:53:40
5538,6943,4652********5437-7425,debit,Visa,2030-04,active,2026-04-20T15:23:19
5539,6944,5417********6924-7940,debit,Mastercard,2029-05,active,2026-05-14T23:00:40
5540,6948,5933********8668-2339,debit,Mastercard,2029-05,blocked,2026-05-12T00:52:53
5541,6950,6943********1842-3187,debit,Discover,2031-02,active,2026-02-16T22:26:56
5542,6951,4976********0547-3631,debit,Visa,2031-03,active,2026-03-03T02:56:28
5543,6952,5025********9335-7192,debit,Mastercard,2031-05,expired,2026-05-14T11:03:41
5544,6954,5530********9397-1645,debit,Mastercard,2030-12,active,2025-12-15T20:25:24
5545,6956,5081********0971-9222,credit,Mastercard,2030-02,active,2026-02-19T17:17:03
5546,6958,5584********7572-3434,debit,Mastercard,2031-05,active,2026-05-01T17:58:10
5547,6962,5376********0358-6275,debit,Mastercard,2030-08,active,2025-08-19T11:21:56
5548,6963,6726********4437-6474,credit,Discover,2028-12,active,2025-12-24T22:12:45
5549,6966,4409********2479-5137,debit,Visa,2030-05,active,2026-05-10T01:30:12
5550,6967,4674********4241-8361,debit,Visa,2029-04,expired,2026-04-08T17:54:00
5551,6967,5948********1911-6011,debit,Mastercard,2030-01,active,2025-01-29T15:53:31
5552,6970,3723*******1229-719,debit,Amex,2031-03,active,2026-03-29T14:37:56
5553,6972,3813*******9635-7154,debit,Amex,2030-03,active,2026-03-22T03:18:08
5554,6973,4347********3182-4460,debit,Visa,2030-04,blocked,2026-04-06T16:05:28
5555,6975,4951********4625-2242,debit,Visa,2029-04,active,2026-04-08T20:09:22
5556,6976,4007********3273-4745,debit,Visa,2029-12,active,2025-12-03T21:59:47
5557,6978,4604********9700-8073,debit,Visa,2029-04,active,2026-04-18T09:46:00
5558,6979,5324********8060-4198,debit,Mastercard,2030-01,expired,2026-01-10T01:17:41
5559,6980,6094********5499-5071,debit,Discover,2030-12,active,2025-12-07T23:10:14
5560,6981,4663********2792-7179,credit,Visa,2030-03,active,2025-03-05T17:59:15
5561,6982,5097********3699-1393,debit,Mastercard,2030-02,blocked,2026-02-24T12:43:27
5562,6984,4751********0568-1909,credit,Visa,2030-05,active,2026-05-10T19:53:06
5563,6985,4459********4039-3545,credit,Visa,2031-04,blocked,2026-04-02T03:51:38
5564,6986,4382********1778-7649,debit,Visa,2030-04,expired,2026-04-25T07:39:37
5565,6988,4826********0612-6527,debit,Visa,2030-04,expired,2026-04-01T20:02:34
5566,6989,4461********6096-483,debit,Visa,2029-02,active,2026-02-09T07:59:32
5567,6991,5186********1726-5401,debit,Mastercard,2030-02,active,2026-02-16T11:26:45
5568,6992,5160********9807-3152,debit,Mastercard,2029-04,blocked,2025-04-14T14:39:16
5569,6993,4711********9719-5142,debit,Visa,2028-01,active,2025-01-19T11:05:52
5570,6994,5474********0843-8229,debit,Mastercard,2029-01,blocked,2026-01-23T01:54:05
5571,6995,5661********0625-5152,debit,Mastercard,2031-04,blocked,2026-04-15T08:38:54
5572,6996,5499********9306-1838,debit,Mastercard,2028-06,expired,2025-06-05T15:37:00
5573,6998,4471********4032-3579,debit,Visa,2028-03,blocked,2025-03-22T08:26:58
5574,6999,5872********4309-2026,credit,Mastercard,2030-10,blocked,2025-10-05T21:02:31
5575,7000,5350********6751-8466,debit,Mastercard,2030-07,active,2025-07-20T12:54:37
5576,7001,4989********0491-8677,debit,Visa,2028-02,active,2025-02-28T07:40:44
5577,7002,5256********0561-8769,debit,Mastercard,2029-04,blocked,2026-04-21T06:07:30
5578,7002,4241********2189-1863,debit,Visa,2029-10,blocked,2025-10-25T21:11:04
5579,7003,4817********0977-1378,debit,Visa,2030-09,expired,2025-09-30T18:21:25
5580,7005,4361********7806-2486,debit,Visa,2029-05,blocked,2026-05-11T18:56:54
5581,7006,4901********0111-6121,debit,Visa,2028-11,active,2025-11-23T03:51:26
5582,7007,5361********1606-7397,debit,Mastercard,2029-01,blocked,2026-01-29T17:54:25
5583,7008,4882********8769-1707,debit,Visa,2029-06,active,2025-06-25T15:57:34
5584,7009,5750********4631-8061,debit,Mastercard,2029-06,expired,2025-06-16T04:03:02
5585,7010,4715********2264-3326,debit,Visa,2031-04,active,2026-04-04T01:55:45
5586,7011,3895*******3113-1189,debit,Amex,2030-11,blocked,2025-11-09T05:23:06
5587,7012,4623********3178-5031,credit,Visa,2028-05,active,2024-05-04T04:45:28
5588,7013,5046********4851-8846,debit,Mastercard,2029-02,active,2025-02-05T07:15:37
5589,7015,4447********2557-4450,credit,Visa,2029-03,active,2025-03-01T00:40:43
5590,7016,5523********8439-8843,debit,Mastercard,2030-04,active,2026-04-04T17:26:56
5591,7016,4622********7127-2070,debit,Visa,2031-04,active,2026-04-18T15:05:33
5592,7017,4117********5554-4004,debit,Visa,2029-10,active,2024-10-21T04:32:16
5593,7018,4221********9215-4791,debit,Visa,2030-05,active,2026-05-02T20:21:28
5594,7019,3464*******7904-6118,debit,Amex,2028-08,active,2025-08-18T23:14:50
5595,7020,4957********4161-555,debit,Visa,2029-01,active,2026-01-29T05:34:48
5596,7021,5305********2570-8751,debit,Mastercard,2030-04,blocked,2026-04-12T18:34:03
5597,7022,4394********9045-5019,debit,Visa,2028-10,active,2025-10-21T12:01:42
5598,7023,5335********3764-8624,debit,Mastercard,2029-10,expired,2025-10-13T20:43:53
5599,7024,4546********9302-4217,credit,Visa,2028-12,active,2023-12-23T19:09:57
5600,7025,4071********7381-8409,debit,Visa,2030-04,blocked,2026-04-20T00:08:36
5601,7027,5232********7544-1850,debit,Mastercard,2026-12,active,2023-12-24T13:51:39
5602,7027,5010********5533-1546,debit,Mastercard,2029-11,active,2024-11-19T01:31:38
5603,7028,5427********3837-8959,debit,Mastercard,2026-06,active,2023-06-05T13:31:07
5604,7029,4930********2603-7927,credit,Visa,2029-05,expired,2026-05-16T18:31:12
5605,7031,4165********3280-6519,debit,Visa,2031-04,active,2026-04-27T05:58:12
5606,7031,5606********7336-1,debit,Mastercard,2031-04,active,2026-04-29T00:57:57
5607,7032,5604********2126-8985,debit,Mastercard,2028-01,active,2024-01-07T08:53:29
5608,7033,4712********7939-4419,debit,Visa,2028-04,blocked,2024-04-25T03:26:13
5609,7036,5432********2787-6672,debit,Mastercard,2030-03,active,2026-03-22T13:09:03
5610,7037,5320********3879-4302,debit,Mastercard,2028-03,expired,2025-03-28T10:13:34
5611,7038,5124********9959-3197,debit,Mastercard,2029-04,active,2026-04-11T11:31:47
5612,7039,5552********6855-3080,debit,Mastercard,2030-03,blocked,2026-03-31T19:43:57
5613,7043,5223********3113-4761,debit,Mastercard,2029-01,blocked,2025-01-29T08:10:36
5614,7044,5028********7001-4280,debit,Mastercard,2029-05,active,2026-05-01T17:53:27
5615,7045,3968*******7070-2701,debit,Amex,2028-04,expired,2025-04-14T21:53:30
5616,7046,5339********7869-1713,debit,Mastercard,2029-01,active,2026-01-29T13:23:24
5617,7047,4739********1469-2238,debit,Visa,2029-10,blocked,2024-10-17T04:44:17
5618,7049,4771********0970-258,credit,Visa,2031-05,expired,2026-05-16T18:43:59
5619,7050,5026********7042-208,debit,Mastercard,2031-05,active,2026-05-10T20:05:30
5620,7050,4125********4294-9837,debit,Visa,2030-05,active,2026-05-08T02:37:29
5621,7051,4633********8855-5688,debit,Visa,2029-04,active,2026-04-23T23:25:54
5622,7052,4138********7642-8707,debit,Visa,2030-05,active,2025-05-21T21:52:33
5623,7053,5285********8753-2595,credit,Mastercard,2027-06,expired,2023-06-25T10:12:59
5624,7054,5315********6886-386,debit,Mastercard,2029-11,active,2025-11-07T12:58:33
5625,7055,4424********3171-5227,debit,Visa,2030-03,expired,2026-03-10T20:01:20
5626,7056,4239********1292-5534,debit,Visa,2029-10,blocked,2025-10-11T08:55:25
5627,7057,5568********5413-5622,debit,Mastercard,2030-10,active,2025-10-03T16:48:42
5628,7058,5716********7209-8174,debit,Mastercard,2031-01,blocked,2026-01-24T19:36:53
5629,7059,5625********6895-4735,debit,Mastercard,2028-10,active,2025-10-22T04:24:14
5630,7060,3425*******3774-7844,debit,Amex,2030-01,expired,2026-01-23T08:09:05
5631,7062,4381********6164-5017,debit,Visa,2028-12,blocked,2025-12-01T11:20:33
5632,7064,5037********2682-5915,debit,Mastercard,2028-02,active,2025-02-17T10:44:31
5633,7065,4948********4650-9416,credit,Visa,2030-09,blocked,2025-09-30T10:56:56
5634,7066,5677********6320-5933,debit,Mastercard,2031-01,active,2026-01-01T23:33:30
5635,7067,5302********6933-8929,debit,Mastercard,2029-04,blocked,2026-04-27T03:55:38
5636,7068,4112********6046-2552,debit,Visa,2030-09,active,2025-09-15T06:54:33
5637,7069,4362********4410-1166,debit,Visa,2028-12,expired,2025-12-28T13:40:27
5638,7070,4039********4212-596,debit,Visa,2028-12,active,2025-12-13T14:25:46
5639,7072,5997********4819-5968,debit,Mastercard,2031-02,expired,2026-02-05T14:36:44
5640,7073,4081********8757-2956,credit,Visa,2029-07,active,2025-07-08T04:50:13
5641,7074,5605********8854-2613,debit,Mastercard,2029-02,blocked,2026-02-07T18:22:35
5642,7075,3830*******7899-7999,debit,Amex,2030-01,active,2026-01-11T13:03:07
5643,7076,5792********9767-757,credit,Mastercard,2031-04,blocked,2026-04-29T07:45:56
5644,7077,5779********1886-406,debit,Mastercard,2030-04,active,2026-04-30T21:54:03
5645,7079,6517********1930-5236,debit,Discover,2030-05,blocked,2025-05-14T14:41:09
5646,7080,5146********5585-271,debit,Mastercard,2031-04,active,2026-04-01T12:59:19
5647,7081,4482********0438-4594,debit,Visa,2030-09,blocked,2025-09-17T18:43:45
5648,7082,6492********6238-8266,debit,Discover,2030-12,blocked,2025-12-08T04:03:21
5649,7084,5905********4856-8590,debit,Mastercard,2029-01,active,2026-01-16T07:52:24
5650,7084,5759********4086-4812,debit,Mastercard,2031-03,active,2026-03-15T04:34:21
5651,7085,5476********0340-8328,debit,Mastercard,2030-04,active,2025-04-20T04:05:45
5652,7088,5610********0848-2534,debit,Mastercard,2030-11,active,2025-11-16T18:07:08
5653,7090,4862********8054-335,debit,Visa,2029-05,blocked,2026-05-02T11:36:56
5654,7091,5010********0938-233,debit,Mastercard,2029-11,active,2025-11-20T19:58:23
5655,7092,5528********2870-5823,debit,Mastercard,2028-12,blocked,2025-12-03T22:39:04
5656,7093,5472********7500-4684,debit,Mastercard,2027-09,active,2022-09-09T05:58:31
5657,7093,5758********3141-4626,debit,Mastercard,2027-11,active,2023-11-30T20:14:53
5658,7094,5745********8015-2652,debit,Mastercard,2029-03,blocked,2026-03-06T09:43:14
5659,7096,4231********8923-1737,debit,Visa,2029-10,active,2025-10-28T00:16:43
5660,7097,5287********3827-7926,credit,Mastercard,2028-08,active,2025-08-29T01:13:03
5661,7098,4187********4645-6888,debit,Visa,2030-03,active,2025-03-24T12:33:59
5662,7099,4280********8935-8200,credit,Visa,2029-04,blocked,2026-04-28T03:11:04
5663,7100,4765********0872-1763,debit,Visa,2029-12,blocked,2025-12-25T22:50:09
5664,7101,5171********3286-3452,debit,Mastercard,2027-07,blocked,2024-07-31T21:05:51
5665,7102,4191********8707-8348,credit,Visa,2030-12,active,2025-12-30T19:12:30
5666,7103,4106********8985-3578,debit,Visa,2029-02,expired,2026-02-06T23:54:35
5667,7104,5252********8276-7381,credit,Mastercard,2029-02,active,2026-02-21T06:46:35
5668,7105,6509********6627-3744,credit,Discover,2031-02,expired,2026-02-06T17:32:22
5669,7107,5932********0039-8596,debit,Mastercard,2030-03,active,2026-03-14T10:00:17
5670,7107,5878********3727-2135,debit,Mastercard,2030-09,blocked,2025-09-29T23:44:57
5671,7108,4940********5282-1353,debit,Visa,2031-04,blocked,2026-04-14T23:26:39
5672,7109,4152********7835-5441,debit,Visa,2031-02,active,2026-02-13T09:01:02
5673,7111,4411********9162-2552,debit,Visa,2030-06,active,2025-06-30T18:20:58
5674,7113,4733********8399-5248,debit,Visa,2029-09,active,2025-09-25T04:15:41
5675,7114,6094********5835-7200,debit,Discover,2031-02,expired,2026-02-27T17:55:09
5676,7115,5445********9549-1266,debit,Mastercard,2030-10,blocked,2025-10-24T07:36:33
5677,7116,4122********4373-6279,debit,Visa,2030-09,blocked,2025-09-13T04:47:29
5678,7117,5914********0456-471,credit,Mastercard,2029-05,active,2026-05-08T02:14:34
5679,7118,4147********3706-6242,debit,Visa,2030-05,active,2026-05-09T19:45:34
5680,7119,4195********8017-6104,debit,Visa,2031-02,active,2026-02-27T20:08:21
5681,7120,3989*******9036-2702,debit,Amex,2030-04,blocked,2026-04-27T01:04:00
5682,7120,5498********0215-5087,debit,Mastercard,2029-05,blocked,2026-05-08T02:57:47
5683,7121,5288********2075-8550,debit,Mastercard,2030-04,active,2026-04-24T08:53:03
5684,7122,4648********9906-1849,debit,Visa,2029-04,blocked,2026-04-27T22:16:48
5685,7123,4713********5016-5990,debit,Visa,2029-03,active,2026-03-30T01:18:04
5686,7125,5905********0522-8054,credit,Mastercard,2030-05,active,2026-05-01T02:45:04
5687,7127,4775********4603-9617,debit,Visa,2031-04,expired,2026-04-11T06:19:32
5688,7128,5103********2392-5134,debit,Mastercard,2030-02,blocked,2026-02-04T13:05:04
5689,7128,4606********6998-5562,debit,Visa,2028-03,active,2025-03-01T09:50:56
5690,7129,5969********5314-5516,debit,Mastercard,2029-05,active,2026-05-11T19:38:49
5691,7130,5353********7399-7066,debit,Mastercard,2029-10,active,2025-10-02T11:51:44
5692,7133,4492********6235-9815,debit,Visa,2031-05,blocked,2026-05-12T16:22:47
5693,7133,4286********5852-8958,debit,Visa,2029-05,blocked,2026-05-15T17:19:46
5694,7135,4807********6135-2190,credit,Visa,2030-04,active,2026-04-16T04:57:33
5695,7136,4567********6546-638,credit,Visa,2029-04,blocked,2026-04-22T13:18:02
5696,7137,3435*******7416-393,debit,Amex,2030-11,active,2025-11-15T01:43:44
5697,7137,5273********0205-1249,debit,Mastercard,2031-04,expired,2026-04-05T04:23:27
5698,7138,4983********4930-1871,debit,Visa,2030-11,blocked,2025-11-04T18:31:44
5699,7139,5290********5450-9823,debit,Mastercard,2028-12,expired,2024-12-01T15:09:18
5700,7140,5105********1139-3596,debit,Mastercard,2030-09,active,2025-09-08T19:20:48
5701,7141,5974********2064-7375,debit,Mastercard,2030-07,active,2025-07-01T23:01:41
5702,7142,5045********1034-6416,debit,Mastercard,2030-02,active,2026-02-20T00:19:21
5703,7143,4800********4836-1042,debit,Visa,2029-08,blocked,2025-08-21T16:20:53
5704,7144,4841********9732-7523,debit,Visa,2029-08,blocked,2025-08-09T04:56:18
5705,7145,4680********7379-2075,credit,Visa,2029-11,active,2025-11-16T10:58:33
5706,7146,5114********6607-3091,debit,Mastercard,2031-01,active,2026-01-30T00:00:06
5707,7147,5301********7293-5408,debit,Mastercard,2030-05,active,2026-05-15T22:31:13
5708,7148,4903********6617-4721,debit,Visa,2029-02,active,2026-02-18T19:25:53
5709,7148,4041********4475-9284,debit,Visa,2031-02,active,2026-02-09T01:54:58
5710,7149,4482********6567-9391,debit,Visa,2031-03,expired,2026-03-05T11:00:47
5711,7150,4304********9061-8439,debit,Visa,2028-12,expired,2024-12-01T13:37:54
5712,7151,5395********2795-6384,debit,Mastercard,2025-12,expired,2022-12-11T20:58:49
5713,7152,4438********4991-9662,debit,Visa,2029-12,active,2025-12-18T15:40:11
5714,7155,5654********2923-3192,debit,Mastercard,2030-03,active,2026-03-22T18:56:47
5715,7157,5074********1249-1812,credit,Mastercard,2028-12,blocked,2025-12-15T17:41:20
5716,7159,3539*******8834-7956,debit,Amex,2031-04,active,2026-04-08T18:37:52
5717,7159,4622********0178-9019,debit,Visa,2031-03,active,2026-03-29T22:50:06
5718,7160,4714********7049-8079,debit,Visa,2029-03,active,2026-03-04T06:35:38
5719,7162,3408*******5043-8875,debit,Amex,2027-09,active,2024-09-20T09:19:17
5720,7164,5355********7465-3793,debit,Mastercard,2027-10,blocked,2023-10-01T10:22:05
5721,7165,4379********0192-2359,debit,Visa,2029-11,active,2024-11-23T09:00:39
5722,7165,5931********3180-512,debit,Mastercard,2028-11,active,2024-11-08T16:45:22
5723,7166,4762********0082-316,debit,Visa,2028-06,active,2025-06-19T15:11:22
5724,7168,4162********8608-3096,debit,Visa,2029-04,blocked,2026-04-17T01:44:54
5725,7170,5028********1433-5282,debit,Mastercard,2031-05,active,2026-05-13T22:20:54
5726,7171,4061********8424-9565,credit,Visa,2030-05,expired,2026-05-16T12:48:01
5727,7172,5858********3799-1319,debit,Mastercard,2029-03,active,2026-03-12T00:46:53
5728,7172,5179********7094-9090,debit,Mastercard,2031-04,blocked,2026-04-28T07:54:26
5729,7173,3174*******3661-9713,debit,Amex,2029-04,active,2026-04-12T22:29:41
5730,7175,3253*******6960-3370,debit,Amex,2028-11,active,2025-11-20T08:24:46
5731,7176,4041********5867-7340,debit,Visa,2029-05,blocked,2026-05-15T09:13:08
5732,7177,4657********6187-9676,debit,Visa,2028-07,blocked,2025-07-17T09:08:31
5733,7177,4771********1950-5346,debit,Visa,2029-02,blocked,2026-02-16T01:53:40
5734,7179,5417********1661-9194,credit,Mastercard,2030-04,active,2026-04-14T09:06:17
5735,7180,4093********7960-213,debit,Visa,2030-11,active,2025-11-12T04:15:22
5736,7181,4097********1616-770,debit,Visa,2030-04,active,2026-04-19T22:26:59
5737,7181,5174********9812-7906,debit,Mastercard,2029-04,active,2026-04-10T17:36:02
5738,7183,3892*******0371-4443,debit,Amex,2030-09,blocked,2025-09-02T15:56:10
5739,7184,5596********6174-4697,debit,Mastercard,2026-10,active,2022-10-10T21:24:55
5740,7185,5019********9087-3659,debit,Mastercard,2029-04,blocked,2024-04-15T00:29:41
5741,7186,4308********6342-216,debit,Visa,2028-05,blocked,2025-05-02T23:42:29
5742,7187,4009********5174-7456,debit,Visa,2029-09,blocked,2025-09-17T09:58:40
5743,7188,4315********0061-5611,debit,Visa,2029-08,active,2024-08-14T12:46:16
5744,7189,3872*******5290-6126,debit,Amex,2030-01,active,2026-01-19T13:57:33
5745,7189,5617********2539-561,debit,Mastercard,2031-04,expired,2026-04-07T12:51:53
5746,7190,4905********1280-2557,debit,Visa,2031-05,active,2026-05-08T02:49:34
5747,7191,4338********3268-2881,debit,Visa,2031-04,active,2026-04-11T15:07:02
5748,7192,5692********5838-2811,debit,Mastercard,2028-12,blocked,2025-12-28T18:06:09
5749,7194,5359********8556-5839,debit,Mastercard,2029-03,active,2026-03-29T21:23:45
5750,7195,4650********2483-8233,debit,Visa,2031-04,active,2026-04-11T05:36:37
5751,7197,4814********0709-9827,debit,Visa,2029-01,active,2024-01-22T16:58:04
5752,7197,4557********9225-3285,debit,Visa,2029-01,active,2026-01-24T11:52:45
5753,7199,5849********4586-4976,debit,Mastercard,2029-05,blocked,2026-05-07T16:00:13
5754,7200,4727********9182-8594,debit,Visa,2030-01,active,2026-01-19T05:50:37
5755,7202,5641********7364-2406,debit,Mastercard,2028-11,blocked,2025-11-22T10:43:48
5756,7203,5176********9986-1975,debit,Mastercard,2028-12,blocked,2025-12-03T16:54:34
5757,7205,6814********6036-3047,debit,Discover,2029-04,active,2025-04-27T11:42:45
5758,7206,4954********1730-6733,debit,Visa,2031-05,active,2026-05-15T14:36:00
5759,7207,4452********4145-893,debit,Visa,2031-03,active,2026-03-27T10:24:45
5760,7207,5747********4162-6933,debit,Mastercard,2029-03,blocked,2026-03-14T01:32:25
5761,7209,4159********4879-301,debit,Visa,2028-09,active,2025-09-20T13:18:13
5762,7210,4288********3630-5197,debit,Visa,2030-12,active,2025-12-21T22:18:35
5763,7212,4712********8594-1217,debit,Visa,2030-01,active,2026-01-31T03:10:55
5764,7214,5103********3101-1581,debit,Mastercard,2030-02,blocked,2026-02-05T23:48:37
5765,7215,4182********5282-3969,debit,Visa,2031-03,blocked,2026-03-24T05:25:01
5766,7216,5468********3040-787,credit,Mastercard,2031-05,expired,2026-05-02T18:34:43
5767,7217,4399********1362-6885,debit,Visa,2030-04,active,2026-04-17T20:42:12
5768,7218,6806********4454-8822,debit,Discover,2031-04,active,2026-04-13T02:57:23
5769,7219,3602*******3642-9299,debit,Amex,2031-05,blocked,2026-05-12T07:08:15
5770,7220,4013********0724-3229,debit,Visa,2028-12,expired,2025-12-03T23:51:55
5771,7220,4674********9824-9111,debit,Visa,2030-03,active,2026-03-02T01:53:31
5772,7224,5205********6854-4136,debit,Mastercard,2029-03,expired,2026-03-12T19:27:49
5773,7224,3595*******7388-8947,debit,Amex,2031-03,blocked,2026-03-04T12:11:12
5774,7225,4718********3880-5122,debit,Visa,2031-05,expired,2026-05-06T16:36:52
5775,7226,4124********7832-1072,debit,Visa,2027-04,blocked,2023-04-08T13:10:46
5776,7226,4998********5371-2135,debit,Visa,2029-04,active,2026-04-20T13:52:00
5777,7227,4522********5700-7666,debit,Visa,2029-10,blocked,2025-10-24T03:58:30
5778,7228,4744********9299-4056,debit,Visa,2031-04,blocked,2026-04-02T14:07:37
5779,7228,4617********5352-5540,debit,Visa,2028-12,active,2025-12-26T10:01:40
5780,7232,4549********2828-3679,debit,Visa,2029-03,active,2026-03-26T01:14:38
5781,7233,5848********4099-6680,debit,Mastercard,2029-08,blocked,2025-08-11T01:45:25
5782,7234,4388********8767-1416,debit,Visa,2030-04,blocked,2026-04-19T08:01:20
5783,7235,5452********0873-1710,debit,Mastercard,2029-03,active,2026-03-18T03:45:38
5784,7237,5915********7179-8331,debit,Mastercard,2029-03,active,2026-03-06T18:55:52
5785,7238,5116********9115-2849,debit,Mastercard,2029-04,blocked,2026-04-03T11:01:08
5786,7238,4189********6594-9166,debit,Visa,2029-04,blocked,2026-04-05T09:09:53
5787,7240,5793********0499-8102,debit,Mastercard,2029-07,blocked,2025-07-30T06:19:59
5788,7241,3701*******0590-763,debit,Amex,2028-07,blocked,2024-07-10T19:20:03
5789,7242,4214********4639-1003,debit,Visa,2031-04,blocked,2026-04-07T07:31:06
5790,7242,5720********4375-8847,debit,Mastercard,2030-04,active,2026-04-01T22:59:14
5791,7243,4182********0144-8611,debit,Visa,2030-04,blocked,2026-04-23T10:00:12
5792,7244,4344********7892-2791,debit,Visa,2031-04,expired,2026-04-07T04:15:21
5793,7246,5873********2718-5727,debit,Mastercard,2029-09,blocked,2025-09-10T04:52:45
5794,7249,4142********9316-5130,debit,Visa,2029-04,active,2026-04-27T06:13:59
5795,7250,4956********5514-7190,debit,Visa,2028-12,blocked,2025-12-16T13:50:04
5796,7252,4693********6150-9583,credit,Visa,2029-12,blocked,2025-12-14T00:08:38
5797,7253,4168********1333-9569,debit,Visa,2031-03,expired,2026-03-10T14:54:08
5798,7255,6390********1244-2201,debit,Discover,2029-04,blocked,2026-04-11T04:52:40
5799,7255,5668********8591-8273,debit,Mastercard,2028-09,active,2025-09-20T07:54:18
5800,7256,3783*******6787-2486,debit,Amex,2030-01,expired,2026-01-29T08:27:54
5801,7257,4237********2597-3265,debit,Visa,2031-05,active,2026-05-10T15:32:05
5802,7258,4521********6201-6473,debit,Visa,2031-05,active,2026-05-07T01:47:01
5803,7263,4583********4590-5464,debit,Visa,2028-04,active,2023-04-23T13:14:47
5804,7264,4620********8188-9165,debit,Visa,2026-04,expired,2023-04-15T22:40:48
5805,7266,4372********9005-6316,debit,Visa,2028-04,expired,2024-04-09T02:07:19
5806,7267,4281********0334-6539,debit,Visa,2028-07,active,2025-07-04T19:31:55
5807,7268,5285********7550-9386,debit,Mastercard,2029-12,active,2024-12-22T17:11:26
5808,7269,5922********7957-3953,debit,Mastercard,2027-04,active,2024-04-01T23:37:45
5809,7271,3818*******6398-5669,debit,Amex,2027-11,active,2023-11-21T19:14:59
5810,7272,4330********2647-3797,debit,Visa,2029-07,active,2025-07-12T20:00:50
5811,7272,5712********1739-4748,debit,Mastercard,2027-09,active,2024-09-21T16:03:10
5812,7273,5600********8089-7787,debit,Mastercard,2029-02,active,2026-02-04T19:11:10
5813,7274,3568*******5426-6738,debit,Amex,2031-04,active,2026-04-07T15:45:33
5814,7278,5799********0847-7153,debit,Mastercard,2030-05,active,2026-05-10T15:58:26
5815,7279,4694********9969-8615,debit,Visa,2031-03,active,2026-03-24T10:28:32
5816,7280,5781********6678-5504,debit,Mastercard,2031-03,active,2026-03-24T05:36:37
5817,7281,4003********5933-8177,debit,Visa,2031-01,expired,2026-01-31T02:21:10
5818,7281,4791********0208-2922,debit,Visa,2029-09,expired,2025-09-06T13:21:29
5819,7282,5200********4458-6867,debit,Mastercard,2030-05,expired,2026-05-04T01:13:21
5820,7283,4560********4203-2199,credit,Visa,2031-05,blocked,2026-05-04T04:25:36
5821,7284,5569********7088-4619,debit,Mastercard,2030-04,blocked,2026-04-07T22:51:29
5822,7285,3935*******6730-5830,debit,Amex,2031-05,active,2026-05-10T21:02:02
5823,7286,4926********0722-3978,debit,Visa,2030-05,active,2026-05-13T10:10:27
5824,7287,6027********7725-3826,debit,Discover,2028-12,active,2025-12-31T09:00:40
5825,7288,3700*******1810-9446,debit,Amex,2029-02,active,2025-02-20T00:23:13
5826,7289,3805*******0022-680,debit,Amex,2030-01,blocked,2025-01-18T06:40:46
5827,7292,3854*******8243-3667,debit,Amex,2029-04,expired,2026-04-10T06:20:43
5828,7293,5050********8222-5628,debit,Mastercard,2030-02,expired,2026-02-13T00:28:29
5829,7295,5390********0007-5695,debit,Mastercard,2030-03,active,2026-03-08T17:38:10
5830,7297,3518*******1224-7837,debit,Amex,2029-05,blocked,2026-05-14T02:55:10
5831,7298,4238********9710-1837,debit,Visa,2029-04,blocked,2026-04-20T10:51:58
5832,7298,5319********3899-6013,debit,Mastercard,2029-02,blocked,2026-02-09T23:53:58
5833,7299,4957********2866-2157,debit,Visa,2031-05,active,2026-05-15T06:07:56
5834,7301,5529********8522-6296,debit,Mastercard,2029-03,active,2026-03-03T04:58:28
5835,7302,4231********6559-8167,debit,Visa,2028-07,active,2025-07-02T18:17:44
5836,7303,5487********5006-6636,debit,Mastercard,2029-11,active,2025-11-11T03:38:10
5837,7304,4494********2105-4192,debit,Visa,2029-04,blocked,2026-04-24T10:33:22
5838,7305,5224********5421-5766,debit,Mastercard,2029-02,active,2026-02-27T15:36:06
5839,7306,4704********3705-2742,credit,Visa,2030-09,expired,2025-09-15T01:40:10
5840,7307,5079********6589-7731,debit,Mastercard,2027-07,active,2023-07-04T02:48:08
5841,7308,4248********5635-7536,debit,Visa,2030-04,blocked,2026-04-14T16:46:10
5842,7309,5041********5799-6361,debit,Mastercard,2030-02,active,2026-02-07T01:24:52
5843,7314,4187********5658-5552,debit,Visa,2031-03,expired,2026-03-28T03:39:00
5844,7315,3985*******4116-3836,debit,Amex,2028-07,active,2024-07-30T23:05:16
5845,7317,4784********2682-4973,debit,Visa,2029-05,active,2026-05-16T02:03:16
5846,7318,5776********1034-930,debit,Mastercard,2029-01,active,2026-01-16T20:34:35
5847,7319,4687********8681-508,debit,Visa,2030-04,active,2026-04-30T01:19:15
5848,7320,4494********2154-424,credit,Visa,2028-07,blocked,2024-07-16T06:19:04
5849,7327,4534********0632-6007,debit,Visa,2027-05,active,2024-05-20T20:44:57
5850,7328,4922********4823-9209,debit,Visa,2029-01,active,2024-01-13T02:06:58
5851,7329,4353********9068-2119,debit,Visa,2030-02,active,2026-02-06T18:40:04
5852,7329,5111********3646-8332,debit,Mastercard,2029-09,expired,2024-09-09T17:38:36
5853,7330,5609********7406-5370,credit,Mastercard,2029-11,blocked,2024-11-13T08:54:16
5854,7331,4008********3161-7340,debit,Visa,2028-04,active,2025-04-13T22:29:08
5855,7331,4100********7734-4691,debit,Visa,2027-10,blocked,2024-10-16T07:04:48
5856,7332,5519********6883-9753,debit,Mastercard,2031-05,active,2026-05-10T20:48:51
5857,7335,5252********4919-5309,debit,Mastercard,2029-04,active,2026-04-11T23:10:51
5858,7336,5894********6969-6587,debit,Mastercard,2030-03,active,2026-03-29T13:07:18
5859,7337,5337********3266-1265,debit,Mastercard,2029-05,active,2026-05-12T12:08:49
5860,7338,3873*******7414-9830,credit,Amex,2029-04,expired,2026-04-27T13:12:04
5861,7339,4290********5709-1615,debit,Visa,2029-04,active,2026-04-19T11:54:51
5862,7339,5891********7090-5211,debit,Mastercard,2030-02,active,2026-02-23T14:42:17
5863,7340,4257********4255-9867,debit,Visa,2030-05,active,2026-05-07T06:31:25
5864,7340,4064********4795-5235,debit,Visa,2029-04,blocked,2026-04-28T00:21:39
5865,7342,5139********4433-6583,debit,Mastercard,2030-05,active,2026-05-10T00:07:18
5866,7343,4742********2724-4358,debit,Visa,2027-11,blocked,2024-11-19T18:00:46
5867,7345,4937********6092-9421,debit,Visa,2029-09,active,2025-09-30T00:52:12
5868,7346,4844********5784-6916,debit,Visa,2027-11,active,2024-11-22T22:49:02
5869,7347,5857********1064-784,debit,Mastercard,2031-04,active,2026-04-02T04:18:33
5870,7347,5979********7738-6195,debit,Mastercard,2028-08,active,2025-08-10T14:40:54
5871,7350,4526********8507-8250,credit,Visa,2029-04,active,2026-04-24T21:26:52
5872,7352,4349********8459-8705,debit,Visa,2027-03,blocked,2024-03-23T04:11:49
5873,7353,4322********1155-9851,debit,Visa,2029-05,expired,2025-05-04T18:03:07
5874,7354,4491********7192-5143,debit,Visa,2031-05,active,2026-05-10T00:31:03
5875,7355,5577********2585-9914,debit,Mastercard,2029-05,active,2026-05-14T17:15:52
5876,7357,5350********8294-1068,debit,Mastercard,2031-04,blocked,2026-04-29T20:09:21
5877,7359,4825********9615-8706,credit,Visa,2031-04,blocked,2026-04-26T15:19:25
5878,7360,5209********7746-3106,credit,Mastercard,2029-02,active,2026-02-21T05:42:38
5879,7361,4161********8674-3824,credit,Visa,2030-06,active,2025-06-10T10:28:24
5880,7362,4515********3866-879,debit,Visa,2028-01,active,2025-01-16T01:19:05
5881,7363,4090********0507-40,debit,Visa,2030-05,active,2026-05-15T15:37:42
5882,7365,5590********9721-8921,debit,Mastercard,2030-05,active,2026-05-04T05:37:06
5883,7366,4119********3241-284,debit,Visa,2030-04,blocked,2026-04-29T01:49:07
5884,7367,3799*******4655-99,debit,Amex,2028-09,active,2025-09-19T19:47:03
5885,7367,4583********5482-5508,debit,Visa,2028-05,expired,2025-05-16T22:39:14
5886,7373,5028********8171-7765,debit,Mastercard,2030-12,blocked,2025-12-29T22:16:13
5887,7374,4663********7963-7138,debit,Visa,2030-05,blocked,2026-05-11T07:20:41
5888,7376,5400********8685-1331,debit,Mastercard,2031-05,active,2026-05-02T11:14:45
5889,7377,4442********3331-7357,debit,Visa,2028-11,active,2025-11-25T11:07:29
5890,7379,6408********7833-7510,debit,Discover,2030-11,blocked,2025-11-19T05:56:47
5891,7379,3609*******2242-7517,debit,Amex,2029-11,active,2025-11-04T15:06:43
5892,7380,5049********7541-4266,debit,Mastercard,2029-02,active,2025-02-28T16:13:18
5893,7381,4068********8783-6487,debit,Visa,2029-07,active,2025-07-17T02:28:30
5894,7381,5242********6502-7790,debit,Mastercard,2028-05,expired,2025-05-15T19:35:29
5895,7382,4583********7877-2897,debit,Visa,2027-08,expired,2024-08-26T13:23:40
5896,7383,4348********0771-4117,credit,Visa,2029-12,active,2025-12-10T10:05:17
5897,7384,5225********5228-137,debit,Mastercard,2030-03,active,2026-03-01T11:24:04
5898,7386,4935********3756-9149,debit,Visa,2031-03,expired,2026-03-18T18:23:32
5899,7387,4536********8314-8362,credit,Visa,2030-01,active,2026-01-10T15:36:18
5900,7388,4579********2687-7539,debit,Visa,2029-01,expired,2026-01-09T22:48:52
5901,7389,4731********3234-8072,debit,Visa,2030-05,blocked,2026-05-05T16:53:28
5902,7389,6199********6072-3059,debit,Discover,2030-04,blocked,2026-04-17T05:08:05
5903,7390,4111********2235-7719,debit,Visa,2030-03,active,2026-03-04T01:17:29
5904,7391,5968********2751-7228,debit,Mastercard,2029-05,active,2026-05-11T05:20:51
5905,7393,5626********0966-5532,credit,Mastercard,2031-04,blocked,2026-04-04T07:23:09
5906,7394,4793********1612-9874,debit,Visa,2029-08,active,2025-08-28T04:54:19
5907,7395,4716********6760-8414,debit,Visa,2029-02,expired,2025-02-02T23:24:11
5908,7395,4821********2386-7680,debit,Visa,2031-02,active,2026-02-22T00:39:32
5909,7396,4982********9845-9745,credit,Visa,2029-06,active,2024-06-14T21:39:53
5910,7397,5056********6601-5464,debit,Mastercard,2029-03,active,2026-03-17T21:00:48
5911,7398,4423********2104-3192,debit,Visa,2029-04,active,2026-04-29T18:40:09
5912,7399,6329********9430-7525,debit,Discover,2029-04,active,2026-04-20T22:45:55
5913,7400,4635********5407-7689,debit,Visa,2030-02,active,2026-02-21T02:44:03
5914,7402,4481********0689-8510,debit,Visa,2028-04,expired,2025-04-29T20:29:27
5915,7403,4861********3440-5952,debit,Visa,2028-09,blocked,2024-09-04T18:29:31
5916,7404,4864********9325-4007,debit,Visa,2030-06,active,2025-06-05T06:45:50
5917,7406,4248********5951-724,credit,Visa,2031-05,blocked,2026-05-12T22:43:10
5918,7407,5128********2247-4903,credit,Mastercard,2030-03,active,2026-03-24T09:08:02
5919,7410,4437********4086-1186,debit,Visa,2029-10,blocked,2024-10-07T02:56:55
5920,7411,5029********7027-5262,debit,Mastercard,2029-12,blocked,2025-12-11T09:00:51
5921,7412,4665********2781-9500,debit,Visa,2031-02,active,2026-02-14T06:26:12
5922,7413,4341********1136-5259,debit,Visa,2029-11,blocked,2025-11-17T15:20:48
5923,7415,4749********6573-5548,credit,Visa,2029-06,active,2025-06-12T16:50:15
5924,7417,4555********1318-9486,debit,Visa,2031-05,expired,2026-05-15T06:54:02
5925,7420,4451********8899-9171,debit,Visa,2030-02,active,2026-02-14T23:16:47
5926,7420,4195********1782-9920,debit,Visa,2028-10,active,2025-10-23T11:48:31
5927,7422,3703*******9794-495,debit,Amex,2029-12,active,2025-12-09T08:53:53
5928,7423,4222********6486-5083,debit,Visa,2029-04,active,2026-04-25T10:47:56
5929,7424,4952********7137-2458,debit,Visa,2029-05,active,2026-05-11T05:33:54
5930,7425,5947********3678-3497,credit,Mastercard,2029-04,active,2026-04-04T16:19:06
5931,7426,5192********5594-1846,debit,Mastercard,2029-05,active,2026-05-13T23:42:08
5932,7427,5266********2049-5143,debit,Mastercard,2029-02,active,2025-02-17T06:33:48
5933,7429,5280********9222-4889,credit,Mastercard,2028-07,active,2025-07-31T03:14:06
5934,7430,4369********6313-8476,debit,Visa,2029-12,expired,2025-12-27T04:26:30
5935,7430,4921********3622-8495,debit,Visa,2027-11,active,2024-11-12T08:18:00
5936,7431,5839********0525-1662,debit,Mastercard,2030-04,expired,2026-04-19T02:33:36
5937,7432,4090********5717-2549,debit,Visa,2028-09,active,2025-09-15T05:13:13
5938,7433,6119********0189-1295,debit,Discover,2028-10,blocked,2025-10-13T23:33:46
5939,7434,3322*******3109-4274,debit,Amex,2030-03,active,2025-03-11T20:27:10
5940,7435,4670********0826-9362,debit,Visa,2029-11,active,2025-11-11T12:13:08
5941,7436,5926********3427-7870,debit,Mastercard,2027-08,expired,2024-08-16T11:41:27
5942,7437,5522********7096-8959,debit,Mastercard,2028-06,active,2025-06-16T14:18:37
5943,7438,4866********6608-2860,debit,Visa,2028-08,blocked,2025-08-03T14:18:32
5944,7439,3069*******3821-1718,credit,Amex,2029-04,active,2026-04-27T22:02:17
5945,7440,5630********8777-2639,debit,Mastercard,2029-04,blocked,2026-04-17T04:00:37
5946,7442,4083********1741-9323,credit,Visa,2030-05,blocked,2026-05-09T13:02:53
5947,7443,5284********2099-8123,debit,Mastercard,2029-08,expired,2025-08-12T23:21:38
5948,7447,5086********0516-9084,credit,Mastercard,2031-01,expired,2026-01-25T08:50:25
5949,7448,4168********0756-759,debit,Visa,2029-05,active,2026-05-11T17:13:57
5950,7449,4557********3067-1067,debit,Visa,2029-09,active,2025-09-10T05:23:54
5951,7451,4928********2866-5066,debit,Visa,2029-03,blocked,2025-03-23T04:48:10
5952,7452,4847********0284-6434,debit,Visa,2030-03,blocked,2026-03-23T12:28:09
5953,7453,4576********6638-8503,debit,Visa,2031-05,active,2026-05-12T12:10:41
5954,7455,4447********3400-2051,debit,Visa,2030-04,blocked,2025-04-22T18:41:39
5955,7457,5522********3832-1808,debit,Mastercard,2029-11,expired,2024-11-25T13:46:43
5956,7458,4302********1364-3290,credit,Visa,2031-02,active,2026-02-17T06:56:31
5957,7459,4595********4925-1330,debit,Visa,2030-07,blocked,2025-07-04T07:24:45
5958,7461,4999********4808-5016,credit,Visa,2029-08,active,2025-08-11T11:25:51
5959,7463,4752********6011-5001,debit,Visa,2026-04,blocked,2023-04-20T15:31:36
5960,7464,4094********7594-7697,debit,Visa,2028-05,expired,2025-05-06T12:46:32
5961,7466,5792********3391-5131,debit,Mastercard,2031-04,active,2026-04-10T05:03:31
5962,7466,4296********9241-3869,debit,Visa,2031-05,active,2026-05-03T08:09:51
5963,7467,4952********5652-8510,debit,Visa,2031-02,blocked,2026-02-06T20:21:28
5964,7469,4288********3164-2298,debit,Visa,2030-05,active,2026-05-01T08:50:28
5965,7470,4010********1069-4718,debit,Visa,2030-12,blocked,2025-12-30T16:45:51
5966,7471,5563********6294-9489,debit,Mastercard,2027-11,expired,2023-11-14T04:28:05
5967,7473,4045********7676-2310,debit,Visa,2029-03,blocked,2026-03-29T22:59:15
5968,7474,4736********6313-1252,debit,Visa,2027-01,active,2024-01-22T11:46:07
5969,7475,5569********0882-8222,debit,Mastercard,2030-06,active,2025-06-25T19:49:23
5970,7476,3674*******3451-9559,debit,Amex,2028-09,blocked,2023-09-16T15:42:25
5971,7477,4761********2478-3464,debit,Visa,2030-01,active,2026-01-23T03:28:34
5972,7480,4959********4702-9997,credit,Visa,2029-05,active,2026-05-11T13:49:42
5973,7481,3815*******9589-5707,debit,Amex,2029-12,expired,2024-12-11T17:06:22
5974,7481,5421********6588-8719,debit,Mastercard,2031-05,active,2026-05-13T15:24:07
5975,7484,4081********2079-4708,debit,Visa,2030-04,active,2026-04-15T16:04:56
5976,7485,4433********5734-907,debit,Visa,2030-03,active,2026-03-18T09:52:59
5977,7485,4564********2226-6763,debit,Visa,2029-01,active,2025-01-24T19:05:10
5978,7486,5936********8974-2309,debit,Mastercard,2027-09,expired,2024-09-29T13:39:32
5979,7487,5337********6780-1514,debit,Mastercard,2030-09,blocked,2025-09-30T15:08:08
5980,7487,5781********4220-604,debit,Mastercard,2028-03,blocked,2025-03-12T00:12:49
5981,7488,5944********0741-5782,debit,Mastercard,2028-10,blocked,2024-10-14T16:17:48
5982,7489,4319********3929-3072,debit,Visa,2029-05,active,2026-05-01T18:30:10
5983,7490,4881********3760-9411,debit,Visa,2030-05,active,2026-05-16T18:37:42
5984,7492,4727********9574-720,debit,Visa,2029-10,active,2025-10-10T11:30:16
5985,7493,5583********8593-368,debit,Mastercard,2030-01,active,2026-01-08T10:26:17
5986,7497,4904********8659-5778,debit,Visa,2030-10,blocked,2025-10-11T23:16:42
5987,7498,4711********1300-9861,debit,Visa,2029-05,active,2026-05-07T12:56:15
5988,7498,4684********7918-5010,debit,Visa,2030-09,active,2025-09-12T15:42:24
5989,7500,5629********6565-4077,debit,Mastercard,2030-02,expired,2026-02-23T11:22:28
5990,7500,4533********8956-982,debit,Visa,2029-11,active,2025-11-06T08:11:47
5991,7501,4714********8588-4518,debit,Visa,2031-05,active,2026-05-06T00:25:58
5992,7502,4522********8306-5734,debit,Visa,2029-09,blocked,2025-09-24T07:53:30
5993,7503,5504********9444-985,debit,Mastercard,2031-03,expired,2026-03-10T01:55:32
5994,7503,5074********0577-2615,debit,Mastercard,2031-04,active,2026-04-30T18:44:25
5995,7505,4408********1147-3875,debit,Visa,2031-04,active,2026-04-24T09:45:57
5996,7506,3215*******2929-1114,debit,Amex,2029-03,active,2026-03-13T14:07:36
5997,7507,5260********4919-1347,credit,Mastercard,2030-03,blocked,2026-03-07T20:00:58
5998,7509,5415********2416-3973,debit,Mastercard,2029-12,active,2025-12-05T21:18:42
5999,7509,4254********6909-3925,debit,Visa,2030-03,active,2026-03-13T01:19:16
6000,7510,4772********9247-5080,debit,Visa,2027-11,blocked,2024-11-16T21:12:09
6001,7511,4310********1159-5774,credit,Visa,2029-11,active,2024-11-22T06:02:45
6002,7512,4487********7463-4178,debit,Visa,2027-07,expired,2024-07-29T13:57:54
6003,7513,5062********2486-4438,debit,Mastercard,2030-02,active,2026-02-01T00:34:04
6004,7513,4265********4906-9103,debit,Visa,2031-03,expired,2026-03-20T21:22:54
6005,7515,4791********0083-3226,debit,Visa,2030-12,blocked,2025-12-25T23:34:51
6006,7516,5227********4144-8381,credit,Mastercard,2029-08,blocked,2025-08-13T18:33:32
6007,7517,5745********4191-7799,debit,Mastercard,2030-01,active,2026-01-15T18:16:26
6008,7518,4966********9623-3244,debit,Visa,2030-10,active,2025-10-29T15:28:15
6009,7518,5893********7164-5320,debit,Mastercard,2028-11,expired,2025-11-10T09:49:42
6010,7519,5940********9070-4348,debit,Mastercard,2029-04,active,2026-04-22T22:33:05
6011,7521,4362********0722-5288,debit,Visa,2029-03,blocked,2026-03-30T14:19:03
6012,7523,4077********5387-7607,debit,Visa,2031-05,active,2026-05-04T11:54:56
6013,7527,4206********7057-7408,debit,Visa,2031-04,active,2026-04-29T03:58:55
6014,7529,4855********6466-8022,debit,Visa,2027-08,active,2024-08-26T15:45:44
6015,7530,5947********0648-3143,debit,Mastercard,2031-03,active,2026-03-16T01:57:34
6016,7530,4715********8685-8253,debit,Visa,2031-03,active,2026-03-22T22:10:07
6017,7531,3027*******2186-929,debit,Amex,2030-04,active,2026-04-30T06:57:50
6018,7533,4072********8508-1981,debit,Visa,2029-06,blocked,2025-06-25T18:19:35
6019,7534,5839********1792-6618,debit,Mastercard,2030-05,active,2026-05-02T23:50:09
6020,7534,5859********9217-7351,debit,Mastercard,2028-12,active,2025-12-17T20:19:01
6021,7535,5934********1949-5099,debit,Mastercard,2028-08,active,2023-08-07T04:39:44
6022,7536,5238********3819-1291,debit,Mastercard,2030-05,active,2026-05-10T22:46:11
6023,7537,4481********7119-4406,debit,Visa,2029-12,active,2024-12-15T06:17:39
6024,7538,4313********9280-1302,debit,Visa,2031-04,active,2026-04-27T18:22:49
6025,7539,5493********4401-6159,debit,Mastercard,2030-11,active,2025-11-14T16:29:51
6026,7540,5277********5901-3212,debit,Mastercard,2030-04,active,2026-04-27T03:10:01
6027,7541,4901********0018-9914,debit,Visa,2029-05,active,2026-05-10T13:17:21
6028,7542,4028********7471-4559,credit,Visa,2029-04,expired,2026-04-22T04:25:02
6029,7543,4573********6802-2831,debit,Visa,2029-04,active,2026-04-15T14:34:14
6030,7544,5529********8558-9820,credit,Mastercard,2029-04,blocked,2026-04-20T18:51:23
6031,7545,4775********0036-7392,debit,Visa,2029-11,blocked,2025-11-08T10:51:27
6032,7546,5091********8898-9757,debit,Mastercard,2030-06,blocked,2025-06-04T09:19:51
6033,7546,4018********9878-17,debit,Visa,2030-12,blocked,2025-12-05T20:22:07
6034,7547,4645********4494-6977,debit,Visa,2029-04,expired,2026-04-06T05:19:06
6035,7548,6050********5465-3129,debit,Discover,2030-05,blocked,2026-05-15T03:27:58
6036,7549,3005*******7301-1993,debit,Amex,2031-05,active,2026-05-10T01:59:57
6037,7550,5167********2794-5992,debit,Mastercard,2030-05,active,2026-05-05T19:57:34
6038,7551,4642********4213-5406,debit,Visa,2029-05,blocked,2026-05-11T18:00:05
6039,7554,4524********3932-2759,debit,Visa,2028-06,blocked,2025-06-21T10:45:54
6040,7555,5571********6390-750,debit,Mastercard,2030-05,active,2026-05-04T06:58:22
6041,7558,5134********3527-9666,debit,Mastercard,2029-05,active,2024-05-22T18:24:54
6042,7559,4419********9906-8451,debit,Visa,2029-04,expired,2026-04-16T19:19:23
6043,7560,5637********2973-3651,debit,Mastercard,2029-03,blocked,2026-03-21T14:55:42
6044,7563,4531********2633-6058,debit,Visa,2027-08,active,2022-08-01T14:57:54
6045,7565,4388********1522-5175,credit,Visa,2029-01,active,2026-01-31T00:49:21
6046,7566,4583********8052-1094,debit,Visa,2030-05,active,2026-05-09T17:30:57
6047,7566,4738********2303-5605,debit,Visa,2030-04,active,2026-04-20T00:07:17
6048,7567,5462********4447-6105,credit,Mastercard,2029-04,active,2025-04-17T15:44:27
6049,7569,4010********0350-7095,credit,Visa,2031-04,blocked,2026-04-30T08:43:50
6050,7571,5188********8847-7493,debit,Mastercard,2030-01,blocked,2025-01-16T05:06:38
6051,7573,5447********2617-8108,debit,Mastercard,2028-11,active,2025-11-13T16:23:52
6052,7574,5561********3342-2743,debit,Mastercard,2028-10,expired,2025-10-29T01:08:51
6053,7575,5153********3721-2,debit,Mastercard,2029-05,active,2026-05-13T10:52:16
6054,7576,4721********6148-8046,debit,Visa,2029-05,blocked,2026-05-12T17:25:27
6055,7577,4673********8516-6758,debit,Visa,2029-03,active,2025-03-25T15:45:46
6056,7578,4071********6391-8510,debit,Visa,2027-02,active,2024-02-02T10:00:59
6057,7579,5068********8913-7017,debit,Mastercard,2027-01,active,2024-01-30T08:43:59
6058,7579,5725********5367-658,debit,Mastercard,2026-11,expired,2023-11-07T09:14:20
6059,7580,5663********3144-1385,debit,Mastercard,2029-04,active,2024-04-10T10:04:36
6060,7581,3642*******8815-6934,debit,Amex,2031-04,active,2026-04-14T07:21:09
6061,7582,4132********0699-6818,debit,Visa,2029-10,active,2025-10-05T16:43:03
6062,7583,5729********6179-7356,debit,Mastercard,2029-09,blocked,2025-09-22T14:22:29
6063,7585,4696********8666-9439,debit,Visa,2030-09,active,2025-09-13T04:55:45
6064,7588,4952********7846-5506,debit,Visa,2030-03,active,2026-03-01T05:36:39
6065,7589,4338********7143-1561,debit,Visa,2030-07,active,2025-07-06T17:43:12
6066,7590,5268********4815-3258,credit,Mastercard,2030-04,active,2026-04-12T09:28:05
6067,7592,4044********4046-3900,debit,Visa,2030-07,blocked,2025-07-14T11:54:47
6068,7593,4687********9494-9422,credit,Visa,2028-09,active,2024-09-15T22:30:13
6069,7594,4152********0955-2913,debit,Visa,2028-06,active,2025-06-15T12:58:33
6070,7595,4182********1088-3728,debit,Visa,2029-01,active,2026-01-30T05:43:01
6071,7596,4745********9613-3170,debit,Visa,2030-05,expired,2026-05-14T07:20:20
6072,7597,4261********6272-821,debit,Visa,2027-11,active,2023-11-17T18:22:53
6073,7598,4932********2267-1263,debit,Visa,2028-11,active,2025-11-29T20:09:07
6074,7599,4094********1078-4479,debit,Visa,2028-08,blocked,2024-08-08T19:54:06
6075,7600,4698********2836-840,debit,Visa,2026-07,active,2022-07-03T19:23:43
6076,7603,4559********4269-1409,debit,Visa,2028-07,active,2025-07-21T03:53:22
6077,7604,5335********2188-5386,debit,Mastercard,2030-04,blocked,2026-04-02T08:48:14
6078,7605,4164********8250-568,debit,Visa,2030-08,active,2025-08-01T07:21:17
6079,7609,5857********0685-5762,debit,Mastercard,2029-10,blocked,2025-10-17T10:20:24
6080,7611,4382********0806-7273,debit,Visa,2031-04,blocked,2026-04-23T19:35:24
6081,7613,4934********3770-1636,debit,Visa,2031-04,active,2026-04-06T00:41:19
6082,7614,5680********4378-9911,debit,Mastercard,2031-03,active,2026-03-22T05:50:29
6083,7615,4095********6580-6206,debit,Visa,2028-08,active,2024-08-05T07:41:14
6084,7616,4230********8036-5804,debit,Visa,2030-04,active,2026-04-11T00:43:32
6085,7617,4152********4873-5724,debit,Visa,2030-02,active,2026-02-18T05:32:21
6086,7618,4859********2748-4257,debit,Visa,2030-04,blocked,2026-04-28T09:01:24
6087,7619,5910********6458-7744,debit,Mastercard,2030-10,blocked,2025-10-21T10:27:03
6088,7620,5662********7202-66,debit,Mastercard,2030-04,active,2026-04-11T06:11:42
6089,7622,4228********4138-6249,debit,Visa,2030-03,blocked,2025-03-03T16:53:33
6090,7624,5003********2730-4588,debit,Mastercard,2031-03,active,2026-03-26T23:37:55
6091,7626,5017********3781-9512,debit,Mastercard,2029-01,blocked,2026-01-08T05:01:58
6092,7626,3356*******2053-239,debit,Amex,2029-12,blocked,2025-12-30T20:08:32
6093,7627,5200********5376-7405,debit,Mastercard,2028-11,active,2025-11-27T23:30:50
6094,7628,4390********0246-7618,debit,Visa,2029-07,blocked,2025-07-08T18:31:50
6095,7630,4442********4555-6885,credit,Visa,2029-01,blocked,2026-01-27T18:28:55
6096,7631,5523********0717-5407,debit,Mastercard,2029-04,active,2026-04-24T23:52:35
6097,7635,4784********6516-3545,credit,Visa,2028-08,active,2025-08-12T04:09:43
6098,7637,5163********9565-9014,debit,Mastercard,2030-12,active,2025-12-24T17:43:56
6099,7638,4788********0064-4077,debit,Visa,2030-05,active,2026-05-15T02:43:39
6100,7638,4675********4872-9549,debit,Visa,2029-05,active,2026-05-16T13:53:57
6101,7639,3092*******9897-9764,debit,Amex,2028-08,active,2025-08-16T16:49:45
6102,7640,5578********6439-8429,credit,Mastercard,2029-01,active,2025-01-15T02:55:35
6103,7643,5423********2620-4347,debit,Mastercard,2028-07,active,2025-07-08T10:07:02
6104,7646,4906********9063-8354,debit,Visa,2030-04,active,2026-04-05T00:23:10
6105,7647,5303********6319-8067,debit,Mastercard,2029-03,active,2026-03-22T12:32:56
6106,7648,4730********9486-6705,debit,Visa,2030-11,blocked,2025-11-13T00:54:49
6107,7648,5133********6971-8019,debit,Mastercard,2029-03,blocked,2026-03-25T20:57:25
6108,7649,4537********0584-945,debit,Visa,2029-05,active,2026-05-05T03:44:19
6109,7650,4376********7505-8228,debit,Visa,2029-05,active,2026-05-02T02:47:34
6110,7651,5014********7585-6022,debit,Mastercard,2030-12,active,2025-12-13T15:06:49
6111,7652,5161********5719-2282,debit,Mastercard,2029-05,active,2026-05-04T20:43:08
6112,7655,5589********0933-7468,debit,Mastercard,2029-04,expired,2026-04-07T16:34:45
6113,7656,6823********6961-3414,credit,Discover,2028-09,expired,2025-09-14T12:47:24
6114,7657,3303*******0959-775,debit,Amex,2031-02,blocked,2026-02-23T18:17:19
6115,7659,4934********0221-1218,debit,Visa,2031-03,blocked,2026-03-20T16:49:51
6116,7659,5404********8674-6250,debit,Mastercard,2031-03,active,2026-03-16T17:12:47
6117,7661,5795********4462-2913,debit,Mastercard,2030-04,active,2026-04-03T18:06:00
6118,7663,5187********6735-5464,credit,Mastercard,2031-04,active,2026-04-05T10:47:24
6119,7664,4632********7392-4626,debit,Visa,2030-03,active,2025-03-02T23:38:53
6120,7665,4503********7845-9709,credit,Visa,2028-08,blocked,2025-08-19T22:49:25
6121,7667,4557********6292-5852,debit,Visa,2028-12,active,2024-12-29T09:54:21
6122,7668,3472*******5052-3418,debit,Amex,2031-05,active,2026-05-15T07:03:40
6123,7669,5241********8332-4206,debit,Mastercard,2029-09,active,2025-09-08T18:56:08
6124,7669,3582*******6782-9761,debit,Amex,2028-09,active,2025-09-09T15:56:58
6125,7670,4600********6601-568,debit,Visa,2028-02,blocked,2025-02-26T23:28:19
6126,7671,5551********5425-544,debit,Mastercard,2031-04,expired,2026-04-14T16:45:38
6127,7672,4727********2440-9518,credit,Visa,2030-03,blocked,2025-03-02T08:46:16
6128,7673,5845********5175-2288,debit,Mastercard,2029-02,active,2026-02-01T17:45:14
6129,7673,4449********4830-2052,debit,Visa,2030-10,active,2025-10-04T21:22:49
6130,7674,5537********7667-5917,debit,Mastercard,2029-03,active,2026-03-11T18:44:10
6131,7675,6872********6825-5672,debit,Discover,2029-08,blocked,2025-08-09T21:18:15
6132,7676,5213********4876-8035,debit,Mastercard,2029-03,active,2026-03-07T17:39:17
6133,7677,5217********2371-9976,debit,Mastercard,2029-11,active,2025-11-28T02:03:31
6134,7678,5323********7528-4265,debit,Mastercard,2030-10,active,2025-10-04T01:53:00
6135,7678,4430********4391-5746,debit,Visa,2028-05,active,2025-05-07T01:22:02
6136,7681,3780*******4364-1055,debit,Amex,2028-02,blocked,2025-02-28T06:19:10
6137,7682,4638********8250-5524,debit,Visa,2029-02,blocked,2026-02-06T01:31:49
6138,7683,5484********4013-7371,debit,Mastercard,2029-08,active,2025-08-09T23:33:54
6139,7683,3047*******5925-6080,debit,Amex,2029-04,expired,2026-04-08T18:42:29
6140,7684,4995********8063-3377,debit,Visa,2028-06,blocked,2025-06-08T05:14:33
6141,7687,4348********9477-1719,debit,Visa,2030-06,expired,2025-06-28T07:42:39
6142,7687,4841********6450-7613,debit,Visa,2031-04,active,2026-04-05T16:38:08
6143,7691,5984********4888-2058,debit,Mastercard,2031-05,active,2026-05-13T07:37:31
6144,7692,4952********5952-719,debit,Visa,2028-12,active,2025-12-16T05:25:22
6145,7694,5301********9186-3353,debit,Mastercard,2029-04,active,2026-04-20T07:03:49
6146,7696,4506********4587-4876,debit,Visa,2030-04,expired,2026-04-26T19:31:43
6147,7696,5589********4699-9855,debit,Mastercard,2031-01,active,2026-01-17T08:44:49
6148,7697,4179********4672-7820,debit,Visa,2028-06,active,2023-06-07T12:54:20
6149,7699,5213********9789-223,debit,Mastercard,2028-07,blocked,2025-07-25T09:38:34
6150,7701,4589********2188-9689,debit,Visa,2028-05,active,2024-05-15T15:21:40
6151,7702,3362*******2803-3314,debit,Amex,2030-06,active,2025-06-06T21:36:37
6152,7703,5393********7943-5678,debit,Mastercard,2031-01,active,2026-01-27T23:22:48
6153,7705,5087********9790-4245,debit,Mastercard,2028-01,blocked,2025-01-03T00:09:24
6154,7706,4850********1672-7491,debit,Visa,2028-05,blocked,2025-05-03T12:18:46
6155,7708,4054********0867-6310,debit,Visa,2029-11,blocked,2024-11-28T21:46:31
6156,7709,5189********8974-5723,debit,Mastercard,2028-12,active,2025-12-26T18:07:49
6157,7710,4946********5819-5338,debit,Visa,2029-04,active,2026-04-29T17:16:04
6158,7711,4086********7911-9772,debit,Visa,2030-10,active,2025-10-20T09:35:34
6159,7711,4838********4484-7605,debit,Visa,2030-12,active,2025-12-15T04:14:17
6160,7712,5555********4254-2017,debit,Mastercard,2026-07,blocked,2023-07-10T18:19:37
6161,7713,5214********2604-1793,debit,Mastercard,2029-11,active,2025-11-05T17:58:54
6162,7715,4628********0478-7220,debit,Visa,2029-11,active,2025-11-13T16:22:19
6163,7717,5348********0013-6371,debit,Mastercard,2028-09,blocked,2025-09-23T16:44:45
6164,7717,4150********3847-7528,debit,Visa,2029-05,blocked,2026-05-05T18:35:11
6165,7721,5473********7350-7504,debit,Mastercard,2030-04,blocked,2026-04-23T13:27:12
6166,7721,3061*******8892-5074,debit,Amex,2029-01,blocked,2026-01-06T07:32:26
6167,7722,5792********4636-1416,debit,Mastercard,2028-12,active,2024-12-01T21:24:01
6168,7724,4121********4538-8044,debit,Visa,2029-03,active,2025-03-24T00:13:22
6169,7725,5108********6791-6819,debit,Mastercard,2029-02,active,2026-02-21T14:28:39
6170,7726,4600********5852-1383,credit,Visa,2031-04,active,2026-04-23T03:19:03
6171,7729,4987********6659-9992,debit,Visa,2027-10,blocked,2024-10-01T23:25:24
6172,7729,5806********7070-332,debit,Mastercard,2029-01,active,2025-01-12T23:08:14
6173,7730,4193********2022-4931,debit,Visa,2031-04,active,2026-04-05T01:02:57
6174,7731,3316*******7872-3405,debit,Amex,2025-12,expired,2022-12-28T08:46:05
6175,7732,4428********6117-3646,debit,Visa,2028-03,blocked,2025-03-02T12:07:22
6176,7733,4113********2166-6323,debit,Visa,2031-05,blocked,2026-05-12T16:16:19
6177,7734,4473********6658-6694,credit,Visa,2029-12,expired,2025-12-16T16:51:56
6178,7735,4553********6836-5940,credit,Visa,2029-04,blocked,2026-04-19T21:58:38
6179,7736,4165********2795-3959,debit,Visa,2030-03,active,2026-03-20T02:21:50
6180,7738,5047********2893-8606,debit,Mastercard,2027-08,active,2024-08-18T11:20:04
6181,7740,5398********7566-4814,debit,Mastercard,2030-05,active,2026-05-04T23:41:45
6182,7741,5249********3092-3583,debit,Mastercard,2030-04,blocked,2026-04-13T02:24:12
6183,7742,4275********0647-6918,credit,Visa,2027-09,blocked,2023-09-28T19:35:35
6184,7743,3960*******0197-589,debit,Amex,2029-05,blocked,2026-05-09T15:54:42
6185,7744,4649********2693-8302,debit,Visa,2030-09,active,2025-09-29T06:12:48
6186,7745,4066********7118-4596,debit,Visa,2031-04,active,2026-04-19T01:29:08
6187,7747,5135********4534-1455,debit,Mastercard,2029-10,blocked,2025-10-22T22:06:20
6188,7747,3673*******5130-2233,debit,Amex,2030-11,blocked,2025-11-18T12:50:46
6189,7749,4867********0257-364,debit,Visa,2029-09,active,2025-09-08T10:10:58
6190,7749,4504********7629-1167,debit,Visa,2030-09,active,2025-09-08T01:52:57
6191,7750,5515********6498-9476,debit,Mastercard,2029-06,blocked,2024-06-27T13:52:16
6192,7751,4496********0340-2415,debit,Visa,2028-12,expired,2025-12-18T22:02:13
6193,7752,4175********3080-7076,debit,Visa,2031-03,active,2026-03-02T08:15:00
6194,7753,5145********9638-2921,debit,Mastercard,2029-07,blocked,2025-07-03T01:06:50
6195,7755,5916********1680-3953,debit,Mastercard,2029-11,blocked,2025-11-19T02:53:22
6196,7756,5526********4265-9156,debit,Mastercard,2028-12,blocked,2025-12-03T14:38:29
6197,7758,4935********1300-4484,debit,Visa,2028-10,active,2023-10-25T09:46:50
6198,7759,5974********9566-8377,credit,Mastercard,2030-01,active,2026-01-14T06:15:48
6199,7760,4438********8121-7795,debit,Visa,2029-04,active,2026-04-09T01:53:44
6200,7764,4160********4561-8915,debit,Visa,2031-04,blocked,2026-04-01T11:32:28
6201,7765,5567********6113-8373,debit,Mastercard,2026-06,active,2023-06-26T03:15:23
6202,7767,4811********2584-5851,debit,Visa,2031-03,blocked,2026-03-25T20:07:22
6203,7768,4838********5882-8720,debit,Visa,2030-03,active,2026-03-27T02:38:22
6204,7769,4315********9088-5495,debit,Visa,2029-09,active,2025-09-18T01:13:25
6205,7771,4932********6557-3503,debit,Visa,2028-09,active,2025-09-18T19:29:14
6206,7771,4750********9558-5184,debit,Visa,2031-03,active,2026-03-11T05:50:18
6207,7772,5156********9833-2159,debit,Mastercard,2029-08,expired,2025-08-26T06:21:55
6208,7774,5974********7481-6093,debit,Mastercard,2029-04,active,2026-04-14T23:41:43
6209,7775,5772********3369-1336,debit,Mastercard,2030-04,blocked,2026-04-12T10:35:23
6210,7775,5738********6631-2290,debit,Mastercard,2029-03,active,2026-03-13T11:30:30
6211,7776,4776********2026-4006,credit,Visa,2027-04,blocked,2024-04-27T03:52:23
6212,7777,4827********8569-2057,debit,Visa,2029-08,active,2025-08-27T12:47:44
6213,7780,5507********8989-6381,debit,Mastercard,2030-08,blocked,2025-08-08T10:51:30
6214,7781,3811*******3578-6529,debit,Amex,2031-05,active,2026-05-06T11:58:00
6215,7782,4271********6206-7582,credit,Visa,2028-11,active,2025-11-25T21:10:15
6216,7783,4288********1675-3796,debit,Visa,2030-05,active,2025-05-13T19:38:13
6217,7784,5306********5878-577,debit,Mastercard,2031-02,blocked,2026-02-12T11:56:38
6218,7785,5099********9132-2010,debit,Mastercard,2029-04,expired,2026-04-07T14:51:50
6219,7786,5527********1404-2685,debit,Mastercard,2031-04,active,2026-04-08T08:19:59
6220,7788,4558********4024-3931,debit,Visa,2030-05,expired,2026-05-04T08:23:32
6221,7789,4557********9259-8476,debit,Visa,2029-04,expired,2026-04-19T05:18:20
6222,7790,4553********0923-3695,debit,Visa,2030-03,active,2026-03-07T18:32:39
6223,7791,4609********7670-5278,debit,Visa,2030-05,expired,2026-05-08T13:34:42
6224,7791,5101********0931-3083,debit,Mastercard,2029-04,active,2026-04-27T12:26:54
6225,7792,4260********1922-9208,debit,Visa,2030-02,active,2026-02-08T05:13:36
6226,7793,3243*******5726-1902,credit,Amex,2031-04,active,2026-04-30T01:36:32
6227,7794,5698********9973-5257,debit,Mastercard,2031-05,blocked,2026-05-06T20:22:17
6228,7794,4292********9840-2958,debit,Visa,2030-05,active,2026-05-01T05:41:49
6229,7795,5371********4976-4591,debit,Mastercard,2030-04,active,2026-04-23T20:07:47
6230,7799,6475********6546-8351,debit,Discover,2030-04,active,2026-04-18T14:53:29
6231,7801,4170********7437-2220,debit,Visa,2030-12,active,2025-12-14T22:00:06
6232,7802,4232********4702-6035,debit,Visa,2031-01,active,2026-01-24T08:05:39
6233,7804,3241*******1808-8269,debit,Amex,2029-11,blocked,2025-11-21T09:39:09
6234,7805,5791********1735-5562,debit,Mastercard,2029-09,active,2025-09-19T10:17:20
6235,7806,4350********0084-3726,debit,Visa,2029-09,blocked,2025-09-12T10:11:44
6236,7807,4821********8608-3492,debit,Visa,2029-02,blocked,2026-02-09T03:30:40
6237,7809,4356********5918-9497,debit,Visa,2030-05,expired,2026-05-05T14:46:00
6238,7811,4367********6513-425,debit,Visa,2030-09,active,2025-09-10T05:01:58
6239,7811,4603********2402-7532,debit,Visa,2028-11,active,2025-11-23T06:51:12
6240,7812,5126********9056-4163,debit,Mastercard,2030-12,active,2025-12-07T04:59:31
6241,7813,4605********4439-7001,debit,Visa,2031-03,active,2026-03-19T09:07:25
6242,7814,5013********3550-9301,debit,Mastercard,2030-02,blocked,2026-02-03T04:23:32
6243,7815,5669********5811-6617,debit,Mastercard,2029-08,active,2025-08-19T20:08:22
6244,7816,4614********2124-1269,debit,Visa,2030-08,active,2025-08-23T18:01:01
6245,7819,5891********9652-9879,debit,Mastercard,2029-11,blocked,2025-11-27T00:32:04
6246,7819,4562********3835-2056,debit,Visa,2029-01,expired,2025-01-11T04:06:12
6247,7820,5747********0285-1192,debit,Mastercard,2029-04,active,2026-04-10T10:29:38
6248,7821,4324********4316-5337,debit,Visa,2029-05,active,2026-05-13T05:32:51
6249,7822,4067********9097-3490,debit,Visa,2030-04,active,2026-04-22T06:27:11
6250,7823,4923********9181-8065,debit,Visa,2029-10,expired,2024-10-07T08:53:10
6251,7824,4601********0358-160,debit,Visa,2030-01,blocked,2025-01-18T20:48:42
6252,7825,5648********6494-4854,debit,Mastercard,2029-04,active,2026-04-15T13:30:43
6253,7826,4808********3242-6636,debit,Visa,2029-01,active,2026-01-10T22:20:26
6254,7827,4050********7080-761,debit,Visa,2028-10,blocked,2025-10-12T18:35:58
6255,7829,4443********5118-8287,debit,Visa,2030-07,active,2025-07-16T10:37:39
6256,7831,4435********0790-8197,debit,Visa,2029-03,active,2026-03-18T09:20:04
6257,7832,5916********9906-1391,debit,Mastercard,2030-01,active,2026-01-22T08:17:05
6258,7834,4217********3452-264,credit,Visa,2029-04,active,2026-04-16T15:46:16
6259,7837,5465********4079-8674,debit,Mastercard,2029-03,active,2026-03-30T09:48:53
6260,7837,5199********0704-8940,debit,Mastercard,2029-06,active,2025-06-23T02:31:06
6261,7838,3151*******3919-3286,debit,Amex,2029-05,blocked,2025-05-18T11:09:10
6262,7838,4109********1009-6794,debit,Visa,2031-03,blocked,2026-03-29T17:23:23
6263,7839,5395********3656-6997,debit,Mastercard,2029-06,active,2025-06-21T09:35:08
6264,7840,3235*******3031-9868,credit,Amex,2028-05,active,2024-05-02T23:32:58
6265,7843,5020********5073-1951,debit,Mastercard,2029-10,active,2024-10-17T01:18:53
6266,7844,6233********6126-8122,credit,Discover,2028-11,blocked,2023-11-27T23:54:40
6267,7845,5439********2071-9901,credit,Mastercard,2029-09,expired,2024-09-15T15:49:03
6268,7847,5696********2220-730,credit,Mastercard,2029-05,active,2024-05-28T09:44:05
6269,7848,5791********8813-7053,debit,Mastercard,2028-12,active,2025-12-27T06:38:12
6270,7849,4911********7697-4712,debit,Visa,2029-03,active,2026-03-02T10:46:47
6271,7851,5172********7596-2622,debit,Mastercard,2029-12,active,2025-12-15T07:28:49
6272,7851,5839********1478-6416,debit,Mastercard,2029-02,blocked,2026-02-03T19:08:35
6273,7852,5661********2713-1847,credit,Mastercard,2029-04,active,2026-04-27T04:43:58
6274,7854,6516********7733-8205,debit,Discover,2031-03,active,2026-03-14T21:56:36
6275,7854,4810********6731-6902,debit,Visa,2028-11,expired,2025-11-10T00:35:05
6276,7855,4795********3221-954,debit,Visa,2029-12,active,2025-12-16T06:22:37
6277,7857,3094*******6537-3001,debit,Amex,2028-05,active,2025-05-15T17:30:32
6278,7858,4224********2634-6883,debit,Visa,2029-02,active,2026-02-12T09:03:24
6279,7859,4183********7302-1616,debit,Visa,2031-02,active,2026-02-11T10:58:36
6280,7860,4983********4596-238,debit,Visa,2029-01,active,2026-01-10T13:27:17
6281,7861,3331*******9446-1857,debit,Amex,2026-05,blocked,2022-05-21T01:28:31
6282,7862,4294********8210-7999,debit,Visa,2029-11,blocked,2025-11-30T08:31:54
6283,7863,4896********2623-8787,debit,Visa,2028-06,expired,2023-06-23T12:28:36
6284,7864,5399********3214-3599,debit,Mastercard,2031-04,active,2026-04-09T06:23:59
6285,7865,4213********9034-1643,debit,Visa,2029-07,active,2025-07-14T01:31:14
6286,7865,4956********1272-1736,debit,Visa,2028-10,active,2025-10-28T08:09:02
6287,7867,4467********4685-4033,debit,Visa,2028-12,blocked,2025-12-27T06:22:35
6288,7868,4597********1587-3102,debit,Visa,2029-01,blocked,2026-01-30T14:14:30
6289,7869,4795********6924-114,debit,Visa,2028-05,active,2023-05-17T23:30:57
6290,7870,4886********7275-2528,credit,Visa,2028-12,active,2025-12-04T20:05:49
6291,7871,5476********2220-6381,credit,Mastercard,2031-03,blocked,2026-03-21T14:40:03
6292,7872,4606********3857-4810,debit,Visa,2029-01,active,2026-01-29T12:40:39
6293,7873,4040********2577-960,debit,Visa,2030-05,active,2026-05-02T03:40:02
6294,7874,5345********6240-3901,debit,Mastercard,2026-05,expired,2023-05-10T06:38:48
6295,7875,4204********4664-5548,debit,Visa,2030-05,active,2026-05-04T05:12:26
6296,7876,5889********3664-4754,debit,Mastercard,2029-09,active,2025-09-16T21:31:19
6297,7877,3949*******1085-4183,debit,Amex,2030-04,active,2026-04-26T05:47:39
6298,7878,4487********0657-5293,credit,Visa,2028-11,active,2024-11-16T21:35:16
6299,7879,5608********9442-8327,credit,Mastercard,2031-01,active,2026-01-08T16:38:52
6300,7881,4727********0660-5742,debit,Visa,2028-04,blocked,2025-04-30T16:48:24
6301,7882,4278********8586-6069,debit,Visa,2030-07,blocked,2025-07-13T16:59:00
6302,7883,5428********9681-923,debit,Mastercard,2028-02,active,2025-02-03T02:15:09
6303,7886,4366********2196-9650,credit,Visa,2030-04,blocked,2026-04-13T12:08:40
6304,7887,4855********7652-291,debit,Visa,2030-02,expired,2026-02-03T10:51:43
6305,7887,4862********9441-9240,debit,Visa,2031-05,active,2026-05-11T03:01:06
6306,7888,4391********7992-5474,credit,Visa,2027-04,active,2024-04-04T09:36:52
6307,7889,5903********1794-8662,debit,Mastercard,2029-01,blocked,2025-01-25T20:06:23
6308,7891,4326********1257-7406,debit,Visa,2029-08,active,2025-08-11T12:57:48
6309,7892,5651********3551-8281,debit,Mastercard,2029-03,expired,2026-03-18T04:54:08
6310,7893,4482********0460-5965,debit,Visa,2031-04,active,2026-04-03T02:41:28
6311,7894,5186********6203-6522,credit,Mastercard,2029-03,active,2026-03-06T20:11:33
6312,7897,5433********4678-5037,debit,Mastercard,2029-02,active,2025-02-16T14:26:38
6313,7897,5796********1282-4022,debit,Mastercard,2030-01,active,2026-01-28T15:16:59
6314,7899,5416********3117-7367,debit,Mastercard,2031-03,active,2026-03-23T08:29:00
6315,7900,4354********1836-1557,debit,Visa,2031-04,expired,2026-04-19T20:16:40
6316,7901,4299********8127-7010,debit,Visa,2030-05,blocked,2026-05-16T14:00:02
6317,7902,4648********4854-6284,credit,Visa,2029-12,active,2025-12-27T14:20:17
6318,7903,5011********8997-4484,debit,Mastercard,2029-12,active,2025-12-26T20:32:48
6319,7904,5031********6458-9204,debit,Mastercard,2029-04,active,2026-04-05T12:40:49
6320,7905,4784********0727-3834,debit,Visa,2030-04,active,2026-04-25T21:29:00
6321,7907,5347********3869-8726,debit,Mastercard,2028-08,active,2025-08-22T03:21:06
6322,7908,4605********3193-2770,debit,Visa,2029-10,active,2024-10-03T12:34:48
6323,7909,3386*******4769-5837,debit,Amex,2031-03,expired,2026-03-06T23:12:41
6324,7911,5607********0025-3380,debit,Mastercard,2029-04,expired,2026-04-14T15:59:52
6325,7912,4930********5636-5134,debit,Visa,2031-03,blocked,2026-03-29T22:59:16
6326,7913,5079********5045-3446,credit,Mastercard,2031-02,active,2026-02-03T00:06:18
6327,7914,4533********3369-573,debit,Visa,2029-11,active,2025-11-11T20:49:48
6328,7915,5420********3677-8068,debit,Mastercard,2029-04,blocked,2026-04-02T15:14:50
6329,7916,3173*******7740-6903,debit,Amex,2028-12,blocked,2024-12-18T00:50:29
6330,7918,4401********1308-54,debit,Visa,2029-11,blocked,2024-11-13T18:53:07
6331,7920,4515********9116-9631,debit,Visa,2030-04,active,2026-04-24T15:15:11
6332,7922,5827********7041-9457,debit,Mastercard,2031-05,blocked,2026-05-14T23:51:02
6333,7924,4277********7177-940,debit,Visa,2029-12,active,2024-12-06T03:58:17
6334,7926,5116********4609-7853,debit,Mastercard,2029-05,active,2025-05-13T08:19:26
6335,7927,5436********9659-6807,debit,Mastercard,2029-12,active,2025-12-31T07:31:00
6336,7929,4876********4406-8642,debit,Visa,2029-04,blocked,2026-04-09T17:55:35
6337,7929,5585********1912-1778,debit,Mastercard,2031-03,blocked,2026-03-12T05:48:24
6338,7930,5083********9121-4793,debit,Mastercard,2029-05,blocked,2025-05-26T13:55:56
6339,7931,3498*******2595-3048,credit,Amex,2028-10,active,2025-10-20T06:34:12
6340,7932,5171********1669-8538,debit,Mastercard,2027-11,active,2024-11-27T11:49:06
6341,7932,5548********0461-9835,debit,Mastercard,2030-08,blocked,2025-08-09T06:45:20
6342,7933,5387********9502-8615,debit,Mastercard,2031-05,active,2026-05-05T17:05:07
6343,7934,4551********4193-2761,debit,Visa,2030-04,active,2026-04-16T16:45:14
6344,7935,4476********4007-8078,debit,Visa,2029-03,active,2025-03-23T19:42:27
6345,7936,4051********4609-2647,debit,Visa,2029-06,active,2025-06-25T01:53:05
6346,7937,4414********1518-9360,debit,Visa,2029-12,active,2025-12-12T19:53:46
6347,7938,5635********2078-6887,debit,Mastercard,2029-05,active,2025-05-12T17:29:45
6348,7938,5934********1561-7031,debit,Mastercard,2029-04,active,2026-04-14T08:06:52
6349,7939,5021********0084-4233,debit,Mastercard,2031-02,active,2026-02-25T19:59:02
6350,7940,4861********1672-3639,debit,Visa,2026-10,active,2022-10-29T15:17:10
6351,7943,5948********2297-9536,debit,Mastercard,2029-01,blocked,2026-01-26T09:34:34
6352,7944,5194********5540-7147,debit,Mastercard,2031-04,active,2026-04-24T06:53:46
6353,7945,4737********7740-7188,credit,Visa,2030-03,active,2026-03-02T08:43:06
6354,7946,4025********7634-9474,debit,Visa,2031-05,active,2026-05-12T16:02:43
6355,7947,4921********4419-5992,debit,Visa,2031-05,blocked,2026-05-01T23:28:25
6356,7949,5862********9822-6291,debit,Mastercard,2030-04,active,2026-04-27T03:26:09
6357,7950,5732********7481-7532,debit,Mastercard,2031-04,blocked,2026-04-19T14:47:07
6358,7951,3830*******2992-4692,debit,Amex,2031-05,expired,2026-05-03T20:56:20
6359,7952,3357*******0015-2889,debit,Amex,2031-03,active,2026-03-16T19:48:11
6360,7953,4901********6194-7041,debit,Visa,2031-04,blocked,2026-04-23T10:45:20
6361,7954,4023********4493-2325,debit,Visa,2030-05,active,2026-05-13T07:22:53
6362,7955,5955********2723-1446,debit,Mastercard,2031-05,active,2026-05-12T07:10:23
6363,7957,5146********3041-2621,debit,Mastercard,2030-05,active,2026-05-14T19:42:28
6364,7958,4400********3927-9701,credit,Visa,2029-10,blocked,2025-10-05T01:13:55
6365,7959,4327********2432-1768,debit,Visa,2029-11,active,2025-11-27T04:17:50
6366,7960,5491********1879-9071,debit,Mastercard,2030-02,active,2025-02-15T05:03:27
6367,7961,4731********1912-3042,debit,Visa,2029-04,active,2026-04-09T01:51:13
6368,7962,4813********0968-9160,debit,Visa,2028-10,blocked,2025-10-01T02:33:01
6369,7963,4603********1103-4782,debit,Visa,2029-04,active,2026-04-12T20:19:41
6370,7964,4799********8139-7181,debit,Visa,2031-04,active,2026-04-08T14:48:05
6371,7964,4601********9860-3208,debit,Visa,2028-10,active,2025-10-05T21:53:07
6372,7965,5160********3453-9776,debit,Mastercard,2031-02,blocked,2026-02-27T00:32:02
6373,7966,5930********7885-1574,debit,Mastercard,2029-12,active,2025-12-04T01:08:32
6374,7967,4490********5654-7714,debit,Visa,2029-05,active,2025-05-01T06:52:26
6375,7968,4090********7174-292,credit,Visa,2030-03,active,2026-03-05T12:28:59
6376,7969,4207********3117-7814,debit,Visa,2031-03,active,2026-03-19T18:42:04
6377,7970,4776********7518-2803,credit,Visa,2031-02,active,2026-02-01T08:00:23
6378,7971,4337********9302-4770,credit,Visa,2030-01,active,2026-01-10T05:05:52
6379,7972,4959********7862-7126,credit,Visa,2028-08,blocked,2025-08-18T14:33:50
6380,7973,5745********2262-2581,debit,Mastercard,2030-08,blocked,2025-08-30T01:05:40
6381,7974,4704********0210-5561,credit,Visa,2029-04,expired,2026-04-28T21:52:05
6382,7975,4218********4330-4457,debit,Visa,2030-12,expired,2025-12-29T22:19:41
6383,7975,4397********3844-8984,debit,Visa,2031-03,blocked,2026-03-15T16:18:04
6384,7976,4801********0565-9922,credit,Visa,2028-12,active,2025-12-23T08:46:32
6385,7978,5653********5630-1300,debit,Mastercard,2029-04,blocked,2026-04-25T23:02:55
6386,7978,4554********2334-7645,debit,Visa,2030-04,active,2026-04-24T10:03:55
6387,7979,5379********3602-8484,debit,Mastercard,2031-03,active,2026-03-16T00:52:11
6388,7980,5314********0805-2049,debit,Mastercard,2031-05,blocked,2026-05-03T11:33:41
6389,7982,4897********5685-7281,debit,Visa,2028-08,blocked,2025-08-27T14:09:51
6390,7983,5511********0828-8219,debit,Mastercard,2030-03,active,2026-03-14T02:35:07
6391,7985,4991********3271-4389,debit,Visa,2030-03,blocked,2026-03-16T19:54:48
6392,7989,5792********9894-1423,debit,Mastercard,2030-09,active,2025-09-01T23:03:59
6393,7990,3918*******8498-3031,debit,Amex,2028-12,active,2024-12-14T23:58:38
6394,7991,4812********1318-5380,debit,Visa,2030-11,active,2025-11-10T05:30:04
6395,7992,5260********6706-8332,debit,Mastercard,2030-01,blocked,2025-01-30T03:07:35
6396,7994,5602********2539-9923,debit,Mastercard,2030-04,blocked,2026-04-03T00:21:40
6397,7996,4908********5266-6972,credit,Visa,2029-02,blocked,2026-02-08T10:49:43
6398,7998,4749********7458-2450,debit,Visa,2031-04,active,2026-04-30T13:49:17
6399,7999,5789********1651-5806,debit,Mastercard,2029-11,expired,2025-11-09T13:02:07
6400,8000,4536********3089-4946,credit,Visa,2030-11,blocked,2025-11-25T07:24:57
6401,8001,5039********7710-9909,credit,Mastercard,2029-02,blocked,2026-02-13T08:19:22
6402,8002,5673********0868-6848,debit,Mastercard,2031-03,active,2026-03-30T04:58:30
6403,8003,6834********3620-4888,debit,Discover,2029-07,blocked,2025-07-10T03:27:04
6404,8004,5510********0264-2886,debit,Mastercard,2027-08,blocked,2024-08-02T13:10:45
6405,8005,4908********0796-893,debit,Visa,2030-01,active,2026-01-19T01:17:00
6406,8006,4572********1858-3870,debit,Visa,2029-03,blocked,2024-03-19T19:34:56
6407,8007,5473********3906-2786,debit,Mastercard,2031-04,active,2026-04-30T00:09:57
6408,8008,4328********8155-4603,credit,Visa,2030-01,active,2026-01-03T14:13:48
6409,8009,4746********7477-3,debit,Visa,2029-04,active,2026-04-05T20:40:25
6410,8010,5355********6883-7280,debit,Mastercard,2028-03,active,2025-03-01T17:38:08
6411,8011,5413********0018-5961,debit,Mastercard,2030-02,active,2026-02-20T07:26:19
6412,8012,4097********5503-8926,debit,Visa,2031-03,active,2026-03-19T15:03:04
6413,8013,4825********8160-8064,debit,Visa,2029-08,blocked,2024-08-25T02:13:32
6414,8014,5806********8256-6369,debit,Mastercard,2030-02,blocked,2026-02-18T01:04:45
6415,8015,5856********4721-5146,debit,Mastercard,2031-01,active,2026-01-29T23:57:01
6416,8016,4580********9505-8258,credit,Visa,2029-08,blocked,2025-08-31T07:18:05
6417,8017,4631********3049-6204,credit,Visa,2027-05,blocked,2024-05-22T20:43:38
6418,8018,4340********1646-9726,debit,Visa,2029-03,expired,2024-03-23T03:06:46
6419,8021,4944********4637-8522,debit,Visa,2030-01,active,2026-01-25T09:06:08
6420,8022,4661********1835-4556,debit,Visa,2028-01,blocked,2023-01-12T02:20:59
6421,8025,4460********3982-3639,debit,Visa,2029-03,active,2026-03-03T19:44:52
6422,8026,4549********8205-5151,debit,Visa,2029-11,active,2024-11-26T09:58:36
6423,8027,5525********5343-2844,debit,Mastercard,2028-08,active,2025-08-11T16:44:05
6424,8028,5157********4648-5512,debit,Mastercard,2030-05,expired,2026-05-07T13:30:59
6425,8030,4638********4119-5237,credit,Visa,2030-03,blocked,2026-03-14T14:33:23
6426,8031,4170********5270-6250,debit,Visa,2028-10,active,2025-10-27T03:20:03
6427,8032,4204********5525-3534,credit,Visa,2029-09,active,2025-09-07T05:29:31
6428,8033,4423********9417-5363,debit,Visa,2030-09,blocked,2025-09-15T23:56:48
6429,8034,5747********4854-3942,debit,Mastercard,2029-10,blocked,2025-10-26T08:06:22
6430,8037,4626********0095-761,debit,Visa,2029-04,blocked,2026-04-21T20:52:20
6431,8038,4981********4623-8383,debit,Visa,2031-01,blocked,2026-01-03T05:48:39
6432,8041,4180********9034-4766,debit,Visa,2030-11,active,2025-11-09T04:28:41
6433,8041,4634********8718-5819,debit,Visa,2029-10,expired,2025-10-12T14:30:28
6434,8042,4133********4447-8550,debit,Visa,2028-09,active,2025-09-12T16:29:49
6435,8044,4882********6854-4485,debit,Visa,2029-05,blocked,2024-05-10T16:30:55
6436,8045,4627********2752-7168,debit,Visa,2027-01,blocked,2024-01-25T20:28:09
6437,8046,5583********3029-5989,debit,Mastercard,2031-05,active,2026-05-08T08:45:15
6438,8049,4840********1894-336,debit,Visa,2027-11,blocked,2024-11-22T18:08:44
6439,8051,4858********8963-7034,debit,Visa,2030-05,blocked,2026-05-06T21:17:33
6440,8053,4340********4074-1274,debit,Visa,2030-03,active,2026-03-19T16:05:03
6441,8055,5049********8652-3952,debit,Mastercard,2029-07,active,2025-07-10T20:55:51
6442,8055,5580********1124-2270,debit,Mastercard,2030-07,expired,2025-07-10T11:44:51
6443,8056,5595********9772-9461,debit,Mastercard,2028-12,expired,2025-12-15T22:48:25
6444,8057,4721********9110-3085,debit,Visa,2030-05,blocked,2026-05-13T10:04:58
6445,8059,4708********1588-7219,debit,Visa,2029-02,active,2026-02-27T05:48:43
6446,8061,5479********1575-8524,credit,Mastercard,2029-05,active,2026-05-16T18:09:22
6447,8062,4425********3347-7389,debit,Visa,2029-02,blocked,2026-02-09T13:55:46
6448,8063,4252********4773-6284,debit,Visa,2030-03,expired,2026-03-23T09:12:19
6449,8064,5747********3973-2511,credit,Mastercard,2030-02,blocked,2026-02-12T02:21:25
6450,8065,3146*******1979-2,credit,Amex,2030-05,expired,2026-05-02T20:54:04
6451,8066,5262********2516-5347,debit,Mastercard,2029-01,expired,2025-01-21T07:39:28
6452,8068,4418********7073-5977,debit,Visa,2030-04,blocked,2026-04-16T19:18:25
6453,8069,4021********4877-9580,debit,Visa,2031-05,blocked,2026-05-12T08:20:13
6454,8070,4471********4102-9576,debit,Visa,2031-05,active,2026-05-13T16:15:30
6455,8071,4755********7147-2248,debit,Visa,2028-11,active,2025-11-28T19:16:43
6456,8072,4488********4513-8387,debit,Visa,2031-02,expired,2026-02-03T07:19:28
6457,8075,4455********7244-236,credit,Visa,2031-02,expired,2026-02-08T06:03:11
6458,8076,6275********7940-2788,debit,Discover,2029-04,active,2026-04-24T14:32:12
6459,8077,5012********3843-5837,debit,Mastercard,2030-02,active,2026-02-11T21:44:15
6460,8078,4746********5217-5369,debit,Visa,2028-09,expired,2025-09-09T09:22:37
6461,8079,5178********1315-7943,debit,Mastercard,2029-05,active,2025-05-20T02:49:37
6462,8080,4283********6902-7344,debit,Visa,2030-08,blocked,2025-08-17T06:47:30
6463,8081,4253********5662-8522,debit,Visa,2027-06,blocked,2024-06-01T19:44:57
6464,8083,5327********5096-41,debit,Mastercard,2030-09,blocked,2025-09-25T01:47:25
6465,8084,5689********7095-8908,debit,Mastercard,2031-03,blocked,2026-03-28T08:35:20
6466,8085,4462********9365-4060,debit,Visa,2028-04,active,2024-04-16T11:04:16
6467,8085,5169********9255-5903,debit,Mastercard,2028-09,active,2024-09-13T19:32:31
6468,8086,4986********1641-6413,debit,Visa,2027-10,active,2024-10-18T05:38:26
6469,8087,6366********0992-3547,debit,Discover,2029-09,active,2025-09-01T19:15:08
6470,8087,4849********6454-1097,debit,Visa,2030-10,active,2025-10-21T07:47:08
6471,8089,5513********8237-5700,credit,Mastercard,2029-04,active,2026-04-03T19:29:59
6472,8090,4071********5415-2169,debit,Visa,2029-03,expired,2026-03-23T11:29:32
6473,8090,4760********8670-9987,debit,Visa,2030-04,active,2026-04-18T07:16:03
6474,8091,5826********8749-1926,debit,Mastercard,2029-04,blocked,2026-04-11T11:25:50
6475,8094,5218********5404-1798,debit,Mastercard,2026-02,blocked,2023-02-26T16:58:47
6476,8096,5397********2005-6465,debit,Mastercard,2031-02,blocked,2026-02-07T01:18:31
6477,8097,4619********0762-7876,debit,Visa,2029-05,blocked,2026-05-01T06:13:23
6478,8098,5306********1890-5746,debit,Mastercard,2030-02,expired,2026-02-19T18:03:42
6479,8099,4184********7597-5569,debit,Visa,2031-05,active,2026-05-15T05:51:36
6480,8100,4164********0207-2079,debit,Visa,2030-03,blocked,2026-03-19T01:03:07
6481,8101,4992********4396-4142,debit,Visa,2030-05,blocked,2026-05-16T18:27:32
6482,8102,4333********5072-600,debit,Visa,2028-12,blocked,2023-12-31T20:43:24
6483,8102,4718********5065-4687,debit,Visa,2029-03,blocked,2025-03-27T21:33:23
6484,8103,4794********7817-7174,debit,Visa,2030-04,active,2026-04-26T10:17:19
6485,8104,4186********1568-6506,debit,Visa,2028-09,active,2025-09-08T15:27:54
6486,8105,4808********0165-8840,debit,Visa,2031-02,active,2026-02-24T15:43:30
6487,8106,5461********1290-118,debit,Mastercard,2029-03,active,2026-03-11T20:12:05
6488,8107,3485*******6176-1496,debit,Amex,2030-02,expired,2026-02-24T00:14:37
6489,8108,5147********3435-9570,credit,Mastercard,2030-11,active,2025-11-16T15:24:35
6490,8112,5768********4960-9210,debit,Mastercard,2031-04,blocked,2026-04-03T08:53:13
6491,8114,4353********3613-394,debit,Visa,2028-08,blocked,2025-08-23T09:48:21
6492,8115,4329********5509-9753,debit,Visa,2031-03,blocked,2026-03-21T04:50:39
6493,8117,3697*******9427-1268,debit,Amex,2030-11,active,2025-11-23T21:43:00
6494,8118,5803********1715-537,credit,Mastercard,2029-01,expired,2025-01-16T16:10:54
6495,8119,5716********4224-1044,debit,Mastercard,2029-01,blocked,2026-01-16T13:15:05
6496,8120,5587********9391-8740,debit,Mastercard,2028-07,active,2025-07-23T04:43:15
6497,8120,4028********9416-7392,debit,Visa,2029-08,active,2025-08-25T07:36:59
6498,8121,4092********2672-1907,debit,Visa,2028-01,active,2024-01-25T01:22:00
6499,8122,5050********4437-4562,debit,Mastercard,2030-10,blocked,2025-10-05T13:43:18
6500,8125,4809********7585-3400,debit,Visa,2031-03,blocked,2026-03-28T05:33:22
6501,8127,4031********0222-6701,debit,Visa,2031-05,active,2026-05-04T08:36:06
6502,8128,5384********8076-6226,debit,Mastercard,2030-04,blocked,2026-04-28T17:15:02
6503,8129,4836********9206-2664,debit,Visa,2028-12,active,2025-12-21T01:50:54
6504,8130,4993********5070-1993,debit,Visa,2030-05,blocked,2026-05-02T05:10:54
6505,8131,4093********7068-5709,credit,Visa,2031-05,blocked,2026-05-16T11:41:53
6506,8134,4888********7156-2523,debit,Visa,2031-01,blocked,2026-01-12T21:12:27
6507,8136,5196********2437-3473,debit,Mastercard,2028-05,active,2024-05-30T01:42:02
6508,8137,4886********5920-5922,debit,Visa,2028-11,active,2025-11-15T08:53:07
6509,8138,4938********4816-8979,debit,Visa,2031-01,blocked,2026-01-09T07:16:47
6510,8139,4919********9006-8218,debit,Visa,2030-11,active,2025-11-29T01:58:44
6511,8140,4009********8194-8640,debit,Visa,2028-06,active,2025-06-23T20:26:04
6512,8141,5217********1383-2994,debit,Mastercard,2029-12,active,2025-12-23T13:51:14
6513,8141,4182********6868-5034,debit,Visa,2030-10,blocked,2025-10-28T02:52:22
6514,8142,4558********2066-882,debit,Visa,2031-04,active,2026-04-20T07:05:14
6515,8142,5078********7822-9328,debit,Mastercard,2029-09,active,2025-09-07T20:27:13
6516,8143,4645********9090-2053,debit,Visa,2030-05,expired,2026-05-15T17:40:21
6517,8143,6706********8529-7438,debit,Discover,2029-05,active,2026-05-14T20:31:59
6518,8144,5880********8699-7311,debit,Mastercard,2031-05,active,2026-05-16T17:33:59
6519,8144,4159********5453-5953,debit,Visa,2029-05,blocked,2026-05-15T23:33:52
6520,8145,4766********1323-8615,debit,Visa,2030-01,active,2026-01-30T19:13:26
6521,8147,5410********6838-8465,debit,Mastercard,2031-04,active,2026-04-28T20:01:59
6522,8148,4368********1155-531,debit,Visa,2029-01,blocked,2026-01-14T08:56:04
6523,8149,4938********9394-5046,debit,Visa,2029-04,blocked,2025-04-30T04:14:01
6524,8149,4298********4892-409,debit,Visa,2029-05,blocked,2025-05-10T06:21:21
6525,8151,3750*******8228-3656,debit,Amex,2027-12,active,2022-12-19T07:28:14
6526,8154,5777********8275-2748,debit,Mastercard,2031-04,blocked,2026-04-16T04:23:27
6527,8155,5307********8353-9468,debit,Mastercard,2028-06,active,2025-06-08T02:20:44
6528,8155,5769********4413-4359,debit,Mastercard,2029-07,active,2025-07-01T03:59:21
6529,8156,5648********3642-9146,debit,Mastercard,2027-05,expired,2024-05-16T09:45:36
6530,8157,5580********0310-9534,debit,Mastercard,2028-07,active,2024-07-05T10:37:13
6531,8159,4671********5184-2172,debit,Visa,2027-07,expired,2024-07-28T01:56:40
6532,8161,5477********0728-7302,debit,Mastercard,2029-01,active,2026-01-21T19:51:06
6533,8162,4530********7626-5845,debit,Visa,2030-06,active,2025-06-16T07:05:30
6534,8163,4896********2325-2271,debit,Visa,2031-05,blocked,2026-05-11T09:26:09
6535,8164,4959********0920-9151,debit,Visa,2030-02,blocked,2026-02-08T16:53:09
6536,8166,4789********9005-6231,debit,Visa,2031-02,blocked,2026-02-07T05:56:00
6537,8170,4593********4240-2786,debit,Visa,2031-02,active,2026-02-13T08:23:33
6538,8173,5534********8272-8189,debit,Mastercard,2029-09,expired,2024-09-23T15:24:12
6539,8174,4051********5362-1010,debit,Visa,2027-09,active,2023-09-24T22:03:01
6540,8175,4414********0812-9211,debit,Visa,2030-05,blocked,2026-05-02T08:12:01
6541,8177,4455********9276-350,debit,Visa,2029-08,active,2024-08-25T21:56:11
6542,8178,5411********1950-3090,debit,Mastercard,2027-10,active,2024-10-13T17:13:39
6543,8179,5860********4484-3692,credit,Mastercard,2030-04,active,2026-04-24T13:21:12
6544,8180,3841*******9502-6144,debit,Amex,2029-11,active,2025-11-15T23:56:17
6545,8181,5531********2374-9,debit,Mastercard,2030-05,blocked,2026-05-06T12:18:34
6546,8181,5029********6378-2765,debit,Mastercard,2030-04,blocked,2026-04-21T03:32:24
6547,8182,5173********3724-1901,debit,Mastercard,2030-12,active,2025-12-16T21:52:32
6548,8184,5046********7297-8514,debit,Mastercard,2028-03,expired,2024-03-24T07:46:53
6549,8184,5003********3365-9553,debit,Mastercard,2028-07,active,2024-07-17T12:13:41
6550,8185,5654********4249-8933,debit,Mastercard,2029-08,active,2025-08-08T07:19:48
6551,8186,4622********1516-9213,debit,Visa,2028-04,active,2024-04-07T05:21:24
6552,8187,5789********4367-6273,debit,Mastercard,2027-06,active,2024-06-22T14:55:03
6553,8188,4287********1580-574,debit,Visa,2031-02,expired,2026-02-03T12:10:10
6554,8189,4538********1145-2975,debit,Visa,2029-02,active,2025-02-25T19:14:06
6555,8189,5981********6486-9096,debit,Mastercard,2027-02,expired,2024-02-13T00:21:41
6556,8191,5243********0967-3753,debit,Mastercard,2031-05,expired,2026-05-07T06:13:22
6557,8191,5558********3726-2595,debit,Mastercard,2029-05,active,2026-05-11T05:17:11
6558,8192,5851********5827-6386,debit,Mastercard,2030-04,blocked,2025-04-01T12:03:21
6559,8193,3419*******0322-247,debit,Amex,2027-03,expired,2023-03-18T01:58:31
6560,8196,5538********0301-2533,debit,Mastercard,2029-07,blocked,2025-07-01T12:40:49
6561,8197,5107********0466-3411,debit,Mastercard,2029-03,active,2026-03-06T15:19:44
6562,8199,5816********4716-5424,credit,Mastercard,2031-05,blocked,2026-05-04T14:16:55
6563,8200,4844********7207-8271,debit,Visa,2030-11,active,2025-11-12T18:29:29
6564,8201,5322********3777-3353,debit,Mastercard,2029-05,active,2026-05-14T16:53:48
6565,8203,4951********3828-5728,debit,Visa,2030-05,expired,2026-05-06T08:37:03
6566,8203,4524********5513-3643,debit,Visa,2030-04,active,2025-04-13T03:40:25
6567,8204,4371********1910-5395,debit,Visa,2029-03,expired,2026-03-26T13:33:30
6568,8204,5335********8703-9338,debit,Mastercard,2030-11,blocked,2025-11-28T16:55:23
6569,8205,4910********5043-876,debit,Visa,2031-05,blocked,2026-05-16T00:28:12
6570,8208,5980********6672-7015,debit,Mastercard,2030-05,blocked,2026-05-16T04:50:23
6571,8208,4994********2225-4807,debit,Visa,2029-05,blocked,2026-05-16T15:39:52
6572,8210,5470********1613-2397,debit,Mastercard,2031-05,active,2026-05-14T03:50:17
6573,8211,6990********8302-3255,credit,Discover,2029-05,active,2026-05-01T03:43:18
6574,8212,4474********3772-2298,debit,Visa,2030-03,blocked,2026-03-10T06:21:14
6575,8216,4556********2633-4809,debit,Visa,2029-05,blocked,2026-05-12T23:56:01
6576,8216,4898********7822-8887,debit,Visa,2031-05,active,2026-05-13T11:02:47
6577,8218,4185********3097-2290,credit,Visa,2029-04,active,2026-04-14T21:45:57
6578,8220,4668********1058-1681,debit,Visa,2031-04,blocked,2026-04-27T19:33:11
6579,8221,4250********0894-9930,debit,Visa,2031-03,active,2026-03-21T09:22:45
6580,8222,5834********7059-5416,debit,Mastercard,2030-09,expired,2025-09-11T02:35:29
6581,8223,3711*******2896-1043,debit,Amex,2030-04,blocked,2025-04-09T10:04:27
6582,8224,4092********6061-6698,debit,Visa,2030-12,blocked,2025-12-01T13:57:21
6583,8225,6592********3152-3378,debit,Discover,2030-05,active,2026-05-07T17:28:51
6584,8227,5129********3534-9056,debit,Mastercard,2030-05,blocked,2026-05-08T19:26:10
6585,8228,5508********0122-7836,debit,Mastercard,2030-03,expired,2026-03-26T19:38:18
6586,8231,5648********6144-8882,credit,Mastercard,2029-02,blocked,2025-02-28T18:36:46
6587,8232,3441*******2658-4505,debit,Amex,2027-12,active,2024-12-24T21:55:24
6588,8234,4328********3657-1523,credit,Visa,2028-08,blocked,2025-08-23T12:47:46
6589,8235,5459********2837-2397,debit,Mastercard,2028-12,active,2025-12-19T17:48:09
6590,8236,4878********1216-400,debit,Visa,2029-04,active,2026-04-24T07:13:26
6591,8237,5391********6245-1761,debit,Mastercard,2028-11,blocked,2024-11-08T23:39:49
6592,8238,4448********3167-1681,credit,Visa,2030-12,blocked,2025-12-28T12:03:48
6593,8239,4587********5256-5184,debit,Visa,2028-09,blocked,2025-09-21T20:14:31
6594,8240,4595********4478-6489,debit,Visa,2029-01,active,2026-01-23T18:00:23
6595,8241,3313*******2250-4801,debit,Amex,2031-02,blocked,2026-02-01T14:57:55
6596,8242,4380********9437-8741,debit,Visa,2029-04,blocked,2026-04-27T09:32:09
6597,8244,5131********5235-6415,debit,Mastercard,2028-05,active,2025-05-22T04:06:03
6598,8245,4497********0663-7968,debit,Visa,2028-10,active,2024-10-08T15:06:44
6599,8246,5278********8713-6974,debit,Mastercard,2028-08,blocked,2023-08-09T06:13:31
6600,8247,4162********3713-6982,credit,Visa,2027-04,expired,2022-04-24T18:53:05
6601,8248,4251********8978-1762,debit,Visa,2026-12,blocked,2023-12-12T15:17:09
6602,8249,4120********9149-7424,debit,Visa,2029-04,active,2026-04-03T17:31:27
6603,8251,4511********9736-9279,credit,Visa,2030-05,active,2026-05-04T16:40:41
6604,8253,4083********4890-8765,debit,Visa,2029-01,active,2024-01-13T16:11:17
6605,8253,5936********4864-3789,debit,Mastercard,2028-04,active,2025-04-26T13:31:59
6606,8258,5820********4667-6868,debit,Mastercard,2031-04,active,2026-04-13T15:21:50
6607,8260,5546********8749-5421,debit,Mastercard,2028-06,blocked,2025-06-22T01:03:46
6608,8261,4763********0084-928,debit,Visa,2030-02,blocked,2025-02-06T18:21:31
6609,8261,4300********8732-8697,debit,Visa,2028-03,blocked,2025-03-14T13:09:42
6610,8262,3877*******0330-8104,debit,Amex,2028-06,active,2025-06-02T10:33:12
6611,8263,3481*******2637-6719,debit,Amex,2028-12,active,2025-12-14T02:39:10
6612,8264,5564********9431-1161,credit,Mastercard,2031-04,active,2026-04-21T11:25:27
6613,8265,3020*******0787-7865,credit,Amex,2030-05,active,2026-05-14T09:54:47
6614,8266,4614********1550-9311,debit,Visa,2029-05,blocked,2026-05-10T00:26:21
6615,8267,4895********8688-7818,debit,Visa,2031-01,blocked,2026-01-27T19:28:28
6616,8268,3838*******7770-2165,debit,Amex,2030-04,active,2026-04-14T23:22:09
6617,8269,6388********2411-876,debit,Discover,2031-05,active,2026-05-12T04:11:50
6618,8270,4288********6673-8933,debit,Visa,2031-04,active,2026-04-11T18:26:29
6619,8271,4232********9075-946,debit,Visa,2029-11,blocked,2025-11-06T06:03:38
6620,8271,3748*******5297-8650,debit,Amex,2027-07,expired,2024-07-14T04:31:25
6621,8272,4245********2391-8423,credit,Visa,2031-05,active,2026-05-13T13:17:54
6622,8273,4397********8217-2296,debit,Visa,2028-08,active,2025-08-12T11:20:53
6623,8275,4355********2976-340,debit,Visa,2029-03,active,2026-03-12T17:19:42
6624,8276,5405********7492-6348,debit,Mastercard,2030-04,expired,2026-04-25T10:41:46
6625,8277,5053********7197-8162,debit,Mastercard,2030-05,blocked,2026-05-03T00:04:33
6626,8279,4068********0185-4825,debit,Visa,2031-05,expired,2026-05-16T12:40:29
6627,8281,4964********7926-5142,debit,Visa,2031-03,active,2026-03-12T19:45:03
6628,8282,4344********1526-7925,debit,Visa,2028-08,active,2025-08-01T07:22:18
6629,8283,5501********8701-5131,credit,Mastercard,2031-03,blocked,2026-03-04T17:55:35
6630,8284,4296********5536-9300,debit,Visa,2030-03,blocked,2026-03-22T22:17:11
6631,8285,4470********7844-37,debit,Visa,2029-04,blocked,2026-04-25T06:35:12
6632,8288,4825********9635-2752,debit,Visa,2029-03,active,2025-03-18T06:28:14
6633,8289,5841********7159-4855,debit,Mastercard,2029-09,active,2025-09-13T00:33:41
6634,8291,5204********3956-3004,debit,Mastercard,2031-03,active,2026-03-27T22:16:29
6635,8292,3562*******9996-7619,debit,Amex,2026-12,active,2023-12-09T07:12:58
6636,8293,4359********8875-6334,debit,Visa,2029-06,blocked,2024-06-24T06:13:51
6637,8294,5109********4404-9044,debit,Mastercard,2028-07,blocked,2024-07-17T22:05:12
6638,8295,4782********0725-4350,debit,Visa,2029-01,blocked,2026-01-28T18:50:32
6639,8295,3740*******3470-3276,debit,Amex,2030-01,blocked,2026-01-11T18:53:22
6640,8297,4239********4934-3310,credit,Visa,2030-12,active,2025-12-27T21:40:15
6641,8299,4213********5969-5270,debit,Visa,2030-05,active,2025-05-29T01:29:12
6642,8300,5857********4919-3438,debit,Mastercard,2028-06,active,2025-06-16T15:24:59
6643,8301,5637********1857-1174,debit,Mastercard,2031-03,active,2026-03-06T19:30:17
6644,8302,5624********5141-9660,credit,Mastercard,2031-02,active,2026-02-19T10:21:05
6645,8303,4106********1455-3853,debit,Visa,2030-04,active,2025-04-22T19:58:59
6646,8304,5297********0306-9016,debit,Mastercard,2031-02,expired,2026-02-14T06:52:42
6647,8305,4155********4057-360,debit,Visa,2028-11,active,2025-11-23T11:44:21
6648,8305,5416********4256-622,debit,Mastercard,2029-08,active,2025-08-28T03:29:40
6649,8306,5750********5419-6617,debit,Mastercard,2028-03,active,2024-03-30T09:21:45
6650,8307,4119********0235-2973,credit,Visa,2031-05,blocked,2026-05-16T01:37:38
6651,8308,5933********1892-6043,debit,Mastercard,2029-09,active,2025-09-06T06:13:14
6652,8311,4443********0293-8907,debit,Visa,2030-04,blocked,2026-04-11T23:33:22
6653,8311,4873********1072-7425,debit,Visa,2030-01,blocked,2026-01-21T18:31:45
6654,8312,5518********2669-3335,debit,Mastercard,2031-01,blocked,2026-01-22T03:30:42
6655,8313,4528********2646-1878,debit,Visa,2029-06,active,2025-06-05T06:02:09
6656,8314,5237********3458-8137,credit,Mastercard,2026-05,expired,2023-05-14T20:21:03
6657,8315,4721********6197-852,debit,Visa,2029-05,blocked,2026-05-11T06:06:14
6658,8318,3869*******8656-3773,debit,Amex,2031-01,blocked,2026-01-20T15:22:32
6659,8319,4542********8311-89,debit,Visa,2031-03,blocked,2026-03-04T08:22:22
6660,8321,4097********6394-5579,debit,Visa,2028-06,active,2025-06-18T08:03:41
6661,8321,4781********0970-5374,debit,Visa,2028-05,blocked,2025-05-22T12:47:54
6662,8322,4803********2271-5842,debit,Visa,2029-05,active,2026-05-03T16:38:56
6663,8323,5758********8771-925,debit,Mastercard,2030-05,active,2026-05-05T14:28:25
6664,8324,4636********8349-1546,debit,Visa,2029-04,active,2026-04-05T12:40:25
6665,8325,3234*******9059-5075,debit,Amex,2028-06,active,2025-06-27T23:36:33
6666,8326,4789********0962-9691,debit,Visa,2030-08,active,2025-08-05T15:44:53
6667,8327,5261********3704-1770,debit,Mastercard,2028-12,active,2025-12-02T00:42:16
6668,8328,5627********7389-1689,debit,Mastercard,2030-07,active,2025-07-12T15:59:04
6669,8329,5382********1711-2192,debit,Mastercard,2030-12,blocked,2025-12-18T02:30:03
6670,8330,5651********5803-669,debit,Mastercard,2029-06,blocked,2025-06-07T23:59:11
6671,8332,4924********3628-1921,debit,Visa,2030-01,active,2025-01-17T22:36:22
6672,8333,4950********0744-8760,debit,Visa,2031-05,active,2026-05-15T04:01:03
6673,8334,5915********3871-4733,debit,Mastercard,2029-05,blocked,2026-05-13T21:21:37
6674,8335,6990********1689-5417,credit,Discover,2030-01,active,2026-01-27T07:59:21
6675,8337,4180********6928-6713,debit,Visa,2029-09,blocked,2025-09-02T19:33:21
6676,8338,6389********2216-198,debit,Discover,2030-03,expired,2026-03-05T10:31:22
6677,8339,4752********2505-9940,debit,Visa,2030-05,expired,2026-05-02T09:33:27
6678,8340,5621********6922-4589,debit,Mastercard,2029-08,active,2025-08-13T11:07:21
6679,8341,5758********7730-9557,credit,Mastercard,2030-02,active,2026-02-22T10:53:58
6680,8342,4321********6265-1572,credit,Visa,2027-10,active,2024-10-11T17:17:30
6681,8345,4335********7043-4834,debit,Visa,2029-03,active,2026-03-24T18:32:53
6682,8346,5146********2578-5134,debit,Mastercard,2030-04,blocked,2026-04-13T16:28:16
6683,8347,4272********8210-7618,credit,Visa,2030-04,active,2026-04-26T22:53:45
6684,8348,4562********1030-3594,debit,Visa,2030-04,active,2026-04-22T13:53:25
6685,8348,4945********6696-1562,debit,Visa,2031-05,active,2026-05-02T18:44:08
6686,8350,4955********8356-8856,debit,Visa,2026-06,active,2022-06-16T12:05:59
6687,8351,5731********7486-8261,debit,Mastercard,2029-01,active,2025-01-14T11:56:34
6688,8351,5729********1700-6918,debit,Mastercard,2030-06,active,2025-06-20T04:56:29
6689,8352,4802********3560-4577,debit,Visa,2030-02,active,2026-02-01T08:21:27
6690,8353,5067********9157-5264,debit,Mastercard,2031-02,blocked,2026-02-17T23:35:37
6691,8355,5012********7016-1726,debit,Mastercard,2028-01,blocked,2025-01-28T19:38:13
6692,8356,4715********4407-8117,debit,Visa,2029-01,active,2026-01-23T20:34:18
6693,8356,4082********0967-4097,debit,Visa,2030-03,active,2026-03-25T01:53:44
6694,8357,3136*******1694-6800,debit,Amex,2026-07,active,2023-07-27T08:05:53
6695,8358,4179********7598-4562,debit,Visa,2030-03,expired,2026-03-05T19:14:25
6696,8360,3466*******6843-8849,debit,Amex,2030-09,active,2025-09-02T00:03:09
6697,8361,5500********7654-4404,credit,Mastercard,2026-10,active,2023-10-21T16:24:06
6698,8362,4834********1419-9891,debit,Visa,2029-06,blocked,2025-06-11T10:22:05
6699,8364,5653********8766-7039,debit,Mastercard,2030-10,active,2025-10-17T21:00:20
6700,8366,5755********6346-4292,debit,Mastercard,2028-01,blocked,2024-01-12T03:43:14
6701,8367,5363********6520-952,debit,Mastercard,2031-05,active,2026-05-09T17:23:43
6702,8367,4354********8050-5749,debit,Visa,2031-05,active,2026-05-15T10:45:08
6703,8368,4979********9954-7087,debit,Visa,2029-03,expired,2025-03-10T19:24:06
6704,8369,5584********9735-1582,debit,Mastercard,2029-11,active,2025-11-24T15:25:01
6705,8372,4308********9419-4433,debit,Visa,2030-05,active,2025-05-19T19:59:46
6706,8374,4299********0538-7097,debit,Visa,2031-04,active,2026-04-26T00:43:27
6707,8376,4969********2953-3038,debit,Visa,2028-03,active,2025-03-21T15:11:26
6708,8377,5490********6314-5162,debit,Mastercard,2028-07,expired,2025-07-21T17:49:10
6709,8378,5927********1272-8055,debit,Mastercard,2029-01,active,2024-01-24T12:42:51
6710,8379,5341********2060-9222,debit,Mastercard,2028-01,blocked,2025-01-28T18:13:27
6711,8380,4101********4315-6622,debit,Visa,2031-04,active,2026-04-26T16:56:08
6712,8382,5607********8444-1631,debit,Mastercard,2029-05,blocked,2025-05-02T08:00:13
6713,8383,4696********3234-2373,debit,Visa,2029-04,expired,2026-04-17T11:58:28
6714,8384,5778********8920-7978,debit,Mastercard,2029-04,blocked,2026-04-25T12:58:56
6715,8386,4174********6307-5007,debit,Visa,2030-10,active,2025-10-10T06:11:37
6716,8387,5994********6705-8985,debit,Mastercard,2029-04,blocked,2026-04-13T17:43:54
6717,8387,4132********3511-3559,debit,Visa,2031-05,blocked,2026-05-08T15:52:32
6718,8388,4167********7201-2554,debit,Visa,2031-01,expired,2026-01-11T05:33:01
6719,8390,5975********5539-7890,credit,Mastercard,2030-08,active,2025-08-20T13:16:47
6720,8392,4428********6053-207,debit,Visa,2026-09,active,2023-09-04T23:52:01
6721,8393,4037********8297-2907,debit,Visa,2028-11,active,2025-11-02T01:05:09
6722,8394,4479********0685-6636,debit,Visa,2030-03,blocked,2026-03-03T15:05:29
6723,8394,6188********0265-4427,debit,Discover,2029-04,blocked,2026-04-20T20:18:27
6724,8395,4806********4671-7269,debit,Visa,2028-11,expired,2025-11-29T04:50:25
6725,8397,3456*******9542-1006,debit,Amex,2029-08,blocked,2025-08-15T07:30:38
6726,8401,4057********5043-5476,debit,Visa,2031-01,active,2026-01-02T17:19:48
6727,8402,5584********0414-3534,debit,Mastercard,2029-02,expired,2026-02-17T05:39:50
6728,8403,4479********8472-9839,debit,Visa,2029-09,active,2024-09-22T03:03:51
6729,8405,5701********4376-2254,credit,Mastercard,2030-10,expired,2025-10-12T04:17:57
6730,8406,4550********7633-3281,debit,Visa,2029-12,blocked,2024-12-19T06:19:23
6731,8407,4308********1528-392,debit,Visa,2029-11,expired,2025-11-01T16:17:16
6732,8408,3347*******9820-1142,debit,Amex,2031-04,active,2026-04-01T15:04:29
6733,8410,5021********8778-223,debit,Mastercard,2030-01,blocked,2025-01-01T15:08:47
6734,8411,4458********9108-4797,debit,Visa,2029-08,active,2025-08-13T21:55:05
6735,8412,5841********4898-9623,debit,Mastercard,2028-11,blocked,2025-11-02T08:45:40
6736,8413,4995********3080-9945,debit,Visa,2030-01,active,2026-01-29T10:30:17
6737,8415,5365********0068-1038,debit,Mastercard,2030-09,blocked,2025-09-26T14:21:15
6738,8416,4681********2713-4744,debit,Visa,2031-04,expired,2026-04-10T08:45:13
6739,8418,4546********9995-251,debit,Visa,2029-06,blocked,2025-06-02T12:05:31
6740,8418,5980********1829-1488,debit,Mastercard,2030-05,blocked,2025-05-24T01:56:22
6741,8420,5635********2225-5299,debit,Mastercard,2031-01,active,2026-01-30T14:06:51
6742,8423,5065********0604-1770,debit,Mastercard,2029-05,blocked,2025-05-18T04:48:03
6743,8424,4936********6147-4328,debit,Visa,2029-04,active,2026-04-14T20:50:39
6744,8425,5297********5208-9619,credit,Mastercard,2029-05,active,2026-05-08T21:51:19
6745,8426,4952********0586-246,debit,Visa,2029-04,blocked,2026-04-20T23:33:37
6746,8429,5017********5922-709,debit,Mastercard,2027-03,blocked,2023-03-18T13:04:09
6747,8430,4668********5660-8825,debit,Visa,2029-03,blocked,2026-03-30T05:41:42
6748,8432,3231*******9539-8953,debit,Amex,2030-04,blocked,2026-04-17T20:33:04
6749,8433,5270********7239-6494,debit,Mastercard,2031-04,active,2026-04-09T10:55:36
6750,8435,3368*******4945-4243,credit,Amex,2029-12,expired,2025-12-16T22:23:40
6751,8436,6606********1677-5329,debit,Discover,2028-06,active,2025-06-29T18:32:30
6752,8437,5317********3607-5904,debit,Mastercard,2030-02,active,2026-02-03T23:17:12
6753,8439,5187********1365-528,debit,Mastercard,2028-01,blocked,2025-01-27T18:31:32
6754,8440,4904********6773-4934,debit,Visa,2029-03,active,2026-03-17T01:20:04
6755,8441,5624********4206-9131,debit,Mastercard,2028-06,blocked,2025-06-17T22:34:50
6756,8442,4700********1738-3575,debit,Visa,2030-11,blocked,2025-11-27T08:05:44
6757,8442,4083********4726-2732,debit,Visa,2029-11,blocked,2025-11-27T06:06:44
6758,8443,4175********4821-5988,debit,Visa,2028-12,active,2025-12-27T17:32:20
6759,8444,4821********6119-6273,credit,Visa,2030-05,active,2025-05-20T20:32:35
6760,8446,5883********4942-4117,debit,Mastercard,2029-01,expired,2024-01-04T01:44:23
6761,8447,4124********1006-5792,debit,Visa,2030-04,blocked,2026-04-19T23:45:42
6762,8447,4711********2918-1416,debit,Visa,2030-04,active,2026-04-30T04:14:46
6763,8448,5178********4681-432,debit,Mastercard,2029-10,active,2025-10-31T20:09:37
6764,8448,5258********9253-5158,debit,Mastercard,2029-02,active,2026-02-19T21:14:14
6765,8450,5317********1081-549,debit,Mastercard,2029-05,blocked,2026-05-10T04:23:13
6766,8451,5545********1940-3827,debit,Mastercard,2028-12,active,2025-12-10T10:21:30
6767,8452,5349********2780-1186,debit,Mastercard,2031-04,active,2026-04-28T17:47:07
6768,8453,4519********7552-2573,debit,Visa,2030-04,active,2026-04-27T13:05:37
6769,8456,5240********0572-6776,debit,Mastercard,2028-01,expired,2025-01-05T03:56:18
6770,8456,5891********0767-8066,debit,Mastercard,2029-05,blocked,2025-05-18T12:41:41
6771,8457,4429********3809-9876,debit,Visa,2028-04,active,2025-04-07T04:07:52
6772,8458,5427********1914-3492,debit,Mastercard,2029-03,blocked,2024-03-01T00:36:00
6773,8459,4053********6800-7624,credit,Visa,2031-04,blocked,2026-04-03T21:21:17
6774,8460,4232********5075-8171,debit,Visa,2031-05,active,2026-05-12T20:38:38
6775,8461,4653********3417-2897,credit,Visa,2030-04,active,2026-04-23T22:38:07
6776,8462,5938********5820-9394,credit,Mastercard,2031-04,blocked,2026-04-29T02:48:29
6777,8463,5780********5743-8443,debit,Mastercard,2029-04,active,2026-04-15T09:41:12
6778,8464,4610********4725-9000,debit,Visa,2031-02,active,2026-02-04T02:56:40
6779,8466,4187********5093-3723,debit,Visa,2030-05,active,2026-05-08T16:53:21
6780,8466,4820********3362-7856,debit,Visa,2030-05,expired,2026-05-12T18:29:24
6781,8467,5225********7611-1518,credit,Mastercard,2028-06,active,2025-06-16T00:42:59
6782,8468,4387********8770-6816,debit,Visa,2029-01,active,2025-01-04T15:27:23
6783,8469,4677********9593-8808,debit,Visa,2030-03,active,2026-03-03T14:18:14
6784,8470,5580********2049-8331,debit,Mastercard,2030-06,active,2025-06-02T20:26:55
6785,8471,4664********7628-1296,debit,Visa,2030-05,active,2026-05-10T04:20:31
6786,8473,4273********9232-3688,credit,Visa,2029-01,blocked,2025-01-12T14:16:17
6787,8474,4310********9454-8950,debit,Visa,2028-09,blocked,2024-09-19T07:07:04
6788,8477,5142********4718-6417,debit,Mastercard,2028-02,active,2025-02-23T12:51:10
6789,8477,4601********6976-5328,debit,Visa,2028-10,active,2024-10-03T20:09:42
6790,8480,4956********0937-5284,debit,Visa,2028-08,active,2025-08-23T15:56:29
6791,8482,4574********7010-1025,debit,Visa,2029-05,expired,2026-05-05T10:14:02
6792,8483,4428********8000-5270,debit,Visa,2029-05,blocked,2026-05-11T01:54:44
6793,8484,5157********6875-9464,credit,Mastercard,2031-05,active,2026-05-08T15:47:29
6794,8485,5864********9774-5450,debit,Mastercard,2031-05,active,2026-05-14T01:13:02
6795,8487,5306********3677-7232,debit,Mastercard,2028-10,active,2025-10-11T10:11:57
6796,8487,5922********4340-7832,debit,Mastercard,2029-02,active,2026-02-11T00:01:46
6797,8488,5452********2670-6683,debit,Mastercard,2031-01,blocked,2026-01-17T00:51:54
6798,8493,4491********5333-5885,credit,Visa,2029-04,active,2026-04-22T21:03:50
6799,8494,4195********8448-4717,debit,Visa,2028-10,blocked,2025-10-07T17:44:30
6800,8495,5609********8264-7788,debit,Mastercard,2031-04,blocked,2026-04-10T09:02:45
6801,8496,5355********4731-363,debit,Mastercard,2029-01,active,2026-01-26T01:36:15
6802,8497,5893********8865-5658,debit,Mastercard,2031-04,blocked,2026-04-29T23:58:53
6803,8498,5236********1856-3670,debit,Mastercard,2029-05,active,2026-05-07T03:14:34
6804,8499,5997********3752-6504,credit,Mastercard,2030-04,active,2026-04-20T14:46:57
6805,8501,4441********1517-3447,debit,Visa,2029-01,expired,2024-01-27T14:35:22
6806,8503,5400********5246-6531,debit,Mastercard,2030-02,active,2026-02-11T01:58:28
6807,8504,3775*******9340-6330,debit,Amex,2031-03,blocked,2026-03-28T06:03:05
6808,8505,4382********7440-2473,credit,Visa,2030-05,active,2026-05-12T20:34:06
6809,8506,5571********9611-5296,credit,Mastercard,2027-05,blocked,2024-05-15T00:37:48
6810,8507,4114********1996-6449,debit,Visa,2028-06,blocked,2023-06-19T00:14:29
6811,8508,4053********0019-5467,debit,Visa,2030-03,blocked,2026-03-10T19:06:50
6812,8510,5219********6553-6922,credit,Mastercard,2030-03,active,2026-03-21T18:12:14
6813,8511,4066********2756-1253,debit,Visa,2029-05,active,2026-05-13T13:46:50
6814,8512,5206********5520-2122,debit,Mastercard,2030-05,blocked,2026-05-14T07:18:00
6815,8513,4997********0956-4442,debit,Visa,2031-05,blocked,2026-05-10T07:19:34
6816,8514,6128********1069-2097,credit,Discover,2029-05,expired,2026-05-14T07:31:17
6817,8516,4623********5386-6758,debit,Visa,2028-07,active,2025-07-30T19:36:38
6818,8519,3076*******3040-5749,debit,Amex,2031-05,blocked,2026-05-15T18:58:46
6819,8520,4662********0791-4609,debit,Visa,2028-08,active,2025-08-17T22:56:57
6820,8521,5952********5454-5676,debit,Mastercard,2028-04,active,2025-04-08T06:53:18
6821,8522,5231********5058-3014,debit,Mastercard,2030-01,active,2025-01-25T13:15:02
6822,8524,5261********7665-6370,debit,Mastercard,2028-12,active,2025-12-07T06:12:06
6823,8525,4101********0379-9094,debit,Visa,2028-01,blocked,2025-01-13T23:01:42
6824,8527,3307*******3493-4963,debit,Amex,2029-02,expired,2026-02-22T05:55:10
6825,8528,3311*******3500-9205,debit,Amex,2029-10,active,2025-10-18T08:53:30
6826,8531,3827*******9880-455,debit,Amex,2029-04,blocked,2026-04-04T06:45:01
6827,8532,5232********7005-5365,debit,Mastercard,2029-05,active,2024-05-24T10:14:21
6828,8533,4029********5202-584,debit,Visa,2029-05,active,2026-05-10T21:31:12
6829,8534,5434********7655-554,debit,Mastercard,2031-04,blocked,2026-04-10T09:59:13
6830,8535,4705********2482-8774,credit,Visa,2030-12,blocked,2025-12-05T13:34:10
6831,8536,5881********0776-6260,debit,Mastercard,2031-03,active,2026-03-04T20:16:53
6832,8537,6106********5184-5874,debit,Discover,2030-03,active,2026-03-08T10:28:37
6833,8539,5470********3799-4466,debit,Mastercard,2028-08,active,2025-08-03T02:08:48
6834,8540,5514********4431-6128,debit,Mastercard,2027-08,active,2024-08-23T15:44:47
6835,8541,4737********4748-5702,credit,Visa,2028-04,active,2024-04-05T07:22:56
6836,8543,5890********0184-8881,debit,Mastercard,2029-10,active,2025-10-25T04:44:03
6837,8544,5213********9637-3141,debit,Mastercard,2028-12,active,2023-12-31T19:29:57
6838,8545,3597*******2571-949,debit,Amex,2026-05,expired,2023-05-19T04:20:53
6839,8546,4262********5964-6530,debit,Visa,2028-08,blocked,2025-08-07T17:46:21
6840,8547,4859********0463-7112,debit,Visa,2030-03,active,2026-03-21T21:06:40
6841,8548,5506********3319-1905,debit,Mastercard,2028-06,active,2024-06-06T14:50:46
6842,8549,4952********0978-4909,debit,Visa,2028-10,active,2025-10-21T21:49:31
6843,8551,4078********6847-5844,debit,Visa,2028-12,active,2025-12-29T09:46:51
6844,8551,5433********5099-896,debit,Mastercard,2029-06,blocked,2025-06-07T13:34:59
6845,8554,4367********5972-7391,debit,Visa,2029-01,blocked,2026-01-23T20:08:19
6846,8556,4084********7583-2328,debit,Visa,2031-05,active,2026-05-15T03:48:24
6847,8557,4419********2998-2829,debit,Visa,2030-03,blocked,2026-03-03T15:09:36
6848,8558,4478********5208-1248,debit,Visa,2030-12,blocked,2025-12-02T20:20:51
6849,8559,5729********4576-6343,debit,Mastercard,2031-04,blocked,2026-04-29T19:18:55
6850,8560,4153********4244-3492,debit,Visa,2030-01,blocked,2026-01-05T17:48:54
6851,8561,4469********0359-4566,debit,Visa,2028-08,blocked,2025-08-07T23:39:48
6852,8562,5419********0380-6143,debit,Mastercard,2030-03,blocked,2025-03-01T23:15:05
6853,8563,4952********7529-3305,debit,Visa,2029-05,blocked,2026-05-13T11:47:34
6854,8564,4962********5646-4461,debit,Visa,2029-05,active,2026-05-08T13:43:26
6855,8565,4732********8386-7180,debit,Visa,2030-05,blocked,2026-05-15T04:08:09
6856,8566,4022********9539-3965,debit,Visa,2027-12,active,2024-12-29T15:23:18
6857,8567,5110********9427-4091,debit,Mastercard,2030-04,active,2026-04-09T16:32:50
6858,8574,3933*******3424-2933,debit,Amex,2030-04,blocked,2026-04-05T05:29:58
6859,8575,4116********1335-9976,credit,Visa,2031-03,expired,2026-03-01T07:38:38
6860,8577,3458*******8855-1849,credit,Amex,2030-10,active,2025-10-17T00:20:27
6861,8581,3254*******6262-3374,debit,Amex,2029-02,active,2026-02-11T01:25:08
6862,8583,5707********9915-1752,debit,Mastercard,2029-10,active,2025-10-17T21:44:21
6863,8584,3831*******5004-7794,debit,Amex,2026-07,blocked,2023-07-22T13:54:33
6864,8585,4564********1969-6997,credit,Visa,2028-12,active,2025-12-16T05:24:54
6865,8588,5290********9424-86,debit,Mastercard,2030-05,blocked,2026-05-13T14:22:59
6866,8589,5866********9953-2001,debit,Mastercard,2031-04,blocked,2026-04-02T21:39:28
6867,8593,4707********9404-1818,debit,Visa,2030-05,active,2026-05-04T23:43:03
6868,8594,4978********2367-7163,debit,Visa,2028-12,active,2025-12-17T15:00:46
6869,8595,4481********0239-3692,credit,Visa,2031-04,active,2026-04-27T11:46:44
6870,8596,4112********1237-8378,debit,Visa,2029-04,blocked,2026-04-13T11:58:26
6871,8596,5308********9744-7635,debit,Mastercard,2029-05,active,2026-05-12T08:28:31
6872,8599,5869********7775-8891,credit,Mastercard,2029-05,blocked,2026-05-03T13:04:52
6873,8600,3356*******5944-990,debit,Amex,2029-03,expired,2026-03-15T08:23:13
6874,8601,5638********5251-780,debit,Mastercard,2029-04,expired,2026-04-24T09:54:37
6875,8602,4324********8270-5627,debit,Visa,2031-02,expired,2026-02-27T12:59:35
6876,8602,4857********7801-9580,debit,Visa,2030-02,active,2026-02-23T01:05:32
6877,8604,4225********7054-4472,debit,Visa,2030-03,blocked,2026-03-28T03:13:08
6878,8605,4637********0089-5499,credit,Visa,2029-05,active,2026-05-14T06:52:58
6879,8606,5275********4871-4714,debit,Mastercard,2028-12,blocked,2025-12-17T04:14:28
6880,8607,4133********1695-2499,debit,Visa,2030-03,active,2026-03-06T20:25:12
6881,8607,5531********9712-8382,debit,Mastercard,2030-03,expired,2026-03-02T20:33:55
6882,8608,4373********6769-9762,debit,Visa,2029-04,active,2026-04-15T19:27:55
6883,8610,5177********9307-5074,debit,Mastercard,2028-12,blocked,2024-12-13T11:09:59
6884,8611,4184********3207-2027,credit,Visa,2028-12,active,2025-12-24T05:44:49
6885,8612,5935********3326-6777,debit,Mastercard,2029-01,active,2026-01-10T22:29:59
6886,8613,3350*******5269-5253,debit,Amex,2031-05,expired,2026-05-02T18:59:07
6887,8613,4734********1572-5114,debit,Visa,2029-01,blocked,2026-01-11T14:10:36
6888,8614,5491********5752-9646,debit,Mastercard,2030-08,blocked,2025-08-11T12:58:32
6889,8616,4977********0536-195,debit,Visa,2029-03,expired,2026-03-19T17:39:48
6890,8618,4283********3125-4977,debit,Visa,2029-04,active,2025-04-16T13:02:30
6891,8619,5208********9517-1988,debit,Mastercard,2030-03,blocked,2025-03-06T03:45:51
6892,8620,4291********2329-7209,debit,Visa,2029-02,expired,2026-02-14T08:06:22
6893,8621,5205********9627-8740,debit,Mastercard,2029-03,active,2026-03-25T00:42:29
6894,8624,5244********6695-2728,debit,Mastercard,2030-04,active,2026-04-17T08:47:09
6895,8625,5759********6510-2085,debit,Mastercard,2030-05,expired,2026-05-03T10:58:06
6896,8625,4673********6395-744,debit,Visa,2030-08,active,2025-08-05T14:04:55
6897,8628,5284********4441-8167,credit,Mastercard,2030-04,active,2026-04-18T19:31:05
6898,8629,4351********0564-7417,debit,Visa,2029-04,active,2026-04-25T08:13:18
6899,8630,5591********5314-1116,debit,Mastercard,2029-10,blocked,2025-10-16T10:10:02
6900,8631,5884********4261-6418,debit,Mastercard,2031-03,active,2026-03-19T11:02:38
6901,8632,5496********9793-7579,debit,Mastercard,2029-03,active,2026-03-10T03:08:02
6902,8635,5813********0893-430,credit,Mastercard,2029-08,active,2025-08-23T21:58:28
6903,8636,5154********6500-6148,credit,Mastercard,2030-05,active,2025-05-26T02:28:29
6904,8637,4554********3107-4919,debit,Visa,2028-09,expired,2025-09-05T04:53:55
6905,8638,4026********8879-2324,debit,Visa,2027-01,blocked,2024-01-10T05:00:52
6906,8639,5732********5370-1731,credit,Mastercard,2031-02,blocked,2026-02-26T20:12:53
6907,8640,4521********9045-2888,debit,Visa,2029-12,active,2024-12-05T22:42:37
6908,8641,4836********3549-1692,debit,Visa,2029-10,expired,2025-10-14T10:31:32
6909,8642,5058********7263-4886,debit,Mastercard,2028-10,expired,2025-10-01T08:30:19
6910,8643,4046********7492-91,debit,Visa,2029-07,active,2025-07-15T07:29:03
6911,8644,5923********3939-259,debit,Mastercard,2031-04,active,2026-04-02T02:20:57
6912,8646,5177********4829-7466,debit,Mastercard,2028-10,active,2025-10-07T06:09:30
6913,8647,4101********9514-9230,debit,Visa,2029-04,active,2026-04-04T11:25:32
6914,8648,4594********9781-6823,debit,Visa,2028-09,active,2025-09-03T10:15:20
6915,8650,5268********0889-7819,debit,Mastercard,2027-05,active,2023-05-12T17:56:37
6916,8651,4329********9814-6095,credit,Visa,2029-01,active,2026-01-25T11:10:48
6917,8653,4738********6575-3812,debit,Visa,2029-12,active,2025-12-24T07:46:24
6918,8656,4537********9833-1328,debit,Visa,2029-09,expired,2025-09-03T01:25:54
6919,8657,4850********8063-5808,credit,Visa,2030-03,active,2026-03-19T12:24:28
6920,8658,5340********4336-4209,debit,Mastercard,2031-04,blocked,2026-04-15T19:08:55
6921,8659,6900********4834-4615,debit,Discover,2031-03,active,2026-03-11T16:09:29
6922,8660,5298********1155-2910,debit,Mastercard,2030-04,expired,2026-04-21T06:49:31
6923,8662,5899********9698-2192,debit,Mastercard,2030-05,blocked,2026-05-07T04:58:52
6924,8663,4165********6874-3164,debit,Visa,2026-08,active,2023-08-12T22:16:22
6925,8664,5390********6978-8052,debit,Mastercard,2030-05,active,2026-05-05T05:34:41
6926,8666,5120********4358-208,debit,Mastercard,2029-10,active,2025-10-29T19:24:01
6927,8667,5026********8966-7687,debit,Mastercard,2029-07,active,2024-07-04T05:56:02
6928,8667,4854********1734-7011,debit,Visa,2027-04,active,2024-04-13T17:50:40
6929,8668,5125********6974-5120,debit,Mastercard,2029-05,active,2026-05-11T02:11:34
6930,8669,4668********4932-8323,debit,Visa,2031-04,blocked,2026-04-18T10:48:58
6931,8670,3607*******6486-5630,debit,Amex,2031-04,active,2026-04-19T23:07:47
6932,8671,4281********4642-6754,debit,Visa,2030-12,active,2025-12-31T15:20:57
6933,8672,4701********0759-5704,debit,Visa,2028-03,blocked,2025-03-18T13:19:59
6934,8673,5276********7380-3967,debit,Mastercard,2029-03,blocked,2026-03-13T15:09:47
6935,8673,4574********4773-4417,debit,Visa,2028-06,blocked,2025-06-01T11:37:23
6936,8674,4928********0699-5161,debit,Visa,2028-11,active,2025-11-20T09:31:46
6937,8675,5553********0512-7363,debit,Mastercard,2029-05,active,2026-05-15T10:48:32
6938,8676,5520********8217-5198,debit,Mastercard,2031-01,blocked,2026-01-27T09:08:43
6939,8679,4720********6034-726,debit,Visa,2029-12,active,2024-12-02T16:20:49
6940,8680,4965********7638-9782,debit,Visa,2029-05,active,2026-05-15T13:12:11
6941,8680,4991********5888-3990,debit,Visa,2031-05,expired,2026-05-07T14:50:58
6942,8681,5919********1289-6517,debit,Mastercard,2031-05,active,2026-05-16T01:21:51
6943,8682,5320********8542-4603,debit,Mastercard,2031-05,active,2026-05-15T14:41:29
6944,8683,4348********6283-4154,debit,Visa,2031-05,active,2026-05-14T19:27:24
6945,8684,4632********1973-1714,debit,Visa,2028-07,blocked,2025-07-18T13:32:16
6946,8685,5042********3059-7831,debit,Mastercard,2030-11,active,2025-11-05T17:15:47
6947,8686,5733********9727-4833,credit,Mastercard,2030-12,expired,2025-12-13T06:18:21
6948,8688,4431********5199-8669,debit,Visa,2030-11,active,2025-11-02T19:21:25
6949,8691,5860********9832-6138,debit,Mastercard,2030-07,active,2025-07-24T13:17:27
6950,8693,5217********8726-8792,debit,Mastercard,2031-03,blocked,2026-03-13T22:23:56
6951,8694,4856********6961-1365,debit,Visa,2030-04,active,2026-04-30T12:38:19
6952,8696,4710********7147-126,debit,Visa,2028-06,active,2025-06-18T21:50:54
6953,8697,4024********1641-1291,debit,Visa,2029-12,active,2024-12-14T12:40:23
6954,8698,4339********1387-3599,credit,Visa,2029-10,active,2025-10-02T05:43:50
6955,8699,5401********6779-3757,debit,Mastercard,2030-02,active,2026-02-19T11:27:02
6956,8700,5692********2027-7734,debit,Mastercard,2029-10,expired,2025-10-24T03:18:27
6957,8702,4591********4043-291,credit,Visa,2031-05,active,2026-05-08T08:00:27
6958,8704,5608********9925-3689,credit,Mastercard,2031-04,active,2026-04-16T23:52:35
6959,8705,4290********2031-8860,debit,Visa,2030-03,active,2026-03-13T01:43:34
6960,8708,4977********6796-2939,debit,Visa,2030-11,blocked,2025-11-06T20:44:16
6961,8709,4223********0311-3591,debit,Visa,2030-05,expired,2026-05-03T04:45:41
6962,8710,5739********1972-611,debit,Mastercard,2031-04,blocked,2026-04-12T03:33:56
6963,8712,4496********4290-808,debit,Visa,2029-03,blocked,2026-03-15T19:44:41
6964,8713,4506********4208-3666,debit,Visa,2029-04,expired,2026-04-25T15:28:17
6965,8713,4167********7603-9037,debit,Visa,2031-01,expired,2026-01-23T09:41:35
6966,8715,5229********1249-9635,debit,Mastercard,2027-09,active,2024-09-25T14:52:12
6967,8716,4983********2009-2919,debit,Visa,2029-01,active,2026-01-30T06:29:41
6968,8717,4502********3079-1489,debit,Visa,2031-04,active,2026-04-01T06:11:26
6969,8718,4411********0540-7626,credit,Visa,2030-03,blocked,2025-03-17T09:05:09
6970,8719,4390********7204-7637,debit,Visa,2031-02,active,2026-02-20T12:38:33
6971,8721,4335********8230-5073,debit,Visa,2031-02,blocked,2026-02-17T01:29:52
6972,8722,4451********7652-7170,debit,Visa,2030-05,blocked,2026-05-03T05:44:01
6973,8724,5300********7719-2437,debit,Mastercard,2031-04,active,2026-04-28T11:10:24
6974,8725,4162********6330-9884,debit,Visa,2031-05,active,2026-05-15T18:00:01
6975,8726,4201********6401-5622,debit,Visa,2029-04,blocked,2026-04-14T02:59:34
6976,8728,4025********9455-5528,debit,Visa,2029-10,expired,2025-10-20T16:02:57
6977,8729,4332********3855-6048,debit,Visa,2031-01,active,2026-01-04T09:04:05
6978,8730,5747********5748-9601,credit,Mastercard,2031-04,blocked,2026-04-04T10:38:44
6979,8731,5008********1979-5712,debit,Mastercard,2028-11,active,2025-11-12T11:01:53
6980,8732,5841********3486-5935,debit,Mastercard,2031-01,blocked,2026-01-29T21:03:37
6981,8734,4777********0802-3633,debit,Visa,2031-05,active,2026-05-13T08:54:41
6982,8734,4988********0134-4956,debit,Visa,2029-05,active,2026-05-13T07:42:04
6983,8735,4387********0272-1062,credit,Visa,2031-03,active,2026-03-05T02:46:47
6984,8736,4985********6849-3739,debit,Visa,2027-07,active,2024-07-11T13:52:00
6985,8739,5087********9463-2059,debit,Mastercard,2030-04,blocked,2026-04-27T07:43:45
6986,8740,4582********5009-6544,debit,Visa,2029-12,blocked,2025-12-16T08:01:23
6987,8740,3515*******1943-6514,debit,Amex,2028-02,expired,2025-02-20T03:38:42
6988,8741,5666********8548-5494,debit,Mastercard,2029-03,active,2026-03-16T02:45:12
6989,8744,5761********0050-5421,debit,Mastercard,2029-03,active,2026-03-04T17:12:39
6990,8745,4055********1927-7908,debit,Visa,2031-05,expired,2026-05-03T10:25:38
6991,8745,4430********8156-4547,debit,Visa,2030-05,blocked,2026-05-15T20:35:05
6992,8746,4632********2609-7580,debit,Visa,2029-02,active,2025-02-19T01:51:12
6993,8747,5263********5058-5707,debit,Mastercard,2029-03,blocked,2026-03-08T05:01:01
6994,8748,3457*******0952-6733,debit,Amex,2029-01,active,2024-01-15T09:24:24
6995,8750,5554********1337-5360,debit,Mastercard,2029-01,active,2026-01-18T02:40:25
6996,8751,4094********2264-3259,debit,Visa,2028-11,expired,2024-11-30T16:30:30
6997,8754,4495********3317-2734,debit,Visa,2031-04,blocked,2026-04-20T04:17:46
6998,8754,5498********0945-1411,debit,Mastercard,2030-04,blocked,2026-04-13T12:11:58
6999,8755,5394********0172-7613,debit,Mastercard,2029-01,active,2025-01-06T10:23:58
7000,8756,5524********6467-4525,debit,Mastercard,2028-11,blocked,2024-11-03T15:24:01
7001,8757,5346********9295-2486,debit,Mastercard,2031-04,blocked,2026-04-18T10:37:27
7002,8758,4245********1897-2910,debit,Visa,2029-12,active,2025-12-17T15:25:40
7003,8759,3417*******7615-8624,debit,Amex,2030-05,active,2026-05-02T20:31:18
7004,8760,4133********5722-1702,debit,Visa,2030-01,expired,2026-01-27T01:35:27
7005,8760,5230********4669-2798,debit,Mastercard,2029-02,active,2026-02-20T15:22:22
7006,8761,5808********7251-6160,debit,Mastercard,2029-05,active,2026-05-11T08:40:15
7007,8762,4940********1127-1257,credit,Visa,2030-04,active,2026-04-10T02:33:37
7008,8763,5129********6455-4470,credit,Mastercard,2031-02,blocked,2026-02-25T23:02:25
7009,8764,5179********0713-3701,debit,Mastercard,2029-05,active,2026-05-08T10:49:42
7010,8765,5011********1479-9835,debit,Mastercard,2029-01,active,2026-01-29T06:08:24
7011,8766,5743********6913-9819,debit,Mastercard,2027-08,blocked,2023-08-28T17:13:12
7012,8767,5819********3413-5496,debit,Mastercard,2029-01,active,2025-01-14T23:55:06
7013,8769,4646********3877-1467,debit,Visa,2029-12,blocked,2025-12-06T03:50:26
7014,8770,5212********3800-7517,debit,Mastercard,2031-04,active,2026-04-11T19:02:48
7015,8771,3148*******3219-4303,debit,Amex,2030-12,active,2025-12-21T10:59:46
7016,8771,5408********4101-7467,debit,Mastercard,2029-02,active,2026-02-09T01:15:18
7017,8772,4029********2508-9601,debit,Visa,2030-03,blocked,2026-03-27T23:20:06
7018,8773,4195********6951-6756,debit,Visa,2028-11,blocked,2025-11-19T08:26:09
7019,8774,4292********2695-9250,debit,Visa,2031-01,expired,2026-01-07T06:36:23
7020,8775,5797********3158-7798,debit,Mastercard,2029-03,active,2026-03-01T14:11:11
7021,8776,4758********5323-2745,debit,Visa,2030-03,active,2026-03-22T10:16:04
7022,8777,5051********8218-8322,debit,Mastercard,2030-10,active,2025-10-09T01:50:40
7023,8779,4791********6493-3898,debit,Visa,2029-11,active,2024-11-21T02:47:23
7024,8780,5377********3410-8717,debit,Mastercard,2027-06,active,2023-06-02T20:32:29
7025,8781,4498********7364-4931,debit,Visa,2029-02,blocked,2026-02-21T00:33:31
7026,8783,4366********7671-7972,credit,Visa,2031-01,blocked,2026-01-09T13:21:52
7027,8784,4200********3303-1653,debit,Visa,2027-04,blocked,2022-04-19T22:11:33
7028,8786,4237********1400-4394,debit,Visa,2031-05,active,2026-05-11T12:31:14
7029,8787,5209********0142-6558,debit,Mastercard,2028-06,blocked,2025-06-10T19:11:39
7030,8788,4335********3756-4099,debit,Visa,2029-07,active,2025-07-17T01:49:39
7031,8789,3704*******5505-4061,debit,Amex,2031-04,active,2026-04-28T14:44:32
7032,8789,4736********7535-4687,debit,Visa,2031-04,active,2026-04-19T05:53:48
7033,8790,5618********1150-220,debit,Mastercard,2029-11,blocked,2025-11-15T20:17:18
7034,8790,4864********5412-8006,debit,Visa,2031-01,blocked,2026-01-04T04:24:12
7035,8791,5261********4468-9036,debit,Mastercard,2029-05,active,2026-05-14T21:37:31
7036,8791,5738********0941-5542,debit,Mastercard,2031-05,active,2026-05-15T18:58:16
7037,8792,5327********4795-8051,debit,Mastercard,2030-05,active,2026-05-04T22:52:46
7038,8793,4420********0742-9201,credit,Visa,2029-05,blocked,2026-05-13T12:44:45
7039,8795,5817********2867-7814,debit,Mastercard,2031-05,expired,2026-05-14T14:08:26
7040,8796,4411********8048-5664,debit,Visa,2030-03,active,2026-03-14T01:18:44
7041,8797,5780********1332-2997,debit,Mastercard,2030-02,blocked,2026-02-03T02:44:24
7042,8798,5723********7060-2592,debit,Mastercard,2029-01,active,2026-01-22T04:32:22
7043,8799,4022********2746-7130,debit,Visa,2027-12,active,2024-12-21T20:22:07
7044,8800,4832********8741-6502,debit,Visa,2031-05,active,2026-05-08T22:00:34
7045,8802,5484********2268-9335,debit,Mastercard,2031-04,active,2026-04-13T19:01:54
7046,8805,5648********2829-5854,debit,Mastercard,2029-02,expired,2026-02-01T13:59:46
7047,8806,5223********2743-2805,credit,Mastercard,2031-03,blocked,2026-03-31T17:38:10
7048,8807,5986********3119-795,debit,Mastercard,2028-10,active,2025-10-23T13:41:06
7049,8808,5120********8258-8707,debit,Mastercard,2030-03,blocked,2026-03-15T01:32:22
7050,8809,5863********4825-9652,debit,Mastercard,2029-10,active,2025-10-05T20:15:18
7051,8809,4459********7149-66,debit,Visa,2029-05,active,2025-05-07T08:12:30
7052,8810,5022********5910-4900,debit,Mastercard,2028-12,blocked,2025-12-12T20:14:26
7053,8811,4876********0426-6369,debit,Visa,2028-03,active,2025-03-07T16:24:12
7054,8811,3753*******9046-564,debit,Amex,2030-01,active,2025-01-31T18:09:17
7055,8814,6441********2419-9951,credit,Discover,2030-10,active,2025-10-05T23:27:23
7056,8815,4963********4770-1091,debit,Visa,2031-01,active,2026-01-28T11:52:00
7057,8816,6124********1368-3884,debit,Discover,2031-05,active,2026-05-10T02:55:01
7058,8817,5418********0367-6004,debit,Mastercard,2026-04,expired,2023-04-25T05:43:48
7059,8818,4460********5459-2216,debit,Visa,2030-10,active,2025-10-08T11:29:43
7060,8819,4430********4807-8440,credit,Visa,2030-05,active,2026-05-08T14:25:36
7061,8820,5997********7495-1477,debit,Mastercard,2029-10,active,2025-10-11T21:03:57
7062,8821,4036********2115-1167,debit,Visa,2027-09,expired,2024-09-06T10:46:15
7063,8822,4360********0977-4717,debit,Visa,2031-02,blocked,2026-02-23T05:56:52
7064,8823,5200********4244-1607,debit,Mastercard,2030-11,active,2025-11-19T13:23:24
7065,8824,5852********4068-6081,debit,Mastercard,2029-05,blocked,2026-05-04T06:22:00
7066,8825,4326********3012-750,debit,Visa,2028-07,expired,2025-07-08T06:21:21
7067,8826,5878********5110-1258,credit,Mastercard,2028-12,active,2025-12-27T22:47:28
7068,8827,5352********0055-4939,debit,Mastercard,2030-01,active,2026-01-15T13:28:51
7069,8828,4625********2413-9978,debit,Visa,2028-11,active,2024-11-15T19:06:24
7070,8828,4644********7408-9915,debit,Visa,2027-05,active,2024-05-22T12:42:06
7071,8829,4839********7610-4053,debit,Visa,2030-01,blocked,2026-01-22T11:31:41
7072,8830,4002********9307-7689,debit,Visa,2031-03,expired,2026-03-06T12:43:19
7073,8831,4122********9646-5908,debit,Visa,2030-09,blocked,2025-09-20T08:19:51
7074,8832,4124********9307-2366,debit,Visa,2028-07,active,2024-07-14T11:52:32
7075,8833,5018********3402-4730,credit,Mastercard,2031-05,active,2026-05-02T14:36:37
7076,8834,3689*******0293-4533,debit,Amex,2028-11,blocked,2024-11-01T01:27:05
7077,8835,4873********6377-2721,debit,Visa,2031-02,blocked,2026-02-02T04:42:05
7078,8836,4882********8253-8207,debit,Visa,2031-03,active,2026-03-05T06:50:24
7079,8838,4871********4369-7785,debit,Visa,2028-11,active,2025-11-07T03:41:59
7080,8841,4292********6661-4358,debit,Visa,2030-03,expired,2026-03-15T20:16:50
7081,8842,4452********3838-2435,debit,Visa,2029-07,expired,2025-07-18T18:16:47
7082,8844,4259********7513-4373,debit,Visa,2029-12,active,2025-12-19T17:47:08
7083,8844,4725********3222-4804,debit,Visa,2031-03,active,2026-03-04T02:39:58
7084,8845,5948********1608-3271,debit,Mastercard,2029-08,blocked,2025-08-23T06:43:51
7085,8847,5777********1762-4353,debit,Mastercard,2031-04,blocked,2026-04-17T09:13:30
7086,8848,5148********1726-1086,debit,Mastercard,2028-12,expired,2025-12-25T21:59:15
7087,8849,5034********4242-614,debit,Mastercard,2031-04,blocked,2026-04-05T13:21:53
7088,8850,4586********3646-8727,debit,Visa,2030-02,active,2026-02-06T17:01:36
7089,8850,5571********2294-7302,debit,Mastercard,2030-12,active,2025-12-19T12:43:05
7090,8851,5042********7533-3932,debit,Mastercard,2030-04,expired,2025-04-24T02:55:08
7091,8853,4620********1652-5771,debit,Visa,2030-10,active,2025-10-08T08:16:49
7092,8855,4746********7881-1774,debit,Visa,2028-12,active,2025-12-28T11:23:51
7093,8857,4682********7449-6445,credit,Visa,2029-03,blocked,2026-03-04T19:29:00
7094,8858,4529********3677-9291,debit,Visa,2028-10,blocked,2025-10-14T13:11:17
7095,8859,5372********3723-6441,debit,Mastercard,2027-11,blocked,2024-11-20T00:31:39
7096,8860,5114********8152-6450,debit,Mastercard,2028-12,blocked,2025-12-29T03:42:20
7097,8861,4590********8834-7136,debit,Visa,2027-06,blocked,2024-06-21T14:48:01
7098,8862,5570********5055-7007,credit,Mastercard,2029-05,active,2025-05-06T13:28:17
7099,8864,4673********3331-3446,debit,Visa,2029-08,blocked,2025-08-02T19:02:58
7100,8865,4748********6453-5249,credit,Visa,2028-09,active,2025-09-26T21:08:30
7101,8866,5949********5032-2355,credit,Mastercard,2030-05,active,2026-05-10T09:16:54
7102,8867,4157********7771-5800,debit,Visa,2031-05,blocked,2026-05-08T03:33:58
7103,8868,4943********4435-8914,debit,Visa,2030-01,expired,2026-01-22T11:51:23
7104,8868,4762********2843-2335,debit,Visa,2028-10,active,2024-10-21T15:30:35
7105,8869,5930********0685-7892,debit,Mastercard,2031-01,blocked,2026-01-02T04:20:40
7106,8871,5283********9088-803,debit,Mastercard,2029-11,active,2025-11-15T15:03:14
7107,8872,5247********6469-8570,debit,Mastercard,2028-12,active,2025-12-05T02:30:38
7108,8873,5746********1495-3965,debit,Mastercard,2030-05,active,2026-05-11T23:46:19
7109,8874,4712********3374-1176,debit,Visa,2030-05,active,2026-05-14T06:25:37
7110,8875,6017********5147-5564,debit,Discover,2031-04,active,2026-04-13T18:15:34
7111,8875,5928********1932-1575,debit,Mastercard,2030-05,active,2026-05-02T17:37:40
7112,8876,5193********0093-1294,debit,Mastercard,2029-04,active,2026-04-30T07:58:06
7113,8877,4604********0840-7609,debit,Visa,2029-04,blocked,2026-04-03T16:53:45
7114,8878,4506********1125-7227,debit,Visa,2028-12,expired,2025-12-01T13:19:45
7115,8879,4909********0572-9448,debit,Visa,2030-03,blocked,2026-03-03T04:05:23
7116,8881,5087********7705-7680,debit,Mastercard,2030-03,active,2025-03-28T04:13:51
7117,8882,4787********3531-5182,debit,Visa,2029-12,active,2024-12-04T12:34:08
7118,8883,4842********2193-5468,debit,Visa,2029-04,active,2026-04-20T16:49:04
7119,8885,5495********3795-4242,credit,Mastercard,2030-10,active,2025-10-13T20:15:44
7120,8886,5114********3201-8134,credit,Mastercard,2029-02,expired,2026-02-06T22:42:15
7121,8887,4677********0343-3633,credit,Visa,2030-04,expired,2026-04-06T16:12:43
7122,8888,4151********0193-3007,debit,Visa,2029-02,expired,2026-02-13T13:50:06
7123,8889,3093*******0111-7988,credit,Amex,2027-11,blocked,2024-11-10T06:06:41
7124,8890,5773********2908-4012,debit,Mastercard,2030-02,active,2026-02-27T16:22:56
7125,8891,4678********1342-9019,debit,Visa,2031-04,active,2026-04-17T15:54:37
7126,8892,5341********8067-546,debit,Mastercard,2027-05,blocked,2024-05-10T00:59:34
7127,8894,4413********9386-393,debit,Visa,2029-06,blocked,2025-06-16T15:57:09
7128,8895,4174********1901-6491,debit,Visa,2030-07,blocked,2025-07-20T14:34:45
7129,8896,5888********3945-6149,debit,Mastercard,2029-10,active,2024-10-26T02:27:39
7130,8898,5531********0888-580,debit,Mastercard,2029-03,blocked,2026-03-31T20:23:37
7131,8899,5697********9920-4099,debit,Mastercard,2030-04,blocked,2026-04-15T09:05:27
7132,8899,4079********2375-3797,debit,Visa,2029-04,active,2026-04-20T18:50:36
7133,8900,4946********5200-9909,debit,Visa,2031-01,blocked,2026-01-17T23:10:25
7134,8902,4732********1600-4123,debit,Visa,2028-03,blocked,2025-03-31T07:04:14
7135,8903,5904********7845-2433,credit,Mastercard,2027-03,blocked,2024-03-29T04:13:55
7136,8905,5600********5519-344,debit,Mastercard,2031-04,active,2026-04-01T08:21:39
7137,8906,4222********9225-6035,debit,Visa,2031-04,expired,2026-04-15T00:49:22
7138,8908,5888********2064-8909,debit,Mastercard,2029-01,active,2025-01-29T22:19:48
7139,8909,3380*******6936-109,debit,Amex,2028-05,active,2024-05-13T07:56:58
7140,8912,6700********4971-571,debit,Discover,2030-04,blocked,2026-04-02T03:07:49
7141,8913,5264********4754-3931,debit,Mastercard,2031-05,active,2026-05-09T09:34:07
7142,8914,4563********3603-1665,debit,Visa,2031-04,blocked,2026-04-01T06:59:06
7143,8915,4111********2017-3816,debit,Visa,2029-12,active,2024-12-02T17:19:51
7144,8916,4701********6432-1733,debit,Visa,2030-03,active,2026-03-30T04:25:49
7145,8917,3852*******0242-6848,debit,Amex,2029-02,expired,2026-02-28T17:32:50
7146,8917,5437********5081-4795,debit,Mastercard,2030-05,active,2026-05-16T12:29:04
7147,8918,5552********2879-889,debit,Mastercard,2031-04,active,2026-04-29T13:34:34
7148,8919,4809********2926-4382,debit,Visa,2030-04,active,2026-04-03T09:24:57
7149,8920,3985*******9714-5883,debit,Amex,2030-05,active,2026-05-12T16:15:01
7150,8921,5247********8596-9422,debit,Mastercard,2029-07,active,2025-07-19T01:51:46
7151,8922,5056********3543-5274,debit,Mastercard,2030-04,active,2025-04-28T07:00:45
7152,8927,4706********1482-4334,debit,Visa,2030-03,active,2025-03-04T05:09:52
7153,8929,6040********2477-9755,debit,Discover,2029-03,expired,2025-03-26T01:24:08
7154,8929,3165*******6688-7493,debit,Amex,2030-01,blocked,2025-01-31T20:34:55
7155,8930,4125********3985-8840,debit,Visa,2028-09,active,2025-09-06T04:34:11
7156,8932,3831*******8881-1776,debit,Amex,2030-01,active,2026-01-13T16:04:29
7157,8933,6637********6797-3814,debit,Discover,2031-05,blocked,2026-05-07T15:03:19
7158,8934,4914********8534-8248,debit,Visa,2029-02,blocked,2026-02-24T14:12:09
7159,8935,3230*******5577-472,debit,Amex,2029-05,expired,2026-05-11T03:38:37
7160,8936,5269********2776-8443,debit,Mastercard,2030-05,blocked,2026-05-16T08:06:47
7161,8937,4155********7386-7579,debit,Visa,2029-01,active,2026-01-23T11:05:57
7162,8938,4598********6643-402,debit,Visa,2031-03,active,2026-03-24T03:33:56
7163,8939,4214********8464-8598,debit,Visa,2029-05,blocked,2025-05-03T21:30:14
7164,8940,5354********4924-4654,debit,Mastercard,2030-05,active,2026-05-15T00:27:50
7165,8942,4783********2141-9098,debit,Visa,2031-04,active,2026-04-03T16:15:51
7166,8946,4233********1466-7778,debit,Visa,2029-09,active,2025-09-07T09:17:50
7167,8947,4160********7062-3114,debit,Visa,2029-10,active,2025-10-15T03:32:45
7168,8948,4250********0278-9593,debit,Visa,2031-04,expired,2026-04-30T20:24:09
7169,8949,4638********2919-1942,credit,Visa,2027-01,active,2024-01-19T05:26:30
7170,8950,4514********9103-6471,debit,Visa,2028-02,blocked,2025-02-17T17:57:12
7171,8951,4631********3574-9400,debit,Visa,2029-06,active,2025-06-11T17:39:57
7172,8954,4599********3642-1153,debit,Visa,2030-03,expired,2026-03-08T18:09:34
7173,8954,4959********0538-1846,debit,Visa,2030-02,active,2026-02-26T18:34:47
7174,8955,4241********5499-5312,debit,Visa,2029-11,active,2025-11-06T02:27:15
7175,8956,4854********8521-3498,debit,Visa,2031-05,active,2026-05-16T15:04:25
7176,8957,5042********3868-9611,debit,Mastercard,2030-05,active,2026-05-05T06:04:03
7177,8957,4722********4701-8228,debit,Visa,2031-04,expired,2026-04-18T16:04:19
7178,8958,5490********7540-610,debit,Mastercard,2029-04,blocked,2026-04-16T04:11:58
7179,8963,4674********8919-2011,debit,Visa,2029-03,active,2026-03-19T07:28:04
7180,8964,5206********3314-5183,credit,Mastercard,2030-10,active,2025-10-14T11:46:17
7181,8965,4744********2151-9593,debit,Visa,2029-12,active,2025-12-16T12:41:57
7182,8966,4265********1455-1403,debit,Visa,2031-05,expired,2026-05-12T16:20:56
7183,8967,5751********6741-1837,debit,Mastercard,2031-05,active,2026-05-04T10:51:31
7184,8967,4688********2958-1792,debit,Visa,2028-11,active,2025-11-13T13:42:41
7185,8968,4256********0869-5929,credit,Visa,2031-02,active,2026-02-12T16:18:53
7186,8970,4633********6664-534,credit,Visa,2030-09,blocked,2025-09-17T07:24:21
7187,8972,5851********3791-8422,debit,Mastercard,2028-10,active,2025-10-12T15:43:40
7188,8972,5661********7849-5055,debit,Mastercard,2027-07,active,2024-07-05T09:33:24
7189,8974,4234********2383-7597,debit,Visa,2030-04,expired,2026-04-29T23:47:46
7190,8975,4808********9022-9579,debit,Visa,2027-06,expired,2024-06-27T19:35:29
7191,8978,4331********0974-3300,debit,Visa,2031-04,active,2026-04-17T02:41:20
7192,8980,4468********3447-4239,debit,Visa,2028-04,active,2025-04-13T07:08:22
7193,8981,6357********8432-1900,debit,Discover,2030-02,active,2026-02-17T00:03:30
7194,8982,4493********8350-7705,debit,Visa,2028-12,active,2024-12-22T02:24:11
7195,8983,5584********8868-2338,debit,Mastercard,2027-11,active,2024-11-23T01:19:42
7196,8983,4896********3891-2900,debit,Visa,2030-02,active,2025-02-02T22:20:30
7197,8985,5981********6115-2352,debit,Mastercard,2030-06,active,2025-06-08T11:53:51
7198,8985,5726********5578-3275,debit,Mastercard,2028-10,active,2025-10-03T01:03:04
7199,8986,5405********8726-261,debit,Mastercard,2028-07,active,2025-07-05T11:57:40
7200,8988,5619********8363-2928,debit,Mastercard,2031-03,active,2026-03-26T23:03:58
7201,8990,4694********6066-9162,debit,Visa,2029-07,active,2025-07-13T10:57:10
7202,8991,5133********5453-5508,debit,Mastercard,2029-10,blocked,2025-10-05T19:11:14
7203,8991,4792********4940-8650,debit,Visa,2031-03,expired,2026-03-11T03:23:37
7204,8997,5915********9611-9383,debit,Mastercard,2027-06,blocked,2023-06-12T19:19:11
7205,8998,5421********1751-273,debit,Mastercard,2030-05,active,2026-05-01T03:07:50
7206,8998,5767********9882-3933,debit,Mastercard,2029-07,active,2025-07-26T20:55:23
7207,8999,5721********3139-4497,debit,Mastercard,2030-03,active,2026-03-22T09:35:43
7208,8999,3115*******3597-2801,debit,Amex,2029-08,active,2025-08-22T10:52:01
7209,9001,4191********6331-3580,credit,Visa,2027-07,active,2024-07-24T10:11:15
7210,9002,5273********9571-761,debit,Mastercard,2031-03,active,2026-03-19T07:38:05
7211,9004,4830********9713-238,debit,Visa,2029-01,active,2026-01-12T19:28:23
7212,9005,5892********0990-1745,debit,Mastercard,2029-04,blocked,2026-04-19T20:58:32
7213,9005,5162********8656-8820,debit,Mastercard,2031-03,active,2026-03-17T19:09:51
7214,9007,4304********5801-5355,debit,Visa,2029-04,expired,2026-04-27T09:13:09
7215,9008,4946********4183-6367,debit,Visa,2030-05,active,2026-05-15T00:32:06
7216,9009,5894********7848-4415,debit,Mastercard,2031-03,blocked,2026-03-14T08:27:41
7217,9010,6239********1836-64,debit,Discover,2029-03,active,2026-03-03T21:06:59
7218,9011,4078********1255-5583,debit,Visa,2030-05,active,2026-05-12T22:21:08
7219,9012,4061********2154-8868,debit,Visa,2029-06,active,2025-06-24T16:27:13
7220,9015,5413********7146-8918,debit,Mastercard,2029-04,active,2026-04-02T00:25:20
7221,9016,4765********4760-9774,debit,Visa,2030-05,active,2026-05-08T04:53:07
7222,9017,5937********2782-9717,debit,Mastercard,2027-12,active,2024-12-13T14:40:39
7223,9017,4657********0728-4602,debit,Visa,2029-01,active,2026-01-16T15:27:46
7224,9018,4295********8132-270,debit,Visa,2028-11,expired,2024-11-30T15:31:32
7225,9019,5223********9944-5675,debit,Mastercard,2029-03,active,2026-03-19T23:55:10
7226,9020,4972********9580-8613,debit,Visa,2030-04,active,2026-04-11T19:42:52
7227,9023,5351********3223-5199,debit,Mastercard,2029-04,active,2026-04-27T21:31:27
7228,9025,5702********8951-3359,debit,Mastercard,2030-10,blocked,2025-10-26T12:24:57
7229,9026,4451********1776-8346,debit,Visa,2029-05,active,2026-05-14T03:32:40
7230,9027,3033*******3242-7395,debit,Amex,2031-03,active,2026-03-29T15:25:33
7231,9031,4770********1084-865,debit,Visa,2029-05,active,2026-05-12T13:12:59
7232,9031,5604********5144-9368,debit,Mastercard,2029-05,active,2026-05-12T18:28:33
7233,9032,5730********2085-7255,debit,Mastercard,2030-10,blocked,2025-10-30T09:08:58
7234,9033,4073********5783-5310,credit,Visa,2030-05,expired,2025-05-05T08:10:07
7235,9035,5190********1578-6516,debit,Mastercard,2030-04,active,2026-04-08T07:50:19
7236,9037,4594********4068-6515,debit,Visa,2029-04,blocked,2024-04-23T01:21:15
7237,9038,4569********7430-6532,debit,Visa,2029-05,active,2025-05-12T15:13:03
7238,9039,4153********8907-5871,debit,Visa,2029-03,active,2025-03-04T23:10:14
7239,9040,5929********4247-9285,debit,Mastercard,2029-02,blocked,2026-02-25T22:33:35
7240,9042,4837********9595-7166,debit,Visa,2031-02,active,2026-02-19T15:49:04
7241,9043,4422********1265-5022,debit,Visa,2030-06,active,2025-06-17T07:23:08
7242,9044,4916********5566-2924,debit,Visa,2030-02,active,2025-02-21T19:52:49
7243,9049,4148********9996-7554,debit,Visa,2030-03,active,2026-03-27T10:15:53
7244,9050,4943********2066-8050,credit,Visa,2030-05,blocked,2025-05-06T05:40:46
7245,9051,4264********8868-8445,debit,Visa,2028-11,expired,2025-11-13T18:28:28
7246,9052,5397********9892-926,debit,Mastercard,2027-10,blocked,2024-10-11T00:44:01
7247,9052,5786********6861-3468,debit,Mastercard,2030-03,blocked,2025-03-01T08:50:35
7248,9053,4661********8607-3080,debit,Visa,2030-05,blocked,2026-05-10T17:25:01
7249,9054,3929*******1349-6846,debit,Amex,2029-12,active,2024-12-11T11:39:00
7250,9055,5362********9664-8069,debit,Mastercard,2027-05,blocked,2022-05-30T21:51:11
7251,9056,4676********5640-9760,debit,Visa,2029-04,active,2026-04-25T14:57:28
7252,9057,4448********2073-4442,debit,Visa,2029-01,active,2026-01-31T08:27:36
7253,9058,4324********2808-1497,debit,Visa,2028-11,active,2023-11-02T08:23:10
7254,9059,4930********6440-6168,credit,Visa,2030-05,active,2026-05-10T20:09:35
7255,9060,4554********7846-4684,debit,Visa,2031-05,blocked,2026-05-10T15:25:26
7256,9061,5450********6801-8485,debit,Mastercard,2031-05,active,2026-05-12T22:55:44
7257,9062,4637********8182-6317,credit,Visa,2029-05,blocked,2026-05-14T16:36:13
7258,9063,4110********6022-1816,debit,Visa,2029-05,expired,2026-05-03T19:28:49
7259,9063,5740********0722-3174,debit,Mastercard,2031-04,active,2026-04-19T07:43:24
7260,9065,5007********4727-2410,credit,Mastercard,2030-07,blocked,2025-07-02T08:00:31
7261,9067,5581********2853-3522,debit,Mastercard,2029-12,active,2025-12-01T15:41:09
7262,9068,4791********8481-453,debit,Visa,2029-04,blocked,2026-04-23T09:00:06
7263,9069,5345********9912-8134,debit,Mastercard,2031-01,active,2026-01-21T08:43:09
7264,9072,6483********9828-6139,debit,Discover,2030-04,active,2026-04-20T11:45:36
7265,9072,4757********2934-4376,debit,Visa,2031-03,active,2026-03-21T08:11:13
7266,9074,3101*******3151-1444,debit,Amex,2029-07,active,2025-07-17T04:12:53
7267,9075,5130********0259-4621,debit,Mastercard,2030-03,blocked,2025-03-09T23:06:53
7268,9075,5376********7949-9425,debit,Mastercard,2030-04,active,2026-04-05T02:40:08
7269,9077,4899********3659-3469,debit,Visa,2028-10,active,2025-10-05T10:27:10
7270,9078,4594********5954-9117,debit,Visa,2028-03,expired,2025-03-10T07:02:47
7271,9080,4006********5586-239,debit,Visa,2030-09,active,2025-09-04T16:55:50
7272,9081,4960********2166-8029,credit,Visa,2031-03,blocked,2026-03-15T13:08:46
7273,9082,4467********8347-6680,debit,Visa,2031-01,active,2026-01-03T00:02:45
7274,9083,5477********9210-5948,debit,Mastercard,2029-05,active,2026-05-11T20:54:35
7275,9084,4120********2393-3672,debit,Visa,2029-04,blocked,2026-04-30T16:24:51
7276,9085,4769********2700-5162,debit,Visa,2031-03,expired,2026-03-01T15:41:15
7277,9086,4717********4630-6870,debit,Visa,2030-02,blocked,2026-02-03T22:14:49
7278,9087,5686********7208-4185,debit,Mastercard,2029-05,active,2025-05-27T12:28:58
7279,9089,4927********4004-7285,debit,Visa,2029-07,active,2025-07-15T04:28:52
7280,9090,4609********3158-3662,debit,Visa,2029-10,blocked,2025-10-04T21:32:22
7281,9091,5112********3551-8721,debit,Mastercard,2030-03,blocked,2026-03-11T09:30:44
7282,9094,5207********0549-1815,debit,Mastercard,2028-02,expired,2025-02-11T15:54:47
7283,9095,4702********4036-1320,credit,Visa,2031-02,expired,2026-02-01T13:56:41
7284,9096,5194********7591-3674,debit,Mastercard,2029-04,active,2026-04-28T12:06:19
7285,9097,4638********3980-4954,debit,Visa,2030-12,active,2025-12-29T03:02:10
7286,9101,4911********2126-7250,debit,Visa,2031-03,expired,2026-03-29T03:05:23
7287,9101,5883********8788-8467,debit,Mastercard,2030-03,active,2026-03-17T19:48:26
7288,9102,5307********1226-9524,credit,Mastercard,2030-03,blocked,2026-03-30T09:31:47
7289,9103,4271********7940-3584,debit,Visa,2029-04,blocked,2026-04-17T07:49:19
7290,9105,5977********4204-6664,debit,Mastercard,2030-05,expired,2026-05-01T16:40:10
7291,9105,4075********8209-8890,debit,Visa,2031-01,expired,2026-01-24T07:30:29
7292,9106,4098********8421-2330,debit,Visa,2031-05,blocked,2026-05-07T22:40:02
7293,9111,5722********7944-5759,debit,Mastercard,2031-01,active,2026-01-21T09:50:01
7294,9112,5750********9498-1340,debit,Mastercard,2029-04,blocked,2026-04-03T00:13:48
7295,9114,5017********7227-4705,debit,Mastercard,2028-05,blocked,2025-05-12T21:50:52
7296,9115,4704********2170-7133,debit,Visa,2029-08,active,2024-08-06T07:25:54
7297,9118,5074********4093-6270,credit,Mastercard,2031-04,active,2026-04-30T19:51:56
7298,9119,3522*******5597-3959,debit,Amex,2028-05,expired,2025-05-23T13:26:15
7299,9121,5784********3517-3560,debit,Mastercard,2029-05,active,2026-05-12T20:02:10
7300,9122,4614********3629-8320,debit,Visa,2030-05,blocked,2026-05-02T13:24:15
7301,9124,4645********1567-1429,debit,Visa,2030-11,blocked,2025-11-26T05:05:12
7302,9126,5310********6700-8692,debit,Mastercard,2030-11,blocked,2025-11-09T08:56:43
7303,9129,6893********5583-2048,debit,Discover,2030-02,blocked,2026-02-18T08:33:36
7304,9129,3860*******7590-5739,debit,Amex,2030-05,blocked,2026-05-01T04:25:47
7305,9130,4749********2239-7874,debit,Visa,2031-02,blocked,2026-02-10T12:15:40
7306,9131,6882********9985-1374,debit,Discover,2028-03,blocked,2025-03-08T11:35:54
7307,9132,4496********0753-6165,debit,Visa,2029-04,active,2026-04-30T12:28:58
7308,9133,5018********8242-8362,debit,Mastercard,2029-05,active,2024-05-06T23:48:28
7309,9133,4548********5192-1267,debit,Visa,2026-11,active,2023-11-16T15:50:47
7310,9134,5152********8097-9635,credit,Mastercard,2029-06,blocked,2025-06-10T23:07:00
7311,9138,3919*******2145-2976,credit,Amex,2030-12,active,2025-12-18T16:01:44
7312,9139,5220********8719-8771,debit,Mastercard,2030-03,active,2026-03-29T01:51:50
7313,9140,5736********7245-4052,credit,Mastercard,2029-04,active,2026-04-12T07:20:31
7314,9141,4434********7966-8281,credit,Visa,2027-05,blocked,2024-05-09T04:06:13
7315,9142,5430********0451-9688,debit,Mastercard,2030-03,active,2026-03-30T09:48:59
7316,9147,5986********1394-4286,debit,Mastercard,2031-02,active,2026-02-19T05:08:18
7317,9148,6857********7975-1311,debit,Discover,2031-04,blocked,2026-04-11T01:00:47
7318,9148,4086********2747-1796,debit,Visa,2030-04,blocked,2026-04-09T03:06:28
7319,9150,4837********8388-3797,credit,Visa,2031-02,blocked,2026-02-27T18:59:16
7320,9152,5082********1460-9681,debit,Mastercard,2031-05,blocked,2026-05-16T09:38:43
7321,9153,4223********0220-4509,debit,Visa,2028-10,active,2025-10-18T14:09:08
7322,9154,4952********3451-4946,debit,Visa,2029-02,expired,2026-02-12T04:15:00
7323,9154,4432********6198-1278,debit,Visa,2028-12,active,2025-12-28T22:28:28
7324,9155,5115********8707-1045,debit,Mastercard,2030-03,expired,2026-03-18T22:37:57
7325,9155,5343********2260-4562,debit,Mastercard,2030-11,active,2025-11-11T11:00:44
7326,9156,4946********2622-525,debit,Visa,2030-03,active,2025-03-30T22:34:12
7327,9157,4280********9809-9311,debit,Visa,2028-06,blocked,2025-06-17T19:33:22
7328,9159,5210********1215-1256,debit,Mastercard,2028-08,active,2024-08-22T09:51:21
7329,9160,5716********3045-5930,debit,Mastercard,2031-04,blocked,2026-04-03T09:09:32
7330,9161,5046********1990-3319,debit,Mastercard,2027-10,blocked,2024-10-29T01:37:57
7331,9162,5336********2867-75,debit,Mastercard,2028-10,active,2023-10-31T22:22:20
7332,9164,4379********2047-3786,debit,Visa,2030-02,active,2026-02-15T04:15:46
7333,9165,5726********9976-8838,debit,Mastercard,2029-11,blocked,2025-11-22T22:04:05
7334,9166,3641*******1808-6681,debit,Amex,2029-08,expired,2025-08-17T16:10:06
7335,9166,5393********2009-3978,debit,Mastercard,2031-01,active,2026-01-31T10:32:27
7336,9168,3688*******6649-6671,debit,Amex,2031-01,active,2026-01-12T06:44:59
7337,9169,5284********4761-359,debit,Mastercard,2029-04,blocked,2026-04-29T00:55:17
7338,9170,4834********3132-457,debit,Visa,2028-09,active,2025-09-26T20:21:49
7339,9171,5918********7332-1863,debit,Mastercard,2030-02,expired,2025-02-11T01:00:16
7340,9176,4761********6716-8160,debit,Visa,2027-12,active,2024-12-04T00:32:56
7341,9177,5411********7215-1898,credit,Mastercard,2029-04,active,2026-04-21T01:34:06
7342,9178,3238*******0999-7274,debit,Amex,2027-11,expired,2024-11-24T04:55:05
7343,9179,3522*******0418-3094,debit,Amex,2027-06,active,2024-06-17T22:18:21
7344,9180,4367********7010-6807,debit,Visa,2029-03,blocked,2026-03-23T11:43:25
7345,9181,4149********4908-5014,debit,Visa,2028-11,active,2024-11-28T06:44:34
7346,9182,4246********6643-4731,debit,Visa,2031-03,blocked,2026-03-10T00:48:14
7347,9184,3243*******8556-417,debit,Amex,2030-05,active,2026-05-03T18:28:28
7348,9185,5845********9272-5488,debit,Mastercard,2029-01,blocked,2026-01-11T22:19:05
7349,9186,4449********1254-6328,debit,Visa,2029-05,active,2026-05-15T05:59:47
7350,9186,4991********5041-1006,debit,Visa,2030-04,active,2026-04-19T11:01:37
7351,9187,5001********2604-8141,credit,Mastercard,2029-05,active,2026-05-09T13:18:32
7352,9188,4985********9586-8524,debit,Visa,2029-12,active,2024-12-28T03:20:28
7353,9188,3788*******3702-1741,debit,Amex,2030-09,blocked,2025-09-01T01:33:14
7354,9190,4119********0471-7630,credit,Visa,2027-12,expired,2023-12-13T18:13:51
7355,9191,5498********7913-2619,debit,Mastercard,2029-05,blocked,2026-05-07T03:57:01
7356,9191,4322********7943-1352,debit,Visa,2030-02,blocked,2026-02-04T23:44:57
7357,9196,4024********1403-518,credit,Visa,2028-11,expired,2025-11-14T19:09:11
7358,9197,4933********2479-3461,credit,Visa,2028-03,active,2025-03-03T07:51:22
7359,9198,4210********6963-9179,debit,Visa,2031-02,active,2026-02-06T06:16:33
7360,9198,4707********1302-6199,debit,Visa,2030-03,active,2026-03-27T00:09:23
7361,9201,4381********3613-2082,debit,Visa,2030-05,blocked,2026-05-14T21:35:55
7362,9202,4004********6251-8345,debit,Visa,2030-07,blocked,2025-07-14T00:58:48
7363,9203,5386********4149-9947,debit,Mastercard,2030-01,active,2026-01-11T00:59:21
7364,9207,5184********9324-6160,debit,Mastercard,2028-05,blocked,2025-05-16T13:43:17
7365,9208,5474********1250-5394,debit,Mastercard,2030-05,blocked,2026-05-03T08:45:48
7366,9208,4690********8051-5297,debit,Visa,2029-03,active,2026-03-12T10:17:12
7367,9209,4625********3942-7754,debit,Visa,2030-04,active,2026-04-30T17:11:40
7368,9210,4988********9620-6565,debit,Visa,2030-02,blocked,2026-02-28T19:39:37
7369,9211,3111*******6598-4157,credit,Amex,2031-01,expired,2026-01-18T18:46:28
7370,9213,5213********1311-3609,credit,Mastercard,2031-01,active,2026-01-02T05:35:01
7371,9215,5033********1577-4828,debit,Mastercard,2031-05,blocked,2026-05-14T09:55:07
7372,9216,5431********2189-5898,debit,Mastercard,2030-04,active,2026-04-20T02:08:42
7373,9217,5405********8626-7441,debit,Mastercard,2030-02,expired,2025-02-02T10:52:28
7374,9218,4844********4984-47,debit,Visa,2031-02,active,2026-02-08T03:38:30
7375,9220,5092********0019-9288,debit,Mastercard,2027-07,active,2024-07-09T03:22:54
7376,9224,5549********2262-5809,debit,Mastercard,2030-11,blocked,2025-11-22T18:26:21
7377,9224,5347********2177-3343,debit,Mastercard,2028-11,blocked,2025-11-18T23:26:09
7378,9226,4160********6514-9292,debit,Visa,2031-05,active,2026-05-06T07:21:44
7379,9228,4927********4190-4328,debit,Visa,2031-03,active,2026-03-21T09:25:29
7380,9230,5737********8835-596,debit,Mastercard,2029-09,blocked,2025-09-23T17:01:41
7381,9231,3301*******7061-4725,debit,Amex,2030-04,active,2026-04-17T19:22:47
7382,9232,5315********8640-7049,debit,Mastercard,2030-10,active,2025-10-13T09:30:30
7383,9233,5365********8569-6820,debit,Mastercard,2029-05,active,2026-05-02T07:24:31
7384,9235,4993********5210-4325,debit,Visa,2027-09,blocked,2023-09-11T19:07:57
7385,9237,5333********4771-3993,debit,Mastercard,2028-07,blocked,2025-07-10T22:41:07
7386,9238,5763********8314-743,debit,Mastercard,2030-09,blocked,2025-09-04T10:23:57
7387,9240,4445********3946-9808,debit,Visa,2031-05,active,2026-05-10T17:19:13
7388,9241,4506********3787-2662,debit,Visa,2031-03,expired,2026-03-14T06:36:31
7389,9242,4970********4347-7176,debit,Visa,2029-03,blocked,2026-03-26T12:52:52
7390,9243,5995********8489-4912,debit,Mastercard,2029-12,active,2024-12-14T09:09:27
7391,9244,4266********0845-5521,debit,Visa,2028-10,active,2025-10-10T13:20:27
7392,9246,5528********5954-8682,debit,Mastercard,2030-11,expired,2025-11-25T21:43:35
7393,9247,5440********5911-7368,debit,Mastercard,2030-05,expired,2026-05-10T22:26:21
7394,9248,5136********0083-2609,debit,Mastercard,2029-01,blocked,2026-01-11T19:50:52
7395,9248,3570*******2029-3970,debit,Amex,2029-10,expired,2025-10-26T23:04:44
7396,9249,5025********1789-5894,debit,Mastercard,2030-06,active,2025-06-29T03:26:37
7397,9250,5467********6680-1190,debit,Mastercard,2029-01,active,2026-01-10T09:59:20
7398,9251,4457********6755-241,debit,Visa,2030-11,blocked,2025-11-23T21:06:23
7399,9252,5508********4606-9863,credit,Mastercard,2029-02,active,2025-02-05T00:19:47
7400,9254,4694********6175-6877,debit,Visa,2030-04,active,2026-04-11T17:04:44
7401,9254,4125********9598-6657,debit,Visa,2031-02,blocked,2026-02-23T13:24:52
7402,9257,5164********4458-3106,debit,Mastercard,2029-10,blocked,2025-10-13T16:55:40
7403,9258,5818********4749-8963,debit,Mastercard,2031-05,active,2026-05-11T20:07:44
7404,9259,5971********9779-1877,debit,Mastercard,2029-05,blocked,2026-05-13T13:02:35
7405,9262,4462********6103-952,debit,Visa,2030-04,active,2026-04-26T04:09:33
7406,9263,4466********2196-1615,debit,Visa,2029-04,active,2026-04-12T18:42:16
7407,9264,4184********7875-2457,debit,Visa,2030-04,blocked,2026-04-14T00:28:44
7408,9266,4914********5049-1404,debit,Visa,2029-01,blocked,2026-01-09T01:46:50
7409,9266,5113********4148-8286,debit,Mastercard,2029-01,blocked,2026-01-09T19:28:31
7410,9269,4465********6267-7061,debit,Visa,2029-05,active,2026-05-09T21:07:41
7411,9270,4991********4588-1743,credit,Visa,2031-05,active,2026-05-13T03:02:44
7412,9271,5173********0225-632,debit,Mastercard,2028-03,blocked,2025-03-20T20:47:21
7413,9272,4563********7257-435,debit,Visa,2029-11,active,2025-11-19T16:37:59
7414,9274,4069********3036-758,debit,Visa,2029-05,blocked,2026-05-11T06:26:33
7415,9275,5568********5857-5188,debit,Mastercard,2030-01,active,2026-01-06T05:56:40
7416,9277,4776********1564-7316,credit,Visa,2028-02,blocked,2024-02-05T07:58:08
7417,9279,5363********7029-5125,debit,Mastercard,2026-01,expired,2023-01-14T11:46:13
7418,9281,4305********7702-2272,debit,Visa,2027-11,blocked,2023-11-11T17:28:22
7419,9282,5611********8984-6953,debit,Mastercard,2029-11,active,2025-11-28T05:37:36
7420,9283,4503********9613-7041,debit,Visa,2029-12,blocked,2025-12-26T02:00:53
7421,9284,5655********8780-5992,credit,Mastercard,2031-04,blocked,2026-04-29T06:55:20
7422,9286,4436********2439-2309,debit,Visa,2029-02,active,2026-02-07T03:34:29
7423,9287,4856********4952-6849,debit,Visa,2029-04,active,2026-04-05T09:51:13
7424,9290,4514********9315-9435,credit,Visa,2028-01,blocked,2024-01-31T18:57:33
7425,9292,5510********4835-1716,debit,Mastercard,2029-07,active,2025-07-13T13:26:37
7426,9294,4258********3278-6909,debit,Visa,2028-09,expired,2025-09-13T23:04:52
7427,9297,5157********4252-249,debit,Mastercard,2031-04,active,2026-04-28T05:56:12
7428,9298,5025********0575-7343,debit,Mastercard,2030-01,blocked,2026-01-07T19:03:18
7429,9303,5189********7414-174,debit,Mastercard,2030-07,expired,2025-07-03T20:50:05
7430,9304,5649********7892-8527,debit,Mastercard,2028-07,active,2023-07-05T08:11:20
7431,9305,5375********7975-7371,debit,Mastercard,2028-11,active,2025-11-06T05:30:51
7432,9305,5872********0670-5231,debit,Mastercard,2028-01,active,2025-01-09T20:27:59
7433,9306,4069********7848-19,credit,Visa,2025-10,expired,2022-10-28T01:51:04
7434,9307,4671********5384-6755,debit,Visa,2029-10,expired,2024-10-25T04:00:46
7435,9308,4145********7327-6680,debit,Visa,2029-03,blocked,2026-03-13T05:57:37
7436,9309,5785********6579-3647,debit,Mastercard,2029-04,expired,2026-04-17T22:53:13
7437,9312,4909********5115-5939,debit,Visa,2028-10,blocked,2025-10-28T07:35:29
7438,9314,5864********1493-9478,debit,Mastercard,2028-06,blocked,2025-06-02T16:39:53
7439,9316,5076********6246-1176,debit,Mastercard,2029-03,expired,2026-03-03T10:10:42
7440,9318,3000*******6696-6524,debit,Amex,2029-07,blocked,2025-07-17T18:46:40
7441,9319,5701********1890-8154,debit,Mastercard,2026-04,expired,2023-04-25T05:22:36
7442,9320,4775********1195-997,debit,Visa,2028-03,active,2024-03-23T07:57:27
7443,9320,4612********9630-8478,debit,Visa,2027-07,expired,2024-07-19T23:06:43
7444,9321,4088********4159-7253,debit,Visa,2030-11,active,2025-11-19T23:31:35
7445,9322,5197********9865-6402,credit,Mastercard,2030-05,active,2026-05-15T18:47:39
7446,9323,4996********5969-1389,debit,Visa,2030-03,expired,2026-03-01T21:29:34
7447,9324,4240********0117-4270,credit,Visa,2031-03,blocked,2026-03-25T03:26:10
7448,9325,4186********0311-9082,debit,Visa,2031-02,active,2026-02-01T19:30:15
7449,9326,4680********6745-3621,debit,Visa,2029-05,active,2026-05-12T14:03:25
7450,9326,5602********7795-149,debit,Mastercard,2030-04,active,2026-04-28T18:58:49
7451,9328,4667********5245-1218,credit,Visa,2030-12,active,2025-12-01T18:17:55
7452,9329,4021********8989-148,debit,Visa,2030-02,active,2026-02-25T00:10:54
7453,9329,5268********0396-7057,debit,Mastercard,2029-12,blocked,2025-12-01T06:40:14
7454,9330,4081********5264-2443,debit,Visa,2031-05,active,2026-05-16T01:39:22
7455,9333,3969*******0079-9497,debit,Amex,2028-04,blocked,2023-04-04T04:29:08
7456,9334,5774********0309-1180,debit,Mastercard,2028-11,expired,2025-11-13T20:07:57
7457,9335,3187*******0985-7948,debit,Amex,2029-05,active,2024-05-02T16:06:06
7458,9338,4526********1324-3685,debit,Visa,2029-02,expired,2026-02-23T00:29:05
7459,9338,4041********5587-3073,debit,Visa,2031-03,blocked,2026-03-07T12:38:21
7460,9339,4260********0335-6021,debit,Visa,2030-10,expired,2025-10-15T04:40:04
7461,9340,4322********6267-8363,debit,Visa,2030-10,active,2025-10-18T03:33:17
7462,9341,4304********5440-2461,debit,Visa,2027-08,active,2024-08-17T11:16:03
7463,9342,4205********6522-4085,debit,Visa,2029-04,active,2026-04-22T10:57:55
7464,9343,4790********5484-8948,debit,Visa,2031-04,active,2026-04-02T01:35:34
7465,9344,4693********6255-2539,debit,Visa,2030-03,active,2025-03-28T06:59:42
7466,9344,5714********8323-9935,debit,Mastercard,2029-02,active,2026-02-18T14:15:28
7467,9345,4455********3125-8699,debit,Visa,2030-05,expired,2026-05-16T18:30:50
7468,9346,4553********8333-3651,debit,Visa,2030-05,active,2026-05-04T01:34:16
7469,9347,5944********0112-8181,debit,Mastercard,2028-04,blocked,2024-04-15T01:49:08
7470,9348,5886********4371-9496,debit,Mastercard,2029-05,active,2025-05-01T05:20:02
7471,9350,5601********6158-3035,debit,Mastercard,2031-03,blocked,2026-03-26T20:03:46
7472,9353,5853********3261-9475,debit,Mastercard,2030-11,blocked,2025-11-19T12:41:20
7473,9354,4111********3584-5523,debit,Visa,2030-01,active,2026-01-28T20:34:52
7474,9356,5526********4477-1454,credit,Mastercard,2030-05,active,2026-05-06T08:55:15
7475,9357,4987********6957-8663,credit,Visa,2028-08,active,2025-08-19T06:24:05
7476,9358,4245********2420-3820,debit,Visa,2029-04,active,2026-04-11T00:58:09
7477,9359,5071********4328-6064,debit,Mastercard,2031-01,blocked,2026-01-17T07:44:54
7478,9359,4914********0918-2389,debit,Visa,2031-04,blocked,2026-04-23T02:01:39
7479,9361,5406********6092-393,debit,Mastercard,2029-04,active,2026-04-13T07:53:36
7480,9361,5998********5030-259,debit,Mastercard,2030-12,active,2025-12-31T01:10:40
7481,9362,4079********6261-4551,debit,Visa,2029-03,active,2025-03-11T18:11:17
7482,9363,4597********9432-2639,debit,Visa,2029-08,blocked,2025-08-23T17:29:02
7483,9363,5313********9174-3224,debit,Mastercard,2027-05,blocked,2024-05-02T11:27:48
7484,9364,4330********3085-5623,debit,Visa,2030-10,active,2025-10-21T02:23:29
7485,9365,5638********5478-3225,debit,Mastercard,2030-04,active,2026-04-09T18:28:05
7486,9366,4337********7287-133,credit,Visa,2031-02,active,2026-02-11T14:45:43
7487,9367,5100********2902-4492,debit,Mastercard,2029-03,active,2025-03-07T19:58:56
7488,9368,4095********3961-7067,debit,Visa,2029-04,blocked,2026-04-25T18:45:47
7489,9370,4227********2143-8235,debit,Visa,2029-03,active,2026-03-24T21:49:42
7490,9371,4174********5365-8399,credit,Visa,2028-08,blocked,2025-08-18T16:17:13
7491,9372,4455********2022-5696,debit,Visa,2031-01,blocked,2026-01-21T12:44:58
7492,9373,5166********5157-975,debit,Mastercard,2029-05,blocked,2026-05-08T22:19:19
7493,9374,4429********8385-5219,debit,Visa,2029-04,blocked,2026-04-02T06:01:40
7494,9376,5474********3964-5556,debit,Mastercard,2028-07,expired,2024-07-20T08:09:33
7495,9377,4717********0200-6479,debit,Visa,2028-12,active,2025-12-04T04:10:16
7496,9378,6095********4871-9821,debit,Discover,2028-06,active,2025-06-04T07:09:11
7497,9380,4256********2173-4964,debit,Visa,2030-07,blocked,2025-07-06T03:18:40
7498,9381,5765********9653-8699,credit,Mastercard,2029-06,active,2025-06-08T10:37:35
7499,9383,4315********9136-2262,debit,Visa,2029-02,blocked,2026-02-02T21:59:50
7500,9384,4032********3569-1958,debit,Visa,2030-04,active,2026-04-30T00:18:20
7501,9385,4320********6974-1286,debit,Visa,2029-03,active,2026-03-21T03:44:23
7502,9386,5410********8667-8343,debit,Mastercard,2030-01,active,2026-01-18T04:18:47
7503,9387,5524********7616-882,debit,Mastercard,2030-07,blocked,2025-07-22T17:09:42
7504,9388,5257********5501-4137,debit,Mastercard,2030-04,active,2026-04-27T22:10:33
7505,9389,4192********0933-9522,credit,Visa,2031-04,blocked,2026-04-13T09:01:34
7506,9390,5932********9402-9968,debit,Mastercard,2030-04,blocked,2026-04-28T13:21:13
7507,9391,4778********4693-1009,debit,Visa,2029-04,active,2026-04-09T19:55:01
7508,9392,5462********5550-7706,debit,Mastercard,2029-08,expired,2024-08-23T15:51:06
7509,9393,4991********8235-9023,debit,Visa,2029-03,blocked,2025-03-31T00:57:34
7510,9394,6651********9162-9848,debit,Discover,2028-12,active,2025-12-08T13:45:33
7511,9397,5395********7623-2223,debit,Mastercard,2029-09,active,2025-09-25T20:36:57
7512,9398,4131********6847-9490,debit,Visa,2028-11,expired,2025-11-21T12:58:04
7513,9400,4749********6441-6457,debit,Visa,2031-04,blocked,2026-04-25T17:02:10
7514,9401,5661********5407-25,debit,Mastercard,2031-01,blocked,2026-01-02T10:09:21
7515,9404,4833********2506-6455,credit,Visa,2029-05,active,2024-05-25T08:45:42
7516,9406,5275********4318-322,debit,Mastercard,2029-02,blocked,2025-02-07T16:10:08
7517,9407,4077********3046-9998,debit,Visa,2028-07,active,2025-07-12T05:11:29
7518,9409,5385********9177-6771,debit,Mastercard,2030-01,active,2026-01-12T14:13:17
7519,9409,4665********2532-2099,debit,Visa,2030-01,active,2026-01-02T00:25:02
7520,9411,4612********9675-8159,debit,Visa,2028-11,blocked,2025-11-28T08:04:45
7521,9412,4245********2788-9740,debit,Visa,2031-04,active,2026-04-20T22:12:08
7522,9414,4798********7687-7253,debit,Visa,2031-05,active,2026-05-16T10:56:04
7523,9415,3164*******5374-6919,debit,Amex,2029-05,expired,2026-05-16T01:40:39
7524,9416,4075********8966-8405,debit,Visa,2029-11,active,2024-11-04T05:26:06
7525,9417,3757*******7163-6104,debit,Amex,2030-04,blocked,2026-04-27T11:08:12
7526,9417,4648********0902-2658,debit,Visa,2029-02,blocked,2026-02-20T01:02:24
7527,9419,5942********5024-2575,debit,Mastercard,2027-06,expired,2024-06-17T17:23:20
7528,9421,4042********1171-1862,credit,Visa,2029-05,blocked,2026-05-06T07:51:19
7529,9422,4691********0404-4798,debit,Visa,2028-04,active,2025-04-05T14:43:45
7530,9423,4621********8783-9920,debit,Visa,2028-06,blocked,2025-06-18T17:37:49
7531,9425,4892********5731-6730,debit,Visa,2029-01,blocked,2026-01-20T17:14:52
7532,9426,5661********1915-3814,debit,Mastercard,2031-03,blocked,2026-03-28T14:24:59
7533,9426,5644********9287-5684,debit,Mastercard,2029-04,active,2026-04-30T01:51:30
7534,9427,5998********3432-6445,debit,Mastercard,2029-02,blocked,2025-02-13T14:15:01
7535,9428,4895********9663-1661,debit,Visa,2031-04,blocked,2026-04-22T03:32:48
7536,9428,4288********1993-2375,debit,Visa,2030-04,blocked,2026-04-14T03:55:12
7537,9429,5490********1750-9154,debit,Mastercard,2031-05,active,2026-05-06T14:23:46
7538,9429,3320*******1646-5756,debit,Amex,2031-05,active,2026-05-09T03:37:02
7539,9430,4189********2351-7050,credit,Visa,2028-03,blocked,2025-03-26T06:11:04
7540,9432,5909********0279-7869,debit,Mastercard,2028-09,active,2025-09-18T07:57:02
7541,9432,4363********2233-2253,debit,Visa,2028-11,active,2025-11-29T16:17:22
7542,9434,5477********5104-4510,debit,Mastercard,2030-12,active,2025-12-18T14:08:49
7543,9435,5128********3639-7722,credit,Mastercard,2029-04,active,2026-04-30T21:52:26
7544,9436,4538********6005-3457,debit,Visa,2029-04,active,2026-04-18T00:36:17
7545,9437,5495********7547-3485,debit,Mastercard,2029-02,blocked,2025-02-02T00:13:42
7546,9439,4837********9755-8116,debit,Visa,2029-03,active,2026-03-28T12:59:18
7547,9439,4183********7715-9640,debit,Visa,2031-02,active,2026-02-15T16:06:46
7548,9443,5035********0407-7444,debit,Mastercard,2026-08,active,2023-08-15T11:57:09
7549,9445,4088********1294-3639,debit,Visa,2030-02,active,2025-02-05T16:02:58
7550,9446,4622********4700-3773,credit,Visa,2027-03,blocked,2024-03-08T03:23:52
7551,9447,5306********6751-5457,debit,Mastercard,2030-03,active,2025-03-22T14:51:46
7552,9448,5396********9019-5020,debit,Mastercard,2028-04,blocked,2025-04-18T07:03:33
7553,9450,4688********1043-7049,debit,Visa,2029-10,blocked,2025-10-16T02:16:02
7554,9451,5118********3147-6010,debit,Mastercard,2029-03,blocked,2026-03-16T18:28:20
7555,9451,6207********7602-186,debit,Discover,2030-10,active,2025-10-29T04:40:09
7556,9452,5734********3678-9893,debit,Mastercard,2030-03,active,2026-03-13T05:20:11
7557,9453,5348********3134-8084,credit,Mastercard,2031-05,blocked,2026-05-08T08:57:44
7558,9454,5550********8557-9103,credit,Mastercard,2028-11,active,2025-11-19T22:32:06
7559,9455,4318********7535-8904,debit,Visa,2029-01,active,2026-01-10T00:55:17
7560,9457,4705********1862-4960,debit,Visa,2028-07,active,2025-07-11T08:38:32
7561,9461,5424********0176-1555,debit,Mastercard,2030-05,active,2026-05-15T21:36:51
7562,9462,5537********9322-4004,debit,Mastercard,2028-11,active,2025-11-17T10:03:42
7563,9462,5911********9786-4767,debit,Mastercard,2029-01,active,2026-01-09T08:28:06
7564,9463,5307********8997-8599,debit,Mastercard,2030-11,blocked,2025-11-22T19:20:58
7565,9464,5545********7669-3546,debit,Mastercard,2028-10,active,2025-10-05T16:30:43
7566,9466,3885*******1654-730,debit,Amex,2030-04,active,2026-04-05T14:21:04
7567,9467,5557********0622-3532,debit,Mastercard,2031-04,active,2026-04-09T22:48:22
7568,9467,4185********7859-1600,debit,Visa,2030-03,blocked,2026-03-25T22:21:06
7569,9469,5078********0513-2233,debit,Mastercard,2029-06,blocked,2025-06-11T00:12:11
7570,9472,5238********9619-7939,debit,Mastercard,2026-12,active,2023-12-23T23:53:10
7571,9473,5274********5558-3829,debit,Mastercard,2031-01,expired,2026-01-11T03:14:28
7572,9474,5765********4662-3129,debit,Mastercard,2029-12,blocked,2025-12-04T08:36:38
7573,9475,4534********0607-5119,debit,Visa,2028-06,active,2025-06-27T06:50:51
7574,9476,3774*******9921-4693,debit,Amex,2030-11,active,2025-11-11T02:07:13
7575,9478,4883********0188-5050,debit,Visa,2030-05,expired,2026-05-13T09:36:26
7576,9479,5848********5997-3117,debit,Mastercard,2030-10,active,2025-10-19T18:35:58
7577,9480,4327********7695-4097,debit,Visa,2029-02,expired,2026-02-27T09:24:55
7578,9481,4890********2841-5966,debit,Visa,2030-04,expired,2026-04-13T06:35:39
7579,9482,4397********3483-2479,debit,Visa,2028-08,blocked,2025-08-08T07:23:25
7580,9483,5818********9398-6212,credit,Mastercard,2031-05,active,2026-05-14T15:16:47
7581,9484,4955********3261-3103,debit,Visa,2030-05,active,2026-05-12T04:04:40
7582,9485,4643********4507-5124,debit,Visa,2030-04,active,2026-04-15T19:00:21
7583,9488,4939********2970-9632,debit,Visa,2031-02,blocked,2026-02-21T15:51:30
7584,9488,5018********2366-3869,debit,Mastercard,2030-09,blocked,2025-09-05T14:38:38
7585,9489,4872********8071-9497,debit,Visa,2031-04,blocked,2026-04-20T05:13:13
7586,9489,4311********8372-8387,debit,Visa,2030-03,active,2026-03-31T09:21:56
7587,9490,4585********0801-7405,debit,Visa,2031-05,expired,2026-05-02T17:09:13
7588,9491,5779********0215-3010,debit,Mastercard,2028-03,active,2025-03-25T00:10:38
7589,9495,4794********2951-6290,debit,Visa,2029-05,active,2026-05-06T08:53:35
7590,9496,5346********7789-6913,debit,Mastercard,2030-12,blocked,2025-12-10T07:24:09
7591,9497,5018********9108-59,debit,Mastercard,2029-07,blocked,2024-07-24T15:29:57
7592,9497,5283********3774-4843,debit,Mastercard,2028-11,blocked,2025-11-02T18:37:29
7593,9498,4033********7030-7299,debit,Visa,2029-10,active,2025-10-06T14:40:03
7594,9498,4583********5015-7877,debit,Visa,2028-04,blocked,2025-04-24T19:36:23
7595,9499,6346********8076-581,credit,Discover,2028-10,active,2024-10-31T16:49:35
7596,9500,5285********4135-6302,debit,Mastercard,2027-10,blocked,2024-10-24T01:55:21
7597,9502,4747********1156-2708,debit,Visa,2031-05,blocked,2026-05-07T06:56:10
7598,9503,4644********0662-7875,debit,Visa,2028-12,expired,2024-12-15T14:52:23
7599,9504,4728********6956-6358,debit,Visa,2030-04,expired,2026-04-20T15:30:50
7600,9504,5594********4282-8371,debit,Mastercard,2027-04,active,2024-04-06T17:13:15
7601,9505,4915********9464-2888,debit,Visa,2029-10,blocked,2025-10-20T14:04:11
7602,9506,5294********5973-5327,debit,Mastercard,2030-04,active,2026-04-14T10:25:06
7603,9508,3800*******0139-1467,debit,Amex,2030-01,expired,2026-01-03T16:37:38
7604,9508,4240********3678-2405,debit,Visa,2030-12,active,2025-12-10T23:51:00
7605,9510,4738********8100-4733,debit,Visa,2030-04,active,2026-04-09T13:19:07
7606,9511,5307********5397-1446,debit,Mastercard,2030-01,active,2026-01-05T17:22:50
7607,9511,4541********6543-4127,debit,Visa,2031-05,active,2026-05-06T05:25:52
7608,9513,4747********9957-3736,debit,Visa,2029-01,active,2026-01-18T02:09:47
7609,9514,5670********8918-3608,debit,Mastercard,2030-04,active,2026-04-02T20:39:04
7610,9515,5935********5836-3029,credit,Mastercard,2030-05,active,2026-05-14T22:02:16
7611,9517,4442********5620-6994,debit,Visa,2031-03,expired,2026-03-12T15:08:43
7612,9517,4590********4336-3965,debit,Visa,2030-05,active,2025-05-27T23:17:59
7613,9521,4867********4230-7799,debit,Visa,2031-05,active,2026-05-13T05:23:12
7614,9521,4964********3411-9711,debit,Visa,2030-04,active,2026-04-30T03:11:34
7615,9522,4238********9620-6743,debit,Visa,2031-05,active,2026-05-03T16:56:31
7616,9523,5036********1177-673,credit,Mastercard,2031-04,blocked,2026-04-20T04:21:02
7617,9524,5870********7231-9840,debit,Mastercard,2031-03,blocked,2026-03-26T20:14:32
7618,9525,4263********4897-6710,debit,Visa,2031-05,active,2026-05-01T11:02:55
7619,9526,5904********6385-4130,credit,Mastercard,2031-03,active,2026-03-20T10:00:35
7620,9527,4364********0324-720,debit,Visa,2029-05,blocked,2026-05-05T02:36:40
7621,9527,5582********1269-2473,debit,Mastercard,2029-05,active,2026-05-05T07:08:16
7622,9528,5754********7703-1400,debit,Mastercard,2030-04,blocked,2026-04-28T23:37:42
7623,9529,3175*******5254-4689,debit,Amex,2030-01,blocked,2026-01-15T14:35:58
7624,9529,4339********2159-3603,debit,Visa,2030-06,blocked,2025-06-11T06:23:15
7625,9531,4554********7573-484,debit,Visa,2029-03,blocked,2026-03-25T14:37:57
7626,9532,5960********9318-6917,debit,Mastercard,2030-05,blocked,2026-05-09T14:10:47
7627,9533,5692********7136-2656,debit,Mastercard,2030-05,expired,2026-05-01T00:18:17
7628,9534,4361********5768-535,debit,Visa,2031-02,active,2026-02-21T20:01:31
7629,9535,4688********7705-709,credit,Visa,2028-05,blocked,2025-05-22T23:36:52
7630,9536,4781********2964-3067,debit,Visa,2030-03,active,2026-03-14T01:07:34
7631,9537,4209********0102-1075,debit,Visa,2031-05,active,2026-05-06T00:36:10
7632,9538,4365********4015-5894,debit,Visa,2028-05,active,2025-05-30T05:20:43
7633,9539,4957********5245-1258,debit,Visa,2028-10,blocked,2025-10-09T20:02:43
7634,9540,5110********7507-5045,debit,Mastercard,2030-05,blocked,2026-05-11T07:57:52
7635,9541,5190********3365-2813,debit,Mastercard,2029-04,active,2026-04-22T02:53:02
7636,9543,4681********1656-8875,debit,Visa,2030-02,blocked,2026-02-13T17:42:39
7637,9543,5717********5078-9084,debit,Mastercard,2030-04,blocked,2026-04-25T19:55:48
7638,9545,4767********1874-5646,debit,Visa,2028-05,blocked,2025-05-15T15:36:44
7639,9547,4799********9993-1375,debit,Visa,2028-02,expired,2025-02-26T17:44:05
7640,9548,4293********8318-5330,debit,Visa,2031-01,blocked,2026-01-13T14:17:20
7641,9549,4706********0350-9212,credit,Visa,2030-01,blocked,2026-01-03T20:13:59
7642,9551,4297********7331-5761,debit,Visa,2031-03,blocked,2026-03-24T12:43:49
7643,9552,4333********1514-6030,debit,Visa,2029-03,active,2025-03-27T01:25:21
7644,9553,4457********9418-7105,credit,Visa,2029-10,active,2025-10-18T03:22:30
7645,9554,3922*******0156-2286,debit,Amex,2028-07,active,2025-07-08T07:23:22
7646,9556,5990********6732-9915,debit,Mastercard,2029-03,blocked,2026-03-30T10:18:07
7647,9557,4635********0752-1604,debit,Visa,2030-05,blocked,2026-05-13T00:14:13
7648,9559,5930********4018-9841,debit,Mastercard,2026-01,expired,2023-01-29T10:56:11
7649,9560,5294********2279-8604,debit,Mastercard,2031-04,active,2026-04-30T16:10:46
7650,9561,4666********9812-9495,debit,Visa,2029-04,blocked,2026-04-26T01:05:44
7651,9562,5615********2407-4915,debit,Mastercard,2029-05,active,2024-05-19T12:56:29
7652,9563,5629********6188-6504,debit,Mastercard,2029-08,blocked,2025-08-12T09:07:58
7653,9564,5134********5360-3108,debit,Mastercard,2028-12,expired,2023-12-02T05:31:52
7654,9566,4604********1460-4561,debit,Visa,2029-10,expired,2025-10-04T19:11:14
7655,9566,4103********5931-4296,debit,Visa,2030-09,active,2025-09-26T04:02:12
7656,9569,4887********1663-1320,debit,Visa,2030-05,expired,2026-05-13T21:44:46
