id,full_name,email,phone,date_of_birth,country,created_at
1,Hilma Nilsson,hilma.nilsson6097@outlook.com,+461646084243,1954-08-17,SE,2022-04-25T19:00:25
2,Benjamin Cunningham,benjamin.cunningham986@outlook.com,+18640695852,1968-05-13,US,2024-12-29T01:32:37
3,Jacob Parker,jacob.parker2829@icloud.com,+446787029458,1953-01-23,GB,2023-06-21T02:41:41
4,Alexandra Phillips,alexandra.phillips4383@proton.me,+19214489662,1948-07-16,US,2023-02-08T04:12:21
5,Frida Lorenz,frida.lorenz1303@icloud.com,+492380467004,1973-03-08,DE,2024-06-20T19:37:28
6,Genowefa Prokop,genowefa.prokop9474@yahoo.com,+488693878721,1952-05-24,PL,2025-06-16T05:57:32
7,Justus Molenaar,justus.molenaar7540@icloud.com,+312953865104,1979-09-30,NL,2022-07-08T09:25:32
8,Shaun Shaw,shaun.shaw595@icloud.com,+443854360038,1999-06-20,GB,2022-09-28T23:03:26
9,Teodora Serafin,teodora.serafin7438@proton.me,+487194917414,1982-05-07,PL,2021-11-11T00:25:18
10,Emery Flores,emery.flores266@yahoo.com,+11477616177,1982-10-10,US,2024-03-12T10:10:38
11,Andrew Silva,andrew.silva65@outlook.com,+12191124836,1950-09-07,US,2026-03-17T05:52:52
12,Catrin Gill,catrin.gill7042@yahoo.com,+441006000510,1983-05-16,GB,2024-02-24T02:45:20
13,Jude Cooper,jude.cooper554@icloud.com,+19400839207,1975-11-07,US,2022-10-11T12:29:54
14,Annette Schneider,annette.schneider5655@yahoo.com,+494042308887,1965-01-08,DE,2026-02-13T18:29:00
15,Emiko Yamada,emiko.yamada5352@gmail.com,+811009362343,1977-07-05,JP,2025-08-10T07:50:53
16,Solène Noel,solene.noel6387@yahoo.com,+332006916016,1963-08-17,FR,2023-06-05T13:12:54
17,Raymond Cruz,raymond.cruz9460@outlook.com,+12539868674,1966-09-11,US,2026-01-31T10:18:42
18,Melis Kocaman,melis.kocaman2622@icloud.com,+909556602343,2006-10-27,TR,2024-07-10T12:31:23
19,Stefanie Maier,stefanie.maier664@gmail.com,+492189168475,1973-02-03,DE,2024-04-04T15:08:58
20,Sophia Simmer,sophia.simmer7154@icloud.com,+433333271012,1959-04-14,AT,2025-04-20T15:27:34
21,Filip Jacobsson,filip.jacobsson6011@yahoo.com,+475675215358,1977-01-03,NO,2023-06-26T22:10:50
22,Matteo Nardi,matteo.nardi6698@hotmail.com,+399101468484,1982-07-30,IT,2025-12-13T06:17:08
23,Albert George,albert.george1726@icloud.com,+13760401634,1989-06-09,US,2024-05-14T15:42:01
24,Silvia Díaz,silvia.diaz1261@icloud.com,+526907676917,1960-01-27,MX,2022-04-09T07:14:39
25,François Hale,francois.hale4768@outlook.com,+12524119606,1991-08-17,CA,2021-10-29T04:32:43
26,Piers Porter,piers.porter5709@yahoo.com,+448485579794,1956-05-13,GB,2026-03-23T13:21:16
27,Gary McGuinness,gary.mcguinness6370@icloud.com,+3538042363788,1951-10-09,IE,2025-06-08T11:28:17
28,Benjamin Gwee,benjamin.gwee600@yahoo.com,+654207682005,1978-12-05,SG,2024-12-10T09:36:20
29,Anna Richter,anna.richter7741@outlook.com,+494260250689,1958-11-06,DE,2025-08-31T12:48:47
30,Patrizia Esposito,patrizia.esposito4449@gmail.com,+395027057993,1991-08-19,IT,2024-10-14T10:09:21
31,Béatrice Dupont,beatrice.dupont9746@hotmail.com,+335458691934,2006-03-26,FR,2022-07-15T05:24:32
32,Juul Kok,juul.kok3442@yahoo.com,+313720034424,1946-10-09,NL,2021-08-12T13:38:36
33,Mathilde Wolff,mathilde.wolff393@icloud.com,+491131438116,1965-11-17,DE,2026-03-08T22:09:32
34,Eva Marchal,eva.marchal5665@yahoo.com,+333760751528,1987-10-19,FR,2025-12-26T03:08:06
35,Renzo Lombardo,renzo.lombardo1062@outlook.com,+391001253834,1946-09-15,IT,2023-01-18T17:36:09
36,Rosa Winkler,rosa.winkler3101@gmail.com,+495603759433,2001-05-08,DE,2025-01-07T15:14:58
37,Sarah Henderson,sarah.henderson9412@hotmail.com,+17609032938,1984-09-30,US,2024-09-24T20:59:11
38,Odette Arnaud,odette.arnaud6150@icloud.com,+331196156194,2001-11-26,FR,2024-09-14T12:29:11
39,Ingrid Werner,ingrid.werner9262@gmail.com,+494588713346,1948-07-30,DE,2023-05-16T04:18:19
40,Shouki Ikeda,shouki.ikeda9536@proton.me,+811571334253,1992-11-03,JP,2025-11-22T21:02:35
41,Thelma Hall,thelma.hall6685@icloud.com,+11895505789,1968-02-03,US,2026-02-04T10:44:31
42,Hee-jung Mokchong,heejung.mokchong6812@icloud.com,+828503898867,1952-02-02,KR,2024-09-23T01:27:43
43,Theodora van Vliet,theodora.vanvliet4539@yahoo.com,+313142885095,1953-08-31,NL,2022-08-11T11:18:34
44,Victor Malinga,victor.malinga5366@proton.me,+272332711078,2001-09-16,ZA,2023-07-07T15:44:42
45,Ziad Al Ameri,ziad.alameri5555@hotmail.com,+9716466406032,1982-05-10,AE,2022-01-24T17:18:11
46,Betty Williams,betty.williams252@icloud.com,+13276825828,1957-09-05,US,2022-03-04T16:51:27
47,Esteban Moya,esteban.moya2887@gmail.com,+344626746342,1960-07-30,ES,2023-12-22T02:49:49
48,Ashton Davis,ashton.davis8303@gmail.com,+14059451008,1985-09-14,US,2025-08-11T07:57:17
49,Ugo Settembre,ugo.settembre2034@gmail.com,+394562918306,1998-05-12,IT,2023-02-20T21:56:21
50,Livia Lund,livia.lund8578@icloud.com,+461284723320,2002-06-23,SE,2023-03-20T16:07:23
51,Pratik Verma,pratik.verma4161@icloud.com,+919897486816,1987-10-20,IN,2022-08-05T19:49:00
52,Millie Barrett,millie.barrett7108@hotmail.com,+441526602068,1962-07-18,GB,2025-04-01T04:51:38
53,Matilda Eder,matilda.eder1891@gmail.com,+439905428397,2001-06-07,AT,2024-06-26T07:52:33
54,Maxime Charpentier,maxime.charpentier6561@outlook.com,+333493824939,1973-02-03,FR,2025-08-24T11:02:43
55,Kamogelo Carelse,kamogelo.carelse9385@proton.me,+274422463619,1986-06-21,ZA,2023-07-06T19:42:35
56,Florence Knight,florence.knight3847@gmail.com,+444798047341,1975-03-12,GB,2023-07-27T05:07:15
57,Teresa Mazur,teresa.mazur9405@hotmail.com,+487782557886,1958-10-29,PL,2021-08-22T22:40:02
58,Theo Herrmann,theo.herrmann5102@outlook.com,+493948728757,1989-12-24,DE,2023-02-05T13:02:44
59,Vinícius Farias,vinicius.farias9919@hotmail.com,+552445326875,1958-06-11,BR,2022-10-06T00:59:00
60,Rosaria Basile,rosaria.basile9364@hotmail.com,+391937426795,2005-02-09,IT,2024-11-12T19:50:45
61,Yoshihiro Kaneko,yoshihiro.kaneko4865@icloud.com,+815328931083,1996-01-19,JP,2021-07-26T11:04:06
62,Katarzyna Kwiatkowski,katarzyna.kwiatkowski6174@hotmail.com,+487753047708,1957-03-02,PL,2022-07-01T10:34:10
63,Rita Janik,rita.janik69@proton.me,+486636276180,1978-05-31,PL,2021-06-14T07:15:13
64,Zhen Ding,zhen.ding5058@icloud.com,+862152947467,1963-01-27,CN,2025-12-01T17:54:33
65,Daniela Lorusso,daniela.lorusso8547@yahoo.com,+393165927151,1971-11-12,IT,2026-01-13T07:45:50
66,Dinesh Gopalan,dinesh.gopalan3197@outlook.com,+918483863981,1980-05-23,IN,2025-01-10T14:47:26
67,Séverine Giraud,severine.giraud8114@yahoo.com,+339926093858,1984-02-09,FR,2022-06-03T05:18:31
68,Liyana Lee,liyana.lee8503@outlook.com,+651640799388,1955-09-06,SG,2022-04-09T18:01:34
69,Pia Feichtinger,pia.feichtinger4199@icloud.com,+439454576430,1992-06-20,AT,2024-09-19T11:57:48
70,Diederick Leeuwen,diederick.leeuwen1493@proton.me,+312920834474,1953-08-29,NL,2025-03-01T05:58:06
71,Susanne Posch,susanne.posch4657@hotmail.com,+432399600920,1983-03-11,AT,2023-08-12T16:46:15
72,Frieda Lang,frieda.lang1653@icloud.com,+499063236439,1990-10-01,DE,2021-08-31T21:08:19
73,Peter Reed,peter.reed7112@gmail.com,+444506882124,1968-06-01,GB,2025-04-19T01:04:40
74,Lauren Williamson,lauren.williamson7241@proton.me,+19824918559,1995-01-02,US,2025-12-19T21:42:30
75,Miriam Baumgartner,miriam.baumgartner7915@proton.me,+415617239957,1994-04-29,CH,2025-03-21T02:42:00
76,Angharad Williams,angharad.williams2725@outlook.com,+442197932168,1980-08-18,GB,2022-05-23T05:15:33
77,Bruna Poli,bruna.poli5441@proton.me,+391921209260,1950-05-23,IT,2022-05-17T00:48:53
78,Finley Edwards,finley.edwards7595@proton.me,+441425915698,1968-12-10,GB,2022-08-24T23:43:01
79,Skylar Hughes,skylar.hughes1812@proton.me,+19832131060,1982-05-04,CA,2026-01-05T16:19:47
80,Henry Blair,henry.blair196@yahoo.com,+18137022738,2005-03-12,CA,2026-04-23T14:36:54
81,Ruby Patel,ruby.patel1555@gmail.com,+18505657003,2001-06-12,US,2025-08-27T01:10:11
82,Jade Mathieu,jade.mathieu6474@proton.me,+335168744269,1979-07-18,FR,2026-02-26T06:09:14
83,Bento Cruz,bento.cruz5591@gmail.com,+559333547617,2005-02-12,BR,2024-05-22T17:25:16
84,Chelsea Moreno,chelsea.moreno7765@gmail.com,+11471541070,1990-02-09,US,2021-07-11T01:37:05
85,Niall Joyce,niall.joyce7302@icloud.com,+3532774358399,1978-01-03,IE,2024-04-13T16:07:05
86,Beyza Taner,beyza.taner9959@gmail.com,+908861426694,1968-12-31,TR,2022-04-17T15:59:04
87,Shaker Al Abdooli,shaker.alabdooli8205@outlook.com,+9717907103005,1973-02-24,AE,2023-03-22T14:38:57
88,Dmytro Chernenko,dmytro.chernenko1740@hotmail.com,+3803518369246,1950-08-03,UA,2024-01-27T22:21:58
89,Becky Campbell,becky.campbell3082@icloud.com,+14110875254,1949-02-13,US,2025-07-14T08:10:06
90,Rosario Alonso,rosario.alonso2528@outlook.com,+345382709690,1967-02-17,ES,2021-07-01T13:22:35
91,Fionntán O'Sullivan,fionntan.osullivan2480@hotmail.com,+3531295447605,1987-03-11,IE,2024-11-17T10:01:06
92,Yuliana Sobchuk,yuliana.sobchuk7226@yahoo.com,+3803823641889,1953-10-02,UA,2023-11-18T01:35:37
93,Amelia Rios,amelia.rios7027@outlook.com,+18947068707,1984-06-05,CA,2023-12-22T22:21:56
94,Manav Viswanathan,manav.viswanathan4919@gmail.com,+916004056689,1977-03-29,IN,2026-04-28T22:58:46
95,Shreyas Kelkar,shreyas.kelkar5757@icloud.com,+915250708287,1963-09-01,IN,2023-01-21T22:16:29
96,Ella Day,ella.day9419@outlook.com,+449977367213,2005-10-10,GB,2023-04-15T11:10:42
97,Alessandro Egger,alessandro.egger597@hotmail.com,+416161048720,1966-12-09,CH,2022-08-24T16:18:30
98,Stacy Carr,stacy.carr4754@icloud.com,+15083337411,1961-09-09,US,2024-08-23T20:34:54
99,Priyanka Joshi,priyanka.joshi4810@gmail.com,+912809566690,1960-08-16,IN,2021-06-14T12:38:04
100,Francesca Wallace,francesca.wallace7157@hotmail.com,+446520802312,1995-09-27,GB,2023-08-10T19:19:32
101,Yasmine Lefevre,yasmine.lefevre9183@hotmail.com,+334923323816,2002-06-16,FR,2025-08-20T22:47:59
102,Miho Imamura,miho.imamura9191@hotmail.com,+813682168394,1967-11-09,JP,2024-07-16T13:25:04
103,Josiah Scott,josiah.scott4108@proton.me,+11053695159,1954-07-22,US,2025-08-25T21:28:32
104,Jaxon Clarke,jaxon.clarke1826@icloud.com,+616902058131,1950-10-06,AU,2021-08-18T13:13:29
105,Víctor Rojas,victor.rojas756@icloud.com,+349066405495,1948-03-14,ES,2022-02-15T06:17:44
106,Klara Chmielewski,klara.chmielewski3234@proton.me,+482388256532,1975-02-08,PL,2024-11-19T15:07:14
107,Daniel Widén,daniel.widen6498@outlook.com,+468719942800,1955-09-15,SE,2025-06-12T21:35:24
108,Emelie Zetterström,emelie.zetterstrom5938@gmail.com,+462643021051,1968-07-22,SE,2022-04-01T15:56:46
109,Serenity Wallace,serenity.wallace1115@proton.me,+12516264938,1952-10-31,US,2025-02-04T00:44:37
110,Selim Özdemir,selim.ozdemir3710@gmail.com,+905582450296,1956-11-30,TR,2022-10-19T00:07:53
111,Beauty Marais,beauty.marais1028@proton.me,+273575400745,1980-06-13,ZA,2025-01-10T16:00:08
112,Colton Simmons,colton.simmons1515@gmail.com,+11696398151,1985-08-11,US,2026-04-17T16:49:14
113,Neerja Mohapatra,neerja.mohapatra910@hotmail.com,+918710104901,2003-08-30,IN,2025-01-21T03:01:40
114,Alessandra Testa,alessandra.testa2402@proton.me,+393110542951,1972-03-20,IT,2021-06-23T18:29:37
115,Bennett Larson,bennett.larson8277@yahoo.com,+19492959189,1960-04-18,CA,2023-05-01T18:01:18
116,Touma Nakano,touma.nakano7033@hotmail.com,+813276948017,1960-12-10,JP,2026-02-25T11:16:47
117,Alia Al Rais,alia.alrais6406@icloud.com,+9714322491154,2006-09-10,AE,2024-12-29T19:18:51
118,Sophie Collet,sophie.collet3219@yahoo.com,+336164522577,1969-11-05,FR,2022-03-01T19:36:26
119,Enrique Cárdenas,enrique.cardenas5955@hotmail.com,+527802909859,1979-07-15,MX,2024-08-26T09:37:34
120,Wesley Howell,wesley.howell4463@outlook.com,+13229914070,1970-07-07,US,2023-09-03T17:16:02
121,Jana Sauer,jana.sauer2978@outlook.com,+492115107231,1998-08-12,DE,2025-08-12T12:46:51
122,Theyazin Al Ahbabi,theyazin.alahbabi6688@outlook.com,+9717816227846,2007-09-05,AE,2024-07-30T22:51:00
123,Catherine Day,catherine.day8212@yahoo.com,+14026365189,1976-12-26,CA,2024-06-08T10:41:50
124,Gerhard Albrecht,gerhard.albrecht9141@hotmail.com,+498541121529,1993-01-09,DE,2024-03-01T23:25:46
125,Arthur Morris,arthur.morris685@gmail.com,+18298946734,1980-10-04,US,2022-05-07T04:37:55
126,Valentina Boyd,valentina.boyd6991@gmail.com,+12865973073,1966-12-30,US,2026-02-07T23:51:18
127,Lena Sjöberg,lena.sjoberg1483@yahoo.com,+464021818577,1992-08-20,SE,2023-05-23T06:45:07
128,Leena Blomqvist,leena.blomqvist825@hotmail.com,+3587817161688,1947-12-02,FI,2021-12-05T23:08:06
129,Héctor Meza,hector.meza6682@outlook.com,+525148457745,1979-02-02,MX,2022-11-04T12:54:16
130,Valter Nunes,valter.nunes8569@gmail.com,+551172440084,1949-07-21,BR,2023-05-28T01:32:16
131,Tarini Khan,tarini.khan7564@gmail.com,+913243236409,1985-03-05,IN,2023-10-13T20:47:59
132,Samuel Schneider,samuel.schneider2281@hotmail.com,+559435517796,1947-09-25,BR,2022-03-21T12:01:29
133,Benjamin Stevens,benjamin.stevens7711@icloud.com,+617588203061,1983-10-23,AU,2023-12-30T21:48:22
134,Jack Ross,jack.ross379@hotmail.com,+446673734636,1987-10-24,GB,2024-05-29T20:03:02
135,Melissa Raj,melissa.raj7184@proton.me,+653830495567,1958-01-02,SG,2024-06-08T03:58:51
136,Reginaldo Vasconcelos,reginaldo.vasconcelos8481@gmail.com,+556307326271,1990-12-17,BR,2025-12-07T19:18:42
137,Karina Ishchenko,karina.ishchenko8566@outlook.com,+3806247113379,1989-01-06,UA,2026-03-20T05:00:07
138,Mairenn Stewart,mairenn.stewart9182@yahoo.com,+3535608470874,1976-08-23,IE,2024-09-13T02:27:10
139,Iris Meijer,iris.meijer8215@gmail.com,+316775468627,2004-11-14,NL,2025-11-03T17:27:52
140,John Bowers,john.bowers841@yahoo.com,+17156047787,1952-02-09,CA,2021-12-28T18:19:47
141,Rémi Aymar,remi.aymar943@proton.me,+331564052314,1979-09-20,FR,2022-07-07T00:44:44
142,Samuel Hsu,samuel.hsu5407@proton.me,+654869719502,1991-04-19,SG,2026-02-09T19:47:29
143,Tamara Hoffmann,tamara.hoffmann8771@outlook.com,+496556108864,1981-07-27,DE,2021-09-22T01:30:18
144,Carla Moreau,carla.moreau4698@proton.me,+335342486910,1968-08-01,FR,2025-06-05T03:07:40
145,Tine van Dalen,tine.vandalen9430@hotmail.com,+315631276651,1963-10-19,NL,2023-09-26T03:43:31
146,Natalie Peters,natalie.peters8266@icloud.com,+13661481046,1974-12-26,US,2022-11-11T04:54:11
147,Riley Guzman,riley.guzman5386@hotmail.com,+15832330667,1961-01-27,CA,2026-04-04T02:48:27
148,Rosemarie Horn,rosemarie.horn7338@yahoo.com,+499468960446,1972-04-08,DE,2021-12-30T21:27:06
149,Yuqing Conceicao,yuqing.conceicao799@hotmail.com,+652718930472,1956-07-29,SG,2025-08-02T17:05:11
150,Samuel Cox,samuel.cox1085@gmail.com,+19106748120,1971-12-13,US,2023-11-25T19:15:47
151,Luisa Santana,luisa.santana5194@outlook.com,+344495999698,1951-10-29,ES,2025-07-14T15:42:56
152,Douglas Hunt,douglas.hunt9948@icloud.com,+15144236937,2007-08-04,US,2023-06-11T22:54:02
153,Miguel Castillo,miguel.castillo4658@yahoo.com,+528920293937,1960-10-12,MX,2021-07-21T23:27:18
154,Leonie Heinrich,leonie.heinrich7102@gmail.com,+491011609032,1948-12-18,DE,2024-04-08T19:28:50
155,Kingston Woods,kingston.woods1560@proton.me,+19869295681,1968-04-01,US,2025-10-03T03:23:01
156,Benjamin Löfgren,benjamin.lofgren7808@outlook.com,+467170019111,1974-05-09,SE,2025-10-16T12:13:57
157,Michel Garnier,michel.garnier588@outlook.com,+335541656077,2004-12-22,FR,2026-04-18T07:19:56
158,Sawyer Schmidt,sawyer.schmidt4062@icloud.com,+18380553561,1976-01-14,US,2023-05-16T22:56:45
159,Silvana Milanese,silvana.milanese945@hotmail.com,+391669066983,1961-01-01,IT,2024-10-25T07:04:39
160,Kyle Hunt,kyle.hunt4126@yahoo.com,+441734152720,2004-12-03,GB,2025-02-07T15:01:32
161,Laxmi Siddiqui,laxmi.siddiqui3755@hotmail.com,+913982075760,1970-02-11,IN,2023-04-18T03:22:17
162,Koichi Toda,koichi.toda9372@gmail.com,+819429801222,1980-08-31,JP,2023-11-04T12:39:08
163,Hayriye Kaplan,hayriye.kaplan1446@yahoo.com,+902051280954,1963-08-18,TR,2023-03-11T06:35:51
164,Reagan Valdez,reagan.valdez1149@hotmail.com,+11274294816,1947-07-12,US,2024-04-13T06:30:21
165,Noriko Kubo,noriko.kubo6261@proton.me,+817577354412,2003-04-10,JP,2021-05-28T20:31:16
166,Hans Meyer,hans.meyer9054@proton.me,+496619586393,1987-12-07,DE,2024-03-08T12:01:42
167,Morgane Laurent,morgane.laurent3180@hotmail.com,+332613512932,1968-03-08,FR,2024-10-17T06:38:37
168,François Pieters,francois.pieters1781@icloud.com,+329611558312,1965-11-30,BE,2024-06-17T01:21:23
169,Philippine Verbruggen,philippine.verbruggen7840@gmail.com,+324989826429,1968-06-21,BE,2022-07-07T01:29:54
170,Maja van Beek,maja.vanbeek7086@hotmail.com,+319243603049,1954-11-02,NL,2022-07-18T01:58:55
171,Jude Murray,jude.murray4386@hotmail.com,+619190401224,1993-09-09,AU,2021-07-04T18:51:40
172,Annemarie Bauer,annemarie.bauer6076@yahoo.com,+493781715230,2000-06-18,DE,2022-03-08T00:04:33
173,Stephen Robinson,stephen.robinson8287@yahoo.com,+19709182668,2001-12-24,US,2023-11-21T07:57:58
174,Ayumi Matsumoto,ayumi.matsumoto2351@icloud.com,+819379993729,1979-04-17,JP,2025-10-23T13:46:57
175,Gunnel Bengtsson,gunnel.bengtsson5158@hotmail.com,+468931848969,1971-05-12,SE,2023-12-06T10:23:53
176,Washington Klein,washington.klein5051@proton.me,+559120822891,1986-09-21,BR,2022-08-15T22:09:23
177,Amy Long,amy.long4040@icloud.com,+13334739203,1997-11-16,US,2025-02-20T02:15:05
178,Tommy Chapman,tommy.chapman7423@icloud.com,+447279703417,1961-08-30,GB,2024-10-27T00:54:41
179,Veena Trivedi,veena.trivedi4631@proton.me,+919664914389,1977-05-24,IN,2025-09-26T15:29:08
180,Matilda Jackson,matilda.jackson4923@yahoo.com,+615403978605,1961-01-18,AU,2024-11-09T09:08:21
181,Amanda Gilbert,amanda.gilbert1358@hotmail.com,+13004592987,1970-06-26,US,2021-11-28T21:17:44
182,Kamelya Yaman,kamelya.yaman3104@gmail.com,+907055879649,1964-09-11,TR,2025-07-24T11:54:57
183,Arnav Dasgupta,arnav.dasgupta871@outlook.com,+917704171122,1952-11-16,IN,2022-10-27T02:36:36
184,Nicolaas Driessen,nicolaas.driessen4917@hotmail.com,+319609531762,1962-07-10,NL,2022-12-21T10:58:23
185,Eleonore Schmitt,eleonore.schmitt5871@yahoo.com,+492232421147,1990-11-07,DE,2022-03-09T07:15:34
186,Sanjay Ansari,sanjay.ansari9984@hotmail.com,+919570757054,1970-05-25,IN,2022-09-16T22:42:20
187,Félix Lorenzo,felix.lorenzo4945@outlook.com,+341412453114,2000-03-03,ES,2022-03-12T08:21:35
188,Vanessa Harvey,vanessa.harvey3894@outlook.com,+12410238783,2004-12-31,US,2025-09-06T13:42:18
189,Debra Collins,debra.collins804@gmail.com,+19328817975,1995-01-27,US,2024-04-23T06:27:29
190,Samuele Graber,samuele.graber155@hotmail.com,+413875128742,1971-01-06,CH,2026-05-06T07:53:16
191,Simphiwe Heyns,simphiwe.heyns5693@gmail.com,+274090363141,1987-04-28,ZA,2025-06-06T02:40:42
192,Yeva Kozak,yeva.kozak3519@proton.me,+3803510643559,1998-06-02,UA,2021-05-24T11:32:43
193,Joan Watkins,joan.watkins4182@icloud.com,+11540960489,1989-03-05,US,2022-06-25T20:32:34
194,David Lawrence,david.lawrence7806@proton.me,+19258223050,1993-07-10,US,2024-06-07T02:00:18
195,Lynn Gonzales,lynn.gonzales4816@icloud.com,+18141549283,1984-11-24,US,2022-03-24T04:44:43
196,Bernard Van Hoecke,bernard.vanhoecke3206@icloud.com,+321591813526,1985-12-31,BE,2022-04-17T09:17:12
197,Hiroyuki Nakagawa,hiroyuki.nakagawa4005@icloud.com,+817579194193,1981-07-07,JP,2025-01-14T07:12:44
198,Tone Bakken,tone.bakken1960@hotmail.com,+471951131445,1969-12-08,NO,2026-01-14T22:18:22
199,Mario Mastroianni,mario.mastroianni9092@yahoo.com,+397934162370,1955-08-09,IT,2024-05-31T00:53:58
200,Stéphanie Fontaine,stephanie.fontaine9753@proton.me,+335688583670,1971-01-26,FR,2024-03-16T03:42:29
201,Gabriella Rodgers,gabriella.rodgers5990@outlook.com,+11493625540,1988-11-02,CA,2024-01-01T11:16:28
202,Jonah Mills,jonah.mills8462@icloud.com,+619836994645,1957-10-22,AU,2021-12-20T17:09:34
203,Maria Frazier,maria.frazier8712@proton.me,+19755319381,1960-03-19,CA,2022-04-29T08:27:50
204,Stanislav Romanenko,stanislav.romanenko6416@gmail.com,+3806050859301,1964-10-20,UA,2021-11-10T15:24:00
205,Sandra Bennett,sandra.bennett5348@proton.me,+17183922564,1973-09-19,US,2026-02-24T19:48:01
206,Alberto Gerber,alberto.gerber1415@hotmail.com,+416350642973,1994-05-05,CH,2023-08-30T02:25:52
207,Charlotte Owens,charlotte.owens5842@icloud.com,+447160161116,1979-09-29,GB,2024-11-24T03:23:54
208,Shalini Patil,shalini.patil8555@outlook.com,+913862670263,1989-06-02,IN,2023-02-28T07:11:15
209,Charles Hayes,charles.hayes4473@yahoo.com,+13106280725,1996-10-21,US,2023-12-06T23:20:34
210,Humaid Al Naqbi,humaid.alnaqbi1366@gmail.com,+9712663750382,2007-09-25,AE,2024-03-17T22:04:44
211,Rosanna Di Carlo,rosanna.dicarlo4650@yahoo.com,+399051067149,2004-02-18,IT,2021-06-17T20:41:54
212,Sudarshan Yadav,sudarshan.yadav552@hotmail.com,+911718803657,1951-07-01,IN,2026-02-09T07:39:26
213,Penélope Ríos,penelope.rios6659@proton.me,+524254305493,1979-08-29,MX,2022-07-28T22:40:41
214,Caitlin Regan,caitlin.regan3397@outlook.com,+3538836287159,1976-01-11,IE,2022-12-24T15:43:30
215,Tamara González,tamara.gonzalez7323@outlook.com,+343214531248,1967-12-25,ES,2025-11-30T07:48:00
216,Maya Oliveira,maya.oliveira1815@proton.me,+551971437543,1980-11-04,BR,2021-11-22T19:17:48
217,Yuki Maekawa,yuki.maekawa7516@gmail.com,+818147552154,1975-12-17,JP,2025-05-31T07:53:46
218,Judy Mendoza,judy.mendoza3257@gmail.com,+18727165389,1999-01-30,US,2021-06-19T05:36:27
219,Henriette Arnold,henriette.arnold9861@yahoo.com,+491507044375,1998-04-18,DE,2023-11-22T14:29:38
220,Nadine Reusser,nadine.reusser8959@outlook.com,+414378833123,1997-09-08,CH,2025-05-05T23:42:37
221,Arlette Adam,arlette.adam6089@gmail.com,+335335666445,1996-01-09,FR,2024-05-08T10:55:53
222,Ishita Sidhu,ishita.sidhu456@gmail.com,+911622121253,2001-09-19,IN,2023-10-14T10:19:37
223,Manabu Ono,manabu.ono2757@yahoo.com,+814249550847,1952-12-25,JP,2024-12-25T20:58:56
224,Danial Xu,danial.xu424@proton.me,+659893352229,1972-09-19,SG,2022-09-04T17:03:33
225,Dia Kulkarni,dia.kulkarni4695@outlook.com,+911108293025,1956-01-14,IN,2023-01-04T13:31:16
226,Daniel Riviere,daniel.riviere3253@outlook.com,+339922013639,1986-09-27,FR,2024-07-17T17:32:09
227,Lena Engel,lena.engel1997@yahoo.com,+494120959493,1964-12-31,DE,2022-03-17T02:45:43
228,Xiaomei Tang,xiaomei.tang3922@hotmail.com,+864458707498,1970-08-22,CN,2022-11-02T19:56:50
229,Nisha Varma,nisha.varma1458@proton.me,+919984029290,1989-12-06,IN,2023-09-03T18:04:53
230,Ashley Cook,ashley.cook5280@yahoo.com,+18121968888,1986-09-26,US,2025-11-17T15:24:23
231,Easton Mitchell,easton.mitchell7655@gmail.com,+11023949610,1966-01-31,US,2024-03-15T17:46:53
232,Johan de Boer,johan.deboer4467@proton.me,+315927156549,1978-12-01,NL,2023-02-26T16:58:46
233,Rei Matsuo,rei.matsuo677@icloud.com,+811413639894,1946-10-02,JP,2026-04-20T02:25:04
234,Mia Nørgaard,mia.nrgaard6817@proton.me,+453068355543,1964-05-03,DK,2025-08-24T07:54:39
235,Natsuki Nagai,natsuki.nagai4792@proton.me,+811022751028,2003-10-28,JP,2022-06-05T21:46:20
236,Kelsey Guerrero,kelsey.guerrero767@outlook.com,+13642907126,1991-03-01,US,2021-06-11T23:33:29
237,Wallace Mueller,wallace.mueller7758@hotmail.com,+552119985593,2006-12-07,BR,2026-03-01T03:09:34
238,Océane Poirier,oceane.poirier9783@icloud.com,+339419922819,2003-06-06,FR,2021-09-11T14:30:22
239,Cafer Sönmezler,cafer.sonmezler25@hotmail.com,+908046924516,1962-07-07,TR,2021-05-28T17:19:40
240,Sofia Yip,sofia.yip661@hotmail.com,+659443798325,1984-08-14,SG,2025-05-18T17:24:45
241,Malcolm Morris,malcolm.morris3991@hotmail.com,+444714620303,1954-04-29,GB,2024-04-02T16:14:04
242,Jean Fox,jean.fox8419@icloud.com,+14647226637,1947-02-02,US,2023-03-03T06:10:30
243,Sheryl Ramirez,sheryl.ramirez3151@yahoo.com,+12050700607,1953-10-02,US,2025-08-13T12:39:08
244,Émile Luna,emile.luna4428@gmail.com,+18560486634,1976-10-02,CA,2021-11-29T20:35:39
245,Amy Pieters,amy.pieters7189@proton.me,+317234299796,2001-06-09,NL,2024-11-08T05:43:31
246,Miles Clark,miles.clark9265@icloud.com,+13441628275,1985-12-06,US,2022-08-07T19:24:33
247,Komal Jaiswal,komal.jaiswal3804@gmail.com,+919856288634,2007-09-20,IN,2021-05-25T22:22:56
248,Gage Crawford,gage.crawford2651@gmail.com,+15595145807,1965-05-13,US,2025-12-18T18:02:28
249,Nina Bauer,nina.bauer3970@yahoo.com,+559366863385,1966-10-05,BR,2022-03-17T22:12:27
250,Robin de Groot,robin.degroot4030@gmail.com,+314631510993,1990-01-06,NL,2025-06-16T22:14:00
251,Erika Dietrich,erika.dietrich2326@icloud.com,+492492849044,1991-05-26,DE,2022-08-08T23:07:38
252,Kerstin Persson,kerstin.persson9807@proton.me,+461587669682,1960-06-05,SE,2025-06-01T20:25:52
253,Paige Cruz,paige.cruz8222@yahoo.com,+12055782433,1989-01-01,CA,2022-04-04T09:00:09
254,Connie Burke,connie.burke8055@proton.me,+19011326359,1963-05-02,US,2021-11-22T06:54:45
255,Xu Ren,xu.ren4032@yahoo.com,+866436522742,1958-08-23,CN,2024-07-14T18:38:33
256,Asher Delgado,asher.delgado2833@icloud.com,+17827920743,1948-10-13,US,2022-05-24T20:30:01
257,Paige Newman,paige.newman8531@outlook.com,+13171853269,1990-07-27,US,2023-11-04T10:30:09
258,Agnes Vogt,agnes.vogt9829@yahoo.com,+495874785217,1979-05-11,DE,2021-06-24T01:15:36
259,Daniel Quinn,daniel.quinn3130@outlook.com,+13741730802,1958-10-04,CA,2023-07-25T10:57:59
260,Hannah Miller,hannah.miller2465@yahoo.com,+273045329217,1952-08-01,ZA,2023-05-27T18:27:28
261,Joseph Gibson,joseph.gibson2113@gmail.com,+15889247790,1990-06-30,US,2025-02-24T20:04:48
262,Ramesh Sinha,ramesh.sinha3728@gmail.com,+915833744313,1989-09-25,IN,2021-11-15T03:04:40
263,Tyler Sanchez,tyler.sanchez4888@proton.me,+19943779338,1992-10-28,US,2023-09-23T07:23:19
264,Geraldine Hansen,geraldine.hansen2542@outlook.com,+13260747368,1994-05-09,US,2022-10-31T10:03:15
265,Yingying Song,yingying.song4087@outlook.com,+864638949049,2005-01-16,CN,2025-09-12T06:16:10
266,Julia Mäkelä,julia.makela6272@yahoo.com,+3582076064078,1980-06-28,FI,2024-02-27T22:12:12
267,Oliver Padilla,oliver.padilla262@icloud.com,+16142517490,1996-06-23,CA,2025-02-06T07:03:25
268,Jan Jung,jan.jung2888@hotmail.com,+494150339111,1980-11-23,DE,2025-10-12T13:02:35
269,Marte Næss,marte.nss7776@proton.me,+471193753198,1981-02-10,NO,2024-03-28T07:08:35
270,Edith Hofmann,edith.hofmann7652@outlook.com,+494590456049,1972-03-01,DE,2022-09-20T22:13:02
271,Peyton Myers,peyton.myers3132@hotmail.com,+12832173662,1966-12-06,US,2026-01-17T00:49:32
272,Anton Sommer,anton.sommer7769@yahoo.com,+498422456954,1979-07-01,DE,2024-04-14T19:01:35
273,Anni Wagner,anni.wagner933@icloud.com,+498360600844,1951-12-28,DE,2021-06-17T03:09:46
274,April Ray,april.ray8266@outlook.com,+19307455206,1990-04-01,US,2022-09-27T07:02:04
275,Betje van den Berg,betje.vandenberg3484@icloud.com,+317682658673,1949-02-11,NL,2025-10-02T10:02:57
276,Jens Wikström,jens.wikstrom2603@yahoo.com,+466502582571,1946-12-27,SE,2025-05-06T03:47:20
277,Beckett Martin,beckett.martin6184@yahoo.com,+19417311418,1963-10-24,US,2021-12-24T06:07:28
278,Lies van Dam,lies.vandam2148@yahoo.com,+316748832756,1960-01-06,NL,2024-11-05T09:31:25
279,Kiaan Thakkar,kiaan.thakkar6070@icloud.com,+911481584270,1952-09-12,IN,2025-07-29T03:34:47
280,Roy Rhodes,roy.rhodes6117@proton.me,+441359519871,1999-03-13,GB,2024-05-05T19:34:10
281,Renate Schwarz,renate.schwarz3024@yahoo.com,+495984101836,2004-01-14,DE,2022-06-14T02:12:17
282,Rolf Roth,rolf.roth796@proton.me,+496569017089,1985-05-24,DE,2024-07-15T03:09:06
283,Gunhild Rasmussen,gunhild.rasmussen2607@yahoo.com,+477078201640,1975-01-15,NO,2023-01-24T04:19:47
284,Charlotte Barbier,charlotte.barbier7371@gmail.com,+331424317046,1959-08-14,FR,2021-07-05T19:16:15
285,Leyla Aktürk,leyla.akturk1782@outlook.com,+904768369913,1980-06-24,TR,2024-09-06T11:08:51
286,Catarina Tavares,catarina.tavares6775@gmail.com,+559929290996,1963-11-13,BR,2024-09-04T00:56:15
287,Marie Hermansson,marie.hermansson5463@yahoo.com,+464288948906,2002-04-29,SE,2023-10-08T21:02:39
288,Javier Ramírez,javier.ramirez9740@proton.me,+522079983805,1948-11-20,MX,2023-02-11T07:09:09
289,Megan Washington,megan.washington7839@proton.me,+13459258737,1966-01-23,US,2024-07-04T18:34:31
290,Emma Svendsen,emma.svendsen2131@gmail.com,+458565447494,1971-07-27,DK,2025-08-17T19:30:14
291,Delilah Stone,delilah.stone3344@icloud.com,+445172968996,1963-08-09,GB,2026-03-14T18:56:37
292,Gijs van den Bosch,gijs.vandenbosch925@outlook.com,+317230541418,1968-08-11,NL,2022-04-14T05:15:56
293,Sigurd Vikman,sigurd.vikman5857@proton.me,+466391657755,1984-04-05,SE,2025-01-05T16:33:34
294,Lovisa Ivarsson,lovisa.ivarsson5708@yahoo.com,+464196628292,1983-11-12,SE,2026-01-28T17:38:46
295,Nathan Kunz,nathan.kunz878@hotmail.com,+419298828083,1986-11-24,CH,2022-07-23T23:32:48
296,Nancy Morgan,nancy.morgan7975@proton.me,+444028534393,1974-08-27,GB,2021-08-29T13:02:32
297,Samuel Mills,samuel.mills5231@hotmail.com,+11178533198,1973-09-21,CA,2023-09-17T12:44:00
298,Matthias Kamp,matthias.kamp4650@outlook.com,+312739637435,1966-06-28,NL,2025-12-23T13:19:22
299,Rogelio Fuentes,rogelio.fuentes6756@outlook.com,+346968676189,1986-07-31,ES,2022-09-15T03:43:03
300,Kyle Guerrero,kyle.guerrero3626@outlook.com,+15632969504,1995-06-10,CA,2025-06-26T16:48:45
301,Filomena Martinelli,filomena.martinelli7939@gmail.com,+397526990788,1980-01-01,IT,2025-02-19T05:38:40
302,Breno Siqueira,breno.siqueira4458@outlook.com,+554185021831,1957-08-22,BR,2022-06-08T15:47:13
303,Oskar Nemeth,oskar.nemeth5867@gmail.com,+432825850778,1953-09-01,AT,2022-09-24T22:38:06
304,Ethan Greer,ethan.greer1595@yahoo.com,+18945072335,1946-10-05,CA,2024-09-30T02:43:31
305,Zachary Thompson,zachary.thompson1329@proton.me,+441143745784,1982-10-21,GB,2022-10-23T03:28:04
306,Patricia Garcia,patricia.garcia2831@outlook.com,+334503052004,1958-02-11,FR,2024-01-06T12:06:14
307,Orhan Akdoğan,orhan.akdogan4150@gmail.com,+908115691087,1957-04-16,TR,2022-10-24T13:20:56
308,Kenneth Walker,kenneth.walker1972@yahoo.com,+443667486669,2001-12-01,GB,2021-08-17T08:21:01
309,Christina Ward,christina.ward4800@proton.me,+14412966150,2003-12-19,US,2022-04-16T12:17:59
310,Karin Müller,karin.muller8631@icloud.com,+491243225873,1957-08-12,DE,2024-06-04T02:48:19
311,Thomas Van der Walt,thomas.vanderwalt6719@outlook.com,+272251786429,1954-01-15,ZA,2023-11-06T18:45:27
312,Ettore Vitali,ettore.vitali1694@yahoo.com,+394891412856,1970-11-26,IT,2022-10-30T12:31:53
313,Elijah Ortiz,elijah.ortiz1788@yahoo.com,+16241517545,1983-11-09,US,2023-05-01T08:29:47
314,Álvaro Medina,alvaro.medina1397@proton.me,+344890031950,1991-10-09,ES,2021-09-10T13:07:49
315,Nicole Harrison,nicole.harrison1704@hotmail.com,+13161808844,2003-07-24,US,2026-03-29T00:49:09
316,Henry Harris,henry.harris4765@hotmail.com,+11765983150,1989-06-23,US,2022-06-27T00:37:24
317,Yannik Schulze,yannik.schulze3129@yahoo.com,+491554220645,2005-04-20,DE,2025-04-16T18:08:30
318,Berit Johansen,berit.johansen3798@proton.me,+474633053048,1982-07-18,NO,2026-01-26T14:17:27
319,Vladyslav Serhiyenko,vladyslav.serhiyenko2292@yahoo.com,+3807753432758,1962-06-09,UA,2024-09-26T05:04:15
320,Manon van de Ven,manon.vandeven3719@proton.me,+317516231843,1994-06-14,NL,2024-07-24T21:11:28
321,Theresa Thomas,theresa.thomas5661@yahoo.com,+497234045873,1951-02-16,DE,2023-12-06T02:05:15
322,Gregor Krause,gregor.krause2811@proton.me,+494362418030,1969-01-21,DE,2022-03-20T01:14:43
323,Ida Weber,ida.weber5733@yahoo.com,+498242027626,1948-06-04,DE,2025-05-14T22:36:24
324,Lisa Krüger,lisa.kruger2506@yahoo.com,+499031240541,2006-11-28,DE,2024-10-09T00:05:39
325,Serena Colonna,serena.colonna7661@proton.me,+394722853743,1978-04-05,IT,2023-03-23T12:15:28
326,Pranita Saxena,pranita.saxena8665@outlook.com,+912590884478,1952-01-14,IN,2021-05-17T18:56:27
327,Fernando de Oliveira,fernando.deoliveira8535@hotmail.com,+553850586856,1965-07-30,BR,2022-07-11T23:33:53
328,Rahul Bhardwaj,rahul.bhardwaj5566@hotmail.com,+918832590973,1973-12-23,IN,2024-11-09T16:52:08
329,Axel Olson,axel.olson5546@proton.me,+11146678666,1987-10-18,US,2022-08-28T21:48:51
330,Naina Randhawa,naina.randhawa8107@hotmail.com,+916980495551,1980-08-17,IN,2023-12-23T10:04:07
331,Roswitha Zimmermann,roswitha.zimmermann8593@proton.me,+499072686177,2003-12-18,DE,2022-08-29T07:45:03
332,Bianca Moro,bianca.moro5582@hotmail.com,+396448906884,1985-10-19,IT,2025-01-12T10:11:18
333,Lakshmi Sng,lakshmi.sng5966@icloud.com,+652860009886,1982-02-17,SG,2022-11-12T13:22:48
334,Joseph Lee,joseph.lee7100@hotmail.com,+613494140760,1956-07-31,AU,2023-01-25T16:07:18
335,Mason Norton,mason.norton7105@icloud.com,+14051049487,1980-07-14,CA,2025-02-14T18:25:10
336,Sharmila Tandon,sharmila.tandon4345@proton.me,+912648592324,1950-09-05,IN,2023-06-21T10:43:04
337,Keith Patel,keith.patel4832@proton.me,+445987848575,1986-02-18,GB,2024-07-29T22:21:53
338,Katelyn Holmes,katelyn.holmes8244@hotmail.com,+18350250360,1974-12-14,CA,2022-10-06T01:33:05
339,Kalila Al Zarooni,kalila.alzarooni9027@outlook.com,+9711657571593,1996-02-19,AE,2021-12-11T22:22:18
340,Patrick Grant,patrick.grant9820@hotmail.com,+447687271848,1957-03-17,GB,2026-02-09T22:58:43
341,Nina Brzozowski,nina.brzozowski8777@yahoo.com,+481525899115,1964-03-12,PL,2023-09-23T05:40:41
342,Matilde López,matilde.lopez486@hotmail.com,+348386706389,1974-11-16,ES,2024-11-09T23:44:13
343,Celia Lopes,celia.lopes5577@icloud.com,+559817074607,1988-10-29,BR,2023-07-18T11:57:53
344,Cinzia Volpe,cinzia.volpe7690@gmail.com,+393909765487,1960-12-05,IT,2021-08-14T06:04:03
345,Hugues David,hugues.david9124@proton.me,+331980400118,1959-11-13,FR,2026-03-29T21:02:57
346,Zoriana Matviyenko,zoriana.matviyenko7205@yahoo.com,+3809286498988,1973-10-08,UA,2021-12-14T04:58:11
347,Estelle Moulin,estelle.moulin4107@gmail.com,+336340175331,1965-10-31,FR,2025-03-09T05:21:30
348,Xiaoqing Dai,xiaoqing.dai1758@outlook.com,+864911478668,1971-09-30,CN,2022-11-22T19:31:18
349,Carl Bendtsen,carl.bendtsen7976@yahoo.com,+451384872853,1954-05-20,DK,2022-03-16T23:36:02
350,Vihaan Talwar,vihaan.talwar6862@outlook.com,+915969978884,1946-08-25,IN,2022-12-31T05:13:32
351,Sa-rang Go,sarang.go3494@hotmail.com,+827598430010,1962-02-11,KR,2025-02-15T08:53:56
352,Kgaugelo Muller,kgaugelo.muller9149@yahoo.com,+271532328814,1992-01-10,ZA,2024-03-13T20:58:29
353,Finn Bjørnsen,finn.bjrnsen672@yahoo.com,+471173443687,1969-12-22,NO,2022-07-15T05:21:50
354,Thomas Toft,thomas.toft5403@yahoo.com,+457592374153,2008-05-09,DK,2024-09-07T13:46:56
355,Jamie Lopez,jamie.lopez1827@hotmail.com,+15874093195,1949-04-11,US,2022-01-08T06:37:39
356,Alberto Aguilar,alberto.aguilar3564@outlook.com,+347235000503,2001-10-20,ES,2025-04-28T12:02:18
357,Brittney Jackson,brittney.jackson2191@proton.me,+14069194611,2001-08-04,US,2021-11-17T09:32:55
358,Anatoliy Zagorodniy,anatoliy.zagorodniy5845@icloud.com,+3809363453597,1960-07-12,UA,2022-02-18T02:37:39
359,Janina Bednarski,janina.bednarski601@outlook.com,+486093072299,1993-03-13,PL,2023-03-18T18:52:44
360,Dennis Herrera,dennis.herrera8519@gmail.com,+17770562202,1972-02-18,US,2022-12-26T23:01:16
361,Verena Voigt,verena.voigt162@yahoo.com,+499092170209,1978-02-09,DE,2024-09-12T20:36:38
362,Carla Rodrigues,carla.rodrigues6015@icloud.com,+556631268971,1997-11-28,BR,2023-10-19T02:39:20
363,Alexa Garza,alexa.garza8779@hotmail.com,+13653972279,1952-03-04,US,2024-08-26T15:31:48
364,Chun-hee Bae,chunhee.bae226@icloud.com,+828190109269,2005-11-08,KR,2025-04-01T07:11:15
365,Cauã Soares,caua.soares996@gmail.com,+558511469663,1968-02-27,BR,2025-11-02T02:21:19
366,Halyna Honcharuk,halyna.honcharuk2262@icloud.com,+3805422051878,1974-01-23,UA,2023-01-19T18:00:53
367,Jimena Carrasco,jimena.carrasco6551@icloud.com,+341866122511,2002-03-16,ES,2022-04-03T09:47:43
368,Zoe Henderson,zoe.henderson6935@gmail.com,+447522772314,1951-07-28,GB,2024-12-12T20:11:51
369,Vinita Rajaraman,vinita.rajaraman4562@hotmail.com,+919088051374,2004-09-16,IN,2022-12-23T21:19:34
370,Alla Kornienko,alla.kornienko4250@proton.me,+3805174399151,1951-10-07,UA,2022-08-15T04:36:12
371,Rosalie Baumann,rosalie.baumann4400@outlook.com,+495469049282,1975-01-18,DE,2024-05-29T04:46:25
372,Tobias Wahlström,tobias.wahlstrom8440@outlook.com,+466388532339,2006-09-28,SE,2021-10-28T10:43:03
373,Naomi Nakada,naomi.nakada7983@hotmail.com,+818829458288,1956-08-24,JP,2025-05-21T04:54:43
374,Willian Pereira,willian.pereira3612@icloud.com,+557321574212,1959-03-30,BR,2024-08-23T19:43:04
375,İlhan Coşkun,ilhan.coskun4949@proton.me,+909526534802,1978-08-03,TR,2024-04-23T14:23:52
376,Leandro Dantas,leandro.dantas9100@icloud.com,+551495316295,2000-03-11,BR,2024-12-18T19:25:32
377,Bastian Pfeiffer,bastian.pfeiffer5223@outlook.com,+493166494710,1994-04-26,DE,2023-11-17T17:46:09
378,Bastien Widmer,bastien.widmer9073@hotmail.com,+417352389346,1997-05-16,CH,2025-11-08T04:46:52
379,Connor Scott,connor.scott3931@yahoo.com,+611722076564,1964-12-16,AU,2023-12-31T11:00:12
380,Julian Hall,julian.hall891@yahoo.com,+617225474412,1962-10-08,AU,2025-04-11T09:09:45
381,Bethany Young,bethany.young5647@gmail.com,+12823696779,1965-05-06,US,2022-05-15T02:33:16
382,Diane Elliott,diane.elliott6697@hotmail.com,+18168264105,1954-08-05,US,2023-05-18T20:10:41
383,Gaëlle Lemaire,gaelle.lemaire9091@outlook.com,+334536569966,1980-04-18,FR,2025-07-10T01:02:41
384,Guizhen Zhu,guizhen.zhu1487@yahoo.com,+861786418670,1948-07-19,CN,2021-06-03T11:01:48
385,Taishi Takeuchi,taishi.takeuchi5382@hotmail.com,+815873833888,1991-06-01,JP,2023-10-04T09:43:23
386,Kristina Jacobsen,kristina.jacobsen6380@icloud.com,+453605697762,1971-07-14,DK,2024-01-16T17:17:50
387,Lizzy van Rijn,lizzy.vanrijn1913@icloud.com,+316976690595,2007-06-24,NL,2024-10-24T22:31:01
388,Mana Noguchi,mana.noguchi8943@outlook.com,+819512129237,1984-06-27,JP,2025-12-11T20:58:22
389,Taisuke Kawakami,taisuke.kawakami6204@gmail.com,+819041104378,2001-03-05,JP,2024-01-04T01:12:32
390,Sushma Paul,sushma.paul755@hotmail.com,+911600835818,1989-09-17,IN,2023-05-22T20:52:49
391,Andries Maluleke,andries.maluleke6719@yahoo.com,+274761181664,1969-09-13,ZA,2023-10-11T20:08:12
392,Raymond Tran,raymond.tran5026@yahoo.com,+12344700768,1947-09-23,CA,2025-08-08T18:15:49
393,Jeremy Moore,jeremy.moore1531@yahoo.com,+447786622327,1979-12-27,GB,2024-11-22T23:42:40
394,Aurora Murray,aurora.murray5660@yahoo.com,+443382512441,1995-10-30,GB,2022-03-23T10:22:04
395,Emerson Dias,emerson.dias3122@yahoo.com,+554904515862,1973-06-24,BR,2024-03-18T09:43:57
396,Carolina Araújo,carolina.araujo3736@icloud.com,+556235310721,1998-06-20,BR,2024-02-26T10:57:07
397,Laetitia Bonnet,laetitia.bonnet203@gmail.com,+333447751973,1974-11-02,FR,2022-10-13T11:41:42
398,Violet Bryant,violet.bryant9065@outlook.com,+13706448637,1962-03-04,US,2022-12-05T18:17:39
399,Lourdes Delgado,lourdes.delgado2857@outlook.com,+529486821462,1960-02-07,MX,2023-10-26T22:31:48
400,Imran Al Zaabi,imran.alzaabi6189@gmail.com,+9713188513866,1950-07-29,AE,2023-09-27T18:09:52
401,Madeline Vega,madeline.vega5038@gmail.com,+11314848963,1958-02-08,US,2022-02-25T23:29:01
402,Lesya Ponomarenko,lesya.ponomarenko8980@icloud.com,+3808634545251,1972-10-05,UA,2022-02-05T23:51:32
403,Clara Köhler,clara.kohler1858@outlook.com,+498294322035,1965-01-11,DE,2026-03-15T02:51:11
404,Sean Maldonado,sean.maldonado425@hotmail.com,+19400414179,1989-07-07,US,2025-12-08T23:22:19
405,Floriano Monteiro,floriano.monteiro3486@proton.me,+558936612240,1949-02-15,BR,2025-08-25T19:45:18
406,Wanda Morales,wanda.morales6607@icloud.com,+16598506766,2006-09-22,US,2024-10-27T13:02:00
407,Annabelle Cole,annabelle.cole2680@outlook.com,+443001586403,1972-02-04,GB,2024-03-25T15:16:48
408,Dylan Baker,dylan.baker6357@icloud.com,+447115679544,1955-06-05,GB,2025-06-08T04:47:17
409,Hans Qvist,hans.qvist4230@hotmail.com,+462277304845,1953-06-19,SE,2025-12-01T11:29:17
410,Sviatoslav Chernysh,sviatoslav.chernysh1218@hotmail.com,+3809181393540,1962-06-23,UA,2025-10-31T08:26:15
411,Samuel Montes,samuel.montes6877@icloud.com,+522864600025,1993-08-16,MX,2021-07-22T08:51:26
412,Ruth Martin,ruth.martin2896@icloud.com,+492588355365,1964-08-26,DE,2022-02-22T13:05:01
413,Pauline Jones,pauline.jones1265@outlook.com,+13911380815,1997-10-29,US,2021-11-12T05:39:51
414,Gunda Schreiber,gunda.schreiber4952@yahoo.com,+497205606864,1947-07-24,DE,2022-07-27T18:24:15
415,Gus Barnes,gus.barnes5790@hotmail.com,+619323415603,2005-05-14,AU,2022-07-27T00:12:41
416,Fidel Vidal,fidel.vidal7954@yahoo.com,+342274996032,1998-07-06,ES,2022-03-25T19:13:49
417,Esther Madsen,esther.madsen9118@proton.me,+454841182489,1973-11-08,DK,2022-09-21T03:38:14
418,Orlando Ricci,orlando.ricci4256@proton.me,+391276683333,1997-07-19,IT,2021-10-03T22:37:23
419,Yolanda Soto,yolanda.soto3136@proton.me,+347668192758,1962-12-01,ES,2023-04-22T18:38:10
420,Brayden Carroll,brayden.carroll5124@icloud.com,+14934788565,1997-01-14,US,2025-06-30T10:48:19
421,Taylor Clayton,taylor.clayton6963@hotmail.com,+15044555048,1971-10-11,CA,2025-10-05T20:39:53
422,Emel Turgut,emel.turgut8912@icloud.com,+902167787328,1967-08-01,TR,2025-11-16T09:46:00
423,Jonah Wheeler,jonah.wheeler7888@proton.me,+12704587792,1986-04-23,US,2024-11-25T12:58:47
424,Eden Ross,eden.ross406@proton.me,+612208317755,1952-07-24,AU,2023-03-19T01:57:35
425,Maria Alves,maria.alves2860@yahoo.com,+552181046419,1948-05-04,BR,2025-04-16T23:01:08
426,Mandla Groenewald,mandla.groenewald463@gmail.com,+277077400285,1978-07-27,ZA,2025-02-08T06:27:32
427,Jesús Paredes,jesus.paredes5205@yahoo.com,+523858275283,1959-08-11,MX,2023-07-11T08:45:20
428,Ophelia Brown,ophelia.brown9772@proton.me,+447790193692,2003-09-01,GB,2026-04-03T02:54:33
429,Félix Vieira,felix.vieira1782@proton.me,+553611967889,1946-07-18,BR,2025-01-06T03:01:15
430,Jocelyn Wilson,jocelyn.wilson6555@yahoo.com,+16542473745,1990-03-11,US,2025-12-12T01:05:53
431,Takeru Sasaki,takeru.sasaki2140@hotmail.com,+817091561341,1986-05-31,JP,2026-05-11T15:39:33
432,Delilah Gomez,delilah.gomez3257@icloud.com,+12121622872,1968-06-23,US,2023-01-31T11:26:52
433,Kiko Kawano,kiko.kawano9357@outlook.com,+818926567040,1981-02-10,JP,2026-03-30T05:53:31
434,Margherita Caruso,margherita.caruso1762@proton.me,+393646028706,1963-07-01,IT,2022-02-18T00:35:04
435,Hilde Wolf,hilde.wolf8259@icloud.com,+495250767621,1988-08-09,DE,2022-01-16T16:21:14
436,Kennedy Ortega,kennedy.ortega4394@yahoo.com,+12887545820,1951-07-24,US,2023-02-03T14:11:48
437,Nazar Mykytenko,nazar.mykytenko9735@hotmail.com,+3802954426491,1948-05-12,UA,2025-10-06T12:13:50
438,Roberta Bastos,roberta.bastos9330@proton.me,+556660234630,1970-11-06,BR,2024-01-24T18:56:09
439,Denise Tran,denise.tran1157@proton.me,+13470882492,1993-12-29,US,2025-06-04T20:51:36
440,Rozalia Górecki,rozalia.gorecki4637@proton.me,+489861728457,1977-11-25,PL,2024-08-29T12:33:45
441,Joseph Parent,joseph.parent3549@hotmail.com,+331725022708,1961-04-25,FR,2022-07-08T15:41:47
442,Janice Warren,janice.warren6837@outlook.com,+12100725463,1957-01-08,US,2025-02-24T14:19:20
443,Clare Turner,clare.turner1000@icloud.com,+444791842816,1958-11-29,GB,2021-12-29T03:04:09
444,Luthando Davids,luthando.davids5619@yahoo.com,+273444584247,1998-08-15,ZA,2021-11-25T10:58:06
445,Kathrin Winter,kathrin.winter9859@outlook.com,+499940920231,1955-02-10,DE,2024-02-20T20:13:20
446,Kimberly Spencer,kimberly.spencer6127@yahoo.com,+19143815354,1993-03-19,US,2025-12-24T00:06:13
447,Mia Hernandes,mia.hernandes8709@hotmail.com,+18907724826,2004-10-16,US,2023-06-11T00:28:11
448,Paulo Matos,paulo.matos3779@proton.me,+3519384574261,1968-06-14,PT,2025-06-14T13:10:16
449,Jasper Scott,jasper.scott2859@proton.me,+442319167744,1966-11-05,GB,2021-09-22T11:04:26
450,Caroline Payne,caroline.payne801@yahoo.com,+16124539959,1979-12-25,US,2024-05-21T05:04:17
451,Klaus Kaiser,klaus.kaiser6557@gmail.com,+498517357705,1997-10-03,DE,2024-03-07T11:30:45
452,Lawrence Perkins,lawrence.perkins3553@icloud.com,+16759564538,1998-02-21,US,2023-07-15T20:19:42
453,Bradley Phillips,bradley.phillips9060@hotmail.com,+442846203645,1946-12-24,GB,2025-01-06T17:17:16
454,Brígida Pacheco,brigida.pacheco3683@gmail.com,+3514739867094,1970-09-19,PT,2024-03-14T21:12:10
455,Penelope Stevens,penelope.stevens3178@hotmail.com,+13393466030,1949-08-27,US,2024-08-24T10:32:08
456,Olivia Figueroa,olivia.figueroa2508@yahoo.com,+12203501761,2000-11-13,US,2024-04-21T11:16:25
457,Renato dos Santos,renato.dossantos5739@icloud.com,+553014826073,2002-11-23,BR,2024-12-19T08:37:05
458,Lotte Dall,lotte.dall577@gmail.com,+454752248083,1987-05-17,DK,2026-03-03T17:35:31
459,Patrice Rousseau,patrice.rousseau7049@outlook.com,+332439380183,1984-03-25,FR,2025-01-26T02:36:59
460,Chloé Dumas,chloe.dumas1029@proton.me,+338548344147,1953-11-07,FR,2024-01-26T11:28:03
461,Natalia Townsend,natalia.townsend4573@outlook.com,+14511471439,1994-01-24,CA,2022-09-10T19:53:19
462,Molly Griffin,molly.griffin8152@proton.me,+17841553958,1995-11-23,US,2024-02-16T01:36:01
463,Jade Martinez,jade.martinez5895@icloud.com,+17706798542,1984-09-01,US,2022-04-08T15:51:43
464,Pernille Villadsen,pernille.villadsen4675@hotmail.com,+453207575676,1960-11-24,DK,2026-02-28T05:23:15
465,Luis Navarro,luis.navarro3421@hotmail.com,+527583899925,1999-02-23,MX,2022-12-02T14:27:54
466,Johannes Ludwig,johannes.ludwig5243@gmail.com,+495515716731,1950-10-19,DE,2023-10-06T08:44:58
467,Aurora Ward,aurora.ward7632@yahoo.com,+617432758690,1962-11-25,AU,2022-06-03T12:39:07
468,Min Du,min.du4152@proton.me,+868261377903,1953-12-15,CN,2023-08-14T15:13:53
469,Ulrike Lehmann,ulrike.lehmann5726@hotmail.com,+498324446808,2002-03-26,DE,2021-08-03T04:16:33
470,Marcello Carbone,marcello.carbone8778@proton.me,+393631569402,1994-10-26,IT,2023-12-15T22:59:55
471,Roger Palmer,roger.palmer3234@gmail.com,+445937100041,1947-04-28,GB,2022-10-11T09:50:27
472,Kyoko Ichikawa,kyoko.ichikawa6728@hotmail.com,+815519060450,2007-12-30,JP,2023-05-24T07:58:42
473,Jacky Durand,jacky.durand9758@icloud.com,+331072316894,1985-02-05,FR,2021-12-31T07:23:09
474,Sneha Gopalakrishnan,sneha.gopalakrishnan1416@proton.me,+913595508800,1970-11-14,IN,2024-01-17T08:15:18
475,Gertrude Lynch,gertrude.lynch2831@outlook.com,+17619202248,1978-04-16,US,2025-10-01T22:58:44
476,Theresia Meier,theresia.meier9033@proton.me,+493833995597,1994-10-30,DE,2023-12-28T22:05:53
477,Jayden Obrien,jayden.obrien1044@outlook.com,+15722276382,1990-04-07,CA,2023-06-21T23:54:58
478,Doris Schubert,doris.schubert1980@yahoo.com,+491395527807,1968-02-28,DE,2025-11-14T14:38:47
479,Rowan Dominguez,rowan.dominguez3938@gmail.com,+11835802654,2008-05-10,US,2022-11-21T22:27:33
480,Percy Nicholson,percy.nicholson4347@icloud.com,+445561770482,1946-11-14,GB,2025-07-18T01:53:37
481,Ezra Owens,ezra.owens7510@proton.me,+14339961645,1983-01-21,US,2025-10-17T21:08:05
482,Linnea Melin,linnea.melin5266@yahoo.com,+464696545877,1962-09-28,SE,2022-02-09T04:21:19
483,Jennifer Atkinson,jennifer.atkinson3641@outlook.com,+445018327284,2003-08-20,GB,2023-06-17T04:09:38
484,Shivansh Dhillon,shivansh.dhillon5749@proton.me,+919649836050,1975-01-07,IN,2024-09-07T14:27:03
485,Sebastian Webb,sebastian.webb3394@hotmail.com,+442102022974,1988-02-22,GB,2024-01-21T04:40:24
486,Christina Wilkerson,christina.wilkerson5121@icloud.com,+16791483483,1979-08-19,CA,2023-06-07T07:04:38
487,Alexis Bernard,alexis.bernard4249@proton.me,+331286464773,1986-02-24,FR,2025-02-23T00:48:28
488,Leopoldo Vera,leopoldo.vera5205@proton.me,+526774929299,1968-06-11,MX,2022-08-02T15:03:25
489,Nao Takano,nao.takano3629@proton.me,+813560462146,2007-12-05,JP,2021-07-24T03:08:06
490,Jarosław Duda,jarosaw.duda8197@yahoo.com,+483118505432,2001-02-28,PL,2022-03-31T08:33:17
491,Zi Yang Tham,ziyang.tham5347@yahoo.com,+657556170025,1992-03-26,SG,2023-09-22T05:54:29
492,Orest Franchuk,orest.franchuk8973@proton.me,+3806897640800,1963-09-19,UA,2025-10-24T00:02:48
493,Chelsea Singh,chelsea.singh5585@icloud.com,+615339709338,1978-12-11,AU,2021-09-01T21:45:47
494,Santiago Campos,santiago.campos7984@hotmail.com,+345147117226,1984-11-03,ES,2025-09-24T04:30:11
495,Emma Parker,emma.parker2178@gmail.com,+19578991942,1997-10-06,US,2025-09-10T00:15:10
496,Madison Patterson,madison.patterson622@yahoo.com,+17783799985,1960-10-09,US,2024-07-19T13:49:56
497,Myroslava Goncharenko,myroslava.goncharenko1688@icloud.com,+3802571481958,1972-04-07,UA,2024-11-27T01:44:12
498,Vera Mulder,vera.mulder6746@proton.me,+313386402230,1974-02-15,NL,2022-08-07T16:58:24
499,Tobías Castro,tobias.castro8182@hotmail.com,+344013558932,1967-02-28,ES,2023-11-26T04:34:16
500,Genelia Reddy,genelia.reddy9262@gmail.com,+915234049824,1974-11-19,IN,2025-02-03T08:13:11
501,Woo-jin Lee,woojin.lee3095@proton.me,+825366626819,1977-07-02,KR,2022-01-28T02:37:18
502,Vera Seidel,vera.seidel3989@icloud.com,+491867357561,1965-05-28,DE,2021-11-02T21:46:20
503,Cayetano Gómez,cayetano.gomez780@yahoo.com,+344231537307,1954-07-01,ES,2024-06-27T18:53:06
504,Naledi Lombard,naledi.lombard6107@yahoo.com,+279752775118,1965-12-21,ZA,2023-03-18T02:12:44
505,Caroline Bühler,caroline.buhler8334@gmail.com,+418640040226,1998-06-02,CH,2026-03-14T16:04:58
506,Leonard Schulte,leonard.schulte105@gmail.com,+496559667084,1997-02-03,DE,2024-05-21T19:55:09
507,Arjun Warrier,arjun.warrier4138@proton.me,+911470897332,2005-05-15,IN,2023-03-25T14:01:18
508,Noah Watts,noah.watts992@yahoo.com,+449112324420,1948-01-21,GB,2024-12-13T20:26:59
509,Alice Coleman,alice.coleman1196@proton.me,+19543790366,1980-07-07,US,2024-07-03T14:08:01
510,Swati Bhat,swati.bhat9298@gmail.com,+919386783968,1979-05-07,IN,2022-03-23T01:31:07
511,Emanuele Sartori,emanuele.sartori3754@gmail.com,+397048667737,1964-09-21,IT,2022-06-15T22:12:32
512,Bryson Castillo,bryson.castillo8264@gmail.com,+18332084998,1971-09-21,US,2026-01-03T22:48:02
513,Vincent Hart,vincent.hart2639@outlook.com,+12376433200,1984-07-05,CA,2024-07-25T12:41:58
514,Elliot Stevenson,elliot.stevenson3872@hotmail.com,+447207410356,1982-09-19,GB,2026-03-05T22:40:38
515,Fabiola Mendez,fabiola.mendez4344@outlook.com,+525537950974,1959-08-28,MX,2022-08-25T06:43:24
516,Declan Stewart,declan.stewart7295@proton.me,+616542129008,1971-10-14,AU,2025-01-06T06:36:42
517,Mark Klaassen,mark.klaassen8184@outlook.com,+316848612852,1988-10-17,NL,2025-08-29T04:06:06
518,Sonal Saini,sonal.saini9149@hotmail.com,+911264824847,2007-09-03,IN,2022-03-03T23:20:40
519,Justyna Pawlak,justyna.pawlak1863@outlook.com,+484537224439,1952-11-15,PL,2025-01-02T03:20:09
520,Patrick Howard,patrick.howard7545@icloud.com,+612743796575,1973-10-19,AU,2025-08-08T18:30:05
521,Nicole Pohl,nicole.pohl1544@gmail.com,+491827949591,1949-04-25,DE,2022-04-17T15:25:46
522,Mark Coghlan,mark.coghlan9692@hotmail.com,+3537158228049,1967-06-07,IE,2022-07-18T16:49:30
523,Leo Barrett,leo.barrett9073@icloud.com,+17883891538,1966-10-07,CA,2026-03-30T19:23:07
524,Sarah Mohlala,sarah.mohlala4474@icloud.com,+278765796420,1978-03-16,ZA,2025-12-18T07:02:30
525,Carla Suárez,carla.suarez9609@hotmail.com,+342382345261,1967-10-11,ES,2021-05-30T20:55:04
526,Harold Alexander,harold.alexander3827@proton.me,+17821980236,1954-11-07,US,2024-11-24T04:23:34
527,Samuel Charles,samuel.charles900@gmail.com,+334296411650,1959-08-27,FR,2025-02-17T10:52:30
528,Léopold Smet,leopold.smet8515@proton.me,+322216496474,1993-04-10,BE,2022-12-30T06:33:41
529,Amelie Porter,amelie.porter4464@icloud.com,+441875190720,1997-04-10,GB,2022-03-12T11:01:53
530,Herta Ziegler,herta.ziegler6349@icloud.com,+496196296178,1991-08-20,DE,2025-04-29T13:17:55
531,Blanche Faure,blanche.faure5380@outlook.com,+332254209358,1956-06-27,FR,2026-01-12T23:08:52
532,Ophélie Klein,ophelie.klein3220@outlook.com,+337991944516,1959-03-30,FR,2023-08-18T00:47:39
533,Namita Raina,namita.raina9749@icloud.com,+914992835937,2006-03-27,IN,2022-08-04T00:58:05
534,Lorenzo Nieto,lorenzo.nieto3732@icloud.com,+346764260536,1968-09-17,ES,2022-03-24T11:36:10
535,Kokoro Suzuki,kokoro.suzuki3967@yahoo.com,+811467464079,1949-04-12,JP,2022-11-01T20:25:04
536,Fraser Andrews,fraser.andrews7182@gmail.com,+442143082690,1974-02-23,GB,2024-07-31T23:03:29
537,Anthony Jackson,anthony.jackson4457@hotmail.com,+445493687620,1964-08-12,GB,2023-04-10T10:37:15
538,Brandon Butler,brandon.butler8450@gmail.com,+15946511437,2008-05-14,US,2024-07-05T08:19:11
539,Zdzisława Jabłoński,zdzisawa.jabonski399@yahoo.com,+481771378856,1954-10-17,PL,2021-09-13T18:39:12
540,Walter Hale,walter.hale5007@yahoo.com,+12099592540,1973-03-12,US,2025-05-07T12:13:04
541,Hans Postma,hans.postma4489@proton.me,+312516673528,2007-07-02,NL,2026-02-05T14:25:29
542,Patrícia Correia,patricia.correia6283@proton.me,+3518178601455,1959-02-13,PT,2025-03-16T12:46:33
543,Fausto Brito,fausto.brito6390@proton.me,+558817914620,1978-07-26,BR,2022-02-04T23:26:13
544,Marian Kaźmierczak,marian.kazmierczak4993@proton.me,+488044500877,1970-09-14,PL,2022-01-16T22:13:48
545,Veronica Hamilton,veronica.hamilton3998@hotmail.com,+14884886067,1989-04-07,US,2021-09-17T16:56:04
546,Caleb Cunningham,caleb.cunningham3269@gmail.com,+616849828040,1955-06-25,AU,2024-09-16T11:17:06
547,Florian Gauthier,florian.gauthier5121@icloud.com,+339124915074,1997-03-26,FR,2021-12-18T01:58:13
548,Melania Filenko,melania.filenko4308@outlook.com,+3802919756663,1992-10-27,UA,2024-01-08T09:54:44
549,Penelope Jefferson,penelope.jefferson5927@icloud.com,+12943168826,2006-06-20,CA,2023-05-08T13:11:11
550,Monika Pawar,monika.pawar9515@hotmail.com,+911489353394,1984-04-06,IN,2023-11-09T20:19:16
551,Reinier Hermans,reinier.hermans1002@proton.me,+317938330863,1987-03-08,NL,2021-10-12T15:44:37
552,Qian Shi,qian.shi712@gmail.com,+865983434379,1986-08-22,CN,2024-06-21T08:28:13
553,Nesrin Yüksel,nesrin.yuksel6075@hotmail.com,+907081661347,2003-05-29,TR,2024-10-29T21:48:00
554,Gonçalo Brito,goncalo.brito8398@outlook.com,+3516802447122,1973-01-29,PT,2023-03-11T06:38:21
555,Vic Vandewalle,vic.vandewalle3216@hotmail.com,+329727628357,1985-09-02,BE,2021-05-28T15:50:50
556,Caitlin Evans,caitlin.evans8407@outlook.com,+619986184417,1963-07-16,AU,2024-09-05T01:53:40
557,Kieran Harrison,kieran.harrison754@hotmail.com,+446898543414,1964-05-20,GB,2024-05-12T15:46:30
558,Asia Morelli,asia.morelli6460@hotmail.com,+392342282268,1957-09-25,IT,2023-04-15T20:41:20
559,Barry Cooper,barry.cooper1086@yahoo.com,+448941192092,1968-09-19,GB,2024-05-02T20:26:59
560,Mi-hee Seol,mihee.seol810@yahoo.com,+829197355718,2002-06-22,KR,2023-01-18T07:52:31
561,Katsuya Matsui,katsuya.matsui3542@icloud.com,+812148774847,1971-09-18,JP,2025-04-29T05:16:25
562,Zara Richards,zara.richards3951@icloud.com,+443162125172,2002-07-30,GB,2021-10-09T21:47:14
563,Thomas Petit,thomas.petit2903@gmail.com,+331714611547,1968-04-11,FR,2023-08-19T14:05:57
564,Nicole Moretti,nicole.moretti4876@icloud.com,+394935901713,1946-12-12,IT,2025-11-23T04:41:17
565,Mosa Smit,mosa.smit8179@icloud.com,+275565416270,1978-09-18,ZA,2025-11-09T03:14:32
566,Parker Sims,parker.sims1746@gmail.com,+12635659576,1971-09-26,US,2023-04-28T09:10:19
567,Else Scholz,else.scholz4523@icloud.com,+498822137792,1965-01-04,DE,2021-12-19T11:36:23
568,Xiaoping Xie,xiaoping.xie6331@outlook.com,+868833191033,1959-07-26,CN,2026-04-03T07:30:12
569,Jacob Shaw,jacob.shaw6961@outlook.com,+14380703119,1979-10-10,US,2023-10-29T14:58:25
570,Rachel Oliver,rachel.oliver3076@outlook.com,+19958896802,1953-09-30,US,2022-08-26T19:28:20
571,Vera Lundberg,vera.lundberg5037@gmail.com,+467405083787,1949-04-16,SE,2024-12-31T09:41:38
572,Laurence Marie,laurence.marie5319@icloud.com,+331870578470,1994-01-26,FR,2022-12-27T16:06:08
573,Esther Stephens,esther.stephens6614@hotmail.com,+11309780267,1996-03-25,US,2022-04-27T00:50:42
574,Trevor Beck,trevor.beck3585@proton.me,+449938066506,1949-01-02,GB,2025-04-28T06:29:27
575,Jeannine Leroux,jeannine.leroux6107@yahoo.com,+335224269285,1965-09-06,FR,2021-06-01T23:22:41
576,Scott Ramos,scott.ramos66@hotmail.com,+13656741277,1998-06-02,US,2022-12-08T02:43:05
577,Toshiro Masuda,toshiro.masuda620@hotmail.com,+816593647020,1987-01-18,JP,2025-05-06T05:52:31
578,Ane Martín,ane.martin3056@outlook.com,+344550268925,1947-12-28,ES,2024-07-18T09:24:06
579,Giorgio Fattori,giorgio.fattori7299@hotmail.com,+394323874454,1973-06-05,IT,2024-11-30T13:14:10
580,Fiorella Riccardi,fiorella.riccardi8501@hotmail.com,+396075464127,1973-06-22,IT,2021-12-11T06:56:30
581,Leslie Le,leslie.le9575@gmail.com,+16079081890,2007-02-26,US,2024-12-18T09:46:28
582,Giada Garibaldi,giada.garibaldi2594@hotmail.com,+399719106382,1985-07-08,IT,2022-01-30T11:06:09
583,Bethany Russell,bethany.russell2376@yahoo.com,+449234303622,1988-07-24,GB,2022-10-20T00:13:53
584,Tugba Can,tugba.can5872@gmail.com,+902215234044,1966-03-16,TR,2021-09-15T11:23:09
585,Margaret Snyder,margaret.snyder1906@outlook.com,+12925403497,1972-03-31,US,2022-08-19T21:42:59
586,Alia Rahman,alia.rahman7533@yahoo.com,+911143387246,1960-10-18,IN,2023-12-27T17:50:16
587,Frédéric Boyer,frederic.boyer2638@yahoo.com,+333724328365,1965-09-19,FR,2024-10-06T20:05:49
588,Joshua Fernandez,joshua.fernandez9644@icloud.com,+11128809831,1977-04-13,US,2022-06-20T12:16:19
589,Stella Aronsson,stella.aronsson4274@gmail.com,+462695421712,1952-03-25,SE,2023-06-29T10:32:37
590,Irene Domínguez,irene.dominguez7221@yahoo.com,+346564583956,1973-12-18,ES,2025-05-09T11:39:19
591,Christian Marshall,christian.marshall5320@proton.me,+12028775508,1960-04-18,US,2021-10-16T12:33:33
592,Ellie Campbell,ellie.campbell3543@hotmail.com,+447512979060,1973-01-01,GB,2023-12-30T00:41:56
593,Hanna Bilyk,hanna.bilyk9081@yahoo.com,+3802388084638,1956-12-20,UA,2023-07-31T00:16:09
594,Utkarsh Sarkar,utkarsh.sarkar9921@icloud.com,+913458885717,1955-08-22,IN,2024-05-11T15:45:32
595,Marianna Milani,marianna.milani380@yahoo.com,+396697406456,1996-03-21,IT,2021-06-16T08:59:19
596,Ola Michałowski,ola.michaowski3976@yahoo.com,+482958100449,1963-03-17,PL,2023-07-07T17:53:20
597,Julius Andersen,julius.andersen2308@gmail.com,+459335012660,1965-02-17,DK,2024-08-10T10:55:14
598,Erik Koch,erik.koch4772@gmail.com,+493537962257,1948-03-16,DE,2026-03-22T04:24:22
599,Zoe Vogel,zoe.vogel1680@icloud.com,+499267084661,1960-03-04,DE,2022-05-10T13:37:53
600,Lola Sáez,lola.saez1317@icloud.com,+344716707895,1958-11-18,ES,2026-03-19T00:56:29
601,Carolyn Kelly,carolyn.kelly4578@proton.me,+17342622527,1965-11-27,US,2024-12-25T16:13:23
602,Gisela Bergmann,gisela.bergmann9032@yahoo.com,+497406940461,1992-09-01,DE,2024-01-29T16:19:42
603,Tuncer Acar,tuncer.acar9529@yahoo.com,+905442830313,1955-05-24,TR,2022-06-27T03:10:40
604,Cemre Gezer,cemre.gezer3125@gmail.com,+904643286553,1952-03-27,TR,2022-07-02T20:53:31
605,Genesis Wright,genesis.wright6933@outlook.com,+12801437321,1973-12-06,CA,2026-05-01T02:14:48
606,Helen Cole,helen.cole7319@gmail.com,+15639382433,1963-12-27,CA,2024-01-03T00:38:50
607,Hao Zeng,hao.zeng8116@yahoo.com,+861546829341,1952-12-12,CN,2023-07-20T14:43:21
608,Valeria Alberti,valeria.alberti2362@proton.me,+399992878939,1984-11-03,IT,2021-09-01T11:41:33
609,Louis Dean,louis.dean3612@yahoo.com,+12504600018,1973-02-08,US,2023-01-28T02:16:06
610,Adrienne Colin,adrienne.colin7646@proton.me,+338363327405,1996-12-09,FR,2023-04-12T02:07:50
611,Luna Juhl,luna.juhl5609@proton.me,+457078898154,1975-01-06,DK,2025-11-17T06:18:15
612,Carlota Ramos,carlota.ramos506@hotmail.com,+344855720725,1978-06-12,ES,2023-08-27T18:11:43
613,Maria Jonasson,maria.jonasson9898@hotmail.com,+461510347433,1958-06-19,SE,2025-05-18T20:33:14
614,Jolanta Lewandowski,jolanta.lewandowski2210@gmail.com,+487802283737,2004-10-19,PL,2022-12-18T13:05:05
615,Dora Grillo,dora.grillo5870@icloud.com,+395983046740,1977-01-14,IT,2025-09-12T22:36:33
616,Rainer Schröder,rainer.schroder8312@icloud.com,+493396100289,1958-01-30,DE,2025-01-28T21:30:49
617,Courtney Sandoval,courtney.sandoval641@proton.me,+17839086059,2002-10-28,US,2025-03-09T07:40:28
618,İlknur Durmaz,ilknur.durmaz1026@proton.me,+903164272766,1989-07-30,TR,2025-10-17T10:48:31
619,Koharu Kojima,koharu.kojima681@hotmail.com,+817326061620,2001-01-20,JP,2024-09-16T08:19:08
620,Bennett O'Brien,bennett.obrien5941@gmail.com,+15548327925,1972-05-24,US,2022-08-30T10:48:48
621,Dominique Benoit,dominique.benoit3000@hotmail.com,+338732786435,1995-02-05,FR,2022-03-20T07:29:51
622,Morgan Dunn,morgan.dunn1117@yahoo.com,+18850407820,1980-01-31,US,2023-03-13T08:13:23
623,Aurora Tucker,aurora.tucker7233@proton.me,+11101636716,1966-12-13,US,2023-03-15T15:31:31
624,Valentín Peña,valentin.pena5440@proton.me,+344335325859,1970-02-08,ES,2022-11-14T08:37:40
625,Nosipho Bosman,nosipho.bosman9855@proton.me,+276726688389,1992-05-29,ZA,2023-03-01T22:58:49
626,Emilia Kuhn,emilia.kuhn5129@outlook.com,+492010150276,1988-11-28,DE,2024-09-30T17:51:31
627,Gabriel Głowacki,gabriel.gowacki1856@gmail.com,+485934659967,2004-04-15,PL,2022-10-19T02:17:26
628,Vítor Vieira,vitor.vieira5830@gmail.com,+3518945300660,1960-06-09,PT,2023-09-13T06:16:51
629,Sora Nakayama,sora.nakayama4858@gmail.com,+812059519008,2007-03-31,JP,2024-12-21T11:54:47
630,Daniela Ribeiro,daniela.ribeiro5471@icloud.com,+552282077642,1971-07-11,BR,2021-10-27T22:47:18
631,Fakhra Al Shamsi,fakhra.alshamsi7586@proton.me,+9717745109417,1999-03-06,AE,2021-12-19T13:19:05
632,Ava Baker,ava.baker3224@outlook.com,+19529621865,1981-11-23,US,2025-09-29T11:38:34
633,Heinz Schnyder,heinz.schnyder9870@outlook.com,+413208899915,1954-10-28,CH,2022-12-06T10:23:35
634,Lorena Farina,lorena.farina5962@proton.me,+396235976009,1958-07-26,IT,2024-11-15T15:13:44
635,Imogen Ellis,imogen.ellis876@icloud.com,+611763251053,1949-05-01,AU,2022-09-23T11:18:32
636,Keith Murphy,keith.murphy7384@gmail.com,+11020553430,1961-01-21,US,2024-06-16T21:32:23
637,Diana Santoro,diana.santoro4557@outlook.com,+392294941116,1957-08-25,IT,2024-06-09T22:56:18
638,Kareema Al Shehhi,kareema.alshehhi3651@hotmail.com,+9711722295264,1998-12-13,AE,2022-07-05T11:36:38
639,Martin Schäfer,martin.schafer2421@outlook.com,+491949084532,1975-03-12,DE,2024-10-09T06:49:34
640,Richard Green,richard.green2248@yahoo.com,+443553651031,1979-03-15,GB,2026-01-07T04:05:58
641,Jesse Nguyen,jesse.nguyen4278@outlook.com,+18204539664,2004-08-24,US,2023-04-30T04:48:38
642,Benito Cabrera,benito.cabrera235@outlook.com,+343482342616,2001-01-28,ES,2023-09-27T07:02:35
643,Tess Kuiper,tess.kuiper1214@gmail.com,+317744930965,1958-04-19,NL,2021-10-25T02:44:46
644,Satoshi Hoshi,satoshi.hoshi3781@yahoo.com,+814156935755,2000-11-16,JP,2021-06-12T23:36:05
645,Tilde Hedberg,tilde.hedberg2530@proton.me,+463638844740,1982-11-23,SE,2026-04-04T02:07:59
646,Kyle Pena,kyle.pena220@hotmail.com,+15524461641,1987-12-05,US,2022-06-22T01:38:47
647,Lucas Hawkins,lucas.hawkins6810@proton.me,+441614759203,1951-09-03,GB,2024-10-09T17:37:46
648,Wei Jiang,wei.jiang2853@proton.me,+867738285220,2002-06-02,CN,2023-09-17T11:25:01
649,Ragnhild Strand,ragnhild.strand3894@yahoo.com,+477941538060,1975-03-07,NO,2022-12-04T08:57:11
650,Süleyman Öz,suleyman.oz2807@hotmail.com,+902567502314,1974-01-04,TR,2021-06-21T04:13:36
651,Andriy Bondarenko,andriy.bondarenko7059@gmail.com,+3804074563464,1951-03-07,UA,2023-02-19T10:28:24
652,Romane Rolland,romane.rolland3365@proton.me,+338427353440,1977-10-27,FR,2026-01-18T20:37:57
653,Enzo Schwarz,enzo.schwarz1285@proton.me,+414845790628,1974-10-04,CH,2025-12-05T19:00:02
654,Angelika Möller,angelika.moller8412@proton.me,+499522579501,1961-07-09,DE,2025-03-06T22:55:04
655,Ineke Maas,ineke.maas9703@proton.me,+317784988077,1958-12-08,NL,2021-07-25T18:50:43
656,Arda Demir,arda.demir4965@icloud.com,+902562002535,1977-03-11,TR,2025-06-22T10:55:15
657,Dominic Jensen,dominic.jensen2582@outlook.com,+619113733877,1966-07-31,AU,2025-12-27T11:02:39
658,Calvin Gardner,calvin.gardner4394@outlook.com,+19881354403,1985-12-09,US,2024-06-19T14:31:25
659,Miriam Ferrara,miriam.ferrara5673@yahoo.com,+391664109807,1952-01-18,IT,2023-04-07T01:45:05
660,Arthur Mercier,arthur.mercier4464@gmail.com,+332884264115,1976-03-02,FR,2024-01-20T17:36:04
661,Claudia Muñoz,claudia.munoz5032@gmail.com,+345393653625,1997-04-19,ES,2025-08-14T06:56:13
662,Lamya Al Khouri,lamya.alkhouri8014@icloud.com,+9714372947199,1969-04-27,AE,2026-02-04T07:27:12
663,Ruth Richardson,ruth.richardson5279@outlook.com,+13054007138,1947-10-25,US,2021-08-10T21:24:43
664,Dorothy Franklin,dorothy.franklin7240@outlook.com,+11615159226,1964-12-07,US,2024-03-13T21:51:58
665,Douglas Estrada,douglas.estrada4056@gmail.com,+15422855116,2002-08-14,CA,2022-05-25T11:17:13
666,Estelle Michel,estelle.michel5968@proton.me,+337109994163,1948-03-30,FR,2023-04-27T15:41:57
667,Asta Larsen,asta.larsen5013@hotmail.com,+458370331799,1969-01-09,DK,2025-05-19T01:59:16
668,Isabel Hernández,isabel.hernandez8331@icloud.com,+346495037005,1990-06-11,ES,2022-02-04T06:06:02
669,Simon Wilson,simon.wilson8227@hotmail.com,+279997094533,2001-02-23,ZA,2024-08-05T14:19:03
670,Hunter Walker,hunter.walker4167@outlook.com,+16381374644,1973-12-11,US,2025-04-26T17:02:18
671,Tülin Özgür,tulin.ozgur7918@gmail.com,+901653669140,2004-12-14,TR,2024-01-24T10:36:33
672,Nina de Wit,nina.dewit6891@yahoo.com,+317851480820,1981-07-28,NL,2025-09-17T15:00:06
673,Gabriel Martinez,gabriel.martinez3521@yahoo.com,+336764288254,1993-01-08,FR,2022-08-21T20:13:30
674,Liliana Malinowski,liliana.malinowski8376@outlook.com,+489045992381,1968-11-13,PL,2023-09-30T07:26:49
675,Lisa Stucki,lisa.stucki5653@proton.me,+419217761163,1989-05-08,CH,2023-07-04T16:17:24
676,Irene Duarte,irene.duarte1212@icloud.com,+3513281281606,1990-04-28,PT,2025-03-17T05:32:08
677,Dai Ishii,dai.ishii2088@proton.me,+812172085925,1990-04-01,JP,2023-09-11T14:17:35
678,Ren Fujiwara,ren.fujiwara9686@outlook.com,+811547611784,1994-04-14,JP,2024-08-14T21:23:57
679,Simone Hahn,simone.hahn8238@hotmail.com,+495825776604,2003-04-28,DE,2022-04-28T15:54:22
680,Matylda Wieczorek,matylda.wieczorek8201@outlook.com,+488662119007,2001-04-27,PL,2025-10-28T06:44:32
681,Katherine Ferguson,katherine.ferguson3111@hotmail.com,+13767737198,1988-03-26,US,2022-12-03T21:29:30
682,Beverly Riley,beverly.riley3717@icloud.com,+16545664120,2002-02-01,CA,2022-05-29T23:35:27
683,Karen McDonald,karen.mcdonald2256@proton.me,+611987484967,1974-08-09,AU,2024-08-23T00:29:03
684,Grayson Powell,grayson.powell7276@proton.me,+16654734662,1979-07-14,CA,2024-09-02T02:51:47
685,Xinyu Yeo,xinyu.yeo7417@icloud.com,+659418268722,1947-07-05,SG,2023-04-08T03:42:29
686,Renée Roussel,renee.roussel7777@hotmail.com,+331234659149,1995-09-30,FR,2022-06-20T23:54:10
687,William Gundersen,william.gundersen2418@hotmail.com,+476910510826,1998-08-24,NO,2024-07-15T18:33:43
688,Mirthe Schipper,mirthe.schipper2528@proton.me,+318588362916,1949-04-09,NL,2026-02-15T10:19:46
689,Aurora Vega,aurora.vega1247@gmail.com,+521136221526,1956-09-04,MX,2022-04-11T21:41:29
690,Charlotte Meister,charlotte.meister6976@icloud.com,+412447679651,1994-06-30,CH,2025-11-15T00:21:09
691,Terry Sullivan,terry.sullivan9937@hotmail.com,+19333329011,1959-09-20,US,2022-07-14T14:22:27
692,Alexa Álvarez,alexa.alvarez2070@yahoo.com,+521012415340,1996-05-16,MX,2025-04-14T12:28:49
693,Felix Weiß,felix.wei9464@hotmail.com,+496728905599,1965-07-30,DE,2023-07-17T01:39:44
694,Stephen Elliott,stephen.elliott7784@gmail.com,+12848252403,1982-05-31,CA,2022-07-26T14:18:56
695,Işıl Mutlu,isl.mutlu3661@hotmail.com,+903686655937,1949-04-07,TR,2022-12-04T16:06:33
696,Erin Ryan,erin.ryan6416@proton.me,+16784984438,1966-06-16,US,2021-12-14T12:29:15
697,André Lambert,andre.lambert7571@icloud.com,+338435624767,1966-03-24,FR,2022-02-04T03:51:23
698,Edward Jacobs,edward.jacobs8619@yahoo.com,+11336691750,1966-11-12,US,2021-06-07T01:57:30
699,Olivier Maillard,olivier.maillard1728@proton.me,+333790915331,1995-09-14,FR,2022-11-06T16:06:44
700,Niilo Kallio,niilo.kallio8393@yahoo.com,+3584030531713,1989-01-22,FI,2025-04-07T15:41:35
701,Léon Rey,leon.rey9905@hotmail.com,+336786451771,1972-04-30,FR,2025-11-06T21:37:59
702,Umberto Poli,umberto.poli670@gmail.com,+398709193291,1991-09-10,IT,2023-06-13T20:40:00
703,Wendy Wong,wendy.wong3063@proton.me,+12441025060,2008-02-02,US,2022-01-22T21:57:01
704,Natasha Ward,natasha.ward5555@hotmail.com,+445350029744,1947-02-13,GB,2026-04-19T01:43:40
705,Mandira Khatri,mandira.khatri1778@outlook.com,+912185675744,1956-04-21,IN,2021-07-06T15:29:53
706,Charlie Baker,charlie.baker3058@outlook.com,+615269391095,2001-10-30,AU,2021-08-02T15:01:15
707,Rebeca Guerrero,rebeca.guerrero6429@yahoo.com,+342042218843,1958-06-30,ES,2022-04-22T15:47:07
708,Jun-hyung Park,junhyung.park3518@icloud.com,+829457860584,1997-08-28,KR,2026-05-07T12:21:57
709,Bruno Lemoine,bruno.lemoine7337@hotmail.com,+335833421381,2002-07-12,FR,2022-02-13T09:36:25
710,Nolan Powell,nolan.powell7705@hotmail.com,+18224160985,1981-06-04,US,2024-05-04T15:02:50
711,Mercedes Romero,mercedes.romero3075@gmail.com,+343888823423,1952-01-02,ES,2025-06-23T21:32:14
712,Quinten de Vos,quinten.devos2110@hotmail.com,+316617763078,1971-04-04,NL,2022-03-19T01:37:05
713,Carla Gentili,carla.gentili9806@outlook.com,+397890456143,1970-01-03,IT,2023-05-20T15:32:59
714,Vitalii Kolomiyets,vitalii.kolomiyets1717@gmail.com,+3804863107752,2007-01-10,UA,2021-07-04T04:56:51
715,Robert Garcia,robert.garcia8324@hotmail.com,+14549928432,1965-07-01,US,2025-06-19T21:35:30
716,Blake Carroll,blake.carroll3500@outlook.com,+616387357063,1983-01-25,AU,2023-09-16T16:55:43
717,Olimpia Banach,olimpia.banach296@outlook.com,+481033704294,2000-06-22,PL,2022-06-17T13:40:30
718,Hikmet Toprak,hikmet.toprak5278@icloud.com,+907645483847,1979-05-14,TR,2024-04-18T02:47:33
719,Soichiro Ueda,soichiro.ueda2532@proton.me,+814587694019,1951-03-29,JP,2024-02-08T06:22:09
720,Gaston Caron,gaston.caron6547@gmail.com,+332039254357,1957-02-24,FR,2026-01-05T14:33:50
721,Charlie Armstrong,charlie.armstrong8724@icloud.com,+447579248527,1989-10-11,GB,2024-09-22T14:12:47
722,Rebecca Cimino,rebecca.cimino6802@hotmail.com,+399903958706,1980-01-23,IT,2023-02-28T03:06:02
723,Yifan Cao,yifan.cao5718@outlook.com,+863066386623,1955-09-10,CN,2023-01-05T12:03:16
724,Jemima Douglas,jemima.douglas6942@icloud.com,+448858589557,1975-02-18,GB,2023-01-24T06:20:31
725,Alison Matthews,alison.matthews4799@gmail.com,+444862020739,1946-09-01,GB,2021-10-15T11:00:55
726,Eric Wallace,eric.wallace3198@proton.me,+17319537718,1959-04-04,CA,2025-01-16T23:40:52
727,Riccardo Nussbaum,riccardo.nussbaum7848@proton.me,+413646549346,1975-01-28,CH,2026-01-07T00:43:01
728,Zac Graham,zac.graham351@gmail.com,+612631885272,1992-01-07,AU,2021-09-11T22:56:43
729,Bernardo Leite,bernardo.leite3432@yahoo.com,+558046201959,1977-10-23,BR,2024-05-20T15:20:16
730,Mason Mason,mason.mason5902@gmail.com,+19318434151,1984-11-20,US,2024-05-12T14:16:20
731,Sachiko Tanaka,sachiko.tanaka6245@gmail.com,+819873452669,1981-04-20,JP,2024-12-26T02:23:55
732,Isabel Romero,isabel.romero283@hotmail.com,+523957419624,2000-02-24,MX,2025-05-15T14:46:57
733,Sheila O'Brien,sheila.obrien8853@gmail.com,+3532612510737,1952-01-21,IE,2025-09-21T18:07:28
734,Tejasvi Biswal,tejasvi.biswal3878@hotmail.com,+918087726316,1954-01-20,IN,2025-06-03T03:48:13
735,Paloma Castillo,paloma.castillo8429@yahoo.com,+348186124218,1963-06-13,ES,2024-01-21T12:13:46
736,Christiane Louis,christiane.louis555@icloud.com,+336050524407,1991-01-12,FR,2025-04-16T13:25:46
737,Bobby Richards,bobby.richards128@yahoo.com,+16755969850,1958-02-28,US,2022-08-23T18:45:47
738,Aaron Salazar,aaron.salazar2291@icloud.com,+12619965820,1987-07-18,US,2023-01-04T21:24:18
739,Nan Cui,nan.cui2732@icloud.com,+864738775808,1947-01-13,CN,2022-05-17T19:26:28
740,Lisa Freeman,lisa.freeman7963@icloud.com,+15455998421,1997-12-18,US,2024-06-06T03:13:52
741,Lorenzo Schröder,lorenzo.schroder9831@proton.me,+556329934694,1972-04-19,BR,2023-11-08T07:47:14
742,Fabian Bartoszewski,fabian.bartoszewski2677@icloud.com,+487704957346,1998-05-01,PL,2021-08-01T10:39:21
743,Abigail Stokes,abigail.stokes6266@gmail.com,+14513461947,1990-05-16,CA,2024-10-13T07:54:43
744,Alessio Sala,alessio.sala8543@yahoo.com,+393194408895,1977-06-29,IT,2023-04-14T05:34:15
745,Thijs Jansen,thijs.jansen2666@yahoo.com,+319225113449,2006-02-08,NL,2025-10-25T17:22:06
746,Leticia Ruiz,leticia.ruiz5955@proton.me,+528351870723,1993-12-21,MX,2022-12-26T19:57:09
747,Alyssa Parsons,alyssa.parsons3018@outlook.com,+14721106350,2000-03-28,US,2021-09-15T07:11:18
748,Samuel Price,samuel.price8496@gmail.com,+447029847889,1948-05-25,GB,2025-01-19T01:50:49
749,Éric Robin,eric.robin7543@icloud.com,+335736024225,1978-08-31,FR,2024-11-08T22:27:41
750,Sen Su,sen.su481@proton.me,+864294195227,1973-10-23,CN,2025-01-15T07:02:10
751,Scarlett Edwards,scarlett.edwards8727@yahoo.com,+15318849818,1966-12-20,US,2023-10-15T08:16:45
752,Ester Coletti,ester.coletti9847@icloud.com,+393201699234,1999-11-17,IT,2024-09-07T05:35:29
753,Salvatore Sala,salvatore.sala9718@icloud.com,+396712725294,1971-02-09,IT,2026-01-09T09:30:32
754,Sonia Vega,sonia.vega8905@proton.me,+342920191173,1998-03-17,ES,2023-05-02T18:16:36
755,Felix Boone,felix.boone6044@proton.me,+12918474826,1952-02-23,CA,2022-10-14T15:57:51
756,Georgia Gray,georgia.gray7447@icloud.com,+14115355897,1996-05-28,US,2022-10-07T01:50:44
757,Steve King,steve.king4351@outlook.com,+441404576589,1947-01-02,GB,2023-07-22T13:22:54
758,Stefanus Maleka,stefanus.maleka9341@yahoo.com,+277048677201,1996-01-07,ZA,2023-06-17T04:53:52
759,Pau García,pau.garcia932@icloud.com,+349646127880,2007-03-04,ES,2022-12-09T06:15:37
760,Agnes Månsson,agnes.mansson4141@icloud.com,+466375780758,1989-11-21,SE,2026-04-19T18:27:36
761,Aurelia Márquez,aurelia.marquez7708@proton.me,+526827539523,1965-08-29,MX,2025-10-06T22:11:13
762,Kaden Hicks,kaden.hicks666@icloud.com,+13264518793,1999-04-14,US,2025-11-29T00:14:11
763,Menghan Cheng,menghan.cheng7507@hotmail.com,+864753747986,1985-08-18,CN,2025-11-24T19:29:34
764,Marco Fabbri,marco.fabbri6716@proton.me,+398580323366,1975-10-20,IT,2022-06-19T04:40:02
765,Natalia Silva,natalia.silva845@icloud.com,+346745154384,1975-04-06,ES,2022-03-07T05:53:59
766,Jacqueline White,jacqueline.white7624@proton.me,+17069039407,1951-09-14,US,2023-06-11T20:46:04
767,Karl Olsson,karl.olsson5583@hotmail.com,+464981276409,1994-12-09,SE,2023-09-15T04:08:27
768,Mateus Melo,mateus.melo3843@outlook.com,+554369563163,2002-12-12,BR,2024-07-21T22:46:31
769,Akihiro Asano,akihiro.asano6267@hotmail.com,+817086916339,1979-12-11,JP,2024-01-14T21:47:09
770,Emil Nygård,emil.nygard1985@gmail.com,+472508933856,1999-11-10,NO,2025-12-21T02:32:51
771,Shaikha Al Jenaibi,shaikha.aljenaibi3600@proton.me,+9716706397623,1993-05-30,AE,2022-08-03T14:47:10
772,Jozef Huisman,jozef.huisman1458@icloud.com,+314180826544,2003-03-23,NL,2022-02-23T17:07:03
773,Raymond van der Linden,raymond.vanderlinden6015@icloud.com,+311880865330,1963-07-16,NL,2021-11-06T21:46:16
774,David Pérez,david.perez985@outlook.com,+346514178206,1960-03-25,ES,2022-11-12T17:25:08
775,Marian Peeters,marian.peeters7802@gmail.com,+319443417086,1988-02-14,NL,2025-07-23T21:03:01
776,Alice Greene,alice.greene1556@gmail.com,+16339187696,1975-02-08,US,2023-09-16T14:07:01
777,Marta Navarro,marta.navarro5844@proton.me,+341151478102,1968-12-07,ES,2021-05-29T15:20:52
778,Arthur Mitchell,arthur.mitchell9638@yahoo.com,+448672143298,1946-10-02,GB,2022-08-30T19:55:57
779,Maryse Perez,maryse.perez1069@gmail.com,+335321579997,1994-11-22,FR,2025-10-11T08:37:15
780,Hudson Ellis,hudson.ellis362@hotmail.com,+13741732943,1977-08-26,US,2026-02-21T02:43:17
781,Liliya Petryk,liliya.petryk7548@outlook.com,+3804279684567,1948-01-07,UA,2023-06-20T16:45:10
782,Lotte van der Veen,lotte.vanderveen284@yahoo.com,+314997621357,1977-06-11,NL,2022-01-13T05:55:18
783,Pooja Shinde,pooja.shinde1108@icloud.com,+919313547313,2002-07-11,IN,2021-09-29T12:10:34
784,Luca Coppola,luca.coppola2252@yahoo.com,+397571093936,1968-01-09,IT,2026-01-25T08:29:17
785,Cheryl Carter,cheryl.carter9974@outlook.com,+15551797998,1996-12-30,US,2022-04-23T18:21:31
786,Erica Lynch,erica.lynch307@icloud.com,+14706268262,1967-08-24,CA,2021-12-15T12:58:35
787,Levi Gardner,levi.gardner1234@outlook.com,+618693699235,2008-04-30,AU,2024-04-18T09:06:09
788,Marcus Stewart,marcus.stewart2637@proton.me,+11649672372,1982-02-03,US,2022-06-03T07:04:37
789,Emiel de Lange,emiel.delange3358@proton.me,+315868119124,1964-02-24,NL,2023-10-25T19:10:49
790,Eliane Paiva,eliane.paiva369@gmail.com,+557045327277,1972-07-17,BR,2022-07-23T16:27:18
791,Suelen Borges,suelen.borges223@yahoo.com,+556041501625,2006-03-02,BR,2022-01-19T00:54:01
792,Emilia Díaz,emilia.diaz4897@outlook.com,+348571119759,2001-12-11,ES,2025-01-09T05:36:51
793,Kaito Takemoto,kaito.takemoto880@proton.me,+817161058559,1947-04-24,JP,2026-03-02T01:33:57
794,Valeria Pastor,valeria.pastor4293@gmail.com,+343030381058,1971-06-13,ES,2022-12-04T17:22:59
795,Valerio Sorrentino,valerio.sorrentino4892@outlook.com,+396596088653,1999-08-24,IT,2022-05-07T00:51:14
796,Louis Collins,louis.collins2084@gmail.com,+18193966056,1980-12-18,CA,2024-05-03T16:05:09
797,Mitchell Spencer,mitchell.spencer3694@hotmail.com,+617874463579,1956-12-07,AU,2023-11-06T17:51:55
798,Eliza Fuller,eliza.fuller1193@gmail.com,+442970987328,1957-02-14,GB,2024-07-18T09:50:11
799,Suzana Lehmann,suzana.lehmann9722@gmail.com,+553139643126,1990-10-09,BR,2025-01-11T15:27:52
800,Adriano Cecchi,adriano.cecchi3476@icloud.com,+397490788278,2008-01-26,IT,2022-06-01T09:12:01
801,Willow Knight,willow.knight382@outlook.com,+13411579348,2001-08-14,US,2022-04-01T05:11:14
802,Hedwig Neumann,hedwig.neumann5964@hotmail.com,+493938254352,1992-10-11,DE,2023-02-08T22:11:13
803,Kiki Jacobs,kiki.jacobs8985@proton.me,+315231965239,1999-06-17,NL,2022-04-09T02:08:01
804,Hazel Henry,hazel.henry6494@proton.me,+16813363341,1980-06-14,CA,2024-04-02T19:31:15
805,Gudrun Haas,gudrun.haas6658@yahoo.com,+497894375821,1966-07-23,DE,2023-05-01T21:08:52
806,Valentyn Vasylchenko,valentyn.vasylchenko2891@hotmail.com,+3801069000040,1999-07-09,UA,2025-11-02T09:18:52
807,Beatrice Silvestri,beatrice.silvestri5545@hotmail.com,+396622829942,1974-12-29,IT,2022-03-08T11:31:55
808,Magdalena Walter,magdalena.walter4486@hotmail.com,+496539943181,1976-05-27,DE,2021-08-29T20:56:43
809,Judith Ramírez,judith.ramirez1793@icloud.com,+346600379842,1978-03-13,ES,2024-02-17T22:51:39
810,Henriette Lopez,henriette.lopez6420@outlook.com,+336187030719,1981-10-24,FR,2025-03-22T13:19:56
811,Berta Xavier,berta.xavier6844@outlook.com,+3519845686209,1957-08-17,PT,2025-10-18T05:26:31
812,Paul Roberts,paul.roberts7088@icloud.com,+613331146755,1968-07-11,AU,2024-01-08T05:59:30
813,Liam Sandgren,liam.sandgren7062@yahoo.com,+469326124844,1985-03-23,SE,2023-11-18T11:27:43
814,Vincent French,vincent.french3908@gmail.com,+13143333235,1982-01-26,US,2023-05-23T04:13:58
815,Pilar Rodríguez,pilar.rodriguez2033@icloud.com,+349408826576,1955-10-24,ES,2026-02-27T10:17:15
816,Carmen Miranda,carmen.miranda8611@gmail.com,+529589847349,1971-05-24,MX,2024-08-08T16:33:41
817,Vasyl Shvets,vasyl.shvets2063@proton.me,+3809110809772,1948-06-23,UA,2022-10-27T03:13:08
818,Hudson Gray,hudson.gray9061@gmail.com,+612678779546,1947-04-08,AU,2025-06-10T11:19:37
819,Soon-hee Jung,soonhee.jung8124@proton.me,+828842774615,1954-11-27,KR,2024-09-14T13:34:25
820,Myroslav Voloshyn,myroslav.voloshyn37@yahoo.com,+3806030586151,2000-01-09,UA,2024-12-13T01:55:07
821,Robyn Wilson,robyn.wilson8282@proton.me,+441401168385,1982-07-02,GB,2023-04-28T12:01:09
822,Valérie Blanc,valerie.blanc8466@gmail.com,+334361146998,1971-01-03,FR,2024-06-24T10:11:39
823,Emery Pelletier,emery.pelletier4924@proton.me,+16197053466,2006-03-14,CA,2024-09-21T11:46:56
824,Kaitlyn Robertson,kaitlyn.robertson5816@yahoo.com,+14865974676,1968-09-06,US,2022-07-24T06:22:54
825,Lorena Xavier,lorena.xavier518@outlook.com,+553779691419,1946-07-21,BR,2024-07-30T10:57:38
826,Tim Stein,tim.stein6873@yahoo.com,+497379522512,1968-10-29,DE,2023-07-25T22:59:34
827,Arianna Green,arianna.green138@hotmail.com,+16819548256,1953-10-29,US,2023-11-18T05:36:34
828,Zachary Bass,zachary.bass5005@hotmail.com,+18216075471,1988-07-06,CA,2023-10-31T20:54:51
829,Paquita Santiago,paquita.santiago8954@proton.me,+343918680480,1970-05-16,ES,2024-03-25T12:52:26
830,Germaine Leclercq,germaine.leclercq4362@gmail.com,+338531857174,1999-05-19,FR,2023-01-05T17:44:08
831,Luz Valencia,luz.valencia260@gmail.com,+526818691094,1976-08-17,MX,2022-08-19T14:23:40
832,Tristan Estrada,tristan.estrada4280@yahoo.com,+15670833649,2007-08-25,US,2025-04-12T08:46:39
833,Ethan Fuller,ethan.fuller4851@yahoo.com,+617296941302,1997-10-03,AU,2026-04-19T20:13:51
834,Hermione Lynch,hermione.lynch1589@hotmail.com,+443731268173,1968-05-14,GB,2021-11-24T02:56:03
835,Ruggero Bianchin,ruggero.bianchin3348@gmail.com,+398173295456,1949-03-19,IT,2023-03-06T14:58:48
836,Mateo Rivera,mateo.rivera592@proton.me,+346611922324,1958-02-03,ES,2023-03-17T04:53:40
837,Diego Pelliccia,diego.pelliccia3750@proton.me,+396539611331,1962-01-16,IT,2022-07-25T18:36:41
838,Leonardo Romano,leonardo.romano6078@hotmail.com,+394870861472,1983-07-18,IT,2022-09-15T09:24:37
839,Levi Li,levi.li1207@outlook.com,+13587379378,1966-02-22,US,2023-04-02T22:06:56
840,Kylie Vazquez,kylie.vazquez5032@yahoo.com,+17915450561,1959-09-13,US,2023-06-19T19:52:39
841,Mei Hattori,mei.hattori8994@outlook.com,+813063274691,2004-02-29,JP,2025-06-19T23:46:54
842,Agnès Bourgeois,agnes.bourgeois9791@icloud.com,+333620081046,1955-11-21,FR,2023-12-22T16:05:07
843,Felicity Ferguson,felicity.ferguson3184@proton.me,+449528045780,1985-06-02,GB,2025-05-22T11:08:35
844,Alexander Zimmerman,alexander.zimmerman3339@outlook.com,+12272769580,2000-08-15,US,2025-09-13T03:27:22
845,Sahil Bhatt,sahil.bhatt474@outlook.com,+915765003500,1956-06-21,IN,2022-03-10T10:34:05
846,Thomas van den Brink,thomas.vandenbrink3838@proton.me,+314370117088,1959-09-01,NL,2025-06-03T16:33:48
847,Emma Pascual,emma.pascual592@hotmail.com,+344751806445,1960-01-05,ES,2023-01-16T17:02:04
848,Solange Meunier,solange.meunier4829@hotmail.com,+337737776882,1983-07-06,FR,2021-11-21T09:45:56
849,Selma Berger,selma.berger2858@gmail.com,+498784564416,1970-04-01,DE,2025-12-31T08:06:50
850,Tom Fuchs,tom.fuchs876@outlook.com,+496547307786,1962-05-06,DE,2023-03-26T16:45:43
851,Ira Mukherjee,ira.mukherjee5343@proton.me,+911984225140,1972-05-08,IN,2024-02-09T08:42:35
852,Martha León,martha.leon6384@gmail.com,+523122660822,1954-07-07,MX,2026-04-26T19:35:38
853,Taylor Brown,taylor.brown8532@outlook.com,+11549308740,1959-05-07,US,2021-07-12T15:52:42
854,Gormlaith Corcoran,gormlaith.corcoran6808@gmail.com,+3534371108012,1968-08-27,IE,2024-02-18T21:48:38
855,Tamara Rudyk,tamara.rudyk3868@proton.me,+3801609261107,1999-08-21,UA,2025-06-20T20:30:30
856,Bridget Harris,bridget.harris3349@icloud.com,+442229953440,1989-02-10,GB,2021-07-20T17:48:45
857,Thomas Fitzgerald,thomas.fitzgerald4935@yahoo.com,+16961018410,2005-03-11,CA,2026-01-17T00:52:09
858,Anaya Sandhu,anaya.sandhu7612@outlook.com,+915267841298,2006-07-15,IN,2023-09-13T19:33:51
859,Daniel Thomas,daniel.thomas9203@icloud.com,+12017212007,1952-06-15,US,2021-10-04T14:00:15
860,Lara Rizzi,lara.rizzi1826@gmail.com,+391209043997,2000-05-15,IT,2025-11-18T11:39:10
861,Ji-yoo Woo,jiyoo.woo6935@hotmail.com,+826215712304,1989-03-17,KR,2024-08-13T04:42:17
862,Hussain Al Maktoum,hussain.almaktoum6830@hotmail.com,+9711387934315,1983-09-27,AE,2022-12-29T08:19:14
863,Sébastien Simon,sebastien.simon6291@icloud.com,+339680473978,1978-10-19,FR,2024-03-15T20:56:59
864,Dana Fisher,dana.fisher3310@gmail.com,+12039738545,1956-01-31,US,2022-05-19T03:30:59
865,Fabienne Hubert,fabienne.hubert4141@proton.me,+332600398644,1984-02-05,FR,2022-11-10T14:57:55
866,Jessica Söderlund,jessica.soderlund2486@outlook.com,+463260956561,1964-08-11,SE,2022-04-11T12:32:47
867,Silvestro Palmieri,silvestro.palmieri6629@hotmail.com,+395769442302,1951-06-17,IT,2026-03-23T21:46:31
868,Bernard Hall,bernard.hall261@proton.me,+442112529042,1987-11-02,GB,2022-11-22T09:26:26
869,Emily Owen,emily.owen4867@hotmail.com,+612834860429,1961-08-23,AU,2024-04-15T10:31:58
870,Akhil Kapur,akhil.kapur3222@icloud.com,+916040347460,1948-07-16,IN,2023-03-05T14:01:17
871,Kohei Matsuda,kohei.matsuda6842@gmail.com,+812904170717,1990-11-28,JP,2025-05-26T05:46:05
872,Florent Paris,florent.paris3626@gmail.com,+334329533620,2006-02-18,FR,2022-01-08T21:48:04
873,Lino Colombo,lino.colombo8901@icloud.com,+398875183414,1950-02-25,IT,2021-12-28T23:59:41
874,Rostyslav Nakonechny,rostyslav.nakonechny5186@proton.me,+3801767452104,1969-07-01,UA,2023-12-04T12:26:19
875,Nasser Al Jabri,nasser.aljabri8566@yahoo.com,+9713462379764,1964-05-19,AE,2025-09-17T20:08:39
876,Luke Morris,luke.morris1204@icloud.com,+3538029423739,1961-11-11,IE,2024-04-15T20:24:45
877,Etsuko Hirano,etsuko.hirano8002@hotmail.com,+817404679680,1999-03-21,JP,2025-06-09T16:02:28
878,Elsie Fredriksson,elsie.fredriksson3905@outlook.com,+466148828336,1979-08-28,SE,2022-11-30T04:36:03
879,Nicoletta Bruno,nicoletta.bruno1595@proton.me,+395494586020,1980-12-27,IT,2023-09-21T16:48:23
880,Ferdinando Martelli,ferdinando.martelli1932@yahoo.com,+397817108296,2000-07-12,IT,2025-12-24T15:37:47
881,Honoka Murakami,honoka.murakami9859@outlook.com,+813900058083,1955-01-19,JP,2024-11-04T11:24:59
882,Martina Borghi,martina.borghi2963@icloud.com,+397434035021,1950-11-27,IT,2021-07-26T03:06:32
883,Kayque Moraes,kayque.moraes9173@gmail.com,+555963632224,1987-01-07,BR,2023-02-05T14:08:59
884,Karan Shaikh,karan.shaikh881@icloud.com,+911769179750,1998-05-23,IN,2023-10-14T13:12:08
885,Michael Todd,michael.todd2361@hotmail.com,+17620294205,1965-01-23,CA,2022-03-08T19:30:16
886,Emilia Craig,emilia.craig8522@proton.me,+19049322346,1966-11-29,CA,2022-04-19T03:07:52
887,Ezekiel Graham,ezekiel.graham7133@yahoo.com,+14632935963,1971-12-12,US,2021-09-21T22:57:42
888,Juma Al Ansari,juma.alansari5171@outlook.com,+9713766686621,1977-12-02,AE,2026-04-11T03:54:42
889,Benjamin Kühn,benjamin.kuhn2963@hotmail.com,+498006097925,1999-08-25,DE,2026-03-08T03:32:27
890,Rhys Williams,rhys.williams3783@yahoo.com,+611893649934,2006-01-13,AU,2022-10-09T21:25:05
891,Alice Richard,alice.richard1898@hotmail.com,+337847949569,1985-07-08,FR,2022-06-11T12:35:28
892,Sonam Vohra,sonam.vohra9104@outlook.com,+916146437940,1959-06-23,IN,2022-03-20T20:45:18
893,Oleh Vovk,oleh.vovk9834@yahoo.com,+3808222122099,1984-10-12,UA,2024-01-07T12:52:32
894,Marcel Legrand,marcel.legrand3581@gmail.com,+339837133386,1965-09-10,FR,2025-09-24T14:20:26
895,Guido Di Matteo,guido.dimatteo4967@yahoo.com,+397517548231,1994-06-25,IT,2022-01-25T18:34:28
896,Octavia Caldwell,octavia.caldwell1325@gmail.com,+444026927978,1968-08-13,GB,2025-01-24T11:09:27
897,Julian Otto,julian.otto6050@gmail.com,+497320563415,1948-03-25,DE,2022-05-16T16:19:13
898,Shirley Johnston,shirley.johnston4463@hotmail.com,+15562880034,1967-02-13,US,2022-02-23T15:27:07
899,Itumeleng Pillay,itumeleng.pillay1618@icloud.com,+275739330426,2002-10-18,ZA,2023-03-10T23:25:46
900,Ömer Güngör,omer.gungor9032@outlook.com,+904022047121,2007-05-05,TR,2025-12-10T04:18:45
901,Isabella Gallegos,isabella.gallegos1728@gmail.com,+526743891856,1968-06-13,MX,2022-01-24T13:59:01
902,Kabelo Buthelezi,kabelo.buthelezi8737@outlook.com,+271708612609,1959-11-20,ZA,2025-10-05T19:46:59
903,Sven Keller,sven.keller5310@icloud.com,+494033049521,1981-10-14,DE,2021-08-01T15:55:13
904,Kader Kaygı,kader.kayg350@gmail.com,+909698391892,1990-03-16,TR,2022-08-19T09:52:39
905,Vittorio Negri,vittorio.negri9616@yahoo.com,+399739814461,1975-01-23,IT,2025-02-11T03:54:20
906,Henriette Mathiesen,henriette.mathiesen2859@gmail.com,+454115466636,1970-11-05,DK,2026-03-23T09:29:07
907,Victor Bishop,victor.bishop4634@icloud.com,+441116339011,1963-03-08,GB,2025-02-19T21:37:05
908,Lydia Taylor,lydia.taylor5807@gmail.com,+15235012719,1974-05-08,US,2024-07-23T10:45:38
909,Janina Braun,janina.braun8727@outlook.com,+499018687590,1993-09-06,DE,2023-02-18T08:34:49
910,Daryna Savchuk,daryna.savchuk6876@yahoo.com,+3801632904936,1977-05-17,UA,2024-01-19T12:36:08
911,Kosuke Iida,kosuke.iida3159@icloud.com,+814209183794,1971-07-19,JP,2022-09-27T20:38:36
912,Shinya Naito,shinya.naito2204@outlook.com,+817711005803,1994-12-14,JP,2025-06-03T00:04:59
913,Grace Alvarado,grace.alvarado2812@proton.me,+15844300218,2004-08-16,US,2022-01-21T13:54:23
914,Stefaniia Dovzhenko,stefaniia.dovzhenko1524@outlook.com,+3803863184246,1972-12-27,UA,2024-10-25T16:16:15
915,Widad Al Busaidi,widad.albusaidi9834@proton.me,+9717618805689,1961-08-10,AE,2025-05-18T01:01:25
916,Ronald Daniels,ronald.daniels4925@proton.me,+14240989077,1952-12-16,CA,2023-09-10T17:47:59
917,Emilio Damico,emilio.damico3045@hotmail.com,+398241058335,1951-01-09,IT,2023-01-10T12:01:25
918,Adam Johnson,adam.johnson9345@outlook.com,+15166347330,1985-11-09,US,2021-11-11T05:12:03
919,Louisa Graf,louisa.graf923@outlook.com,+436341572462,1946-11-07,AT,2025-05-01T05:54:29
920,Evelyn Hughes,evelyn.hughes6344@gmail.com,+12252072612,1994-09-12,US,2023-01-20T16:24:36
921,Stephen Lloyd,stephen.lloyd4928@hotmail.com,+448028689204,1985-03-21,GB,2021-06-11T19:39:20
922,Jessica Hart,jessica.hart7396@proton.me,+444706916738,1966-02-07,GB,2024-11-13T18:16:52
923,Sabina Marciniak,sabina.marciniak7640@hotmail.com,+486577798552,1958-05-14,PL,2024-01-27T08:13:31
924,Enrique Marín,enrique.marin4207@yahoo.com,+346325114438,1965-11-18,ES,2025-08-27T09:48:58
925,Klaas de Bruijn,klaas.debruijn4498@icloud.com,+315952877332,1957-11-06,NL,2024-02-05T22:12:29
926,Nicholas Reid,nicholas.reid6656@proton.me,+447156913711,1999-08-09,GB,2025-07-08T09:38:08
927,Svenja Mayer,svenja.mayer3754@icloud.com,+493819335412,1978-01-02,DE,2022-10-10T18:24:02
928,Elizabeth Reid,elizabeth.reid7808@outlook.com,+614903737477,2007-04-24,AU,2023-06-01T08:03:18
929,Ignazio Leoni,ignazio.leoni9791@gmail.com,+392428718418,2000-12-27,IT,2023-06-09T14:33:49
930,Nilson Silveira,nilson.silveira4024@proton.me,+554810075915,1981-11-05,BR,2024-02-02T21:35:52
931,Mieczysława Czarnecki,mieczysawa.czarnecki8698@outlook.com,+484511721829,1964-11-13,PL,2026-01-29T10:53:08
932,José Hartmann,jose.hartmann5201@outlook.com,+557068293040,1949-04-26,BR,2022-04-18T23:43:55
933,Gul Mitra,gul.mitra99@gmail.com,+911813162171,1998-04-19,IN,2026-02-21T09:54:29
934,Junko Murakami,junko.murakami1720@outlook.com,+811835169044,1974-12-15,JP,2024-03-02T09:19:58
935,Koji Miyamoto,koji.miyamoto6615@proton.me,+811976280963,1968-09-27,JP,2023-01-10T06:03:58
936,Karl Simon,karl.simon3688@outlook.com,+491865028076,1962-05-13,DE,2021-07-08T02:40:26
937,Austin Bradley,austin.bradley3742@icloud.com,+12174467087,1968-08-28,US,2023-08-21T16:27:44
938,Olcay Yıldız,olcay.yldz9619@yahoo.com,+908105784599,1959-12-24,TR,2025-04-11T19:35:24
939,Fares Al Rumaithi,fares.alrumaithi2858@yahoo.com,+9713782464483,1978-08-03,AE,2021-10-25T01:08:44
940,Yunus Uzun,yunus.uzun377@yahoo.com,+903551042692,1983-03-23,TR,2025-08-27T06:02:08
941,Claudia Brandt,claudia.brandt1615@hotmail.com,+499888718708,2001-06-15,DE,2025-03-22T10:13:56
942,Wyatt Vasquez,wyatt.vasquez6704@gmail.com,+16709332709,1954-05-26,US,2025-10-12T06:42:59
943,Luna Mol,luna.mol1482@outlook.com,+315377622784,2003-04-29,NL,2022-12-01T12:27:00
944,Xavier Durán,xavier.duran9983@outlook.com,+341917666388,1948-04-12,ES,2024-11-13T15:05:41
945,Anita Agarwal,anita.agarwal1167@outlook.com,+912990197326,2001-10-28,IN,2022-05-28T08:19:01
946,Ankur Deshpande,ankur.deshpande5031@gmail.com,+918819505771,2007-12-03,IN,2022-09-25T15:35:05
947,Sofía Sánchez,sofia.sanchez7090@proton.me,+349617448666,1980-11-12,ES,2023-09-16T22:57:38
948,Tony McCarthy,tony.mccarthy6521@gmail.com,+445222046987,1951-11-17,GB,2026-05-14T06:04:07
949,Georgia Turner,georgia.turner1469@proton.me,+619959648619,1958-05-23,AU,2022-02-17T00:47:06
950,Girish Roy,girish.roy339@yahoo.com,+915451766134,1956-07-07,IN,2022-12-20T19:02:03
951,Oskar Engström,oskar.engstrom7595@hotmail.com,+463278973645,1976-11-27,SE,2024-01-26T07:55:14
952,Bruce Watson,bruce.watson5120@icloud.com,+13165612277,1990-02-16,US,2024-12-13T10:18:57
953,Hazel Jensen,hazel.jensen121@outlook.com,+13037114166,2000-04-25,US,2022-05-25T08:28:25
954,Ana Dias,ana.dias747@outlook.com,+3512470945742,1961-10-07,PT,2021-08-03T01:06:48
955,Remigiusz Szymański,remigiusz.szymanski7849@gmail.com,+489854713580,1975-03-27,PL,2026-02-06T19:54:35
956,Natsuko Hashimoto,natsuko.hashimoto3091@icloud.com,+817769268283,1965-11-02,JP,2023-06-08T17:23:14
957,Declan Cameron,declan.cameron4307@yahoo.com,+442529461822,1997-04-08,GB,2021-10-01T02:26:13
958,Renuka Brar,renuka.brar4288@icloud.com,+918935350640,1988-11-08,IN,2024-08-27T22:53:49
959,Xinyue Wang,xinyue.wang6657@yahoo.com,+862005491294,1956-11-22,CN,2024-10-09T05:30:55
960,Teresa Prieto,teresa.prieto3467@hotmail.com,+349039068942,2002-10-24,ES,2026-03-16T13:40:02
961,Nigel Chia,nigel.chia2179@hotmail.com,+656515308666,1992-03-06,SG,2024-10-17T07:32:33
962,Esperanza Ponce,esperanza.ponce3680@icloud.com,+524654548382,1966-06-24,MX,2023-09-25T04:27:06
963,Megan Davis,megan.davis7887@gmail.com,+447764119777,1994-08-31,GB,2024-07-17T13:11:29
964,Imogen Holt,imogen.holt6797@icloud.com,+445631945007,1983-06-23,GB,2025-05-16T22:54:05
965,Benjamin Gonzalez,benjamin.gonzalez3844@gmail.com,+332776629279,1963-12-23,FR,2023-07-19T22:45:44
966,Melanie Nunez,melanie.nunez3253@outlook.com,+15317821997,1996-07-18,US,2021-07-02T12:12:50
967,Lennox Wood,lennox.wood6524@proton.me,+612366743069,1949-07-18,AU,2026-01-17T21:35:44
968,Stella Romero,stella.romero832@proton.me,+17061434198,1988-02-07,US,2021-11-12T10:13:43
969,Lei Gong,lei.gong7138@icloud.com,+862727921301,1957-05-02,CN,2024-08-09T10:53:31
970,Mackenzie Rodriguez,mackenzie.rodriguez1849@gmail.com,+13212250107,1979-04-14,US,2025-08-20T00:11:04
971,Apolline Dumont,apolline.dumont6179@proton.me,+333851713879,1976-11-19,FR,2025-01-17T17:40:42
972,Aseel Al Bastaki,aseel.albastaki3533@gmail.com,+9713882615862,1957-06-18,AE,2024-12-11T15:46:17
973,Bohun Gavrysh,bohun.gavrysh342@outlook.com,+3801193367670,1948-11-06,UA,2024-01-29T22:51:45
974,Jacqueline Verhoeven,jacqueline.verhoeven4339@yahoo.com,+311906175692,1988-09-10,NL,2023-09-13T15:18:41
975,Joyce Willis,joyce.willis9290@proton.me,+18215713305,1989-06-25,US,2025-02-24T06:30:33
976,Nadia Bak,nadia.bak8148@proton.me,+454712937197,1998-01-05,DK,2023-09-20T21:23:51
977,Livio Pellegrini,livio.pellegrini9021@outlook.com,+394112728311,1997-12-23,IT,2024-05-25T09:21:58
978,Kai Tan,kai.tan7850@outlook.com,+863681553339,1999-11-02,CN,2021-06-29T14:52:13
979,Andrew Hansen,andrew.hansen2884@yahoo.com,+615682300267,1971-03-17,AU,2024-05-31T20:42:01
980,Zhen Xiong,zhen.xiong5576@icloud.com,+869639528951,1973-05-05,CN,2026-01-29T12:06:01
981,Praveen Low,praveen.low699@gmail.com,+659296705405,2002-01-23,SG,2025-04-13T22:16:43
982,Ryan Evans,ryan.evans6360@proton.me,+449138907419,1950-05-27,GB,2022-11-03T05:06:10
983,Gwenaëlle Philippe,gwenaelle.philippe7883@outlook.com,+338788479971,1996-03-17,FR,2024-03-11T13:41:23
984,Cameron Simpson,cameron.simpson2014@gmail.com,+18731776449,2006-06-29,US,2022-08-10T15:10:00
985,Sushila Behera,sushila.behera9395@icloud.com,+915248900656,1951-12-30,IN,2023-12-14T22:42:37
986,Simona Petrillo,simona.petrillo9874@icloud.com,+398491006687,2003-03-18,IT,2026-03-10T22:28:21
987,Manoj Acharya,manoj.acharya56@icloud.com,+915610650571,1995-08-25,IN,2023-09-26T11:21:38
988,Eisuke Miyazaki,eisuke.miyazaki1778@icloud.com,+816101261925,1971-12-16,JP,2021-05-22T15:25:31
989,Aiden Sutton,aiden.sutton8402@proton.me,+15908418297,1952-10-16,US,2025-02-14T21:27:43
990,Ichiro Kuroda,ichiro.kuroda4662@gmail.com,+813345217697,2005-04-13,JP,2025-04-14T05:28:56
991,Molly Henderson,molly.henderson2471@outlook.com,+614319797802,1972-04-04,AU,2026-04-04T21:05:57
992,Michael McDonnell,michael.mcdonnell5340@yahoo.com,+3538160859499,1991-10-14,IE,2024-02-13T06:31:16
993,Ayako Hattori,ayako.hattori4082@proton.me,+813763792218,1982-10-12,JP,2022-08-04T10:21:45
994,Min-seok Jang,minseok.jang2907@yahoo.com,+828404382549,1977-09-25,KR,2023-12-18T06:47:15
995,Tyler James,tyler.james1988@outlook.com,+17323749371,1966-12-20,CA,2023-03-14T17:40:08
996,Fabrice Dufour,fabrice.dufour2142@icloud.com,+333005195474,1965-09-16,FR,2023-09-25T07:56:28
997,Luise Becker,luise.becker4513@gmail.com,+491449911296,2002-10-12,DE,2025-11-04T00:31:50
998,Natalia Guzmán,natalia.guzman8790@hotmail.com,+525328533584,1967-06-29,MX,2023-10-22T00:23:32
999,Dolores Calvo,dolores.calvo8974@icloud.com,+346273667316,1993-04-23,ES,2026-05-16T10:18:52
1000,Everly Henry,everly.henry3915@yahoo.com,+11206512889,1970-05-12,US,2025-09-27T07:34:37
1001,Julien Le Gall,julien.legall5748@outlook.com,+334699025608,1986-09-06,FR,2023-11-21T08:45:50
1002,Hanspeter Fuchs,hanspeter.fuchs149@hotmail.com,+419816865748,1960-05-13,CH,2022-07-05T18:13:16
1003,Jing Qiao,jing.qiao1929@yahoo.com,+861530897414,1961-07-05,CN,2023-09-09T20:05:11
1004,Elsa Jäger,elsa.jager4237@yahoo.com,+496998532324,2002-05-02,DE,2022-01-26T17:34:41
1005,Paolino Morrone,paolino.morrone2295@yahoo.com,+391599095415,1949-09-06,IT,2026-05-13T13:36:24
1006,Angelica Pettersson,angelica.pettersson8727@yahoo.com,+462489417135,1978-04-25,SE,2024-09-26T06:09:25
1007,Laura van Dijk,laura.vandijk9700@proton.me,+319862947715,1988-03-24,NL,2021-08-29T18:08:06
1008,Duncan Sutherland,duncan.sutherland2472@yahoo.com,+441063798302,1951-05-16,GB,2023-08-04T02:25:19
1009,Justin Anderson,justin.anderson6143@gmail.com,+618046694838,1984-03-09,AU,2023-01-10T03:19:39
1010,Perla Torres,perla.torres8934@gmail.com,+525778283411,1995-08-12,MX,2023-10-25T04:38:40
1011,Daniele Almeida,daniele.almeida558@icloud.com,+555898066481,2001-06-08,BR,2022-06-27T21:19:33
1012,Olivia Camacho,olivia.camacho7646@icloud.com,+526110319925,1953-09-06,MX,2026-04-30T04:06:03
1013,Maria Bianco,maria.bianco4867@hotmail.com,+393481414930,1982-05-01,IT,2022-10-04T19:30:37
1014,Konrad Kania,konrad.kania443@hotmail.com,+483521522420,1962-01-06,PL,2024-07-17T23:31:59
1015,Waltraud Hartmann,waltraud.hartmann8425@yahoo.com,+492793807359,1968-07-23,DE,2022-08-04T20:10:24
1016,Murilo Wagner,murilo.wagner1719@gmail.com,+552545354517,1950-09-25,BR,2026-05-01T04:35:50
1017,Andries de Haan,andries.dehaan195@outlook.com,+313596706636,1983-12-20,NL,2023-09-20T23:25:29
1018,Ivone Bastos,ivone.bastos8562@icloud.com,+3516893075317,1985-09-30,PT,2021-09-07T14:26:08
1019,Rhonda James,rhonda.james9421@proton.me,+17684787147,1984-04-29,US,2026-04-03T16:46:47
1020,Smriti Prakash,smriti.prakash463@icloud.com,+916977866048,1952-01-07,IN,2025-05-16T00:34:04
1021,Irene Romero,irene.romero5675@outlook.com,+11385003865,1960-08-05,US,2025-08-26T21:34:54
1022,Félix Ouellet,felix.ouellet7363@icloud.com,+13646641029,1984-04-01,CA,2022-12-29T12:08:43
1023,Thomas Sandqvist,thomas.sandqvist9010@hotmail.com,+469342442678,1963-06-03,SE,2025-06-23T10:38:26
1024,Norma Berry,norma.berry5083@hotmail.com,+11198763482,1963-03-26,US,2026-01-28T20:04:34
1025,Simone Wimmer,simone.wimmer6719@yahoo.com,+433320760456,1989-07-31,AT,2024-06-21T17:52:53
1026,Salomea Mazurek,salomea.mazurek6203@gmail.com,+489284949708,2003-11-16,PL,2024-12-25T13:44:27
1027,Jasper Janssen,jasper.janssen766@proton.me,+319629090040,2000-05-08,NL,2024-01-05T12:31:51
1028,Naoto Kobayashi,naoto.kobayashi2870@outlook.com,+816072283530,1983-04-17,JP,2025-09-20T16:52:30
1029,Jaime Garrido,jaime.garrido3122@yahoo.com,+342158419282,1954-02-11,ES,2021-09-26T09:16:49
1030,Clementine Fleming,clementine.fleming9005@yahoo.com,+443222958816,1968-06-09,GB,2026-01-20T06:35:32
1031,Thea Mårtensson,thea.martensson6657@hotmail.com,+464608637082,1973-10-07,SE,2021-07-31T18:52:58
1032,Jing Hong,jing.hong6702@proton.me,+862233657573,1976-11-21,CN,2024-10-11T23:19:56
1033,Judyta Świerczyński,judyta.swierczynski2404@gmail.com,+482749173299,2007-10-01,PL,2023-07-28T19:54:59
1034,Johannes van Leeuwen,johannes.vanleeuwen5329@yahoo.com,+311762549990,1975-01-08,NL,2022-01-30T01:59:35
1035,Sara Chambers,sara.chambers2770@hotmail.com,+16525606598,1972-11-26,US,2023-03-27T02:14:12
1036,Gerardo Vargas,gerardo.vargas8677@outlook.com,+345775345294,1980-12-02,ES,2024-09-23T11:44:24
1037,Arturo Pérez,arturo.perez5081@icloud.com,+527812776992,1984-05-13,MX,2024-02-14T22:41:45
1038,Stefano Mele,stefano.mele4515@yahoo.com,+398907514767,1985-04-17,IT,2026-03-19T17:41:50
1039,Matthias Günther,matthias.gunther759@icloud.com,+494298196323,1970-08-13,DE,2026-04-18T03:45:31
1040,Corinne Leclerc,corinne.leclerc2534@icloud.com,+331216323528,1986-05-18,FR,2024-01-16T10:34:47
1041,Eddie Hunt,eddie.hunt4073@outlook.com,+448801481749,1983-09-10,GB,2022-12-27T11:19:05
1042,Amber Meyer,amber.meyer4177@gmail.com,+16625332614,2004-05-31,US,2023-10-22T15:56:52
1043,Uwe Busch,uwe.busch1794@hotmail.com,+491597683481,1979-08-07,DE,2024-05-13T06:13:00
1044,Finn Friedrich,finn.friedrich1392@icloud.com,+495660795116,1958-01-03,DE,2022-07-25T21:13:41
1045,Stephanie Hughes,stephanie.hughes3290@gmail.com,+614666436173,1954-09-15,AU,2025-02-10T15:59:07
1046,Patricio Herrera,patricio.herrera3572@gmail.com,+349252986267,1957-12-28,ES,2024-06-28T18:25:24
1047,Diana Vicente,diana.vicente9435@icloud.com,+348696232957,1977-01-09,ES,2023-07-13T01:00:21
1048,Lisa Bruin,lisa.bruin5497@outlook.com,+311854154331,1973-08-18,NL,2023-01-20T16:28:44
1049,Emily Schuster,emily.schuster1073@outlook.com,+493661519354,1964-06-30,DE,2023-05-28T06:17:52
1050,Skylar Hart,skylar.hart8090@yahoo.com,+19509041569,1956-03-09,US,2022-01-02T17:11:59
1051,Pierre George,pierre.george8338@outlook.com,+13998595950,1965-05-15,CA,2022-01-05T02:34:07
1052,Jiahui Menon,jiahui.menon8185@outlook.com,+652470450336,2003-07-11,SG,2023-04-03T05:40:37
1053,Yoshito Koyama,yoshito.koyama9867@icloud.com,+813556114001,1993-07-15,JP,2023-07-03T01:05:27
1054,Lois Chapman,lois.chapman7415@proton.me,+16593356841,1968-05-10,US,2025-12-29T22:32:53
1055,Marisol Padilla,marisol.padilla1238@icloud.com,+522455016222,1987-05-14,MX,2023-01-17T18:56:26
1056,Martin Berger,martin.berger3166@icloud.com,+439886459462,1964-03-23,AT,2024-05-11T05:35:10
1057,Jae-suk Pyeonggang,jaesuk.pyeonggang6904@outlook.com,+827547959258,2000-04-23,KR,2023-05-31T11:57:26
1058,Tine De Pauw,tine.depauw9536@yahoo.com,+324348898930,2004-05-10,BE,2021-11-07T19:47:20
1059,Yaroslava Mykhalchuk,yaroslava.mykhalchuk6655@outlook.com,+3801399392301,1967-01-04,UA,2025-11-26T13:22:10
1060,Niels van der Horst,niels.vanderhorst3512@yahoo.com,+312640655893,1994-01-16,NL,2022-12-10T00:02:56
1061,Andrés Ramos,andres.ramos1403@hotmail.com,+521875430800,2008-01-11,MX,2024-08-11T20:43:05
1062,Evie Franklin,evie.franklin9111@yahoo.com,+449961222445,1991-08-05,GB,2025-08-30T14:38:03
1063,Kelly Chen,kelly.chen9687@yahoo.com,+13220779212,1985-09-07,US,2023-03-02T19:04:14
1064,Boingotlo Mabuza,boingotlo.mabuza7119@yahoo.com,+271699994762,2003-12-21,ZA,2021-10-27T18:03:17
1065,Mila Guillot,mila.guillot5493@gmail.com,+333122248784,1947-08-28,FR,2022-05-10T05:53:07
1066,Justin Bailey,justin.bailey5838@proton.me,+449666831415,1964-07-04,GB,2022-04-21T08:28:47
1067,Sonja Weber,sonja.weber4358@gmail.com,+435870719836,1966-12-05,AT,2021-07-01T01:24:46
1068,Scott Stone,scott.stone5411@icloud.com,+613246526655,1967-12-30,AU,2022-06-17T20:49:07
1069,Solomiya Koval,solomiya.koval4529@proton.me,+3806046082312,1955-05-04,UA,2025-10-29T14:40:56
1070,Alfie Powell,alfie.powell2814@yahoo.com,+446774632088,1970-09-04,GB,2021-08-06T20:48:04
1071,Philipp Schmitz,philipp.schmitz169@proton.me,+497132034259,1950-08-20,DE,2021-07-30T21:40:29
1072,Ella Bishop,ella.bishop9066@hotmail.com,+14122085244,1992-07-02,US,2026-01-02T02:10:21
1073,Albertina Vale,albertina.vale4201@icloud.com,+3517018104874,1968-06-21,PT,2023-09-26T23:50:42
1074,Raed Al Tayer,raed.altayer7388@gmail.com,+9713187123518,1996-09-25,AE,2025-03-28T20:07:02
1075,Philippe Renard,philippe.renard6404@hotmail.com,+335936373209,2001-04-24,FR,2024-02-01T06:13:58
1076,Alexandre Paul,alexandre.paul4029@hotmail.com,+13878774296,1958-11-03,CA,2022-03-27T03:41:49
1077,Natalie Foster,natalie.foster9723@outlook.com,+447528104478,2004-06-17,GB,2022-06-15T04:56:23
1078,Emmanuel Henry,emmanuel.henry4015@yahoo.com,+338197949590,1999-05-09,FR,2024-10-13T13:37:30
1079,Peter Böhm,peter.bohm805@hotmail.com,+491686860695,1973-05-26,DE,2025-05-07T10:46:28
1080,Gabrielle Berger,gabrielle.berger2119@gmail.com,+338298419456,1948-10-23,FR,2026-04-16T21:26:58
1081,Lorella Marchetti,lorella.marchetti1068@gmail.com,+395609183223,2003-08-16,IT,2025-04-21T17:54:27
1082,Federico Longo,federico.longo5257@gmail.com,+396665041335,1986-05-31,IT,2024-10-01T10:13:28
1083,Lia Di Pietro,lia.dipietro9942@outlook.com,+395328107247,1984-01-16,IT,2022-09-28T03:35:33
1084,Adèle Gaillard,adele.gaillard1915@hotmail.com,+335855831299,2004-06-13,FR,2024-08-10T11:39:59
1085,Pamela Guzman,pamela.guzman5904@gmail.com,+15862116467,1974-09-21,US,2024-09-16T06:44:16
1086,Sofia Greco,sofia.greco4296@icloud.com,+393418278749,1985-04-26,IT,2024-07-31T09:47:06
1087,Marie Krämer,marie.kramer645@hotmail.com,+495964001790,1994-01-20,DE,2023-05-21T07:38:17
1088,Makiko Sugiyama,makiko.sugiyama7566@proton.me,+819626466361,1954-08-28,JP,2024-11-11T17:35:16
1089,Malene Jessen,malene.jessen4073@gmail.com,+457124519365,1986-09-23,DK,2022-05-27T15:27:57
1090,Yvonne Dijkstra,yvonne.dijkstra5714@proton.me,+311015427604,1949-12-06,NL,2023-01-14T16:35:27
1091,Guilherme Moura,guilherme.moura5919@gmail.com,+554708950112,1973-05-31,BR,2025-03-08T07:05:12
1092,Julianne Lecomte,julianne.lecomte2406@outlook.com,+338726523689,1952-04-10,FR,2026-05-03T10:47:36
1093,Manlio Migliore,manlio.migliore6363@yahoo.com,+398814981864,1993-09-12,IT,2022-08-01T15:47:43
1094,Luna Webster,luna.webster9058@gmail.com,+443291388598,1988-05-08,GB,2025-07-02T10:42:29
1095,Spencer Arnold,spencer.arnold5071@outlook.com,+13786410099,1982-09-09,US,2021-07-29T22:32:45
1096,Amélie Roche,amelie.roche5179@proton.me,+331878110614,1998-04-24,FR,2022-06-21T17:15:29
1097,Ivy West,ivy.west5583@gmail.com,+13267083845,1993-09-28,US,2025-03-28T07:46:30
1098,Kai Xuan Sequeira,kaixuan.sequeira118@icloud.com,+656193736108,1987-07-15,SG,2024-06-07T06:56:20
1099,Bogdan Chojnacki,bogdan.chojnacki9594@icloud.com,+481779692726,1981-11-23,PL,2022-07-24T12:59:17
1100,Aurore Rodriguez,aurore.rodriguez4619@hotmail.com,+333007490372,1995-02-17,FR,2026-04-05T08:21:56
1101,Rebecca Robinson,rebecca.robinson6005@gmail.com,+615001024308,1947-12-19,AU,2022-09-18T15:11:07
1102,Freddie Bond,freddie.bond5268@yahoo.com,+448755855094,1979-12-25,GB,2024-08-15T23:34:37
1103,Aine Manning,aine.manning7584@gmail.com,+3534349099542,1955-12-29,IE,2024-05-12T15:21:57
1104,Harrison Cross,harrison.cross2519@proton.me,+448315750688,1953-10-11,GB,2026-04-03T15:08:01
1105,Hayley Carter,hayley.carter4551@yahoo.com,+615553805744,1980-08-21,AU,2022-08-31T16:42:57
1106,Yash Panicker,yash.panicker3752@yahoo.com,+918523052056,1990-03-01,IN,2024-03-24T15:24:31
1107,Naomi van Eijk,naomi.vaneijk7666@icloud.com,+315341763837,1990-10-30,NL,2022-02-14T02:25:03
1108,Tara Gutierrez,tara.gutierrez9947@yahoo.com,+13221137048,1997-09-12,US,2022-02-25T14:17:51
1109,Qiufang Rashid,qiufang.rashid9367@icloud.com,+656374497035,1959-08-19,SG,2021-06-30T14:04:51
1110,Rubén León,ruben.leon7890@proton.me,+346259517313,1977-01-22,ES,2024-11-13T15:35:44
1111,Bradley Contreras,bradley.contreras3385@proton.me,+12269143532,1985-05-11,US,2021-10-06T00:28:05
1112,Ines Lunde,ines.lunde3247@gmail.com,+468632074698,1977-01-11,SE,2026-03-01T05:31:54
1113,Maya Kuzmenko,maya.kuzmenko2681@gmail.com,+3809560163843,1980-08-13,UA,2023-08-02T05:04:51
1114,Thea Fischer,thea.fischer8814@icloud.com,+498561479833,2001-07-04,DE,2024-03-05T18:45:47
1115,Gift Meyer,gift.meyer1376@outlook.com,+276686698905,1949-04-06,ZA,2025-04-05T17:22:06
1116,Elías Álvarez,elias.alvarez6844@icloud.com,+345825799986,1981-02-03,ES,2022-01-09T02:47:01
1117,Erik Lindqvist,erik.lindqvist1130@icloud.com,+461354394479,2008-02-01,SE,2024-12-14T06:04:00
1118,Oktay Bilgin,oktay.bilgin4252@outlook.com,+909740923664,1960-08-15,TR,2023-10-22T05:33:09
1119,Queen Zulu,queen.zulu5420@gmail.com,+276020942970,1973-12-19,ZA,2025-09-07T22:59:53
1120,Ewa Sobczyk,ewa.sobczyk4976@gmail.com,+483301873076,1998-03-05,PL,2022-09-27T06:16:19
1121,Léonie Fleury,leonie.fleury4817@yahoo.com,+337665631870,1981-10-18,FR,2024-11-25T23:07:56
1122,Ruby Rivera,ruby.rivera1454@proton.me,+11868187283,2002-07-26,US,2022-08-20T23:34:53
1123,Justin Pratt,justin.pratt6295@yahoo.com,+17632397187,1972-08-21,CA,2024-10-13T03:26:05
1124,Aaliyah Ellis,aaliyah.ellis9991@outlook.com,+16805842495,2001-03-22,CA,2024-06-10T12:36:36
1125,Zhi Zhang,zhi.zhang978@icloud.com,+862160901471,1947-10-14,CN,2024-03-09T06:45:18
1126,Alfons Delvaux,alfons.delvaux4181@hotmail.com,+322084154135,1996-10-29,BE,2025-06-03T08:32:47
1127,Wesley Rogers,wesley.rogers3511@icloud.com,+14957809657,1968-02-12,US,2023-07-09T05:40:48
1128,Joe Harvey,joe.harvey5664@outlook.com,+448417748373,1950-08-08,GB,2023-08-17T14:20:49
1129,Fareeda Al Darmaki,fareeda.aldarmaki614@hotmail.com,+9718469264110,1981-11-12,AE,2026-04-03T04:10:59
1130,Johanna Schulz,johanna.schulz1861@hotmail.com,+495039843484,1994-12-02,DE,2023-10-07T18:53:01
1131,Lily Nguyen,lily.nguyen9537@gmail.com,+613293797383,1990-07-31,AU,2024-11-06T01:18:06
1132,Xavier Adam,xavier.adam887@gmail.com,+338285520280,1956-11-03,FR,2023-04-05T07:04:05
1133,Layla Allen,layla.allen6176@outlook.com,+443540753252,1974-05-10,GB,2025-10-31T02:29:32
1134,Heriberto Rojas,heriberto.rojas1206@icloud.com,+521815533205,1951-09-16,MX,2023-10-21T12:50:57
1135,Semen Lozynskyi,semen.lozynskyi1760@outlook.com,+3801113359696,1962-04-24,UA,2026-03-09T12:18:18
1136,Zoe Watson,zoe.watson4654@hotmail.com,+615611555613,1963-08-22,AU,2021-06-09T12:15:40
1137,Mikiko Otsuka,mikiko.otsuka2674@hotmail.com,+811388828733,1964-12-12,JP,2021-08-24T16:15:46
1138,Inna Pavluk,inna.pavluk7216@icloud.com,+3801132933479,1952-05-31,UA,2024-11-23T08:22:31
1139,Bit-na Geumgang,bitna.geumgang497@proton.me,+825147079718,1963-09-12,KR,2025-06-27T16:34:59
1140,Laura Bautista,laura.bautista9238@yahoo.com,+526944790710,1963-09-02,MX,2022-12-12T16:32:55
1141,Lena Kusiak,lena.kusiak9668@yahoo.com,+485819543183,1951-12-29,PL,2023-10-28T06:04:05
1142,Jose Soto,jose.soto8243@yahoo.com,+13087738374,1949-02-18,US,2024-11-16T23:03:45
1143,Laurent Vasseur,laurent.vasseur7186@proton.me,+332319963224,1963-10-13,FR,2024-01-01T00:01:16
1144,Louise Crawford,louise.crawford5362@icloud.com,+448852390991,1995-12-26,GB,2025-10-30T12:34:48
1145,Monique Baert,monique.baert8222@gmail.com,+324593078557,1953-05-19,BE,2026-01-06T18:52:44
1146,Hélène Lucas,helene.lucas4787@icloud.com,+338664845321,2003-07-25,FR,2024-02-07T23:25:46
1147,Jasper Wagner,jasper.wagner8127@icloud.com,+15710828750,1965-09-22,US,2026-04-24T21:43:28
1148,Miriam Schumacher,miriam.schumacher7329@proton.me,+499093045673,1990-09-02,DE,2022-05-22T07:01:48
1149,Amy Cooper,amy.cooper29@hotmail.com,+611894288726,1972-09-23,AU,2025-03-06T15:18:39
1150,Suzanne Fontaine,suzanne.fontaine8578@hotmail.com,+333422709023,1976-01-11,FR,2023-01-22T21:00:42
1151,Jessica Torres,jessica.torres446@proton.me,+11560910237,1956-08-17,US,2022-10-23T21:56:51
1152,Mai Miura,mai.miura4593@gmail.com,+814569085829,1964-11-14,JP,2024-09-23T04:45:31
1153,Celal Öztürk,celal.ozturk9596@hotmail.com,+903411212897,1949-02-05,TR,2026-02-08T20:15:49
1154,Fernando Silva,fernando.silva1765@outlook.com,+528153304274,1972-02-16,MX,2023-02-01T15:29:22
1155,Maksym Pylypenko,maksym.pylypenko9906@outlook.com,+3807165409487,1993-03-04,UA,2021-05-20T00:34:33
1156,Helen Butler,helen.butler3332@gmail.com,+447190383836,1980-07-29,GB,2024-02-22T21:53:34
1157,Ulises García,ulises.garcia3817@gmail.com,+527523388918,1963-01-29,MX,2025-04-13T06:34:06
1158,Frances Turner,frances.turner8690@yahoo.com,+18245340520,1986-02-05,US,2024-10-28T02:45:35
1159,Ronald van Es,ronald.vanes4647@outlook.com,+314366238084,1948-12-13,NL,2023-01-26T23:54:29
1160,Roshni Rao,roshni.rao6877@yahoo.com,+918335151414,1947-12-07,IN,2024-01-17T00:19:55
1161,Florence Harper,florence.harper6017@icloud.com,+13034989949,1968-08-20,US,2025-07-28T18:17:41
1162,Fiona O'Grady,fiona.ogrady5195@outlook.com,+3532705184893,1992-06-28,IE,2023-04-01T15:49:27
1163,Willow Bell,willow.bell376@icloud.com,+618451981621,1957-09-25,AU,2025-11-12T03:20:05
1164,Yori Yamamoto,yori.yamamoto3606@yahoo.com,+818632469125,1966-09-15,JP,2022-05-17T09:17:08
1165,Celina Shankar,celina.shankar320@hotmail.com,+913376167636,1953-10-18,IN,2022-08-19T11:05:04
1166,Aykut Önal,aykut.onal2285@proton.me,+901567937035,1969-12-24,TR,2025-01-04T02:20:27
1167,Lina Huber,lina.huber8160@yahoo.com,+495343688571,1997-03-30,DE,2025-12-08T01:45:50
1168,Jasmine King,jasmine.king1787@yahoo.com,+17133427181,1958-01-22,US,2025-09-29T15:56:28
1169,Georg Claesson,georg.claesson5478@hotmail.com,+468211416296,1986-05-30,SE,2025-07-30T09:37:38
1170,Brianna Perry,brianna.perry7986@icloud.com,+12510720153,1983-07-30,US,2025-04-10T01:42:38
1171,Destiny Evans,destiny.evans1012@yahoo.com,+14403760193,1959-11-24,US,2025-01-20T23:50:45
1172,Pavlo Moroz,pavlo.moroz3345@hotmail.com,+3807356635341,1982-03-24,UA,2022-11-26T05:53:08
1173,Sigrid Falk,sigrid.falk4158@hotmail.com,+463345541173,1962-10-31,SE,2023-09-13T08:42:51
1174,Estrella Delgado,estrella.delgado4245@hotmail.com,+345522448343,1986-07-28,ES,2022-02-02T19:09:41
1175,Delphine Picard,delphine.picard5320@icloud.com,+332362312338,1983-05-22,FR,2024-06-14T05:04:21
1176,Honorata Wawrzyniak,honorata.wawrzyniak4724@hotmail.com,+482476194353,1981-02-04,PL,2023-03-23T21:53:33
1177,Nils Flückiger,nils.fluckiger2872@hotmail.com,+411821546990,1990-01-14,CH,2023-09-15T06:52:48
1178,Gabriel Mendez,gabriel.mendez7468@icloud.com,+16180825291,1968-07-03,US,2022-03-24T04:44:43
1179,Ricardo Herrero,ricardo.herrero6294@outlook.com,+341745468026,1955-11-19,ES,2023-03-01T18:47:51
1180,Malachy O'Keeffe,malachy.okeeffe8422@yahoo.com,+3532383845733,1946-09-05,IE,2024-03-07T11:05:25
1181,Elisabeth Berggren,elisabeth.berggren399@yahoo.com,+465925276933,1965-04-19,SE,2026-02-21T21:16:30
1182,Hortense Marchand,hortense.marchand7736@icloud.com,+338036941545,1965-07-25,FR,2022-12-30T07:57:15
1183,Silvio Andrade,silvio.andrade5623@yahoo.com,+552510640880,1954-01-01,BR,2023-11-23T04:41:00
1184,Edna Russell,edna.russell2859@icloud.com,+14140563034,1989-11-10,US,2023-07-03T21:29:44
1185,Oliver Palmer,oliver.palmer1346@yahoo.com,+15495546767,2003-11-29,US,2025-09-03T13:33:18
1186,Gustav Klein,gustav.klein9284@icloud.com,+497883481827,1986-12-29,DE,2024-02-13T22:22:56
1187,Natsumi Sekiguchi,natsumi.sekiguchi9235@outlook.com,+812424710977,1976-08-03,JP,2025-10-12T02:53:54
1188,Yoon-hee Seonwoo,yoonhee.seonwoo7066@icloud.com,+825641314373,1972-07-13,KR,2026-02-14T07:19:06
1189,Andrea Martinazzi,andrea.martinazzi8551@proton.me,+393709462169,1990-12-26,IT,2024-05-02T00:02:16
1190,Franz Groß,franz.gro5232@icloud.com,+498605869705,1973-02-24,DE,2022-05-20T23:49:50
1191,Dominika Orłowski,dominika.orowski3794@proton.me,+486835923654,1971-10-06,PL,2025-12-13T07:35:40
1192,Olha Vozniak,olha.vozniak8407@outlook.com,+3806338673351,1962-09-09,UA,2021-06-22T01:33:50
1193,Archer Taylor,archer.taylor9053@hotmail.com,+611245876398,1974-10-30,AU,2021-08-03T00:03:07
1194,Émilie Dubois,emilie.dubois9908@gmail.com,+337965196657,1990-09-20,FR,2025-11-20T03:00:56
1195,Riko Hasegawa,riko.hasegawa498@hotmail.com,+813462963407,1988-09-18,JP,2022-02-24T22:06:49
1196,Jerry Grant,jerry.grant1712@proton.me,+14005988262,1980-04-14,US,2023-11-01T23:06:32
1197,Alex Morales,alex.morales6137@icloud.com,+342886275293,2006-11-03,ES,2021-11-13T17:03:24
1198,Eliana Walker,eliana.walker5954@proton.me,+12399663362,1971-05-22,CA,2024-05-17T02:53:08
1199,Johnny Goodwin,johnny.goodwin1299@gmail.com,+15799873759,1968-09-13,US,2026-05-16T01:09:45
1200,Roisin Spencer,roisin.spencer6828@proton.me,+449943670882,1949-07-19,GB,2023-12-22T23:43:56
1201,Elsa Deschamps,elsa.deschamps3593@hotmail.com,+339600693390,1977-09-24,FR,2022-02-25T04:19:13
1202,Nathan Curtis,nathan.curtis5624@yahoo.com,+12287108155,1973-10-30,CA,2022-03-15T04:10:26
1203,Lou Fabre,lou.fabre2326@hotmail.com,+333000548939,1958-09-12,FR,2026-02-03T13:18:20
1204,Stephanie Hoffman,stephanie.hoffman8886@hotmail.com,+12882124844,1964-11-08,US,2026-02-24T05:39:48
1205,Jessica Bowen,jessica.bowen9510@yahoo.com,+15987742659,1954-04-02,CA,2022-04-28T19:52:47
1206,Veronica Ferri,veronica.ferri620@icloud.com,+396762203441,1957-09-10,IT,2024-10-20T17:41:07
1207,Mabh Gleeson,mabh.gleeson3098@proton.me,+3536552721988,1952-02-10,IE,2024-04-06T15:48:35
1208,Dan Wells,dan.wells9991@outlook.com,+443785362900,1987-12-05,GB,2024-07-08T09:48:40
1209,Jordan Roberts,jordan.roberts4061@icloud.com,+446277044192,1965-05-31,GB,2023-12-05T15:24:06
1210,Chikako Oshima,chikako.oshima7735@yahoo.com,+816012201082,1971-07-20,JP,2023-12-03T18:05:43
1211,Eugenio Luciano,eugenio.luciano4896@hotmail.com,+392004184508,1948-12-10,IT,2023-01-07T11:44:26
1212,Maddox Armstrong,maddox.armstrong2714@proton.me,+19809169818,1976-09-02,US,2026-01-07T13:55:44
1213,Teresa Bryant,teresa.bryant1831@proton.me,+15068123266,1997-03-02,CA,2023-01-29T03:34:14
1214,Greta Fontana,greta.fontana9197@gmail.com,+391097080829,1952-10-03,IT,2024-07-07T21:04:08
1215,Armando D'Angelo,armando.dangelo8200@yahoo.com,+393733732921,1985-03-30,IT,2022-04-08T01:34:17
1216,Rosie Jones,rosie.jones288@proton.me,+444150527437,1953-06-08,GB,2021-12-08T21:32:49
1217,Autumn McDonald,autumn.mcdonald8951@yahoo.com,+13332146852,1993-04-21,US,2023-11-13T09:52:09
1218,Luciano Monti,luciano.monti9886@hotmail.com,+393555626122,2002-06-17,IT,2023-03-03T10:10:23
1219,Rhiannon Todd,rhiannon.todd2365@proton.me,+444923783143,1974-12-03,GB,2021-12-10T08:34:41
1220,Donald Gonzalez,donald.gonzalez3492@icloud.com,+17074134051,1995-11-08,US,2025-09-07T04:18:10
1221,Marie Olivier,marie.olivier8356@icloud.com,+335157565054,2008-02-07,FR,2021-06-09T11:27:40
1222,Ahmed Al Khaili,ahmed.alkhaili9317@hotmail.com,+9713516193837,1973-07-31,AE,2021-10-22T20:49:36
1223,Manuela Peters,manuela.peters2220@yahoo.com,+493460184349,1979-08-07,DE,2023-04-16T12:52:33
1224,Nicolas Robert,nicolas.robert1480@outlook.com,+339391645851,1991-08-12,FR,2025-12-25T18:39:01
1225,Purificación Benítez,purificacion.benitez1477@hotmail.com,+344643726221,1989-06-11,ES,2022-04-13T08:59:58
1226,Hannah King,hannah.king7732@icloud.com,+619874995869,1968-04-14,AU,2024-03-08T14:00:34
1227,Françoise Reynaud,francoise.reynaud9808@yahoo.com,+336076377866,1951-02-01,FR,2024-05-07T21:12:08
1228,Isaac Chavez,isaac.chavez2387@outlook.com,+17460786776,1997-02-11,US,2024-03-22T10:35:54
1229,Kennedy Banks,kennedy.banks6233@icloud.com,+14715167579,1988-09-05,CA,2023-04-15T00:51:50
1230,Carlotta Martini,carlotta.martini4995@outlook.com,+392549481240,1968-11-04,IT,2021-08-07T15:42:59
1231,Helga Rasmussen,helga.rasmussen8880@proton.me,+458036349630,1994-02-05,DK,2024-10-15T09:24:26
1232,Udo Schmidt,udo.schmidt5400@gmail.com,+491258120232,1989-11-13,DE,2024-01-14T15:35:42
1233,Hayden Riley,hayden.riley1829@hotmail.com,+17679680264,1974-09-20,US,2024-07-19T16:19:11
1234,Bernice Larson,bernice.larson3586@icloud.com,+19019178730,1961-09-20,US,2025-06-22T08:47:52
1235,Ryder Hernandez,ryder.hernandez4895@proton.me,+15784125024,1966-04-22,US,2022-06-21T18:34:13
1236,Justin Hunter,justin.hunter1228@yahoo.com,+17531118448,1993-05-27,US,2023-02-28T00:00:32
1237,Arthur Tucker,arthur.tucker5521@proton.me,+443769524605,1951-03-20,GB,2023-02-25T13:46:44
1238,Józefa Tomaszewski,jozefa.tomaszewski9046@icloud.com,+485152039911,1993-03-26,PL,2025-06-13T16:36:23
1239,Sandiso Baloyi,sandiso.baloyi4543@icloud.com,+273727624208,1949-04-01,ZA,2025-11-26T13:25:37
1240,Olivier Michel,olivier.michel1703@outlook.com,+328641767141,1978-07-31,BE,2023-12-31T20:02:11
1241,Sonja Strömberg,sonja.stromberg2315@hotmail.com,+463499219975,1963-10-22,SE,2026-03-27T12:41:07
1242,Gennaro Mazzi,gennaro.mazzi3945@yahoo.com,+395206798563,1997-10-13,IT,2025-06-13T15:57:41
1243,Monique Aubert,monique.aubert9750@proton.me,+339721989195,1957-07-19,FR,2024-07-25T07:45:18
1244,Angelina Mendoza,angelina.mendoza7594@outlook.com,+349544130976,1968-12-26,ES,2026-01-04T23:10:22
1245,Mary Duncan,mary.duncan4198@proton.me,+14868469631,1946-10-29,US,2023-09-09T20:20:00
1246,Raphaël Dekker,raphael.dekker1901@proton.me,+326575426482,2002-08-01,BE,2023-04-11T03:47:31
1247,Emre Bora,emre.bora459@proton.me,+903663817072,1992-07-26,TR,2022-06-13T21:37:44
1248,Claudia do Nascimento,claudia.donascimento9564@icloud.com,+558391231302,1993-07-09,BR,2025-02-14T07:37:56
1249,Eleanor Reed,eleanor.reed8049@gmail.com,+17697190100,1965-06-23,US,2024-11-23T05:12:27
1250,Meredith Roberts,meredith.roberts6214@hotmail.com,+12833329235,2000-12-27,US,2025-10-17T22:17:39
1251,Danielle Sanchez,danielle.sanchez6527@hotmail.com,+338827026061,1996-07-26,FR,2024-12-24T07:25:22
1252,Ffion Chambers,ffion.chambers6979@gmail.com,+449864543716,1970-04-05,GB,2022-04-17T19:35:33
1253,Ethan Reid,ethan.reid2876@yahoo.com,+15782330888,1954-03-30,US,2021-05-25T01:54:58
1254,Maja Blom,maja.blom3070@proton.me,+464727500124,1974-03-21,SE,2022-08-20T16:19:24
1255,Krzysztof Domański,krzysztof.domanski8882@yahoo.com,+488163008355,2004-11-20,PL,2021-09-03T22:52:27
1256,Timothy Morgan,timothy.morgan2440@proton.me,+611002191192,1988-06-04,AU,2021-06-26T10:48:14
1257,Bonnie Murray,bonnie.murray3981@proton.me,+11850393946,1956-12-06,US,2021-10-17T06:43:12
1258,Amir Verstraeten,amir.verstraeten7869@gmail.com,+324075231993,1959-05-20,BE,2025-12-06T09:23:19
1259,Alicia Barnes,alicia.barnes463@icloud.com,+19992741045,1988-08-10,US,2024-06-15T18:26:27
1260,Stefania Borowski,stefania.borowski9470@hotmail.com,+485332134260,1948-03-23,PL,2024-04-28T09:08:38
1261,Gabriel Hoffmann,gabriel.hoffmann4171@gmail.com,+556809842145,1948-03-28,BR,2025-02-07T23:51:56
1262,Raymond Clement,raymond.clement2395@yahoo.com,+331884990708,1976-01-10,FR,2024-01-28T01:09:50
1263,Fred Gauthier,fred.gauthier3443@gmail.com,+15694720544,1950-10-05,CA,2024-08-31T06:34:47
1264,William Mills,william.mills4882@yahoo.com,+446524939101,2005-03-09,GB,2023-07-11T18:02:49
1265,Tara Armstrong,tara.armstrong2893@gmail.com,+616318348735,1979-01-16,AU,2025-07-12T02:15:56
1266,Serdar İlhan,serdar.ilhan4148@hotmail.com,+908423557074,1988-06-17,TR,2023-12-26T23:23:40
1267,Hina Aoki,hina.aoki255@outlook.com,+814495455550,2004-07-23,JP,2026-01-14T23:13:59
1268,Lebohang Martin,lebohang.martin1810@hotmail.com,+272419757386,1962-04-07,ZA,2023-12-27T06:38:46
1269,Alan Wood,alan.wood206@yahoo.com,+19216080261,1992-02-18,US,2022-03-10T23:06:03
1270,George Allen,george.allen6912@outlook.com,+13330772912,1989-02-03,US,2024-07-08T19:57:07
1271,Minori Nakamura,minori.nakamura8780@icloud.com,+817534840383,1974-05-10,JP,2022-09-17T13:08:31
1272,Leah Hampton,leah.hampton6233@yahoo.com,+18677881253,1991-04-19,CA,2024-01-20T13:49:41
1273,Sonja Studer,sonja.studer3441@yahoo.com,+413805611761,1950-05-13,CH,2025-06-24T02:30:26
1274,Leonardus Bakker,leonardus.bakker7978@outlook.com,+311171610520,1950-02-08,NL,2025-02-24T10:32:43
1275,Andrew Wood,andrew.wood3772@icloud.com,+16690541185,2001-09-06,CA,2021-11-26T13:40:51
1276,Clémence Leroy,clemence.leroy3584@icloud.com,+332351291103,1957-03-31,FR,2025-07-04T17:11:32
1277,Lydia Elliott,lydia.elliott9926@hotmail.com,+449850918895,1949-06-26,GB,2023-11-15T13:12:27
1278,Diana Webb,diana.webb2339@hotmail.com,+16450534094,1972-09-02,US,2022-11-18T08:00:19
1279,Josef Franke,josef.franke3299@hotmail.com,+497318597197,2003-08-20,DE,2026-04-14T16:48:36
1280,Alice Sutton,alice.sutton5030@outlook.com,+15742442446,1951-08-05,CA,2024-05-01T21:32:02
1281,Nina Soroka,nina.soroka1075@hotmail.com,+3806451790697,2006-01-31,UA,2022-05-31T15:08:53
1282,Brandy Hudson,brandy.hudson4857@icloud.com,+16676687909,1978-06-09,US,2023-04-08T22:26:25
1283,Miep van der Veer,miep.vanderveer6833@hotmail.com,+313560083655,1982-08-11,NL,2025-02-08T10:27:58
1284,Kristin Black,kristin.black8288@hotmail.com,+13574525270,1993-09-29,US,2024-05-03T03:02:10
1285,Ram Chauhan,ram.chauhan9814@hotmail.com,+916073957350,1973-03-01,IN,2023-10-05T07:56:39
1286,Henriette de Jonge,henriette.dejonge1484@yahoo.com,+317156323741,1954-11-18,NL,2022-10-27T22:22:56
1287,Kornelia Czerwiński,kornelia.czerwinski7232@outlook.com,+481151648400,1955-12-21,PL,2023-07-30T09:34:12
1288,Phoebe Black,phoebe.black8253@hotmail.com,+443896058828,2007-06-13,GB,2021-07-25T17:02:43
1289,Masayuki Nishikawa,masayuki.nishikawa9130@outlook.com,+817093274166,1997-04-12,JP,2023-06-01T14:13:33
1290,Kenichi Arai,kenichi.arai3501@hotmail.com,+819293049637,1996-12-16,JP,2022-06-16T18:44:08
1291,Jana Veenstra,jana.veenstra8735@yahoo.com,+312556860707,1980-09-30,NL,2025-11-17T21:21:29
1292,Simone Sabatini,simone.sabatini4687@outlook.com,+391835157485,2003-06-20,IT,2025-05-27T00:57:35
1293,Loïc Renaud,loic.renaud252@gmail.com,+339297414696,2002-03-23,FR,2021-07-23T19:13:37
1294,Rebecca Floyd,rebecca.floyd18@icloud.com,+12112391110,1978-08-29,CA,2025-12-15T03:12:22
1295,Francisco Serrano,francisco.serrano5939@icloud.com,+522339880911,1958-12-11,MX,2025-10-05T12:25:26
1296,Barbara Smith,barbara.smith2131@gmail.com,+15676842624,1992-01-05,US,2024-05-22T10:28:35
1297,Alexis Diaz,alexis.diaz3353@outlook.com,+12692410663,2006-05-06,US,2023-05-21T17:27:36
1298,Steven Hopkins,steven.hopkins227@icloud.com,+19699208869,1969-03-23,CA,2025-02-25T12:55:01
1299,Thuraya Al Ghaith,thuraya.alghaith5664@yahoo.com,+9715663614303,1976-11-19,AE,2022-06-14T17:10:31
1300,Julie Pearson,julie.pearson9672@gmail.com,+448457373136,1946-08-08,GB,2022-08-10T09:42:11
1301,Luana Medeiros,luana.medeiros583@outlook.com,+559154838844,1983-11-04,BR,2025-03-12T03:54:16
1302,Isaac Graves,isaac.graves3019@yahoo.com,+16344315057,2004-08-21,CA,2024-02-02T01:03:04
1303,Nataliia Zinchenko,nataliia.zinchenko4881@icloud.com,+3802170127194,1948-02-13,UA,2022-06-12T10:12:33
1304,Isabella Schweiger,isabella.schweiger3805@yahoo.com,+436280745486,1978-05-20,AT,2023-11-06T06:55:15
1305,Jason Song,jason.song1891@hotmail.com,+654452964378,1968-06-08,SG,2025-08-12T01:02:02
1306,Lars Dahlberg,lars.dahlberg1558@gmail.com,+469517363201,1991-07-16,SE,2023-05-05T04:21:08
1307,Wilhelm Kraus,wilhelm.kraus1312@proton.me,+494092309662,1948-09-06,DE,2022-06-03T22:14:00
1308,Elham Al Jaber,elham.aljaber18@proton.me,+9716454144899,1956-11-16,AE,2022-08-28T17:58:43
1309,Riley Wallace,riley.wallace1458@proton.me,+615098020947,1968-09-23,AU,2023-03-04T07:18:41
1310,Neetu Bose,neetu.bose1446@outlook.com,+914814773061,2003-11-30,IN,2025-04-11T07:40:05
1311,Flora Valente,flora.valente2930@yahoo.com,+393650169536,1947-05-20,IT,2024-08-10T04:06:43
1312,Maria Lange,maria.lange1936@icloud.com,+493297437207,1984-09-21,DE,2022-12-19T03:47:20
1313,François Roy,francois.roy5088@hotmail.com,+337495918829,1965-02-17,FR,2024-08-13T05:00:03
1314,Gemma Holmes,gemma.holmes2656@yahoo.com,+614471235996,2001-11-12,AU,2022-02-15T16:30:10
1315,Konstanze Schmid,konstanze.schmid248@proton.me,+496104483256,1977-03-19,DE,2022-06-07T20:51:05
1316,Mariana Santiago,mariana.santiago2216@proton.me,+521129179229,1982-06-14,MX,2023-01-11T01:53:52
1317,Mariana Moreno,mariana.moreno8350@proton.me,+342519593879,1994-05-03,ES,2024-05-18T00:33:35
1318,Tsuyoshi Sawada,tsuyoshi.sawada1286@hotmail.com,+816643873222,1958-08-09,JP,2026-01-07T21:58:45
1319,William Reed,william.reed906@icloud.com,+17490795514,1999-01-27,CA,2022-04-20T07:38:50
1320,Emilio Ruiz,emilio.ruiz3178@yahoo.com,+529904006033,1974-11-29,MX,2024-01-24T02:15:16
1321,Fumiko Yamaguchi,fumiko.yamaguchi3228@yahoo.com,+816452458329,1966-02-05,JP,2024-12-01T11:51:05
1322,Shinya Kawada,shinya.kawada563@hotmail.com,+816123086820,1973-11-17,JP,2021-06-28T06:42:29
1323,Caoimhe Connolly,caoimhe.connolly6439@gmail.com,+3538838454782,1957-04-15,IE,2022-07-15T06:20:32
1324,Rosalie Roux,rosalie.roux228@outlook.com,+334380630358,1966-03-08,FR,2025-03-12T18:50:08
1325,Rubén Aguilar,ruben.aguilar9155@icloud.com,+526664489342,1987-03-06,MX,2024-04-28T07:50:07
1326,Barbara Barbieri,barbara.barbieri4626@proton.me,+393266135754,1986-04-08,IT,2021-05-22T02:43:22
1327,Jessica Ibarra,jessica.ibarra7631@hotmail.com,+526375193249,2006-06-25,MX,2024-06-23T02:14:48
1328,Annalisa Santini,annalisa.santini4786@gmail.com,+393265128245,1968-09-12,IT,2023-09-17T10:05:30
1329,Angelo Conti,angelo.conti7191@yahoo.com,+396795954247,1947-02-12,IT,2022-11-09T18:53:37
1330,Chloe Morgan,chloe.morgan9834@outlook.com,+19848356049,1948-09-03,US,2021-10-29T12:42:41
1331,Rachel White,rachel.white4176@outlook.com,+617747411145,1953-10-21,AU,2026-03-13T09:32:30
1332,David Ingram,david.ingram1115@gmail.com,+14792398517,2001-04-20,CA,2024-03-16T13:03:50
1333,Kitty Lee,kitty.lee6501@yahoo.com,+446424249808,1956-03-20,GB,2024-07-01T05:52:35
1334,Antonia Serra,antonia.serra6627@proton.me,+393770467789,1958-11-01,IT,2022-10-07T12:06:02
1335,Thierry Brunet,thierry.brunet1116@hotmail.com,+339677504547,1986-01-01,FR,2025-01-13T10:21:17
1336,Janet Carter,janet.carter6021@icloud.com,+447241081401,1967-10-13,GB,2026-04-30T22:22:57
1337,Badria Al Ali,badria.alali6733@yahoo.com,+9713121494715,1994-04-25,AE,2022-05-01T22:06:53
1338,Asher Allen,asher.allen4660@yahoo.com,+619358566876,1956-10-12,AU,2025-07-22T03:28:56
1339,Paula Vázquez,paula.vazquez2901@yahoo.com,+342179726683,1997-05-20,ES,2023-10-31T15:44:28
1340,Susan Dean,susan.dean2712@outlook.com,+443048382867,1999-08-11,GB,2023-02-23T18:34:51
1341,Rin Takeda,rin.takeda4566@proton.me,+817939195321,1972-01-31,JP,2024-10-01T06:28:51
1342,Ronald Kennedy,ronald.kennedy933@icloud.com,+14613115513,1999-12-12,US,2026-05-10T00:18:12
1343,Lucia Schmidt,lucia.schmidt7541@yahoo.com,+553249296811,1947-04-11,BR,2021-11-06T05:25:42
1344,Olivia Scholten,olivia.scholten2884@gmail.com,+317045087390,2007-04-17,NL,2025-05-22T12:28:37
1345,Karin Ferstl,karin.ferstl493@proton.me,+438268925885,1972-01-30,AT,2023-10-26T08:49:48
1346,Francisco Merino,francisco.merino3125@hotmail.com,+345147277842,2005-03-20,ES,2023-02-24T06:51:31
1347,Leah Bell,leah.bell6985@gmail.com,+12124170404,1998-04-11,US,2025-04-14T02:05:20
1348,Dorthe Henriksen,dorthe.henriksen9343@yahoo.com,+458839206746,1949-02-02,DK,2022-01-02T19:06:29
1349,Helene Zimmermann,helene.zimmermann6963@icloud.com,+439643868124,1984-02-22,AT,2023-08-09T19:19:00
1350,Kenneth Jimenez,kenneth.jimenez6308@hotmail.com,+14528115457,1986-04-13,US,2024-09-04T12:22:09
1351,Victoria Miller,victoria.miller2524@proton.me,+12987853385,1953-07-31,US,2025-06-10T10:24:30
1352,Victoria Figueroa,victoria.figueroa9032@proton.me,+524442316683,1998-07-03,MX,2021-05-22T18:52:21
1353,Märta Abrahamsson,marta.abrahamsson9133@gmail.com,+469880480880,1989-10-20,SE,2025-08-20T19:10:24
1354,Shiho Fujii,shiho.fujii2214@outlook.com,+813830303851,1968-07-21,JP,2022-05-27T18:16:53
1355,Yannik Graf,yannik.graf7893@yahoo.com,+416052040600,1981-01-13,CH,2024-01-28T02:31:10
1356,Laura Marsh,laura.marsh5135@outlook.com,+14756111121,2003-02-22,CA,2022-04-19T21:39:12
1357,Aiden Cortez,aiden.cortez1193@icloud.com,+17172538557,1994-07-22,CA,2024-07-28T06:18:21
1358,Saverio Silvestri,saverio.silvestri5079@yahoo.com,+393832512173,1980-09-14,IT,2023-08-19T08:03:23
1359,Xochitl Núñez,xochitl.nunez960@gmail.com,+526806033381,1997-05-03,MX,2023-03-26T06:01:49
1360,Roman Williamson,roman.williamson1659@gmail.com,+612403864225,2001-08-31,AU,2023-09-06T04:19:08
1361,Luisa Keller,luisa.keller9422@icloud.com,+432406313882,1957-05-13,AT,2023-12-29T06:15:34
1362,Simon Pierre,simon.pierre9640@yahoo.com,+338228245203,1968-09-07,FR,2026-02-11T01:31:30
1363,Caroline Da Silva,caroline.dasilva7343@gmail.com,+334893788404,1993-02-16,FR,2021-11-27T23:05:31
1364,Gino Campana,gino.campana1415@proton.me,+394942068674,1988-10-26,IT,2022-01-06T22:18:44
1365,Marguerite Germain,marguerite.germain38@outlook.com,+333487932344,1990-07-21,FR,2023-12-19T20:37:30
1366,Ingrid Santos,ingrid.santos3702@proton.me,+528535443939,1960-12-26,MX,2024-11-18T03:45:24
1367,Zoe Walsh,zoe.walsh5667@proton.me,+18875304250,1952-12-31,US,2024-12-29T05:44:22
1368,Amna Al Dahmani,amna.aldahmani5494@yahoo.com,+9713370551751,1952-12-30,AE,2023-09-18T08:53:28
1369,Dennis Frank,dennis.frank6029@hotmail.com,+494320871306,1946-09-20,DE,2023-02-07T14:27:09
1370,Nunzio Casella,nunzio.casella7529@hotmail.com,+396555608595,1963-03-25,IT,2022-07-11T14:37:10
1371,Ganesh Gaikwad,ganesh.gaikwad3299@yahoo.com,+913034219597,1987-03-13,IN,2022-07-03T07:44:19
1372,Antonia König,antonia.konig9133@proton.me,+495727586050,2000-01-01,DE,2022-09-04T00:03:34
1373,Mia Graf,mia.graf7767@gmail.com,+494945782440,1983-02-06,DE,2022-01-12T06:39:36
1374,Sarah Powell,sarah.powell6203@icloud.com,+619464982081,1988-05-26,AU,2024-01-26T08:38:52
1375,Finn Peeters,finn.peeters2796@gmail.com,+326634989894,1986-07-24,BE,2025-09-06T13:01:09
1376,Margarete Haas,margarete.haas1061@hotmail.com,+438246057915,1957-10-18,AT,2024-04-20T10:26:10
1377,Isabelle Hagberg,isabelle.hagberg5106@gmail.com,+463899605640,1960-12-14,SE,2025-07-13T05:54:29
1378,Katja Salminen,katja.salminen9998@outlook.com,+3583485322034,1960-04-11,FI,2023-07-05T09:49:22
1379,Urszula Wojciechowski,urszula.wojciechowski3212@yahoo.com,+485057568296,2001-03-24,PL,2022-06-10T20:41:44
1380,Paul Rose,paul.rose1341@hotmail.com,+19572108824,1963-12-10,US,2024-09-18T04:35:54
1381,Peter Axelsson,peter.axelsson1458@yahoo.com,+465562189497,1948-08-18,SE,2024-10-04T21:09:51
1382,Sho Miyazawa,sho.miyazawa8693@hotmail.com,+819052248700,1984-04-17,JP,2024-06-30T12:11:11
1383,Emanuela Mauro,emanuela.mauro4090@outlook.com,+393054994308,1980-01-02,IT,2024-02-01T01:32:40
1384,Penelope Summers,penelope.summers7204@yahoo.com,+446157677882,1965-10-24,GB,2022-11-23T08:06:37
1385,Carter Wade,carter.wade9432@proton.me,+11885894816,1993-06-14,CA,2023-06-09T16:48:06
1386,Joon-ho Lim,joonho.lim7124@icloud.com,+826386901864,1982-04-01,KR,2022-11-18T13:46:49
1387,Dariia Oleksenko,dariia.oleksenko3267@proton.me,+3809847695108,1983-03-18,UA,2023-09-27T08:36:40
1388,Mouna Al Futtaim,mouna.alfuttaim8460@hotmail.com,+9714581288300,1990-09-17,AE,2025-01-02T15:02:55
1389,George Walton,george.walton8294@proton.me,+11251109598,1995-06-13,CA,2024-07-03T19:10:39
1390,Iker Blanco,iker.blanco5185@proton.me,+344126853947,1988-07-24,ES,2025-07-05T19:07:55
1391,Tara Ahmed,tara.ahmed7321@outlook.com,+919238534154,1984-02-11,IN,2023-06-01T18:05:03
1392,David Ammann,david.ammann4244@yahoo.com,+413774583372,1997-09-18,CH,2021-11-15T08:29:17
1393,Mei Ling Hamid,meiling.hamid9675@outlook.com,+651212649647,1997-07-13,SG,2023-01-16T03:25:35
1394,Mukesh Natarajan,mukesh.natarajan5315@gmail.com,+915175686492,1988-04-15,IN,2025-04-24T00:21:07
1395,Nazariy Bondar,nazariy.bondar3438@icloud.com,+3804085530713,1948-12-20,UA,2024-07-18T02:37:02
1396,Sofiia Kotenko,sofiia.kotenko8727@hotmail.com,+3802613902899,2005-10-09,UA,2023-07-08T12:29:13
1397,Kota Mizuno,kota.mizuno2219@yahoo.com,+819380436819,1956-01-04,JP,2023-12-24T19:25:54
1398,Roberto Stettler,roberto.stettler26@icloud.com,+414385450590,1993-03-02,CH,2023-11-11T08:07:09
1399,Pippa Welch,pippa.welch6153@proton.me,+442205778342,1974-01-22,GB,2022-08-26T21:55:16
1400,Renata Jaworski,renata.jaworski3596@yahoo.com,+487665750989,1959-01-14,PL,2025-07-13T02:04:55
1401,Juniper Hughes,juniper.hughes1807@gmail.com,+444471505370,1949-02-13,GB,2025-12-29T16:12:02
1402,Mariah Peterson,mariah.peterson3933@hotmail.com,+14555042917,1992-05-27,US,2025-12-25T11:22:59
1403,Huihui He,huihui.he7498@outlook.com,+865133019070,1967-12-03,CN,2024-10-27T01:12:46
1404,Shamma Al Muhairi,shamma.almuhairi1271@outlook.com,+9712379617712,1981-11-07,AE,2026-04-04T14:28:34
1405,Cédric Vidal,cedric.vidal2449@hotmail.com,+337266690207,1971-11-09,FR,2023-01-13T12:30:15
1406,João Pedro Miranda,joaopedro.miranda805@hotmail.com,+556995303346,1989-02-25,BR,2025-05-14T09:08:05
1407,Flor Soto,flor.soto2625@hotmail.com,+526894183566,2007-03-10,MX,2022-10-22T23:44:09
1408,Sebastian Beck,sebastian.beck8468@hotmail.com,+493236410305,1996-11-26,DE,2024-11-03T20:16:38
1409,Nathan Bailey,nathan.bailey9885@hotmail.com,+15867383088,1989-03-19,US,2025-08-09T15:11:40
1410,Grace Wade,grace.wade9226@gmail.com,+447176528212,1982-03-22,GB,2026-04-25T12:56:16
1411,Martina Roth,martina.roth213@outlook.com,+492375570232,1957-05-24,DE,2023-07-21T17:06:13
1412,Andrew Wilkins,andrew.wilkins9805@outlook.com,+13009261401,1962-11-19,CA,2021-10-14T19:30:39
1413,Catherine Lane,catherine.lane3181@hotmail.com,+16344468753,1983-11-04,US,2026-01-04T10:57:07
1414,Aisyah Tang,aisyah.tang0@proton.me,+652832627640,1976-10-22,SG,2026-03-12T18:49:26
1415,Victoire Morin,victoire.morin902@proton.me,+336395855937,1957-04-25,FR,2021-08-21T06:57:57
1416,Alistair Wright,alistair.wright7309@icloud.com,+444872366474,1992-02-27,GB,2023-12-11T19:45:36
1417,Gemma Ferrara,gemma.ferrara591@gmail.com,+391989073134,1969-12-13,IT,2024-02-12T16:13:21
1418,Carina Franke,carina.franke7655@yahoo.com,+491919932952,1984-07-26,DE,2022-06-20T00:00:53
1419,Madison Stanley,madison.stanley3078@icloud.com,+19260769489,1978-06-03,CA,2021-11-21T16:58:39
1420,Sota Miyashita,sota.miyashita5415@icloud.com,+812486773460,2004-08-13,JP,2023-02-22T04:20:42
1421,Hayato Okamoto,hayato.okamoto8886@yahoo.com,+815625309541,2000-09-09,JP,2021-08-07T23:24:47
1422,Theo Manning,theo.manning9561@icloud.com,+448574328515,1980-11-14,GB,2026-03-08T01:08:20
1423,Tarek Al Balooshi,tarek.albalooshi6030@yahoo.com,+9713606307407,1976-10-02,AE,2024-05-17T18:55:37
1424,Sarah Le Roux,sarah.leroux3232@hotmail.com,+331908408793,1967-12-08,FR,2025-09-26T16:26:00
1425,Kinsley Lawson,kinsley.lawson4426@icloud.com,+15987398437,1999-10-07,US,2023-12-10T04:39:19
1426,Rui Jie Wei,ruijie.wei2723@gmail.com,+655911789118,1947-03-24,SG,2022-07-12T05:50:23
1427,Hendrina Timmermans,hendrina.timmermans920@proton.me,+316456592532,1983-10-17,NL,2024-10-09T22:53:22
1428,Carolin Fischer,carolin.fischer419@gmail.com,+498452333494,1992-05-31,DE,2023-12-19T18:16:55
1429,Estevão Fischer,estevao.fischer5161@gmail.com,+553959883421,1989-07-19,BR,2023-02-06T08:14:07
1430,Michelle Jung,michelle.jung7092@icloud.com,+498336198604,1983-11-25,DE,2025-08-09T18:56:59
1431,Eva Hanson,eva.hanson4623@proton.me,+12263296526,1957-07-26,US,2022-07-30T21:18:40
1432,Akira Ando,akira.ando8827@hotmail.com,+814972655947,1957-01-05,JP,2022-08-05T02:42:56
1433,Karen Kim,karen.kim148@gmail.com,+14622797900,1986-06-25,US,2022-07-16T20:43:42
1434,Mathieu Vink,mathieu.vink2901@hotmail.com,+313354827160,1974-10-11,NL,2021-09-09T16:47:59
1435,Signe Rönkkö,signe.ronkko8730@icloud.com,+3582026547033,1994-02-02,FI,2025-07-04T06:26:30
1436,Piet Vogels,piet.vogels1054@proton.me,+314827723055,1954-11-23,NL,2023-08-11T00:56:21
1437,Andreia Correia,andreia.correia3421@hotmail.com,+557576612863,1981-11-02,BR,2025-08-14T16:31:28
1438,Ibtisam Al Fardan,ibtisam.alfardan9618@gmail.com,+9713666721846,1986-02-21,AE,2022-11-29T12:07:46
1439,Holly Ross,holly.ross3274@outlook.com,+17745565438,1956-09-05,US,2025-04-10T11:21:27
1440,Vishnu Grewal,vishnu.grewal7703@outlook.com,+917817526433,1958-08-23,IN,2023-05-14T03:36:00
1441,Bohdana Kyrychenko,bohdana.kyrychenko8852@yahoo.com,+3809376386739,1987-02-06,UA,2022-11-10T05:52:58
1442,Almudena Reyes,almudena.reyes4010@icloud.com,+345348052515,2001-08-05,ES,2024-09-22T07:47:58
1443,Adriana Cordova,adriana.cordova6462@proton.me,+525955114472,2001-01-15,MX,2025-08-10T04:05:22
1444,Philippe De Backer,philippe.debacker7036@icloud.com,+326861372844,1970-03-03,BE,2024-09-06T00:08:58
1445,Raj Patel,raj.patel3428@gmail.com,+911933302144,1981-04-27,IN,2023-09-08T18:07:16
1446,Janette Manner,janette.manner3492@outlook.com,+3588435454211,1971-06-17,FI,2023-08-07T15:47:37
1447,Leo Lambert,leo.lambert2323@outlook.com,+11884174206,1996-11-09,CA,2023-10-01T16:02:48
1448,August Holmgren,august.holmgren8123@gmail.com,+466033186472,1947-10-11,SE,2022-04-24T06:46:57
1449,Fenna de Bruin,fenna.debruin4746@icloud.com,+312273701748,1989-12-20,NL,2024-12-15T04:10:29
1450,Bronwen Freeman,bronwen.freeman4285@proton.me,+446665028428,1964-07-03,GB,2026-05-02T06:53:25
1451,Milagros Ortiz,milagros.ortiz298@outlook.com,+348137901756,1965-10-26,ES,2025-10-23T23:09:57
1452,Jackson Medina,jackson.medina4133@hotmail.com,+11821932557,2006-05-08,CA,2022-04-28T06:18:37
1453,Rachael Burns,rachael.burns6502@proton.me,+449787100490,1994-11-17,GB,2023-10-11T01:32:10
1454,Marcin Kowalik,marcin.kowalik2505@outlook.com,+484023166339,1991-02-13,PL,2026-02-06T00:56:26
1455,Harold Clark,harold.clark9635@gmail.com,+446416539679,1981-07-02,GB,2024-05-31T23:12:24
1456,Sharon Reynolds,sharon.reynolds1266@outlook.com,+16351183472,1999-09-02,US,2022-08-10T15:11:16
1457,Francesca Roselli,francesca.roselli8712@hotmail.com,+392734943347,1999-10-19,IT,2023-07-12T11:13:27
1458,Christopher Salazar,christopher.salazar9044@yahoo.com,+15946186555,2006-01-22,CA,2024-09-05T20:53:58
1459,Matthew Farrell,matthew.farrell435@proton.me,+3537467800298,1976-07-25,IE,2022-02-09T21:30:18
1460,Diane Matthews,diane.matthews988@icloud.com,+441612587003,1960-11-11,GB,2025-05-10T23:14:29
1461,Sylvain Dupuis,sylvain.dupuis7131@gmail.com,+338264217430,1978-04-03,FR,2024-03-16T16:54:26
1462,Mateusz Lis,mateusz.lis4411@hotmail.com,+483084064252,1975-04-27,PL,2022-02-14T07:52:54
1463,Jessica Lai,jessica.lai9299@outlook.com,+653570270418,1952-11-14,SG,2025-01-24T07:41:49
1464,Anita Lien,anita.lien3122@proton.me,+478121884844,1969-07-12,NO,2026-04-19T11:04:26
1465,Natalie Bailey,natalie.bailey3747@yahoo.com,+616503160855,1968-04-02,AU,2025-07-29T09:27:47
1466,Jennifer Ruiz,jennifer.ruiz8338@hotmail.com,+15217551884,1956-03-23,US,2024-07-15T03:34:25
1467,Bettina Becker,bettina.becker4689@yahoo.com,+437740728440,1946-12-20,AT,2024-03-15T10:22:47
1468,Margarete Keller,margarete.keller8845@yahoo.com,+498483761622,1975-07-12,DE,2026-01-20T03:51:32
1469,Orla Potter,orla.potter6189@gmail.com,+446774759187,2004-10-28,GB,2025-09-15T18:34:49
1470,Joe Andrews,joe.andrews7310@proton.me,+14883543564,1980-05-12,US,2023-08-22T05:01:07
1471,Cécile Muller,cecile.muller7953@icloud.com,+335767368858,1961-04-11,FR,2022-12-06T08:30:23
1472,Laura Manning,laura.manning5909@proton.me,+11968267542,1975-04-18,US,2024-10-04T14:20:43
1473,Yao Qian,yao.qian9830@gmail.com,+863248989978,1969-09-06,CN,2023-04-18T19:42:43
1474,Kareena Krishnan,kareena.krishnan2124@yahoo.com,+919945644382,2004-10-10,IN,2026-05-04T11:18:00
1475,Amanda Söderström,amanda.soderstrom29@proton.me,+463725262266,1964-09-07,SE,2024-03-13T15:47:42
1476,Caleb Thompson,caleb.thompson5613@icloud.com,+19709012067,1986-04-08,US,2023-08-19T19:02:04
1477,Rita Monteleone,rita.monteleone1483@proton.me,+391229985142,1974-04-11,IT,2023-12-23T06:33:49
1478,Sławomir Zakrzewski,sawomir.zakrzewski2076@hotmail.com,+481241197548,1949-04-26,PL,2026-05-16T17:36:35
1479,Jacobus van Loon,jacobus.vanloon127@proton.me,+315572103802,1957-03-09,NL,2024-08-13T02:35:32
1480,Benedetto Mancini,benedetto.mancini7302@yahoo.com,+396636721386,1955-05-12,IT,2023-01-01T19:05:59
1481,Nora Alvarez,nora.alvarez8627@hotmail.com,+18175572134,1966-02-26,US,2022-12-25T05:24:42
1482,Kathryn Daniels,kathryn.daniels327@proton.me,+19912534375,1995-12-12,US,2023-09-10T10:45:14
1483,Evelina Israelsson,evelina.israelsson7206@icloud.com,+466507563731,1973-07-17,SE,2021-11-19T06:56:28
1484,Ruby Gibson,ruby.gibson8542@yahoo.com,+446301632450,2007-08-05,GB,2022-01-17T19:55:38
1485,Rishabh Nair,rishabh.nair5308@hotmail.com,+914092413807,1952-03-09,IN,2022-12-22T18:48:45
1486,Summer Moore,summer.moore6227@gmail.com,+13376450317,1955-04-01,US,2025-07-23T11:57:42
1487,Ayla Uysal,ayla.uysal2935@icloud.com,+901699986354,1990-04-04,TR,2023-06-02T07:40:17
1488,Albert Hill,albert.hill8963@hotmail.com,+442923653314,1997-11-04,GB,2025-04-14T19:33:13
1489,Marcelo Lacerda,marcelo.lacerda9430@hotmail.com,+551001735302,1983-08-17,BR,2021-08-24T01:33:26
1490,Edward White,edward.white4756@outlook.com,+447598800550,1980-06-06,GB,2022-03-14T06:06:54
1491,Masako Takada,masako.takada9292@proton.me,+816051888670,1971-04-07,JP,2022-05-17T06:12:05
1492,Azim Yu,azim.yu2455@hotmail.com,+658754102630,1994-09-05,SG,2024-11-09T23:54:15
1493,Matheus Fonseca,matheus.fonseca6281@yahoo.com,+555476150260,2007-08-01,BR,2024-10-05T17:01:20
1494,Barbara Torres,barbara.torres1109@icloud.com,+556817895922,1977-07-09,BR,2023-09-28T15:44:50
1495,Yan Deng,yan.deng9928@icloud.com,+863655467889,1955-06-28,CN,2023-07-15T13:36:54
1496,Daichi Miyake,daichi.miyake1140@outlook.com,+813711296129,1992-01-06,JP,2026-02-20T23:26:36
1497,Mayuko Maruyama,mayuko.maruyama1468@proton.me,+811503389246,1975-04-30,JP,2024-07-16T18:40:07
1498,Nancy Austin,nancy.austin5105@icloud.com,+12510221422,1977-09-11,US,2022-03-15T08:11:41
1499,Dina Peters,dina.peters1750@outlook.com,+318650946205,2004-10-30,NL,2026-05-01T15:05:55
1500,Baptiste Francois,baptiste.francois345@hotmail.com,+339121175058,1961-11-06,FR,2024-08-18T21:59:57
1501,Georgette Guerin,georgette.guerin4527@proton.me,+334250053141,1968-09-01,FR,2023-11-05T18:35:19
1502,Max McCoy,max.mccoy3245@proton.me,+13415548957,1976-08-08,US,2022-07-25T05:54:15
1503,Cuifen Rahman,cuifen.rahman5690@proton.me,+657233802785,1958-11-17,SG,2021-06-23T04:45:24
1504,Saburo Nakajima,saburo.nakajima5231@outlook.com,+814624329318,1984-03-02,JP,2024-12-12T23:38:40
1505,Andrea Mills,andrea.mills4456@yahoo.com,+14616932681,1978-12-08,US,2025-10-15T04:54:46
1506,Elvira Torres,elvira.torres4804@yahoo.com,+349580656042,1981-12-11,ES,2025-08-14T14:55:49
1507,Joseph Ellis,joseph.ellis5656@gmail.com,+441590280575,1993-09-27,GB,2025-12-10T11:45:56
1508,Kyle Davies,kyle.davies7105@icloud.com,+613808320106,1997-04-24,AU,2023-09-16T12:31:40
1509,Will Kelly,will.kelly5468@hotmail.com,+441065756850,1990-06-26,GB,2025-10-17T15:57:32
1510,David Moller,david.moller6097@proton.me,+558597418752,1959-12-23,BR,2024-05-17T09:38:27
1511,Gertrud Jäger,gertrud.jager2695@hotmail.com,+499344656599,2004-12-16,DE,2025-04-18T06:34:00
1512,Romy Lacroix,romy.lacroix5205@gmail.com,+336988507956,2001-12-20,FR,2024-12-29T02:22:38
1513,Haniya Al Romaithi,haniya.alromaithi3246@gmail.com,+9717634960082,2005-04-01,AE,2022-02-03T08:17:58
1514,Hamda Al Ghafli,hamda.alghafli6068@yahoo.com,+9711825198142,1963-04-12,AE,2021-05-29T21:39:11
1515,Ryder Patel,ryder.patel3106@icloud.com,+618867955974,1970-01-23,AU,2024-12-15T19:11:01
1516,Harith Kumar,harith.kumar847@hotmail.com,+656743214281,1947-10-08,SG,2025-08-26T03:10:43
1517,Patrick Girard,patrick.girard3873@gmail.com,+332276596714,1971-05-23,FR,2023-07-26T03:09:07
1518,Shinji Hirose,shinji.hirose2672@proton.me,+811898392857,1964-05-11,JP,2024-08-10T15:37:14
1519,Dimakatso Patel,dimakatso.patel4766@icloud.com,+272668693842,1984-08-11,ZA,2024-11-07T07:34:16
1520,Valeriya Konovalenko,valeriya.konovalenko6441@gmail.com,+3801765582490,1987-02-13,UA,2021-11-19T15:37:30
1521,Musa Al Kindi,musa.alkindi8033@hotmail.com,+9712081672278,1951-07-23,AE,2021-09-02T00:52:22
1522,Hoshiko Mori,hoshiko.mori9992@icloud.com,+817650683097,1965-01-12,JP,2023-05-12T18:15:56
1523,Jeffrey Carpenter,jeffrey.carpenter9549@yahoo.com,+18740676684,1957-09-12,US,2026-01-19T20:29:42
1524,Nargis Krishnamurthy,nargis.krishnamurthy3625@gmail.com,+918531345543,1985-06-18,IN,2024-01-11T02:16:09
1525,Liliane Tessier,liliane.tessier5928@yahoo.com,+335193715029,2007-01-12,FR,2022-03-19T02:49:22
1526,Yara van Den Berg,yara.vandenberg220@proton.me,+311668717890,1998-10-28,NL,2024-12-06T01:36:50
1527,Jason Edwards,jason.edwards2675@proton.me,+615456772807,1965-02-15,AU,2025-12-06T18:34:36
1528,Li Hua Koh,lihua.koh5299@gmail.com,+658974996649,1948-06-22,SG,2022-05-02T08:04:17
1529,Seipati Mostert,seipati.mostert5179@proton.me,+271024686855,1968-12-19,ZA,2022-04-05T02:09:31
1530,Paavo Haapala,paavo.haapala5527@proton.me,+3584078979649,1950-08-30,FI,2023-01-27T03:30:23
1531,Regina Santos,regina.santos9216@gmail.com,+12558386483,1966-09-23,US,2022-10-14T01:16:48
1532,Serge Roger,serge.roger8381@yahoo.com,+337799291342,2005-03-07,FR,2023-04-19T05:43:25
1533,Jong-ho Dokgo,jongho.dokgo9657@gmail.com,+821002895605,1954-01-06,KR,2022-11-10T11:41:12
1534,Vivian Kelley,vivian.kelley8333@outlook.com,+12997614139,1998-03-21,US,2025-06-11T09:50:46
1535,Tucker Perez,tucker.perez7737@gmail.com,+18225236447,1972-07-05,US,2021-11-24T02:59:00
1536,Humberto Cavalcante,humberto.cavalcante4601@hotmail.com,+552597994555,1971-09-10,BR,2025-07-07T06:45:44
1537,Tiziana Bernardi,tiziana.bernardi7596@outlook.com,+398698004717,1964-02-20,IT,2021-11-26T19:12:07
1538,Samantha Matthews,samantha.matthews9342@outlook.com,+19866135038,1995-04-22,US,2024-02-11T01:22:05
1539,Yuvraj Dutta,yuvraj.dutta883@gmail.com,+917931170073,1962-11-29,IN,2024-07-11T07:18:53
1540,Gregorio Martínez,gregorio.martinez7691@outlook.com,+343390898306,2005-06-15,ES,2025-02-11T07:08:24
1541,Eline Linden,eline.linden6847@proton.me,+314551150555,1954-05-09,NL,2024-08-24T08:08:37
1542,Lughaidh Barry,lughaidh.barry4108@hotmail.com,+3538777247656,1993-12-03,IE,2024-08-11T15:07:55
1543,Deborah Francis,deborah.francis5818@proton.me,+448710390064,1950-09-04,GB,2024-01-08T05:25:46
1544,Padma Sodhi,padma.sodhi4952@icloud.com,+914837810111,2004-01-10,IN,2025-10-25T15:29:46
1545,Cornelia de Vries,cornelia.devries8057@icloud.com,+317537171769,1983-04-21,NL,2021-10-04T21:13:01
1546,Elias Kaufmann,elias.kaufmann1869@gmail.com,+418419296990,1972-09-19,CH,2024-07-25T00:19:21
1547,Una O'Hara,una.ohara7281@outlook.com,+3538063798805,1972-05-05,IE,2026-03-29T09:09:46
1548,Ambre Menard,ambre.menard5904@hotmail.com,+335308797740,1985-02-17,FR,2026-03-01T13:35:18
1549,Lisa Williamson,lisa.williamson2557@outlook.com,+12510639688,1971-09-02,CA,2023-09-19T19:05:20
1550,Michael Wallner,michael.wallner7033@gmail.com,+431763731848,1999-03-11,AT,2024-05-22T16:19:10
1551,Christine Griffin,christine.griffin4800@icloud.com,+615191316682,1948-09-15,AU,2021-10-01T22:39:04
1552,Ainhoa Cano,ainhoa.cano2660@hotmail.com,+349772771114,1975-02-21,ES,2025-05-04T21:46:21
1553,Ursula Berger,ursula.berger837@proton.me,+494280624359,1957-07-09,DE,2025-10-06T15:29:35
1554,Eduarda Machado,eduarda.machado3957@gmail.com,+559161979387,1979-05-24,BR,2024-06-25T16:54:04
1555,Kemal Keskin,kemal.keskin2085@proton.me,+904322125514,1999-02-04,TR,2024-08-30T05:16:38
1556,Su Ling Cheah,suling.cheah1858@gmail.com,+658392298058,1981-04-12,SG,2021-10-12T06:00:50
1557,Landon Gordon,landon.gordon7663@yahoo.com,+13792664051,2002-10-05,US,2022-06-26T22:34:29
1558,Seo-jun Kim,seojun.kim7497@hotmail.com,+821917075775,1995-03-06,KR,2022-09-10T23:58:45
1559,Iwona Szewczyk,iwona.szewczyk9724@outlook.com,+489714314508,1998-06-11,PL,2023-10-24T10:01:51
1560,Nabilah Monteiro,nabilah.monteiro4422@icloud.com,+655927469241,1948-03-01,SG,2025-04-16T19:13:08
1561,Alya Al Tannir,alya.altannir6470@outlook.com,+9717580675239,1947-12-21,AE,2026-02-21T00:12:51
1562,Luna Gerard,luna.gerard9828@hotmail.com,+337330236274,1986-06-11,FR,2025-12-24T18:44:13
1563,Theodorus Schouten,theodorus.schouten3937@outlook.com,+312336193136,1957-06-18,NL,2021-05-18T11:03:16
1564,Laura Kuhn,laura.kuhn3376@gmail.com,+496336332813,1976-01-13,DE,2021-09-01T22:26:24
1565,Adrián Ruiz,adrian.ruiz6114@outlook.com,+347830167537,1988-11-05,ES,2025-08-27T00:55:16
1566,Kostiantyn Kovalchuk,kostiantyn.kovalchuk8242@hotmail.com,+3808732496552,1959-11-14,UA,2022-05-07T19:54:26
1567,Nabil Chiam,nabil.chiam8572@proton.me,+654452545715,1959-06-29,SG,2025-03-31T08:13:02
1568,Sanna Persson,sanna.persson1011@hotmail.com,+466116477658,1972-10-21,SE,2021-05-23T04:12:04
1569,Éliane Fernandez,eliane.fernandez4587@outlook.com,+331880564737,1969-03-31,FR,2024-07-14T01:08:49
1570,Ratna Khurana,ratna.khurana8993@hotmail.com,+913083394376,1993-06-06,IN,2022-02-10T01:04:00
1571,Giovanni Becker,giovanni.becker783@yahoo.com,+556203733603,1981-10-29,BR,2022-07-15T01:17:37
1572,Cordelia Duncan,cordelia.duncan2893@proton.me,+447416546859,1962-03-10,GB,2022-06-04T08:41:56
1573,Joop Kramer,joop.kramer1106@icloud.com,+313373157049,1974-05-15,NL,2023-10-10T02:40:40
1574,Aria Ramsey,aria.ramsey6935@icloud.com,+14693175203,1955-05-04,CA,2021-10-05T23:27:15
1575,Martin Norberg,martin.norberg5939@proton.me,+464640591261,2000-09-14,SE,2024-09-07T09:44:41
1576,Bentley Adams,bentley.adams7247@yahoo.com,+17015103779,2006-10-12,US,2022-10-10T09:44:48
1577,Ana Nuñez,ana.nunez856@icloud.com,+346423052094,1973-11-30,ES,2022-10-03T05:53:34
1578,Brandon Soto,brandon.soto1331@proton.me,+17470406697,1971-06-28,CA,2023-02-05T10:37:27
1579,Yashoda Pandey,yashoda.pandey8542@proton.me,+916215406785,1989-02-02,IN,2021-06-13T01:01:30
1580,Astrid Otto,astrid.otto2987@outlook.com,+498887576321,1968-04-02,DE,2025-06-02T04:29:59
1581,Thani Al Mehairbi,thani.almehairbi4726@gmail.com,+9719833124281,1967-03-30,AE,2023-12-29T16:20:16
1582,Frank Porter,frank.porter4205@icloud.com,+12427749306,1987-07-14,US,2026-02-20T15:04:58
1583,Raimundo Fernandes,raimundo.fernandes8883@yahoo.com,+551648527565,1983-12-09,BR,2025-09-06T09:28:52
1584,Leilani Medina,leilani.medina8538@yahoo.com,+17396280210,1980-09-23,US,2022-05-15T20:42:12
1585,Knut Henriksen,knut.henriksen912@proton.me,+471866369000,2008-01-11,NO,2025-04-17T16:37:34
1586,Sofie van den Heuvel,sofie.vandenheuvel9712@gmail.com,+312898002110,1978-02-18,NL,2026-02-02T04:58:01
1587,Danielle Reynolds,danielle.reynolds4864@icloud.com,+448892578747,2005-06-14,GB,2023-12-30T06:50:09
1588,Samuel Hunt,samuel.hunt631@icloud.com,+612584176477,1970-06-30,AU,2024-03-25T06:18:26
1589,Simon Russell,simon.russell8980@yahoo.com,+612752282089,2007-03-06,AU,2023-06-08T18:59:40
1590,Avery Dixon,avery.dixon5442@proton.me,+12248300157,1951-09-21,US,2021-12-26T02:38:19
1591,Levko Ivanchuk,levko.ivanchuk2515@yahoo.com,+3805415313814,2007-01-08,UA,2022-07-03T15:00:03
1592,Lucas Sanders,lucas.sanders2887@icloud.com,+13771070221,1961-07-19,US,2021-10-04T05:51:31
1593,Jules Gautier,jules.gautier711@outlook.com,+337031357320,2004-09-16,FR,2022-06-02T06:38:17
1594,Haifa Al Zaabi,haifa.alzaabi8918@yahoo.com,+9712203062081,1981-09-17,AE,2024-12-02T03:40:12
1595,Anja Schmitt,anja.schmitt5030@proton.me,+492566663525,1977-06-02,DE,2024-10-18T04:49:56
1596,Dylan Jenkins,dylan.jenkins2299@outlook.com,+17471417978,1978-03-06,US,2022-11-20T16:11:56
1597,Rodrigo Cruz,rodrigo.cruz1050@yahoo.com,+348591227152,1989-07-18,ES,2021-09-14T08:30:30
1598,Luc Carpentier,luc.carpentier3472@yahoo.com,+332998811287,1955-02-28,FR,2024-09-23T02:38:01
1599,Léo Fournier,leo.fournier118@outlook.com,+332761942800,2008-02-06,FR,2026-05-15T03:46:29
1600,Nathalie Meyer,nathalie.meyer723@gmail.com,+336963013330,1954-07-21,FR,2024-02-14T15:48:18
1601,Dean Singh,dean.singh5730@yahoo.com,+17925698805,1983-01-06,US,2022-11-19T05:44:54
1602,Barbara Sanders,barbara.sanders6372@hotmail.com,+448072692138,2000-07-11,GB,2023-09-20T15:09:01
1603,Susan Rios,susan.rios908@gmail.com,+12222017542,1955-03-08,US,2025-03-28T15:29:47
1604,Maryna Karpenko,maryna.karpenko3876@yahoo.com,+3807471351988,2006-07-08,UA,2022-03-16T06:39:45
1605,Susan Holt,susan.holt3736@gmail.com,+12601966324,1968-07-29,CA,2024-04-05T22:12:11
1606,Vicente Wolff,vicente.wolff8945@icloud.com,+557388097221,1991-10-31,BR,2024-02-22T06:05:45
1607,Hilal Yılmaz,hilal.ylmaz1536@icloud.com,+905770958874,1950-11-20,TR,2023-06-29T15:09:32
1608,Vanessa Herrmann,vanessa.herrmann4046@proton.me,+495956110673,1971-01-09,DE,2024-06-15T01:10:46
1609,Sophia Han,sophia.han9692@outlook.com,+654666928702,2000-07-06,SG,2024-05-05T07:26:26
1610,Carl Anderson,carl.anderson4948@gmail.com,+13248743248,1975-09-06,US,2022-03-28T00:28:49
1611,Vitória Araújo,vitoria.araujo844@outlook.com,+3518599772865,1956-07-11,PT,2024-02-06T23:28:35
1612,Anna Taylor,anna.taylor6334@yahoo.com,+449610793089,1987-08-02,GB,2023-07-04T08:19:17
1613,Lincoln Holmes,lincoln.holmes932@outlook.com,+19680607668,1976-06-24,US,2025-04-02T06:18:20
1614,Naomi Hawkins,naomi.hawkins7181@proton.me,+19717805798,1983-03-27,US,2025-05-31T05:37:28
1615,Frida Bergman,frida.bergman2214@icloud.com,+464582178817,1997-11-06,SE,2021-07-05T03:53:19
1616,Daithi Cronin,daithi.cronin1136@icloud.com,+3533237080717,1991-09-21,IE,2025-01-25T04:46:37
1617,Anna Mattila,anna.mattila280@hotmail.com,+3583875433575,1980-10-02,FI,2022-05-23T01:34:02
1618,Emma Lee,emma.lee259@icloud.com,+16374596393,1985-11-22,US,2022-09-10T00:00:29
1619,Geoffrey Hudson,geoffrey.hudson1312@yahoo.com,+443026513214,1960-09-06,GB,2021-11-17T12:34:53
1620,Sakiko Shibata,sakiko.shibata5791@gmail.com,+813524719540,1954-01-23,JP,2025-12-26T20:06:34
1621,Clemens König,clemens.konig8689@icloud.com,+491992782408,1992-06-05,DE,2025-04-21T04:03:02
1622,Michaël Jean,michael.jean3661@outlook.com,+337494151331,1966-10-17,FR,2022-11-10T04:08:15
1623,Sandile Fortuin,sandile.fortuin3030@outlook.com,+275739833315,2002-01-21,ZA,2024-04-21T16:42:11
1624,Walter Ludwig,walter.ludwig1598@gmail.com,+495490523969,1983-05-30,DE,2021-12-15T05:03:47
1625,Simone Post,simone.post3411@icloud.com,+312075432483,1968-04-21,NL,2023-08-29T02:42:28
1626,Chantal Morel,chantal.morel8132@hotmail.com,+336955787386,1979-05-23,FR,2022-05-27T11:40:26
1627,Carl Lawrence,carl.lawrence2520@gmail.com,+446321649453,1970-03-22,GB,2024-03-24T10:26:42
1628,Zélia Sequeira,zelia.sequeira7001@outlook.com,+3514580294376,1991-07-25,PT,2023-07-01T07:41:51
1629,Carlos Iglesias,carlos.iglesias9424@gmail.com,+347379562825,1993-10-23,ES,2024-06-29T11:56:17
1630,Oliver Schreiber,oliver.schreiber9240@outlook.com,+496406445236,1952-04-18,DE,2022-09-05T05:32:15
1631,Miguel Gil,miguel.gil213@hotmail.com,+345769037460,1955-05-24,ES,2026-03-30T21:14:48
1632,Xavier Morrison,xavier.morrison7848@outlook.com,+14545621079,1951-03-30,US,2024-02-11T23:57:50
1633,Doris Brooks,doris.brooks5237@proton.me,+11734872226,2001-01-29,US,2025-01-14T09:09:22
1634,Matthew Lewis,matthew.lewis221@proton.me,+13188760595,1979-01-24,US,2022-03-02T04:56:07
1635,Manisha Narayanan,manisha.narayanan5133@hotmail.com,+918064973019,1988-06-05,IN,2022-09-01T14:39:28
1636,Martine Lefebvre,martine.lefebvre6039@yahoo.com,+332323528953,1966-04-21,FR,2022-03-20T09:28:14
1637,Sonia Stępień,sonia.stepien1207@gmail.com,+489854213381,1972-06-23,PL,2021-09-28T07:43:07
1638,Nodoka Okazaki,nodoka.okazaki1983@gmail.com,+817774737347,1956-10-27,JP,2022-04-02T21:34:12
1639,Boipuso Williams,boipuso.williams3893@yahoo.com,+279239655098,1946-08-10,ZA,2021-07-04T20:20:15
1640,Alessandro Cattaneo,alessandro.cattaneo7021@hotmail.com,+392501798930,1954-01-03,IT,2022-05-07T01:07:42
1641,Seren Rose,seren.rose8720@outlook.com,+445491419160,1969-07-18,GB,2021-10-07T10:04:46
1642,Geoffrey Prevost,geoffrey.prevost9276@icloud.com,+337549020793,1961-06-09,FR,2024-07-15T10:22:06
1643,Yong Tian,yong.tian540@hotmail.com,+863628423493,1961-05-03,CN,2024-03-01T13:32:28
1644,Daria Lipiński,daria.lipinski1480@gmail.com,+488125023712,2004-02-15,PL,2026-04-22T06:46:26
1645,Éléonore Martin,eleonore.martin7276@proton.me,+337250176213,1979-10-15,FR,2023-12-06T14:44:40
1646,Paul Kan,paul.kan4834@gmail.com,+658527111313,1999-11-01,SG,2022-04-29T12:16:26
1647,Teresa Foster,teresa.foster9546@gmail.com,+12891232084,1948-04-02,US,2022-06-20T14:31:17
1648,Wei Ting Tay,weiting.tay7007@gmail.com,+651434620539,2002-02-19,SG,2025-11-13T22:43:24
1649,Capucine Duval,capucine.duval407@outlook.com,+339900821201,1958-08-12,FR,2025-10-12T15:45:17
1650,Ella Ruiter,ella.ruiter4311@icloud.com,+311464382177,1981-02-19,NL,2023-01-27T14:14:48
1651,Lily Espinoza,lily.espinoza2876@outlook.com,+19424491370,1976-07-04,US,2023-04-06T01:55:34
1652,Noémie Vincent,noemie.vincent1853@hotmail.com,+334573224890,1983-12-25,FR,2022-12-31T09:37:30
1653,Yaroslav Bilan,yaroslav.bilan4946@hotmail.com,+3802973089478,1993-03-14,UA,2022-02-15T19:20:36
1654,Camilla Di Paolo,camilla.dipaolo396@gmail.com,+399776973102,1986-10-30,IT,2025-05-04T16:32:43
1655,Irma Gutiérrez,irma.gutierrez3832@yahoo.com,+526723362061,1967-01-21,MX,2024-06-04T03:42:22
1656,Yamini Mohan,yamini.mohan6070@outlook.com,+915054602872,1996-10-06,IN,2023-06-13T06:25:21
1657,David Wu,david.wu5680@proton.me,+654587607979,1980-10-06,SG,2024-07-26T15:22:39
1658,Diana Günther,diana.gunther2914@proton.me,+491016448848,1967-10-26,DE,2021-06-17T18:31:11
1659,Hannelore Becker,hannelore.becker9116@icloud.com,+494960455819,1953-05-30,DE,2022-06-22T15:34:33
1660,Eugeniusz Szczepański,eugeniusz.szczepanski8017@gmail.com,+483697320627,1958-10-16,PL,2026-04-07T18:42:30
1661,Mia Young,mia.young3946@proton.me,+441673478616,1986-01-18,GB,2025-08-31T00:25:24
1662,Lorenzo Ferrari,lorenzo.ferrari9868@proton.me,+393201394957,2000-07-09,IT,2021-09-20T13:26:31
1663,Owen Snyder,owen.snyder6626@hotmail.com,+15681527964,1958-11-13,CA,2022-11-16T22:42:17
1664,Addison Stone,addison.stone5846@gmail.com,+14795878100,1972-08-02,US,2024-10-05T11:17:52
1665,Anastazja Sobolewski,anastazja.sobolewski8901@icloud.com,+483844499153,1955-01-05,PL,2022-11-22T05:05:44
1666,Evan Price,evan.price7313@gmail.com,+13967852361,1975-11-24,US,2025-03-02T12:54:04
1667,Paisley Cole,paisley.cole8699@outlook.com,+18689047230,1948-03-21,US,2021-09-04T17:18:53
1668,Idris Al Hameli,idris.alhameli3332@gmail.com,+9719280476006,1963-04-17,AE,2022-08-27T02:07:37
1669,Sefa Akyüz,sefa.akyuz3511@hotmail.com,+904668109882,1993-12-06,TR,2024-02-26T18:13:31
1670,Jürgen Lange,jurgen.lange9531@icloud.com,+496063934199,1972-01-25,DE,2023-06-17T07:45:04
1671,Leandro Vetsch,leandro.vetsch8970@gmail.com,+418480712267,1973-11-02,CH,2024-11-02T08:07:39
1672,Harrison Oliver,harrison.oliver331@gmail.com,+617570719166,1975-05-23,AU,2023-10-25T19:29:55
1673,Oliver Cox,oliver.cox1641@proton.me,+444972589422,1997-08-02,GB,2025-11-20T07:36:09
1674,Hailey Hill,hailey.hill5468@icloud.com,+15119867954,2006-07-13,US,2021-07-12T22:37:10
1675,Sian Hopkins,sian.hopkins2764@icloud.com,+448759564632,1968-08-16,GB,2024-04-11T01:49:55
1676,Mathilde Andre,mathilde.andre7615@yahoo.com,+333753990635,1955-04-08,FR,2023-08-31T21:11:01
1677,Inge Pfeiffer,inge.pfeiffer2331@outlook.com,+492003112757,1984-06-11,DE,2025-04-17T01:31:19
1678,Hugo Calabrese,hugo.calabrese3489@proton.me,+395313027412,1961-10-11,IT,2024-04-19T23:04:16
1679,Maher Al Habtoor,maher.alhabtoor3903@icloud.com,+9712724146904,1967-04-26,AE,2025-07-20T11:12:30
1680,Wanda Lorenz,wanda.lorenz7383@proton.me,+498723824647,1959-07-03,DE,2026-01-25T11:18:13
1681,Alexander Barnes,alexander.barnes5590@icloud.com,+449474991425,1981-11-03,GB,2021-06-21T06:53:17
1682,Bryan Weaver,bryan.weaver2693@outlook.com,+11036558502,1993-12-09,US,2024-08-20T23:16:30
1683,Brianna Cameron,brianna.cameron5707@yahoo.com,+614423919550,1976-01-29,AU,2022-02-22T20:55:48
1684,Oliver Murray,oliver.murray311@outlook.com,+611499313218,1984-07-30,AU,2021-08-03T10:29:33
1685,Tom Wyss,tom.wyss3118@proton.me,+418940782351,1967-11-15,CH,2025-10-03T07:36:58
1686,Maha Al Fahim,maha.alfahim6332@gmail.com,+9713711041336,1996-08-09,AE,2023-10-17T13:13:29
1687,Cristina Fuentes,cristina.fuentes4362@icloud.com,+523142513220,1972-09-12,MX,2022-06-12T08:18:51
1688,Nicolas Hawkins,nicolas.hawkins2382@hotmail.com,+16290879671,1980-05-17,CA,2024-08-26T05:02:01
1689,Saim Kaya,saim.kaya9366@icloud.com,+906312209061,1968-11-21,TR,2024-05-19T21:50:59
1690,Susana Parra,susana.parra4593@outlook.com,+341086515423,1968-07-03,ES,2024-08-20T02:43:27
1691,Parineeti Pattnaik,parineeti.pattnaik2835@proton.me,+918606091046,1969-07-09,IN,2022-09-04T01:19:37
1692,Aya Kanemoto,aya.kanemoto7062@yahoo.com,+818377023851,1972-01-17,JP,2021-11-24T05:36:09
1693,Tanja Stein,tanja.stein6875@yahoo.com,+497235085562,1954-10-18,DE,2023-03-15T01:36:30
1694,Heike Winter,heike.winter9823@icloud.com,+497604383931,2002-01-18,DE,2024-06-16T12:40:41
1695,Oscar Klein,oscar.klein3722@yahoo.com,+496677376736,1977-06-04,DE,2025-04-24T20:44:40
1696,Thiago Pinto,thiago.pinto8991@icloud.com,+552704979115,1960-10-14,BR,2024-02-21T21:14:27
1697,Yuri Matos,yuri.matos1608@gmail.com,+554602225533,2006-03-01,BR,2023-01-20T17:11:22
1698,Catherine Guillaume,catherine.guillaume8391@gmail.com,+336957467963,1962-01-16,FR,2021-08-29T15:11:10
1699,Sandrine Brun,sandrine.brun5901@icloud.com,+337782599001,1983-11-25,FR,2022-04-28T02:08:55
1700,Dirkje Blom,dirkje.blom3464@hotmail.com,+312839507162,1947-01-24,NL,2024-07-21T04:10:31
1701,Lewis Pillai,lewis.pillai8335@yahoo.com,+658038038833,2007-12-30,SG,2024-08-07T11:34:02
1702,Brenda Espinoza,brenda.espinoza5073@gmail.com,+521420197665,1948-10-24,MX,2022-11-29T15:50:07
1703,Gregory Nichols,gregory.nichols1461@gmail.com,+18349292013,1987-06-25,US,2022-01-06T02:30:36
1704,Daisuke Koga,daisuke.koga71@hotmail.com,+819366172194,1996-06-15,JP,2021-12-06T11:14:13
1705,Ann Reyes,ann.reyes7533@icloud.com,+11404047901,1984-11-10,US,2022-08-20T01:30:27
1706,Makayla Rice,makayla.rice7638@icloud.com,+17328461574,1983-06-19,US,2023-08-12T12:01:11
1707,Kyung-hee Myung,kyunghee.myung7975@yahoo.com,+823616378714,1989-10-10,KR,2023-04-08T15:05:59
1708,Tabea Krause,tabea.krause3250@proton.me,+498718151110,1979-05-01,DE,2023-09-01T12:34:44
1709,Tatiana Cabral,tatiana.cabral2588@outlook.com,+557905370492,1979-02-02,BR,2023-03-16T10:52:11
1710,Anita Munoz,anita.munoz6286@yahoo.com,+12717763387,1967-07-27,US,2025-03-12T18:30:16
1711,Mariano Molina,mariano.molina4347@proton.me,+346486250323,2002-06-07,ES,2023-04-07T05:19:12
1712,Józef Wójcik,jozef.wojcik5354@icloud.com,+484983093540,1947-12-19,PL,2022-07-27T18:15:15
1713,Patrick Vargas,patrick.vargas2555@gmail.com,+14477881516,1964-01-11,US,2021-07-20T20:10:37
1714,Derek Robertson,derek.robertson2183@yahoo.com,+448719744593,1968-03-14,GB,2026-01-28T06:25:37
1715,Yijun Mohamed,yijun.mohamed3115@outlook.com,+658786697029,2002-11-20,SG,2024-07-24T23:13:16
1716,Isabella Wells,isabella.wells362@gmail.com,+17672948080,1959-12-02,US,2026-04-13T02:51:02
1717,Lucy Aguilar,lucy.aguilar5050@yahoo.com,+14837711666,2001-03-10,US,2022-09-14T18:02:48
1718,Minna Kaiser,minna.kaiser9043@yahoo.com,+495451004948,2003-12-28,DE,2021-06-15T17:45:02
1719,Yuriko Kikuchi,yuriko.kikuchi8907@proton.me,+813776839057,1988-09-29,JP,2021-07-21T16:18:31
1720,Lillian Burns,lillian.burns2553@icloud.com,+19183731575,1991-10-31,US,2024-12-21T02:49:58
1721,James Mabaso,james.mabaso1860@gmail.com,+271923225902,1968-09-10,ZA,2022-11-03T18:28:57
1722,Janna Smit,janna.smit748@outlook.com,+317263177445,1970-07-25,NL,2023-03-08T23:54:42
1723,Horace Lawson,horace.lawson7726@proton.me,+441173889795,1991-06-08,GB,2025-03-04T18:22:23
1724,Liv Brouwer,liv.brouwer5342@proton.me,+311111314287,1951-09-25,NL,2025-04-07T09:12:45
1725,Ajay Pillai,ajay.pillai2622@yahoo.com,+917788306828,1966-09-03,IN,2024-11-04T07:27:21
1726,Monica Montgomery,monica.montgomery3450@hotmail.com,+12214034659,2003-06-01,US,2026-04-01T03:28:59
1727,David Thomas,david.thomas4561@proton.me,+337571452471,1986-06-02,FR,2025-11-03T02:47:37
1728,Momoko Sakamoto,momoko.sakamoto5433@gmail.com,+817722718939,1950-12-26,JP,2023-02-07T17:48:29
1729,Carol Howard,carol.howard6545@icloud.com,+19020987663,2000-11-30,US,2021-05-20T08:18:57
1730,Concepción Flores,concepcion.flores3183@icloud.com,+341569077108,1996-11-05,ES,2024-06-04T15:10:57
1731,Azucena Cortés,azucena.cortes9024@gmail.com,+347791379400,1957-08-14,ES,2023-03-11T10:17:18
1732,Benjamín Reyes,benjamin.reyes2075@yahoo.com,+524631640831,1951-08-05,MX,2025-01-09T11:44:09
1733,Pallav Thapar,pallav.thapar8827@icloud.com,+911518547581,1994-08-28,IN,2021-12-17T18:16:32
1734,Ralph Gordon,ralph.gordon4084@yahoo.com,+449677764797,1953-12-03,GB,2022-06-17T23:39:09
1735,Peter Rüegsegger,peter.ruegsegger35@hotmail.com,+416513018676,2004-11-25,CH,2022-05-25T09:15:30
1736,Erika Lara,erika.lara5772@gmail.com,+527190144819,1962-01-15,MX,2021-11-27T15:15:20
1737,Biagio Galli,biagio.galli2325@proton.me,+394617426988,1972-03-10,IT,2025-11-17T06:42:36
1738,Beverly Castro,beverly.castro8930@proton.me,+11450502791,1999-07-15,US,2025-10-24T00:58:31
1739,Ludovic Bertrand,ludovic.bertrand5125@outlook.com,+338792730573,1949-05-26,FR,2021-11-05T22:16:10
1740,Zu-ho Changsun,zuho.changsun840@proton.me,+823819643138,1948-07-02,KR,2022-01-14T15:17:24
1741,Deborah Pierce,deborah.pierce7956@gmail.com,+15708805418,1973-06-07,US,2023-04-19T17:51:15
1742,Tekin Çevik,tekin.cevik618@yahoo.com,+903269204668,1993-04-09,TR,2023-01-07T02:09:19
1743,Laurent Schneider,laurent.schneider5351@proton.me,+16993939283,1987-03-14,CA,2025-04-07T17:54:22
1744,Joanne Ford,joanne.ford6501@gmail.com,+13222360409,1992-08-10,US,2025-06-15T17:04:39
1745,Riley Jacobs,riley.jacobs7956@icloud.com,+13259541488,1963-03-17,US,2022-09-17T02:44:44
1746,Joshua Welch,joshua.welch1460@hotmail.com,+12038563802,2006-12-30,CA,2026-04-06T01:48:47
1747,Marcel Wenger,marcel.wenger6455@proton.me,+419229882160,2004-06-04,CH,2024-03-15T07:06:29
1748,Lexi Watson,lexi.watson1363@yahoo.com,+441986896038,1977-10-09,GB,2025-01-29T15:00:44
1749,Catherine Page,catherine.page4787@yahoo.com,+445361558854,1997-10-24,GB,2022-08-02T02:59:30
1750,Rafael Esteban,rafael.esteban5349@gmail.com,+346485113005,1968-10-20,ES,2026-05-08T15:18:26
1751,Heather Nelson,heather.nelson439@proton.me,+11197232354,1984-01-19,US,2022-10-24T12:24:57
1752,Tammy Santiago,tammy.santiago3051@outlook.com,+16898046953,1987-11-07,US,2023-08-23T05:46:58
1753,Gustavo Ferreira,gustavo.ferreira7860@outlook.com,+3511484095129,1974-05-03,PT,2025-02-17T02:47:34
1754,Felix Thorsen,felix.thorsen8640@outlook.com,+456061734327,1951-12-11,DK,2023-02-22T10:42:23
1755,Rita Carlson,rita.carlson1664@proton.me,+17498475414,1983-06-10,US,2025-05-28T08:41:10
1756,Neto Ramos,neto.ramos8111@hotmail.com,+554421103655,1971-03-11,BR,2023-04-02T01:34:13
1757,James Alvarez,james.alvarez7137@hotmail.com,+13850129624,1963-08-04,CA,2025-04-02T02:01:51
1758,Carlos Oliveira,carlos.oliveira6919@yahoo.com,+3511356362198,1952-04-19,PT,2024-09-07T17:10:36
1759,Alejandra Juárez,alejandra.juarez878@proton.me,+526120168767,1989-10-21,MX,2022-07-01T08:52:11
1760,Paul Rampedi,paul.rampedi891@proton.me,+276875747539,1968-12-13,ZA,2022-04-25T03:31:17
1761,Fabiana Fiorentino,fabiana.fiorentino8762@proton.me,+396999297591,1998-01-15,IT,2023-03-19T22:08:18
1762,Colette Joly,colette.joly8859@proton.me,+331565633940,2005-11-05,FR,2024-03-11T16:14:53
1763,Lucie Schmitt,lucie.schmitt3085@icloud.com,+331199571812,1955-11-12,FR,2022-06-28T04:03:19
1764,Anika Suri,anika.suri2531@hotmail.com,+916239384895,1986-03-03,IN,2024-01-11T11:33:42
1765,Mariana Gonçalves,mariana.goncalves38@icloud.com,+559384805579,1953-06-12,BR,2025-01-26T19:30:16
1766,Arun Mehra,arun.mehra3926@yahoo.com,+911506247618,1956-11-23,IN,2025-11-02T15:14:56
1767,Sourav Parthasarathy,sourav.parthasarathy1133@gmail.com,+915407765821,1980-09-25,IN,2023-05-19T23:41:56
1768,Henry Payne,henry.payne3908@proton.me,+448869850922,1981-03-29,GB,2022-09-04T04:45:20
1769,Kees Vermeulen,kees.vermeulen5760@icloud.com,+314448282483,1999-07-23,NL,2025-07-30T05:46:15
1770,Kaede Yamamura,kaede.yamamura3337@hotmail.com,+811354886005,1954-06-19,JP,2024-09-08T17:00:23
1771,Eugene Wright,eugene.wright9920@yahoo.com,+15335122445,1986-05-30,US,2022-07-27T18:27:16
1772,Furkan Çetin,furkan.cetin8202@gmail.com,+904697369447,1953-12-27,TR,2024-03-26T14:09:04
1773,Lia Seidel,lia.seidel8922@proton.me,+495541299049,1959-07-18,DE,2024-08-20T21:56:52
1774,Martha Jordan,martha.jordan2743@outlook.com,+17886589023,1970-02-19,US,2021-06-06T13:58:28
1775,Chiyoko Kondo,chiyoko.kondo9717@yahoo.com,+815784334679,1999-10-20,JP,2024-10-23T03:51:53
1776,Kawther Al Junaibi,kawther.aljunaibi9600@gmail.com,+9715215670152,1992-07-04,AE,2022-04-19T22:04:45
1777,Elizabeth Morrison,elizabeth.morrison8656@outlook.com,+16049004539,1963-07-18,CA,2023-08-15T20:56:27
1778,Sabrina Nicolas,sabrina.nicolas4125@gmail.com,+333400029516,1962-01-11,FR,2024-12-06T21:01:41
1779,Cindy Herrera,cindy.herrera5185@hotmail.com,+16773938302,1957-05-24,US,2022-07-26T07:34:22
1780,Jennifer Fox,jennifer.fox5976@proton.me,+619653363418,2002-02-22,AU,2025-03-03T17:39:51
1781,Domingas Morais,domingas.morais1043@proton.me,+3517923879022,1955-02-21,PT,2022-07-20T21:21:08
1782,In-seong Yoo,inseong.yoo3492@icloud.com,+823916020501,1955-11-20,KR,2025-03-08T10:32:04
1783,Tiphaine Chevalier,tiphaine.chevalier2387@outlook.com,+337498973823,2004-08-19,FR,2025-07-13T21:30:04
1784,Patricia Gardner,patricia.gardner308@outlook.com,+16145311896,1970-02-17,US,2022-01-18T14:08:37
1785,Franck Jacquet,franck.jacquet4463@hotmail.com,+337211093253,1985-06-23,FR,2024-07-20T17:09:58
1786,Pratibha Desai,pratibha.desai4070@hotmail.com,+912132649601,1949-07-13,IN,2025-02-16T00:46:11
1787,Marie Mortensen,marie.mortensen3718@gmail.com,+457823262913,1949-10-22,DK,2025-07-15T16:16:42
1788,Mathis Vandenbroeck,mathis.vandenbroeck3477@hotmail.com,+324636656094,1972-12-03,BE,2024-01-12T23:15:31
1789,Julien Barton,julien.barton2015@hotmail.com,+11621569354,1976-12-14,CA,2024-02-09T02:19:02
1790,Angela Andrews,angela.andrews4613@yahoo.com,+11562724952,1951-11-14,US,2024-08-13T01:07:33
1791,Emily Grant,emily.grant1079@proton.me,+16660843095,1968-09-21,US,2025-02-23T03:42:05
1792,Odd Hansen,odd.hansen646@hotmail.com,+474032145881,1967-10-13,NO,2025-09-17T23:27:30
1793,Théo Perrin,theo.perrin6578@proton.me,+336202502432,1949-10-30,FR,2026-03-16T08:41:44
1794,Harry Ek,harry.ek2839@proton.me,+469919982028,1955-12-30,SE,2025-12-11T15:42:53
1795,Kurt Vogel,kurt.vogel3043@hotmail.com,+491600142247,1979-10-01,DE,2024-07-14T06:28:30
1796,Adeline Ray,adeline.ray4016@hotmail.com,+11024393561,1946-12-19,CA,2025-07-20T17:14:19
1797,Brigitte Julien,brigitte.julien2381@yahoo.com,+336909391973,1993-04-16,FR,2025-02-22T06:02:57
1798,Lunga Oosthuizen,lunga.oosthuizen999@icloud.com,+275624918309,1979-03-01,ZA,2023-07-19T06:49:00
1799,Damian Cieślak,damian.cieslak454@hotmail.com,+486027765451,1993-10-10,PL,2022-11-28T21:19:44
1800,Jacques Denis,jacques.denis9270@proton.me,+337343488041,1971-08-07,FR,2021-10-31T13:07:46
1801,Jhanvi Das,jhanvi.das9901@yahoo.com,+911928534887,1973-08-14,IN,2022-07-26T21:55:14
1802,Eli Wolfe,eli.wolfe9596@outlook.com,+14345090090,2005-02-15,CA,2024-07-08T04:18:30
1803,Xi Xia,xi.xia9421@yahoo.com,+868332191485,1988-10-09,CN,2026-01-13T23:53:45
1804,Mariia Pavlenko,mariia.pavlenko472@proton.me,+3807102620173,1963-08-25,UA,2026-02-22T00:51:40
1805,Luna Elliott,luna.elliott3303@icloud.com,+16950604236,1958-10-02,US,2021-06-10T03:53:44
1806,Clelia Bianchini,clelia.bianchini9591@hotmail.com,+399235783299,1971-10-10,IT,2023-12-15T22:19:27
1807,Charles Blanchard,charles.blanchard1545@outlook.com,+339494111431,1983-04-06,FR,2023-09-10T20:34:38
1808,Yifei Zheng,yifei.zheng2727@icloud.com,+864157393131,1946-06-26,CN,2024-07-13T19:00:27
1809,Silvia Franco,silvia.franco7654@hotmail.com,+395690862033,1999-05-14,IT,2024-04-06T22:47:49
1810,Fabien Schmid,fabien.schmid3956@yahoo.com,+417201595888,1991-09-19,CH,2025-01-24T13:56:16
1811,Edith Rivera,edith.rivera1909@yahoo.com,+526246519247,1951-06-26,MX,2023-07-30T00:31:05
1812,Sora Wakabayashi,sora.wakabayashi8764@icloud.com,+814011969000,1952-04-13,JP,2025-08-23T08:43:57
1813,Nthabeleng Samuels,nthabeleng.samuels6917@proton.me,+273061622059,1986-05-16,ZA,2025-11-07T03:04:31
1814,Kim van der Berg,kim.vanderberg6757@outlook.com,+317553597184,1997-12-28,NL,2023-06-22T20:48:32
1815,Astrid Kjærgaard,astrid.kjrgaard8328@hotmail.com,+456390637005,1987-08-24,DK,2022-02-24T00:12:26
1816,Isabelle Nguyen,isabelle.nguyen5611@proton.me,+331161767670,1985-08-22,FR,2021-12-17T21:13:30
1817,Soraia Caetano,soraia.caetano6091@icloud.com,+3518436628196,1955-10-29,PT,2023-07-03T21:48:07
1818,Murray Hood,murray.hood7613@yahoo.com,+441041705894,1963-05-04,GB,2023-02-22T03:06:29
1819,Milo Bryant,milo.bryant4664@yahoo.com,+19569201806,1968-09-30,US,2022-06-08T13:36:33
1820,Madeline McCarthy,madeline.mccarthy5216@hotmail.com,+615062084407,1986-04-24,AU,2021-11-26T22:09:21
1821,Miia Järvelä,miia.jarvela419@hotmail.com,+3588068308149,1959-02-02,FI,2024-03-26T13:33:24
1822,Andile Govender,andile.govender627@yahoo.com,+271882294645,1987-04-27,ZA,2022-07-26T03:34:33
1823,Marigold Griffin,marigold.griffin7062@proton.me,+444985738206,1952-05-18,GB,2022-02-08T03:09:10
1824,Lidia Hidalgo,lidia.hidalgo7237@yahoo.com,+349049178213,1973-08-20,ES,2025-06-06T12:28:12
1825,Zakhar Ilienko,zakhar.ilienko7060@yahoo.com,+3802722251460,1985-05-03,UA,2021-12-14T05:55:20
1826,Maeve Murphy,maeve.murphy4964@yahoo.com,+446650951420,1993-12-01,GB,2025-04-04T13:38:51
1827,Begoña Ortega,begona.ortega6077@hotmail.com,+342025416098,1976-06-09,ES,2024-06-20T13:06:33
1828,Mateo Robles,mateo.robles6583@gmail.com,+521244285529,1962-11-28,MX,2025-09-11T23:56:15
1829,Karishma Senapati,karishma.senapati6201@yahoo.com,+915308448825,2007-12-02,IN,2024-12-31T15:44:47
1830,Cameron Hamilton,cameron.hamilton8179@outlook.com,+617717545523,2004-08-07,AU,2025-09-23T16:17:25
1831,Yoshiki Sakaguchi,yoshiki.sakaguchi6813@outlook.com,+812342418168,1977-08-16,JP,2024-06-29T11:46:49
1832,Roksolana Melnychenko,roksolana.melnychenko7453@outlook.com,+3803173187633,1986-12-13,UA,2021-08-15T09:50:12
1833,Alba Fabbro,alba.fabbro3463@yahoo.com,+395548882121,1962-04-06,IT,2023-09-20T09:55:14
1834,Kunti Sundaram,kunti.sundaram6870@gmail.com,+912992494066,1993-10-05,IN,2025-02-10T02:19:43
1835,Roger Baeten,roger.baeten5169@gmail.com,+326340418743,2006-03-18,BE,2025-05-28T16:16:31
1836,Émile Aubry,emile.aubry2910@proton.me,+339667528781,1963-02-04,FR,2025-03-18T17:40:28
1837,Chris Fletcher,chris.fletcher9198@outlook.com,+442241420847,1991-05-05,GB,2025-09-20T10:10:54
1838,Lili Masson,lili.masson6782@yahoo.com,+338445874189,1980-08-07,FR,2021-10-17T15:49:15
1839,Ren Nishida,ren.nishida6784@yahoo.com,+812093761213,1985-02-09,JP,2025-05-30T18:26:48
1840,Chelsea Clark,chelsea.clark2662@hotmail.com,+19657854904,1997-12-14,CA,2022-08-04T01:55:51
1841,Ryker Franklin,ryker.franklin9075@gmail.com,+11309213479,1947-01-19,US,2022-02-10T21:11:17
1842,Megan Warren,megan.warren8723@proton.me,+16161181882,1966-04-03,CA,2025-03-12T21:56:45
1843,Yana Boyko,yana.boyko1264@yahoo.com,+3808289485010,1959-09-18,UA,2022-04-12T08:40:38
1844,Bolesław Romanowski,bolesaw.romanowski7259@gmail.com,+482169787255,1975-04-23,PL,2021-07-10T18:45:44
1845,Midori Ota,midori.ota4332@hotmail.com,+814149113723,1952-03-27,JP,2024-04-18T15:25:12
1846,Julia Rogers,julia.rogers1864@gmail.com,+13107590157,1983-11-30,US,2021-09-17T16:55:11
1847,Suzanne Sanders,suzanne.sanders5354@outlook.com,+312035270946,1972-09-26,NL,2026-03-02T05:39:44
1848,Lucas Schmidt,lucas.schmidt3343@outlook.com,+452323533047,1947-09-18,DK,2023-04-28T11:59:06
1849,Lori Jones,lori.jones4659@outlook.com,+12853650597,1974-09-21,US,2022-03-09T09:02:08
1850,Kishore Murthy,kishore.murthy5152@gmail.com,+917855325833,2003-06-24,IN,2022-06-10T09:11:52
1851,Cecilia De Simone,cecilia.desimone4287@gmail.com,+396447390419,2000-01-11,IT,2022-04-19T19:55:30
1852,Carolina Bravo,carolina.bravo7118@yahoo.com,+341173488462,2005-01-26,ES,2024-02-18T23:49:50
1853,Abhay Naik,abhay.naik8752@outlook.com,+916591648132,1955-06-11,IN,2022-04-25T10:10:20
1854,Leif Lindahl,leif.lindahl170@proton.me,+463683193351,1948-01-06,SE,2022-10-03T08:18:46
1855,Linda Alvarez,linda.alvarez4622@gmail.com,+15557986281,1973-05-21,US,2022-01-18T17:04:56
1856,Cynthia Rubio,cynthia.rubio1552@outlook.com,+347955225463,1958-05-04,ES,2022-08-12T20:36:48
1857,Yves Dupuis,yves.dupuis2215@yahoo.com,+336920072626,1957-10-12,FR,2024-09-22T10:20:34
1858,Nina Mitchell,nina.mitchell8182@icloud.com,+18666628490,1974-03-16,US,2024-06-19T21:04:06
1859,Mathilde Leclercq,mathilde.leclercq2472@proton.me,+321322053360,1955-04-13,BE,2025-08-31T08:33:14
1860,Inés Mora,ines.mora6653@icloud.com,+342341355563,1954-10-30,ES,2023-02-03T09:58:06
1861,Shuwen Phang,shuwen.phang331@yahoo.com,+658984807147,2001-04-26,SG,2024-05-17T19:21:22
1862,Rudolf Busch,rudolf.busch4127@gmail.com,+496173842906,1952-08-30,DE,2024-08-24T16:40:33
1863,Phyllis Hernandes,phyllis.hernandes6549@icloud.com,+14948787022,1952-11-15,US,2021-12-20T03:33:06
1864,Mark Mcdonald,mark.mcdonald8561@yahoo.com,+443651331163,1979-06-22,GB,2025-08-18T20:00:15
1865,Grégory Morel,gregory.morel5816@outlook.com,+328959927558,1964-05-08,BE,2025-04-25T01:47:33
1866,Sophie Dixon,sophie.dixon6828@yahoo.com,+443754385855,1985-02-09,GB,2022-04-02T15:46:03
1867,Lorena Román,lorena.roman6678@icloud.com,+349165649253,1948-06-27,ES,2025-05-26T07:20:14
1868,Porfirio Cervantes,porfirio.cervantes6494@outlook.com,+527410530840,1974-11-25,MX,2025-08-23T21:12:16
1869,Gabriele Martini,gabriele.martini4479@icloud.com,+395350299277,1973-04-24,IT,2023-06-17T14:10:06
1870,Antonella Martino,antonella.martino2624@outlook.com,+397477964797,1993-10-08,IT,2026-01-04T12:29:05
1871,Logan Lane,logan.lane6628@outlook.com,+16437381630,1980-06-21,CA,2023-09-15T06:11:02
1872,Maddison Marsh,maddison.marsh6196@yahoo.com,+442982932984,2006-03-21,GB,2023-06-13T03:13:09
1873,Hubert Piwowarczyk,hubert.piwowarczyk8523@hotmail.com,+485651008522,1990-04-18,PL,2021-06-09T15:58:02
1874,Elijah Kelly,elijah.kelly2541@hotmail.com,+613992919208,1957-10-22,AU,2026-04-13T09:48:19
1875,Charlotte Fisher,charlotte.fisher268@yahoo.com,+619118872997,1991-04-28,AU,2026-03-27T13:27:45
1876,Sharada Mazumdar,sharada.mazumdar2762@proton.me,+915082548826,1967-05-03,IN,2025-05-29T15:44:19
1877,Milan Schreurs,milan.schreurs2372@hotmail.com,+314194009028,1965-10-21,NL,2023-12-22T21:49:30
1878,Anushka Unnikrishnan,anushka.unnikrishnan3237@outlook.com,+913308145726,1963-01-29,IN,2024-06-04T04:51:50
1879,Tintswalo Christians,tintswalo.christians5657@outlook.com,+279353310464,1969-01-12,ZA,2022-08-26T09:15:49
1880,Takahiro Shimada,takahiro.shimada2201@proton.me,+816121520225,1996-02-19,JP,2022-06-15T14:31:14
1881,Danyil Savchenko,danyil.savchenko1829@hotmail.com,+3801957893289,1996-09-05,UA,2021-10-20T06:18:22
1882,Tabitha James,tabitha.james7855@gmail.com,+449065658296,1982-10-28,GB,2021-09-22T04:47:35
1883,Ellie Nelson,ellie.nelson4085@icloud.com,+18498192077,1972-11-06,US,2022-11-03T07:57:06
1884,Juliusz Kozak,juliusz.kozak9047@hotmail.com,+482701130602,1996-10-28,PL,2023-12-12T01:04:40
1885,Jelle van der Heijden,jelle.vanderheijden3312@hotmail.com,+317002742415,1992-05-04,NL,2025-10-30T12:43:11
1886,Dennis Pierce,dennis.pierce1180@icloud.com,+447860134736,1979-12-06,GB,2023-01-25T20:58:23
1887,Jozef Coenen,jozef.coenen1365@yahoo.com,+325769052849,2002-08-08,BE,2023-09-19T19:21:55
1888,Olivia Butler,olivia.butler8852@hotmail.com,+614109152152,1993-05-22,AU,2022-05-23T15:52:36
1889,Franciszka Sikora,franciszka.sikora927@proton.me,+482220021669,1987-06-23,PL,2023-12-27T00:19:45
1890,Paula Larson,paula.larson7522@hotmail.com,+17598910032,1992-06-29,US,2021-10-22T13:35:39
1891,Gabriella Marshall,gabriella.marshall3056@proton.me,+12886393775,1987-07-21,US,2023-03-26T20:36:55
1892,Franziska Groß,franziska.gro8811@outlook.com,+497902856543,1986-06-16,DE,2024-11-25T10:32:50
1893,Kira Yakovenko,kira.yakovenko488@yahoo.com,+3803670907292,1973-01-26,UA,2021-11-15T08:09:11
1894,Maxwell Green,maxwell.green2454@yahoo.com,+616219984165,1957-11-22,AU,2023-04-16T07:08:59
1895,Evelien Mercier,evelien.mercier5980@icloud.com,+324972961311,1978-02-10,BE,2022-07-02T05:53:37
1896,Nina Lang,nina.lang6128@icloud.com,+496415823253,1970-09-11,DE,2024-06-20T22:51:15
1897,Romário Duarte,romario.duarte183@gmail.com,+554937863284,1970-02-15,BR,2022-02-07T15:08:47
1898,Elaine Patterson,elaine.patterson6428@hotmail.com,+16114747960,1954-05-18,US,2023-03-03T12:01:40
1899,Rafia Al Jasmi,rafia.aljasmi5583@icloud.com,+9711637858442,1994-01-27,AE,2021-08-21T01:46:13
1900,Solomiia Melnyk,solomiia.melnyk1318@icloud.com,+3801145927551,1975-12-20,UA,2023-03-10T08:51:51
1901,Delilah Swanson,delilah.swanson218@hotmail.com,+16296267454,2004-09-18,CA,2022-01-09T03:07:24
1902,Mario Mejía,mario.mejia5384@proton.me,+522310674023,1949-06-05,MX,2022-01-12T08:17:17
1903,Jiro Nakata,jiro.nakata2383@outlook.com,+811398907794,1977-05-25,JP,2025-01-05T08:45:27
1904,Praful Chakraborty,praful.chakraborty5504@gmail.com,+917733474102,1957-06-09,IN,2023-07-25T07:18:31
1905,Rosa Rinaldi,rosa.rinaldi4268@proton.me,+396524056289,1977-04-27,IT,2021-08-20T11:29:50
1906,Jane Miller,jane.miller8788@hotmail.com,+449145976167,1956-02-19,GB,2022-05-30T16:29:46
1907,Lucille Berry,lucille.berry8799@hotmail.com,+11126079523,1959-01-09,US,2022-05-26T18:15:53
1908,Adriana Caballero,adriana.caballero7420@outlook.com,+342557546572,1968-10-04,ES,2022-12-09T13:11:06
1909,Emilia Bennett,emilia.bennett4994@outlook.com,+441720762962,1954-01-18,GB,2025-10-07T08:34:08
1910,Joël Richard,joel.richard8185@yahoo.com,+331146419279,1950-04-11,FR,2022-08-12T00:39:28
1911,Rashid Al Habsi,rashid.alhabsi7915@outlook.com,+9716277429880,1957-10-27,AE,2023-03-07T14:42:51
1912,Daniela Lozano,daniela.lozano9949@yahoo.com,+342342488953,1989-05-27,ES,2023-06-22T21:59:11
1913,Olivia Stenberg,olivia.stenberg7262@yahoo.com,+462857140535,1946-12-20,SE,2021-10-31T00:37:02
1914,Connor Ray,connor.ray5860@hotmail.com,+15146647167,1986-07-28,US,2022-02-19T12:41:21
1915,Herman Nys,herman.nys3077@outlook.com,+322777459429,1964-01-26,BE,2023-07-13T07:09:27
1916,Michael Pohl,michael.pohl8641@icloud.com,+494347221408,1981-05-08,DE,2021-09-20T00:11:26
1917,Erna Albrecht,erna.albrecht1530@hotmail.com,+492257223515,1995-10-02,DE,2026-01-04T09:34:50
1918,Tiffany Rodriquez,tiffany.rodriquez2115@proton.me,+12867771925,1985-11-14,CA,2023-12-20T13:27:42
1919,Atul Nambiar,atul.nambiar5559@gmail.com,+911021882829,1959-12-11,IN,2021-11-08T03:42:47
1920,Ian Collins,ian.collins5547@gmail.com,+18650997192,1994-04-03,US,2025-09-07T22:42:25
1921,Ariana Taylor,ariana.taylor3423@outlook.com,+19574375371,1986-12-03,US,2024-02-09T06:12:03
1922,Mirko Giordano,mirko.giordano7466@yahoo.com,+396560923075,1990-09-27,IT,2026-03-29T19:51:48
1923,Pablo Batista,pablo.batista9746@gmail.com,+559969326132,2003-03-21,BR,2026-03-10T23:57:01
1924,Esther Crespo,esther.crespo2853@yahoo.com,+344697203654,1988-05-16,ES,2024-03-01T23:26:54
1925,Thea Bell,thea.bell897@hotmail.com,+443254762787,1998-01-20,GB,2026-04-23T00:05:18
1926,Christel Thomas,christel.thomas1605@icloud.com,+494923798902,1976-04-13,DE,2023-04-13T22:47:05
1927,Lourdes Díez,lourdes.diez8673@icloud.com,+347058724604,1969-04-25,ES,2022-01-19T12:10:27
1928,Eleonora Palladino,eleonora.palladino4274@outlook.com,+398528701078,1984-07-27,IT,2021-10-24T22:48:41
1929,Alper Güler,alper.guler3214@yahoo.com,+906364151871,1977-11-03,TR,2022-11-25T14:18:49
1930,Iman Al Ajmi,iman.alajmi8062@icloud.com,+9719234053619,1982-05-07,AE,2023-01-14T17:30:26
1931,Alan Urbański,alan.urbanski12@hotmail.com,+487761245054,1995-12-09,PL,2021-10-19T16:29:10
1932,Saskia van Dongen,saskia.vandongen552@yahoo.com,+314718786375,1973-11-09,NL,2023-03-06T20:01:26
1933,Lillian James,lillian.james3817@gmail.com,+14829825979,1997-07-10,US,2024-02-12T21:48:59
1934,Benedict Sharp,benedict.sharp7323@proton.me,+442602188500,1971-08-31,GB,2022-01-03T22:58:41
1935,Gerald Palmer,gerald.palmer1298@proton.me,+18452908296,1989-02-09,CA,2025-04-30T11:51:26
1936,Eva Saunders,eva.saunders7275@proton.me,+449816885868,1966-01-29,GB,2022-09-16T18:17:27
1937,Hong Zhong,hong.zhong2583@icloud.com,+861065890504,2003-02-23,CN,2024-06-19T15:45:57
1938,Tales Souza,tales.souza9763@hotmail.com,+552877744995,1971-05-19,BR,2025-12-13T23:21:16
1939,Maria Ruiz,maria.ruiz7638@icloud.com,+15218464613,2007-12-14,US,2026-01-08T20:51:10
1940,Hugo Meyer,hugo.meyer1425@hotmail.com,+17206114603,1980-06-14,US,2021-08-19T16:56:27
1941,Kento Harada,kento.harada118@yahoo.com,+812909157058,1981-04-24,JP,2025-03-12T02:54:46
1942,Jorge Barros,jorge.barros2170@gmail.com,+551074912652,1949-07-12,BR,2023-10-30T04:37:45
1943,Victor Huff,victor.huff4572@hotmail.com,+16455049305,1961-08-13,CA,2026-04-06T13:57:55
1944,Jesús Serrano,jesus.serrano1868@yahoo.com,+347769847759,1970-10-20,ES,2021-10-08T10:17:47
1945,Paris Ferguson,paris.ferguson9737@outlook.com,+618354795407,1951-04-27,AU,2022-07-18T13:23:55
1946,Piyush Rajagopalan,piyush.rajagopalan9981@yahoo.com,+919627292607,1987-03-09,IN,2025-07-10T09:41:45
1947,Patrik Malmqvist,patrik.malmqvist6701@yahoo.com,+468684408638,1973-05-07,SE,2024-01-29T15:44:47
1948,Helka Heikkilä,helka.heikkila5701@icloud.com,+3589013971547,1979-02-15,FI,2025-12-29T06:20:33
1949,Aurélie Riviere,aurelie.riviere2895@outlook.com,+332358450252,1965-02-06,FR,2022-03-13T10:19:39
1950,Truus van der Vliet,truus.vandervliet4553@gmail.com,+314524798351,1972-10-11,NL,2023-03-19T22:25:23
1951,Rachel Deng,rachel.deng5890@gmail.com,+655986675937,1981-02-17,SG,2025-05-04T07:21:12
1952,Chhaya Venkatesh,chhaya.venkatesh3426@yahoo.com,+917604784543,1998-06-15,IN,2024-08-05T04:16:26
1953,Alexandre Moulin,alexandre.moulin723@outlook.com,+333101104138,1988-03-19,FR,2023-03-14T01:10:27
1954,Ryoichi Kawamura,ryoichi.kawamura8632@hotmail.com,+814608689332,2003-02-25,JP,2026-04-15T13:34:36
1955,Moisés Carvalho,moises.carvalho7687@outlook.com,+551676969677,1989-12-18,BR,2026-04-12T13:54:17
1956,Grayson Davis,grayson.davis2915@outlook.com,+17324373886,1947-09-15,US,2023-08-24T00:58:54
1957,Waheeda Kurup,waheeda.kurup8743@gmail.com,+913316932654,1981-04-08,IN,2023-02-15T00:02:32
1958,Christina Schröder,christina.schroder4118@proton.me,+494056789317,1947-09-08,DE,2022-03-12T22:39:18
1959,Shannon Arnold,shannon.arnold6427@proton.me,+447853428635,1980-12-08,GB,2023-09-20T13:37:25
1960,Yuma Nozaki,yuma.nozaki5853@icloud.com,+814550467082,2002-09-01,JP,2022-05-17T10:59:47
1961,Rose Hill,rose.hill4144@yahoo.com,+616343998106,1975-10-09,AU,2023-06-06T09:28:17
1962,Noëlle Lefebvre,noelle.lefebvre4987@gmail.com,+338620604045,1973-10-06,FR,2025-02-01T21:25:17
1963,Laure Goossens,laure.goossens4245@icloud.com,+325721112558,1948-11-09,BE,2022-09-10T14:56:51
1964,Julian Kołodziej,julian.koodziej4045@icloud.com,+488267260233,1963-04-30,PL,2022-11-24T08:35:42
1965,Yosyp Lytvyn,yosyp.lytvyn4478@yahoo.com,+3804954321154,2006-09-20,UA,2022-12-09T21:55:13
1966,Theresa Watson,theresa.watson5322@yahoo.com,+12078727915,1952-11-28,US,2026-04-28T02:46:32
1967,Cara Maxwell,cara.maxwell6243@proton.me,+446664652512,1985-08-26,GB,2023-10-27T13:44:30
1968,Bheki Chauke,bheki.chauke7680@yahoo.com,+275147098794,1950-09-04,ZA,2023-05-14T04:21:23
1969,Amira Al Blooshi,amira.alblooshi5129@icloud.com,+9711577644699,1970-03-11,AE,2023-07-26T15:15:12
1970,Birsen Yavuz,birsen.yavuz1648@gmail.com,+907198603609,1985-06-13,TR,2022-08-17T15:51:22
1971,Randy Ford,randy.ford1623@gmail.com,+12571416913,1983-06-26,US,2022-04-30T22:44:37
1972,Nico Haas,nico.haas9005@icloud.com,+495274764512,1952-05-06,DE,2021-09-26T15:32:58
1973,Jordan Simmons,jordan.simmons5632@outlook.com,+16824519990,1950-06-09,US,2021-10-15T07:49:06
1974,Anthony Nascimento,anthony.nascimento1164@icloud.com,+552430562053,1962-07-20,BR,2025-09-08T05:22:57
1975,Aobakwe Moeletsi,aobakwe.moeletsi5709@gmail.com,+275088090338,1952-02-21,ZA,2023-04-03T00:03:31
1976,Dinis Reis,dinis.reis8960@yahoo.com,+3519392192496,2002-09-03,PT,2024-12-25T20:49:04
1977,Cor Bosman,cor.bosman8548@hotmail.com,+319615036817,1985-03-28,NL,2024-04-04T22:59:28
1978,Monique Stone,monique.stone6766@hotmail.com,+18581069579,1957-03-24,CA,2022-05-03T02:17:55
1979,Adrian Mathisen,adrian.mathisen5410@hotmail.com,+479873092824,1979-12-14,NO,2025-10-23T12:24:57
1980,Tim Martin,tim.martin4610@gmail.com,+446612359309,1948-08-22,GB,2024-02-19T17:45:45
1981,River Hall,river.hall4553@icloud.com,+17005175095,1976-06-21,US,2025-02-10T00:53:06
1982,Sophia Fuchs,sophia.fuchs2966@hotmail.com,+498271096838,2001-12-20,DE,2024-07-23T21:06:13
1983,Arthur Thomson,arthur.thomson6743@icloud.com,+618118704816,1956-11-13,AU,2022-01-01T00:15:09
1984,Harriet Garner,harriet.garner5450@proton.me,+443401569875,1964-11-22,GB,2024-08-06T08:04:06
1985,Kjell Bø,kjell.b2247@outlook.com,+475003698583,2005-07-04,NO,2024-02-04T06:45:09
1986,Owen Burns,owen.burns1594@yahoo.com,+443594859333,1959-08-01,GB,2021-09-01T08:32:04
1987,Haruma Watanabe,haruma.watanabe6908@hotmail.com,+812871912149,1990-04-20,JP,2023-05-24T17:31:08
1988,Isabelle Perez,isabelle.perez2442@hotmail.com,+16708722067,1976-07-06,US,2023-12-08T08:33:03
1989,Giuliano Gentile,giuliano.gentile1357@yahoo.com,+394467419986,2005-04-30,IT,2023-07-29T02:36:51
1990,Neil Berry,neil.berry246@gmail.com,+441412351021,1990-07-19,GB,2022-03-31T17:05:58
1991,Iván Jiménez,ivan.jimenez8729@proton.me,+529049077393,2006-04-15,MX,2025-02-10T09:29:47
1992,Szczepan Murawski,szczepan.murawski4046@proton.me,+489904949525,1959-10-02,PL,2023-10-23T09:36:16
1993,Elliott Baker,elliott.baker2724@hotmail.com,+19744857733,1981-12-17,US,2024-05-06T10:39:16
1994,Carlos Rosales,carlos.rosales8160@proton.me,+524141175540,1952-12-28,MX,2022-12-23T18:49:01
1995,Stian Erickson,stian.erickson8397@proton.me,+479451971252,1965-04-28,NO,2022-07-27T13:12:35
1996,Monique Kramer,monique.kramer8430@hotmail.com,+557324968614,1949-09-14,BR,2023-01-12T13:13:02
1997,Raymond Lawrence,raymond.lawrence3276@outlook.com,+16882647475,1990-06-28,CA,2023-10-26T21:40:41
1998,Savannah Adams,savannah.adams2731@yahoo.com,+16815847224,2003-10-12,US,2025-07-01T02:00:32
1999,Cooper Lopez,cooper.lopez881@proton.me,+15027400320,1949-03-27,US,2025-08-07T07:21:19
2000,Taras Klymenko,taras.klymenko3787@outlook.com,+3807719902328,1978-11-06,UA,2022-12-01T14:47:20
2001,Helena Böhm,helena.bohm6898@outlook.com,+495796362650,1980-02-27,DE,2025-01-17T14:55:13
2002,Esperanza Carmona,esperanza.carmona5472@gmail.com,+349136291493,1973-07-23,ES,2021-12-13T17:00:10
2003,Emma Messina,emma.messina154@yahoo.com,+399245442708,1947-08-12,IT,2024-01-26T17:43:15
2004,Germaine De Meyer,germaine.demeyer7196@hotmail.com,+329965825049,1986-02-10,BE,2025-01-29T08:34:00
2005,Zümrüt Yalçın,zumrut.yalcn8241@yahoo.com,+906323683011,2005-01-18,TR,2024-03-19T07:02:20
2006,Jason Thompson,jason.thompson5892@outlook.com,+18037967201,1958-02-20,US,2022-05-13T05:02:16
2007,Akito Sato,akito.sato162@icloud.com,+818289965139,2003-05-18,JP,2025-05-25T00:09:42
2008,Saorla McLoughlin,saorla.mcloughlin7587@gmail.com,+3538002976786,1997-02-15,IE,2022-08-31T19:50:04
2009,Carter Carpenter,carter.carpenter6453@icloud.com,+11392004841,1984-09-27,US,2022-07-23T07:35:27
2010,Oksana Boyarchuk,oksana.boyarchuk1359@gmail.com,+3805344394502,1974-08-30,UA,2023-02-12T19:43:55
2011,Declan Gordon,declan.gordon5895@gmail.com,+13230018888,1955-08-03,US,2022-12-10T21:43:43
2012,Julio Giménez,julio.gimenez9393@proton.me,+347884219509,1961-01-12,ES,2021-11-15T18:27:24
2013,Sergio Guerrero,sergio.guerrero6594@icloud.com,+528125063964,1976-01-17,MX,2025-03-30T09:57:58
2014,Şevket Polat,sevket.polat2668@outlook.com,+906767666947,1955-08-27,TR,2024-09-04T10:50:10
2015,Magdalena Witkowski,magdalena.witkowski3135@yahoo.com,+487980238350,1981-06-19,PL,2025-11-04T19:31:06
2016,Franco Petrarca,franco.petrarca737@yahoo.com,+398664773288,2003-03-31,IT,2021-10-02T19:39:49
2017,Angelina Shapovalov,angelina.shapovalov3819@proton.me,+3804220074495,1997-05-01,UA,2022-08-30T17:29:58
2018,Hitomi Matsumura,hitomi.matsumura890@yahoo.com,+817903099833,1982-10-31,JP,2022-10-15T07:44:15
2019,Robert Bergmann,robert.bergmann9775@icloud.com,+495451468910,1985-10-01,DE,2022-08-06T03:50:12
2020,Ada Graf,ada.graf9867@gmail.com,+496021456285,1987-10-19,DE,2023-01-03T16:18:47
2021,Yvonne Meyer,yvonne.meyer7464@gmail.com,+336696751660,2003-08-09,FR,2022-02-20T06:32:42
2022,Bertha Vogt,bertha.vogt7777@hotmail.com,+495218904891,1998-05-02,DE,2026-05-01T12:03:25
2023,Karla Estrada,karla.estrada1424@proton.me,+522515124941,1985-01-17,MX,2022-06-28T10:53:11
2024,Nino Vitale,nino.vitale4499@yahoo.com,+396855720955,1955-01-19,IT,2022-04-25T18:32:25
2025,Michael Peters,michael.peters1282@outlook.com,+16994611146,1946-07-16,US,2024-06-05T10:29:46
2026,Miriam Salazar,miriam.salazar8069@yahoo.com,+528019664025,1974-04-19,MX,2022-02-22T12:55:14
2027,Peter O'Connor,peter.oconnor3477@hotmail.com,+613653720599,1949-03-04,AU,2021-08-02T22:13:05
2028,Beatriz Soler,beatriz.soler1454@proton.me,+343827504856,1949-07-26,ES,2021-07-06T12:13:27
2029,Pauline Laurent,pauline.laurent6859@outlook.com,+339427077265,1956-04-08,FR,2026-01-25T12:51:13
2030,Cristiano Carbone,cristiano.carbone1738@proton.me,+394654473982,1973-06-20,IT,2023-04-19T15:33:37
2031,Crystal Payne,crystal.payne1012@icloud.com,+12798698263,1987-04-07,US,2025-04-28T23:43:04
2032,Rodrigo Esteves,rodrigo.esteves5690@icloud.com,+3513494348919,1973-10-11,PT,2021-11-26T19:30:21
2033,Emi Uchida,emi.uchida9079@hotmail.com,+811518984630,1968-03-14,JP,2025-09-03T23:08:44
2034,Jack Romero,jack.romero8691@hotmail.com,+14434180406,1962-10-01,US,2022-03-09T15:41:23
2035,Steven Dominguez,steven.dominguez2803@hotmail.com,+11283770485,2006-01-27,US,2021-08-26T06:04:26
2036,Pascal Masson,pascal.masson4107@yahoo.com,+331367139876,1970-02-16,FR,2023-07-16T02:48:39
2037,Anna Bonnet,anna.bonnet9323@hotmail.com,+336718569422,2003-05-24,FR,2023-07-28T14:04:55
2038,Ken Takahashi,ken.takahashi3163@outlook.com,+811241050175,1953-12-18,JP,2025-09-17T12:14:10
2039,Kevin Myers,kevin.myers7473@gmail.com,+11850618424,1998-09-08,US,2022-06-12T21:12:28
2040,Yevheniia Grygorenko,yevheniia.grygorenko9546@hotmail.com,+3807033141022,1987-02-03,UA,2022-03-03T03:21:57
2041,Nikola Sokołowski,nikola.sokoowski5341@gmail.com,+481271418654,1994-11-05,PL,2023-10-23T19:27:02
2042,Céleste Da Silva,celeste.dasilva6667@icloud.com,+335333554606,2006-04-20,FR,2022-01-13T10:19:59
2043,Stephen Ford,stephen.ford1581@outlook.com,+614765170422,1972-02-07,AU,2021-09-04T05:53:44
2044,Samantha Moore,samantha.moore920@hotmail.com,+613418991956,1965-08-14,AU,2025-07-31T02:33:25
2045,Seiji Goto,seiji.goto7006@yahoo.com,+814147446095,1961-09-24,JP,2024-09-29T04:49:51
2046,Leonard Warren,leonard.warren6199@outlook.com,+448260789398,1984-12-08,GB,2024-11-20T23:23:30
2047,Menno Gerritsen,menno.gerritsen7454@outlook.com,+313729422177,1980-08-11,NL,2025-12-08T16:25:43
2048,Mi-jung Gangjeon,mijung.gangjeon5673@proton.me,+824357826504,1974-04-20,KR,2021-09-12T23:47:11
2049,Wayne McCoy,wayne.mccoy5318@proton.me,+11215758446,1983-02-18,US,2024-08-10T08:35:27
2050,Roman Hill,roman.hill770@proton.me,+18523623175,1950-10-29,US,2021-10-17T05:44:43
2051,Martine Mo,martine.mo9660@icloud.com,+476653300683,1974-12-09,NO,2023-05-08T14:34:12
2052,Leon Neumann,leon.neumann5778@hotmail.com,+497894638478,1979-10-15,DE,2022-06-01T06:48:07
2053,Jari Mattsson,jari.mattsson6797@outlook.com,+3584953620004,2003-02-24,FI,2025-05-04T13:12:56
2054,Alfredo Santos,alfredo.santos4076@gmail.com,+347679035205,1963-02-02,ES,2022-08-11T05:50:55
2055,Donna Ramos,donna.ramos5827@proton.me,+18233467623,1967-03-14,US,2023-04-29T09:57:23
2056,Isabella Grasso,isabella.grasso7857@yahoo.com,+392718218267,2004-12-29,IT,2022-06-27T17:35:05
2057,Malcolm Kim,malcolm.kim8828@outlook.com,+13093395163,1981-04-16,CA,2026-04-28T00:13:33
2058,Katia Vargas,katia.vargas1208@gmail.com,+559260016188,1992-10-04,BR,2025-12-03T19:35:36
2059,Wiktor Adamczyk,wiktor.adamczyk7450@gmail.com,+487288438481,1947-04-18,PL,2022-05-30T03:09:42
2060,Harrison Mullins,harrison.mullins4912@outlook.com,+16127106072,1994-10-11,CA,2022-06-15T02:05:10
2061,Hermine Redl,hermine.redl4073@gmail.com,+438079661833,2007-06-18,AT,2025-03-14T13:07:17
2062,Angus Pearson,angus.pearson2243@proton.me,+612770642576,1957-10-19,AU,2021-08-13T22:37:14
2063,Moritz Peter,moritz.peter534@outlook.com,+414645784908,1966-10-05,CH,2026-01-17T11:18:14
2064,Isabella Griffiths,isabella.griffiths8534@hotmail.com,+446872492106,2004-04-22,GB,2026-05-11T11:18:57
2065,Lea Schneider,lea.schneider6957@hotmail.com,+495846180526,1972-11-18,DE,2024-11-14T03:29:46
2066,Claire George,claire.george5740@icloud.com,+11798554372,1949-10-19,US,2026-05-07T08:30:12
2067,Maria Anderson,maria.anderson7297@icloud.com,+442767353583,2002-11-09,GB,2021-07-21T13:57:01
2068,Chantal Leonard,chantal.leonard6602@yahoo.com,+19077107710,1964-07-24,CA,2023-12-04T02:43:44
2069,Els Koster,els.koster8086@gmail.com,+312849606080,1953-07-25,NL,2022-12-16T06:02:42
2070,Jaap van der Wal,jaap.vanderwal8702@hotmail.com,+313283840135,1948-05-21,NL,2021-09-03T03:18:46
2071,Blanca Gallego,blanca.gallego7101@proton.me,+343056397064,2000-11-22,ES,2025-04-29T11:41:54
2072,Kevin Bradley,kevin.bradley410@outlook.com,+442559156661,1952-12-24,GB,2023-08-28T21:30:31
2073,Emma Marshall,emma.marshall9059@hotmail.com,+19765415881,1961-02-10,CA,2024-05-29T20:59:02
2074,Francesco Di Stefano,francesco.distefano1485@proton.me,+397630731791,1984-09-07,IT,2025-05-26T01:54:18
2075,Subaru Ogawa,subaru.ogawa6778@yahoo.com,+813413361019,1962-01-02,JP,2024-10-19T00:01:25
2076,Caroline Graham,caroline.graham6597@outlook.com,+449211978919,1974-04-18,GB,2021-05-24T19:51:00
2077,Marine Deschamps,marine.deschamps6976@hotmail.com,+339709587694,1985-05-06,FR,2025-03-20T23:52:49
2078,Yuji Hayashi,yuji.hayashi6109@icloud.com,+817502978740,2004-09-06,JP,2024-03-02T18:54:58
2079,Douwe Jonker,douwe.jonker6511@outlook.com,+319692497930,1955-11-24,NL,2024-02-23T18:44:54
2080,Toshihiko Ueno,toshihiko.ueno1161@yahoo.com,+815609455546,1948-09-07,JP,2023-09-28T09:06:42
2081,Christophe Gauthier,christophe.gauthier9854@hotmail.com,+336408708822,1949-06-16,FR,2025-07-26T21:09:46
2082,Sebastião Pacheco,sebastiao.pacheco6997@outlook.com,+554876023555,1955-09-26,BR,2025-04-17T08:21:10
2083,Elena Luna,elena.luna6736@icloud.com,+524192558515,1955-05-28,MX,2023-03-06T19:21:02
2084,Arnau Montero,arnau.montero8047@hotmail.com,+342498160218,1966-02-21,ES,2024-10-11T16:18:31
2085,Trees Smits,trees.smits7293@proton.me,+313504491256,1958-07-10,NL,2024-05-08T02:35:33
2086,Hugo Young,hugo.young7687@yahoo.com,+615013272523,1954-01-08,AU,2023-04-08T15:43:33
2087,Martina Gallardo,martina.gallardo9843@hotmail.com,+342912932484,1962-01-01,ES,2022-08-04T17:00:49
2088,William Santiago,william.santiago6392@gmail.com,+13775400879,1988-10-17,US,2025-01-19T17:18:14
2089,Lola Fisher,lola.fisher6255@outlook.com,+448272763887,1952-01-27,GB,2023-04-22T13:49:15
2090,Eleazar Carrillo,eleazar.carrillo1163@gmail.com,+524500134608,1984-03-28,MX,2024-03-19T02:05:23
2091,Divyansh Tiwari,divyansh.tiwari8775@gmail.com,+917489277988,1949-01-21,IN,2021-09-14T02:21:54
2092,Knut Jansson,knut.jansson1898@yahoo.com,+468246455065,2006-11-07,SE,2023-05-30T22:50:17
2093,Emilia Pålsson,emilia.palsson4696@hotmail.com,+469965696648,1965-05-31,SE,2022-09-12T20:48:16
2094,Liam Garrett,liam.garrett5741@icloud.com,+441142272558,2005-07-24,GB,2024-07-20T09:54:07
2095,Marie Aguilar,marie.aguilar644@gmail.com,+12198720065,1992-06-20,US,2023-08-29T04:32:23
2096,Tekla Zawadzki,tekla.zawadzki5333@hotmail.com,+483519895319,1980-01-05,PL,2025-11-11T05:15:34
2097,Autumn Shaw,autumn.shaw1551@hotmail.com,+616916392137,2007-05-01,AU,2024-10-21T23:27:07
2098,Hao Yi Yang,haoyi.yang5956@yahoo.com,+659262768995,1972-03-08,SG,2026-02-18T05:27:45
2099,Iris Zbinden,iris.zbinden7069@outlook.com,+417807522800,1992-05-12,CH,2022-01-17T20:11:17
2100,Yuki Ishida,yuki.ishida5576@yahoo.com,+812757430962,2003-03-21,JP,2024-02-24T01:34:19
2101,Noor Al Khamis,noor.alkhamis8595@hotmail.com,+9718861842299,2002-03-31,AE,2022-06-20T00:02:54
2102,Takumi Kubota,takumi.kubota1082@icloud.com,+819955540913,1997-04-16,JP,2022-03-20T14:57:57
2103,Mikael Holmberg,mikael.holmberg1486@yahoo.com,+467890395859,1997-01-24,SE,2025-07-26T03:27:41
2104,Na-ri Joo,nari.joo3319@proton.me,+827526879758,2002-07-01,KR,2021-09-01T04:12:53
2105,Anthony Morrison,anthony.morrison1719@gmail.com,+616139877787,1964-01-14,AU,2022-02-24T08:46:25
2106,Marloes Koning,marloes.koning3974@icloud.com,+318880422964,1974-03-30,NL,2025-10-01T16:06:49
2107,Brooke Marshall,brooke.marshall6741@outlook.com,+442392106592,2007-08-30,GB,2022-10-05T07:58:49
2108,Angus Smith,angus.smith568@icloud.com,+447259663236,1952-03-10,GB,2023-08-09T15:03:24
2109,Friederike Schulze,friederike.schulze3763@hotmail.com,+491219914080,1955-04-04,DE,2025-04-01T02:35:46
2110,Saqr Al Rashid,saqr.alrashid9107@yahoo.com,+9713442255609,1986-05-09,AE,2021-12-16T22:50:04
2111,Saga Jakobsson,saga.jakobsson4558@yahoo.com,+462921176483,1994-01-20,SE,2024-05-21T21:42:17
2112,Daisy Ferguson,daisy.ferguson9310@icloud.com,+446508515621,1975-05-09,GB,2025-02-27T11:13:32
2113,Rauf Akkaya,rauf.akkaya5213@hotmail.com,+907721771483,1991-04-19,TR,2025-08-17T04:51:23
2114,Felix Hussein,felix.hussein3069@icloud.com,+653195907054,1955-10-25,SG,2021-08-23T14:26:27
2115,Nathalie Olofsson,nathalie.olofsson2369@outlook.com,+467906110651,1976-03-14,SE,2021-09-27T00:24:28
2116,Bella Parsons,bella.parsons5476@outlook.com,+18773276991,1997-12-04,US,2025-01-20T11:34:25
2117,Chloe Collins,chloe.collins9051@gmail.com,+446508424657,2005-03-21,GB,2023-10-06T08:33:51
2118,Charlotte Ortega,charlotte.ortega8455@icloud.com,+12793316513,1996-08-13,US,2022-01-01T20:02:27
2119,Sandra Schumacher,sandra.schumacher4924@proton.me,+494960648713,1991-10-14,DE,2025-05-02T20:44:17
2120,Nicholas Walsh,nicholas.walsh8977@gmail.com,+16138219686,1960-08-14,US,2021-08-26T07:22:48
2121,Isaac Gardner,isaac.gardner9245@icloud.com,+449634009818,1995-01-23,GB,2021-07-14T08:40:55
2122,Carla Christensen,carla.christensen2135@outlook.com,+453496332513,1992-08-06,DK,2025-12-17T02:06:13
2123,Jérôme Charpentier,jerome.charpentier7302@icloud.com,+338424440042,1983-05-06,FR,2023-01-02T04:43:57
2124,Franca Zambon,franca.zambon9172@outlook.com,+396911942005,1947-12-12,IT,2026-05-10T00:41:06
2125,Malin Oskarsson,malin.oskarsson6429@gmail.com,+466368745190,1946-10-22,SE,2021-08-26T13:33:54
2126,Blanka Kędzierski,blanka.kedzierski5720@proton.me,+489066392247,1984-12-09,PL,2021-09-21T16:14:29
2127,Corinna Möller,corinna.moller4684@icloud.com,+492212806090,1966-03-23,DE,2024-06-02T01:20:42
2128,Matthew Martin,matthew.martin4132@gmail.com,+618987484495,1994-04-19,AU,2024-05-02T11:33:39
2129,René Olivier,rene.olivier2766@outlook.com,+335202705575,1960-06-03,FR,2021-09-22T16:14:21
2130,Bradley Cook,bradley.cook1666@outlook.com,+612519488454,1978-10-10,AU,2022-03-26T14:58:47
2131,Magali Leroux,magali.leroux8534@yahoo.com,+337400839523,2000-05-16,FR,2023-03-13T10:15:05
2132,Felicitas Hofmann,felicitas.hofmann3255@proton.me,+497070497941,1979-09-27,DE,2025-10-11T17:49:42
2133,Halil Bayram,halil.bayram1863@proton.me,+904504803060,1969-12-10,TR,2021-10-17T17:31:02
2134,Oliver Bennett,oliver.bennett760@proton.me,+17113220834,1959-12-07,US,2024-03-31T01:09:52
2135,Fedir Mykhalyuk,fedir.mykhalyuk6537@icloud.com,+3803981363581,2004-09-30,UA,2025-11-28T00:42:36
2136,Andrés Fernández,andres.fernandez1798@icloud.com,+341421137478,1977-07-20,ES,2022-08-23T12:12:05
2137,Jacinto Flores,jacinto.flores4629@icloud.com,+521834021865,1981-09-15,MX,2024-08-19T00:21:11
2138,Liz Campos,liz.campos9132@proton.me,+557958341291,1975-04-10,BR,2022-01-03T13:55:22
2139,Sarah Köhler,sarah.kohler7302@proton.me,+491577411042,1976-05-10,DE,2025-10-17T23:17:02
2140,Ana Ortiz,ana.ortiz1083@icloud.com,+526716733871,1982-10-31,MX,2025-07-29T15:01:41
2141,Dario Barone,dario.barone9189@yahoo.com,+392506316952,2001-04-28,IT,2025-12-02T11:04:42
2142,Andrzej Kaczor,andrzej.kaczor4870@yahoo.com,+482723250235,1979-01-12,PL,2026-04-05T04:54:14
2143,Karla Krämer,karla.kramer8016@gmail.com,+493890570543,1973-04-06,DE,2024-01-09T18:29:13
2144,Tristan Vidal,tristan.vidal1717@proton.me,+336802405637,1953-12-24,FR,2024-04-21T01:04:57
2145,Lotte Peters,lotte.peters3591@gmail.com,+497498245684,1948-09-08,DE,2022-09-03T12:47:01
2146,Oscar Nichols,oscar.nichols8121@hotmail.com,+12681891599,1984-03-03,US,2022-03-05T14:08:37
2147,Giovana Martins,giovana.martins2975@icloud.com,+553744141910,1967-07-18,BR,2024-08-17T08:01:13
2148,Hatun Şimşek,hatun.simsek1835@hotmail.com,+905926446477,1954-02-24,TR,2021-12-01T14:34:21
2149,Maurizio Castaldo,maurizio.castaldo2110@yahoo.com,+391568617390,1972-05-21,IT,2024-05-30T07:33:52
2150,Emmett Chapman,emmett.chapman1630@proton.me,+14006448767,1963-07-01,US,2025-08-30T23:50:43
2151,Federica Genovese,federica.genovese6589@gmail.com,+397606594357,2000-02-24,IT,2024-10-23T18:37:43
2152,Eduarda Cruz,eduarda.cruz3111@yahoo.com,+3511580722892,1956-11-01,PT,2026-01-22T10:42:16
2153,Harrison Ortiz,harrison.ortiz6145@proton.me,+18058836590,1993-02-25,US,2024-05-28T13:28:12
2154,Lin Qiu,lin.qiu6330@outlook.com,+861415188898,2006-04-28,CN,2022-07-12T06:00:06
2155,Simon Hoffmann,simon.hoffmann4419@proton.me,+499604504472,1983-10-28,DE,2022-08-14T13:30:02
2156,Salma Chávez,salma.chavez9589@hotmail.com,+521788287696,1963-06-07,MX,2025-12-12T07:02:56
2157,Vaibhav Mehta,vaibhav.mehta489@outlook.com,+915236652383,1967-02-01,IN,2022-03-12T07:54:28
2158,Christopher Murray,christopher.murray8287@icloud.com,+14827461316,1998-06-05,US,2025-12-25T03:34:21
2159,Laura Ramos,laura.ramos919@outlook.com,+3511670955580,2002-07-16,PT,2021-05-22T06:59:57
2160,John Parker,john.parker7726@icloud.com,+16901862026,1950-01-22,US,2022-03-15T00:42:42
2161,Lotte Arnold,lotte.arnold9217@outlook.com,+498041083571,1965-08-06,DE,2025-09-22T06:44:04
2162,Sérgio Freitas,sergio.freitas2304@yahoo.com,+558430426376,1955-04-04,BR,2022-01-28T13:02:05
2163,Gaia Benedetto,gaia.benedetto8843@icloud.com,+391106451920,1988-10-29,IT,2025-10-19T19:27:56
2164,Marion Muller,marion.muller304@icloud.com,+339337333098,1962-12-31,FR,2025-04-02T09:18:41
2165,Sara Al Midfa,sara.almidfa1353@icloud.com,+9717880493579,2002-12-27,AE,2022-11-13T08:32:42
2166,Leandro Ferrer,leandro.ferrer8561@hotmail.com,+341538091621,2001-03-26,ES,2026-03-18T05:27:07
2167,Sung-hoon Ji,sunghoon.ji6562@icloud.com,+827337262160,2003-06-09,KR,2023-06-02T05:40:17
2168,Noah Hahn,noah.hahn3418@proton.me,+495118977332,1977-12-29,DE,2022-11-21T20:48:47
2169,Rabia Köylü,rabia.koylu1446@hotmail.com,+905987118222,1999-06-01,TR,2023-02-14T13:10:40
2170,Rosario Morales,rosario.morales1654@proton.me,+522310590952,1973-11-12,MX,2023-09-26T22:32:51
2171,Jun Yoshikawa,jun.yoshikawa3940@gmail.com,+812780091442,2000-11-02,JP,2021-05-22T12:20:33
2172,Caleb Martin,caleb.martin4520@outlook.com,+13094524641,1957-12-03,CA,2021-06-26T21:55:51
2173,Terezinha Guimarães,terezinha.guimaraes640@yahoo.com,+555056214743,2001-04-10,BR,2022-09-17T18:28:51
2174,Nelson Ferreira,nelson.ferreira328@outlook.com,+559195260814,1961-01-30,BR,2022-02-07T12:22:43
2175,Madoka Ogata,madoka.ogata1912@yahoo.com,+816329666593,1950-12-18,JP,2026-05-12T21:37:39
2176,Hazel Clark,hazel.clark9389@gmail.com,+12582735144,1972-12-25,US,2021-10-25T00:56:02
2177,Hayley Dunn,hayley.dunn7051@gmail.com,+448454462358,1975-11-23,GB,2021-10-17T21:17:41
2178,Kaiden Shaw,kaiden.shaw7637@gmail.com,+19969248625,1985-03-26,US,2024-07-17T16:16:20
2179,Rebeca Nieto,rebeca.nieto3844@outlook.com,+528159986535,1982-07-05,MX,2021-10-19T01:34:46
2180,Yvonne Frank,yvonne.frank7722@icloud.com,+495677383585,2004-04-20,DE,2021-07-05T16:25:22
2181,Diana van den Broek,diana.vandenbroek1362@outlook.com,+314022238319,1960-08-20,NL,2023-10-29T14:39:40
2182,Guilan Lei,guilan.lei8670@outlook.com,+864017833863,1982-07-04,CN,2022-07-16T07:46:05
2183,Colin Steele,colin.steele3678@hotmail.com,+18059385750,1967-06-06,CA,2021-05-24T04:48:04
2184,Emil Søndergaard,emil.sndergaard1522@yahoo.com,+456345976629,1951-04-11,DK,2022-03-17T21:44:20
2185,Nikita Pai,nikita.pai5870@proton.me,+914929093041,1961-12-12,IN,2025-05-29T06:03:25
2186,Gaurav Subramaniam,gaurav.subramaniam6846@icloud.com,+912927109663,1953-09-15,IN,2024-06-11T22:13:00
2187,Osvaldo Acosta,osvaldo.acosta9069@hotmail.com,+528213245471,1946-08-18,MX,2021-08-07T23:39:13
2188,Knox Bryant,knox.bryant2996@yahoo.com,+612094761774,2003-04-17,AU,2025-07-16T06:39:41
2189,Luz Gutiérrez,luz.gutierrez6593@yahoo.com,+349719775866,1978-10-30,ES,2021-07-06T07:32:59
2190,Michelle Alvarado,michelle.alvarado8337@icloud.com,+11640006245,1959-11-08,US,2023-04-01T18:15:29
2191,Emma West,emma.west6326@hotmail.com,+444230373654,1994-11-12,GB,2025-01-31T19:07:16
2192,Sofia Figueroa,sofia.figueroa8004@gmail.com,+15453169398,2007-07-29,US,2023-09-16T05:16:17
2193,Helmut Schuster,helmut.schuster175@icloud.com,+495073547824,1971-10-02,DE,2025-09-25T18:49:33
2194,Salwa Al Marri,salwa.almarri7243@yahoo.com,+9716854320506,1964-09-24,AE,2021-12-13T17:17:42
2195,Jerome Edwards,jerome.edwards3460@gmail.com,+19801019999,1957-10-18,CA,2024-07-30T17:01:50
2196,Anders Malmström,anders.malmstrom2105@yahoo.com,+468114660936,1960-12-26,SE,2023-11-16T01:11:22
2197,Layla Allen,layla.allen1594@yahoo.com,+17233827761,1968-06-26,US,2021-08-09T00:10:37
2198,Janet Riley,janet.riley6535@outlook.com,+12184596152,1952-03-31,US,2024-03-03T09:07:40
2199,Raveena Kaul,raveena.kaul8333@gmail.com,+913201273727,1975-08-19,IN,2023-09-28T02:21:38
2200,Austin Miller,austin.miller1368@hotmail.com,+612378379866,2005-12-29,AU,2022-07-11T23:28:05
2201,Elliot Morton,elliot.morton4512@proton.me,+17470375040,1978-08-28,CA,2024-09-26T07:40:54
2202,Willem Naidoo,willem.naidoo5509@proton.me,+277145126875,1972-11-12,ZA,2025-07-17T02:16:05
2203,Julie Leroy,julie.leroy683@proton.me,+337078437183,1988-02-26,FR,2024-02-27T13:02:55
2204,Nandi Zwane,nandi.zwane9407@gmail.com,+277044319406,2001-05-29,ZA,2022-02-24T16:02:16
2205,Jill Williams,jill.williams9338@outlook.com,+18926232873,1993-10-30,US,2024-03-02T04:05:55
2206,Elke Schmidt,elke.schmidt1104@yahoo.com,+497171827621,1999-06-26,DE,2025-08-18T21:17:25
2207,Elise Blanc,elise.blanc7966@proton.me,+324894512033,1982-10-20,BE,2024-11-09T23:53:43
2208,Benjamin Allen,benjamin.allen6367@icloud.com,+15427660473,1999-10-08,CA,2025-08-08T02:32:32
2209,Preston Kennedy,preston.kennedy4752@outlook.com,+17473032010,1988-09-16,US,2023-04-11T10:27:19
2210,Ezra Davis,ezra.davis4170@icloud.com,+612365000602,1969-01-06,AU,2024-06-18T03:58:31
2211,Damian White,damian.white7639@icloud.com,+16026471003,1959-04-24,US,2022-06-20T07:13:02
2212,Dawn Gutierrez,dawn.gutierrez9431@hotmail.com,+19917550708,2003-07-02,US,2021-06-12T04:03:56
2213,Kefiloe De Villiers,kefiloe.devilliers2945@hotmail.com,+276495445674,1965-11-13,ZA,2026-01-06T02:20:27
2214,Benício Costa,benicio.costa8186@gmail.com,+553417466216,2005-07-11,BR,2026-01-10T15:50:59
2215,Harry Kennedy,harry.kennedy7626@outlook.com,+444142599706,1955-10-18,GB,2025-07-25T08:59:38
2216,Gerd Ågren,gerd.agren5092@hotmail.com,+464520991170,1947-02-01,SE,2021-07-30T14:52:07
2217,Billy Delgado,billy.delgado2518@icloud.com,+13468381970,1964-02-29,US,2023-05-12T13:53:13
2218,Mahmut Kahraman,mahmut.kahraman2911@gmail.com,+901609510321,1968-05-02,TR,2021-06-27T04:31:32
2219,Nicolò Battaglia,nicolo.battaglia897@outlook.com,+395011064725,1960-02-06,IT,2026-03-29T16:18:24
2220,Sophia Boyd,sophia.boyd8626@icloud.com,+448309150414,2007-08-31,GB,2022-10-10T03:32:23
2221,Clémence Fabre,clemence.fabre7528@icloud.com,+333484906968,1950-02-27,FR,2022-04-12T14:26:36
2222,Lebohang December,lebohang.december1504@gmail.com,+272427023326,1960-01-26,ZA,2023-06-17T11:30:01
2223,Chiara Mazza,chiara.mazza7651@gmail.com,+395227551854,2002-03-09,IT,2023-01-07T07:19:59
2224,Lincoln Walker,lincoln.walker651@icloud.com,+612630667739,1946-09-03,AU,2024-10-05T19:17:38
2225,Jack McLaughlin,jack.mclaughlin8349@yahoo.com,+14163148183,1995-12-11,CA,2023-12-30T14:07:09
2226,Kenneth Baker,kenneth.baker7836@hotmail.com,+14158967794,1955-03-18,CA,2025-07-04T00:20:28
2227,Brittany Campbell,brittany.campbell2091@hotmail.com,+18319759477,1961-12-07,US,2025-05-02T08:01:34
2228,Lilja Leppä,lilja.leppa101@outlook.com,+3585843555771,1961-05-05,FI,2022-08-04T12:45:18
2229,Matilda Brandt,matilda.brandt4906@proton.me,+467278568479,1957-08-15,SE,2025-01-06T05:03:10
2230,Jean Rodriguez,jean.rodriguez8893@gmail.com,+331436051465,1998-08-18,FR,2023-06-14T09:26:11
2231,George Hudson,george.hudson1784@icloud.com,+615134290960,1984-12-02,AU,2023-10-21T16:39:07
2232,An Vanderstraeten,an.vanderstraeten3579@icloud.com,+327481192530,1975-10-07,BE,2023-03-14T23:44:22
2233,Hendrik Richard,hendrik.richard5403@icloud.com,+329263103442,1946-07-20,BE,2026-04-13T02:43:04
2234,Licínio Amaral,licinio.amaral5185@gmail.com,+3518487743566,1951-09-01,PT,2023-08-10T10:11:13
2235,Raphaël Legrand,raphael.legrand257@icloud.com,+334178536536,1972-03-28,FR,2026-04-03T15:39:28
2236,Brooklyn Ramirez,brooklyn.ramirez1256@icloud.com,+15128043213,1983-01-14,US,2024-11-15T16:58:30
2237,Hao Ming Ong,haoming.ong2890@yahoo.com,+651690796506,1953-12-23,SG,2022-08-09T13:11:17
2238,Gianna Willis,gianna.willis1124@icloud.com,+13681849415,1979-03-14,US,2022-05-27T05:23:49
2239,Stéphane Klein,stephane.klein173@hotmail.com,+334030418048,1989-09-28,FR,2024-04-20T01:19:18
2240,David Richter,david.richter1885@hotmail.com,+493836367318,1980-07-06,DE,2022-12-21T21:18:07
2241,Hana Al Wahedi,hana.alwahedi4916@yahoo.com,+9712257462200,1979-11-20,AE,2025-05-18T16:22:37
2242,Juliette Gerard,juliette.gerard3798@outlook.com,+335077393848,1951-03-19,FR,2022-07-28T13:07:22
2243,Sevgi Çelik,sevgi.celik6197@gmail.com,+903715201166,1973-04-29,TR,2024-07-06T04:48:45
2244,Jayden Robinson,jayden.robinson3395@yahoo.com,+18919719142,2000-02-14,US,2021-06-11T05:00:24
2245,Christine Perkins,christine.perkins9717@gmail.com,+17585653023,1994-09-17,US,2025-11-06T10:16:52
2246,Jade Faure,jade.faure6176@icloud.com,+339232891154,2001-09-23,FR,2025-07-14T06:42:19
2247,Karthik Choudhury,karthik.choudhury8010@yahoo.com,+911949638795,1977-08-21,IN,2022-05-28T13:19:43
2248,Shannon Reynolds,shannon.reynolds8543@hotmail.com,+11705601625,1964-04-03,US,2025-04-09T08:55:45
2249,Michèle David,michele.david4164@hotmail.com,+332930631486,1979-06-03,FR,2021-06-08T22:56:22
2250,Kazuki Saito,kazuki.saito843@proton.me,+811707098111,1969-04-19,JP,2022-02-07T06:26:26
2251,Meifang Foo,meifang.foo101@gmail.com,+658056498340,1952-01-07,SG,2026-02-15T18:43:07
2252,Elias Moser,elias.moser3451@gmail.com,+438170051995,2007-12-17,AT,2025-06-09T23:05:39
2253,Héctor Ibáñez,hector.ibanez70@hotmail.com,+345068676069,2002-03-13,ES,2023-08-09T13:26:21
2254,Borys Koval,borys.koval6085@icloud.com,+3801253067087,1967-04-28,UA,2026-01-08T01:30:32
2255,Jonathan Eliasson,jonathan.eliasson9475@icloud.com,+465226625373,1982-10-01,SE,2026-01-05T12:12:59
2256,Luna Patterson,luna.patterson7183@gmail.com,+617277369671,1991-11-26,AU,2021-10-14T12:36:57
2257,Silas Chambers,silas.chambers7950@icloud.com,+12589536792,1987-01-17,US,2023-02-17T15:49:18
2258,Bruno Fontana,bruno.fontana1779@icloud.com,+393672790933,1970-02-06,IT,2025-03-25T07:37:06
2259,Mohammed Al Marzouqi,mohammed.almarzouqi8315@icloud.com,+9717841866612,1947-06-06,AE,2022-10-02T05:44:21
2260,Lola Garnier,lola.garnier8485@icloud.com,+337147567581,1979-03-02,FR,2023-02-18T16:56:34
2261,Liz Hendriks,liz.hendriks8586@hotmail.com,+314042563335,2005-07-17,NL,2021-08-06T14:29:53
2262,Jessica Kühn,jessica.kuhn8891@hotmail.com,+494422894271,1996-02-13,DE,2022-12-08T13:11:47
2263,Abigail Soto,abigail.soto6246@proton.me,+11476978575,1958-05-11,US,2023-06-02T20:21:54
2264,Regina Domínguez,regina.dominguez6214@outlook.com,+527890658121,1988-06-10,MX,2025-06-07T13:54:45
2265,Maverick Anderson,maverick.anderson3093@outlook.com,+16918245634,1953-04-14,US,2024-09-25T20:16:24
2266,Uday Mishra,uday.mishra6696@icloud.com,+914875501054,1969-03-20,IN,2025-07-26T20:15:12
2267,Camille Guerin,camille.guerin8792@icloud.com,+336444586932,1999-06-01,FR,2021-08-12T00:01:38
2268,Jacob Backman,jacob.backman9308@outlook.com,+469600009598,2004-07-18,SE,2021-08-12T06:35:35
2269,Fatima Al Balushi,fatima.albalushi8599@icloud.com,+9711722024014,1962-11-03,AE,2022-05-10T18:05:16
2270,Zachary Ismail,zachary.ismail465@hotmail.com,+659592923120,1999-10-15,SG,2025-04-01T11:38:28
2271,Timothy Lavoie,timothy.lavoie7870@proton.me,+14472427941,1990-09-29,CA,2023-02-19T05:33:16
2272,Madeline Bryan,madeline.bryan9656@icloud.com,+15151527270,1947-11-15,CA,2025-12-02T17:20:14
2273,Adrian Greene,adrian.greene6256@proton.me,+19056792415,2000-07-06,US,2025-12-14T20:53:20
2274,Arlo Lynch,arlo.lynch351@icloud.com,+612067671700,1972-04-06,AU,2025-03-03T02:15:18
2275,Sylvie Gautier,sylvie.gautier9243@outlook.com,+335273318273,1971-10-11,FR,2024-08-02T08:54:41
2276,Isabelle Gray,isabelle.gray4454@icloud.com,+14594145987,1958-05-07,CA,2025-01-25T08:39:08
2277,Horst Schulz,horst.schulz93@outlook.com,+496623886809,1956-08-09,DE,2026-02-19T23:54:22
2278,Raphaël Oliver,raphael.oliver6397@hotmail.com,+18967972856,1981-10-08,CA,2023-05-06T20:11:47
2279,Didier Maillard,didier.maillard6151@proton.me,+335948996874,2000-12-25,FR,2025-04-20T02:56:50
2280,Noelia Sanz,noelia.sanz1043@outlook.com,+341068219308,1968-11-02,ES,2022-09-24T07:03:11
2281,Gavin Walker,gavin.walker9063@gmail.com,+18178826882,1966-12-26,US,2023-03-15T17:57:26
2282,Cassie Stewart,cassie.stewart3088@outlook.com,+19687889618,1952-08-16,US,2022-08-06T02:25:49
2283,Jan Martens,jan.martens3038@yahoo.com,+313664536131,2005-03-25,NL,2024-09-17T21:18:29
2284,Christine Lane,christine.lane1774@icloud.com,+444307368257,1999-09-19,GB,2021-12-16T20:12:26
2285,Sara Méndez,sara.mendez6093@yahoo.com,+349297163705,1970-10-14,ES,2024-04-12T16:35:47
2286,José Jiménez,jose.jimenez1921@icloud.com,+345913218921,1972-09-13,ES,2023-06-12T21:47:22
2287,Laura Hughes,laura.hughes9014@icloud.com,+442398353228,1970-02-26,GB,2024-10-14T18:47:47
2288,Lara Cox,lara.cox3349@proton.me,+617635606098,1997-03-26,AU,2023-09-25T11:27:37
2289,Joshua Little,joshua.little1682@hotmail.com,+447987892277,1981-04-30,GB,2025-05-16T05:43:45
2290,Alicia Velasco,alicia.velasco2569@proton.me,+344958817895,1952-10-28,ES,2025-03-13T11:55:37
2291,Felisberto Figueiredo,felisberto.figueiredo2410@icloud.com,+557006154117,1985-10-05,BR,2023-03-03T10:37:12
2292,Oleksandra Makarenko,oleksandra.makarenko5154@outlook.com,+3809945236466,1947-02-05,UA,2025-12-22T03:01:47
2293,Aino-Maija Toivonen,ainomaija.toivonen4608@hotmail.com,+3586185489489,1963-01-22,FI,2021-10-01T01:30:52
2294,Violet Lewis,violet.lewis780@icloud.com,+447634561943,1947-10-20,GB,2025-09-15T04:33:56
2295,Niilo Koivisto,niilo.koivisto9411@gmail.com,+3585774324212,1966-11-13,FI,2025-05-05T20:18:38
2296,Jonathan Johnston,jonathan.johnston5476@proton.me,+449759749759,1984-07-16,GB,2026-03-08T14:54:35
2297,Donald Carr,donald.carr1628@yahoo.com,+442977155063,1960-04-08,GB,2024-05-19T11:59:03
2298,Valter Anderberg,valter.anderberg7314@yahoo.com,+467061753813,2000-03-09,SE,2025-04-04T00:16:17
2299,Victoria Mora,victoria.mora659@yahoo.com,+341155538503,1989-08-12,ES,2021-07-17T18:06:43
2300,Irene Ferretti,irene.ferretti9257@yahoo.com,+393794752141,2002-04-01,IT,2024-09-16T22:13:07
2301,Ai Yao,ai.yao5094@yahoo.com,+863186237890,1948-08-29,CN,2023-10-07T17:39:34
2302,Jan Lundkvist,jan.lundkvist2559@hotmail.com,+469983707410,1983-04-17,SE,2025-10-18T03:36:46
2303,Émilienne Simon,emilienne.simon5116@hotmail.com,+339438063136,2000-03-12,FR,2022-03-05T09:02:28
2304,Aurora Sanna,aurora.sanna5893@outlook.com,+396623440052,1995-05-03,IT,2025-06-26T22:14:15
2305,Corrado Pacifico,corrado.pacifico697@outlook.com,+392399800958,1953-01-01,IT,2024-12-30T22:42:04
2306,Charity Gabriel,charity.gabriel36@yahoo.com,+273510847813,1950-05-23,ZA,2025-11-24T22:15:12
2307,Greta Ziegler,greta.ziegler5241@outlook.com,+492472973015,2001-07-24,DE,2023-05-02T18:05:34
2308,Anna De Luca,anna.deluca1271@yahoo.com,+399818798869,1948-11-06,IT,2025-10-01T20:03:00
2309,Josefa Gallego,josefa.gallego984@hotmail.com,+348857322593,1993-05-19,ES,2022-10-16T20:33:04
2310,Gregory Sun,gregory.sun3769@proton.me,+656719303400,1978-03-23,SG,2021-05-20T22:40:52
2311,Qing Duan,qing.duan6195@gmail.com,+869568260340,1979-03-01,CN,2022-10-22T01:18:00
2312,Ligia Schulz,ligia.schulz2664@gmail.com,+551316183828,1949-09-25,BR,2021-10-23T20:28:40
2313,Cuiying Zhang,cuiying.zhang5760@hotmail.com,+657916874390,1997-12-25,SG,2022-04-18T18:25:45
2314,Adalet Keskinoğlu,adalet.keskinoglu3288@yahoo.com,+906187051543,1995-11-21,TR,2022-04-25T13:19:14
2315,Salvador Esteban,salvador.esteban8651@gmail.com,+344046723126,2003-04-06,ES,2022-12-26T07:39:23
2316,Virginia Alexander,virginia.alexander465@outlook.com,+18314181963,1960-12-16,US,2025-12-08T08:49:15
2317,Vincent Wright,vincent.wright406@yahoo.com,+613162342398,1981-05-06,AU,2025-07-12T23:50:21
2318,Harry Thomas,harry.thomas1875@icloud.com,+614732258690,1989-11-14,AU,2025-10-24T18:27:37
2319,Augusto Borges,augusto.borges1696@outlook.com,+3511475230609,1981-03-20,PT,2024-01-24T01:36:51
2320,Douglas Macedo,douglas.macedo9136@outlook.com,+552369698569,1961-09-05,BR,2023-10-27T00:22:14
2321,Felix Williamson,felix.williamson8512@gmail.com,+449569356047,1964-11-01,GB,2024-07-08T13:59:49
2322,Christian Lucas,christian.lucas380@yahoo.com,+331332351830,1985-11-21,FR,2024-11-06T04:13:41
2323,Shinichi Takeuchi,shinichi.takeuchi4879@icloud.com,+817280786955,1958-09-08,JP,2024-02-13T18:43:14
2324,Niklas Horn,niklas.horn2410@icloud.com,+492827810346,1956-08-01,DE,2023-05-12T11:19:22
2325,Owen Valdez,owen.valdez6539@gmail.com,+18659290301,1970-01-15,US,2025-06-05T21:06:06
2326,Aubrey Silva,aubrey.silva7735@icloud.com,+18982589454,1998-08-19,CA,2025-08-23T00:07:55
2327,Samuele Conte,samuele.conte5141@gmail.com,+397368009211,1952-06-07,IT,2022-12-02T22:40:04
2328,Victor Harris,victor.harris2107@gmail.com,+13438677671,1949-03-28,US,2025-04-21T18:18:11
2329,Luca Wagner,luca.wagner8312@yahoo.com,+495182590821,1949-09-12,DE,2023-06-29T12:25:35
2330,Violette Mathieu,violette.mathieu1494@proton.me,+332903726416,1954-05-31,FR,2023-02-26T18:21:50
2331,Bipasha Hussain,bipasha.hussain3521@hotmail.com,+918691477477,2006-10-27,IN,2022-09-25T03:11:26
2332,Ruairí Shea,ruairi.shea5393@yahoo.com,+3534660955556,1946-10-19,IE,2021-08-17T22:25:03
2333,Anil Dubey,anil.dubey3626@outlook.com,+914469554893,1989-03-01,IN,2026-03-12T21:10:48
2334,Alberto Campos,alberto.campos6944@gmail.com,+521540197110,1986-06-12,MX,2022-06-26T14:11:56
2335,Matilde Giuliani,matilde.giuliani8520@hotmail.com,+394344447115,1970-05-03,IT,2024-10-29T16:25:16
2336,Kenichiro Tsuchiya,kenichiro.tsuchiya6096@proton.me,+817640061193,1956-05-23,JP,2021-12-28T05:32:19
2337,Radosław Wróblewski,radosaw.wroblewski7444@hotmail.com,+483066545969,1991-05-21,PL,2022-11-29T18:28:42
2338,Lu Cai,lu.cai3565@icloud.com,+866423965905,1998-10-15,CN,2025-12-05T10:06:27
2339,Elena Russell,elena.russell4035@proton.me,+11381225100,1964-03-12,CA,2023-11-16T21:29:48
2340,Lisa Ali,lisa.ali8214@outlook.com,+912648822303,1973-04-06,IN,2022-04-14T10:31:00
2341,Brooke Salazar,brooke.salazar4865@hotmail.com,+17903075943,1969-10-05,US,2024-02-01T01:30:48
2342,Lisa Simpson,lisa.simpson4366@hotmail.com,+447909383763,1958-03-24,GB,2021-12-27T13:07:36
2343,Grazia Palumbo,grazia.palumbo5712@hotmail.com,+399970859431,1955-02-26,IT,2024-02-03T09:43:08
2344,Gitanjali Bhandary,gitanjali.bhandary6484@proton.me,+916632093314,1998-01-07,IN,2024-07-30T05:14:52
2345,Thomas Crawford,thomas.crawford190@gmail.com,+13186961277,1980-10-15,US,2021-07-29T17:43:09
2346,Chase Foster,chase.foster602@hotmail.com,+13105442590,1990-05-18,US,2024-09-01T07:24:59
2347,Grete Stubhaug,grete.stubhaug3211@yahoo.com,+472844826729,1984-05-26,NO,2024-10-18T15:41:21
2348,Annie Ryan,annie.ryan3683@gmail.com,+17709237939,1970-06-17,US,2023-12-11T19:25:29
2349,Katie Lewis,katie.lewis7146@proton.me,+13776942420,1966-10-09,US,2023-01-01T20:12:21
2350,Inès Reynaud,ines.reynaud8496@outlook.com,+334537252111,1965-07-17,FR,2021-10-31T20:29:07
2351,Kinga Kucharski,kinga.kucharski6021@proton.me,+485976914778,1969-10-03,PL,2025-02-09T08:57:14
2352,Felisa Montero,felisa.montero1269@yahoo.com,+349315429918,1971-07-13,ES,2021-06-03T08:25:48
2353,Cameron Nichols,cameron.nichols3411@outlook.com,+443430069757,1968-06-24,GB,2023-07-04T15:31:36
2354,Cassandra Warren,cassandra.warren7847@outlook.com,+13349277842,1997-12-06,US,2021-06-12T18:48:27
2355,Cemil Kılıçarslan,cemil.klcarslan7195@icloud.com,+907420068661,1949-01-16,TR,2025-07-24T13:16:32
2356,Antonio Blanco,antonio.blanco1195@hotmail.com,+343392789119,2004-12-19,ES,2025-10-13T11:31:28
2357,Wilhelmina Meier,wilhelmina.meier4935@yahoo.com,+495441471626,1954-11-22,DE,2024-10-14T10:54:03
2358,Jace Schmidt,jace.schmidt2012@proton.me,+11802142148,1968-01-06,US,2022-02-24T11:54:21
2359,Alma Voigt,alma.voigt3159@outlook.com,+498658905295,1973-03-07,DE,2025-08-18T21:09:08
2360,Peter Roberts,peter.roberts8786@icloud.com,+18734114179,1966-05-22,US,2026-01-29T15:55:50
2361,Elena Tran,elena.tran464@icloud.com,+19889211597,1976-05-01,US,2023-08-02T10:39:13
2362,Elise Wyler,elise.wyler1760@icloud.com,+413455983411,1955-08-25,CH,2025-05-11T07:28:14
2363,Kathleen Boyd,kathleen.boyd8221@outlook.com,+19199999507,1980-07-01,US,2022-05-14T05:43:47
2364,Maëlle Poirier,maelle.poirier4163@icloud.com,+339531123653,1967-12-11,FR,2024-07-31T09:15:46
2365,Archie Holmes,archie.holmes9609@outlook.com,+449049929806,1996-10-06,GB,2024-07-08T09:08:08
2366,Rogerio Godoy,rogerio.godoy386@proton.me,+555154719902,1960-04-15,BR,2025-12-04T21:11:26
2367,Rupali Kohli,rupali.kohli2732@yahoo.com,+918626116979,1998-09-25,IN,2023-03-21T16:14:52
2368,Adrian Gray,adrian.gray3325@outlook.com,+449325207540,2006-06-20,GB,2023-11-15T03:05:57
2369,Radhika Wani,radhika.wani7409@yahoo.com,+912583017774,1961-04-05,IN,2025-07-16T14:42:21
2370,Yusuf Al Falasi,yusuf.alfalasi3485@outlook.com,+9715004959483,2008-05-01,AE,2023-02-24T01:27:41
2371,Kerstin Sommer,kerstin.sommer1693@yahoo.com,+497502881103,1985-11-09,DE,2025-02-28T03:09:50
2372,Cecil Owen,cecil.owen6715@yahoo.com,+444686082169,1981-05-02,GB,2026-04-07T18:36:28
2373,Gladys Hunter,gladys.hunter4127@proton.me,+19583258281,1994-03-12,US,2022-11-16T18:49:33
2374,David Bradley,david.bradley7504@yahoo.com,+444016421139,1955-06-02,GB,2024-09-21T03:08:48
2375,Sebastian Gilbert,sebastian.gilbert3953@yahoo.com,+12028723363,1987-05-30,US,2024-06-18T23:03:55
2376,Aitana Hidalgo,aitana.hidalgo8242@icloud.com,+346099985027,1969-02-04,ES,2024-07-09T02:57:01
2377,Myron Semenov,myron.semenov4989@gmail.com,+3809956597975,1951-02-15,UA,2023-03-22T21:21:26
2378,Marcos Pires,marcos.pires9179@yahoo.com,+557043144111,1949-06-13,BR,2022-03-12T00:49:09
2379,Sydney Chen,sydney.chen371@outlook.com,+11214510921,1959-07-15,US,2023-12-30T18:06:27
2380,Masahiko Endo,masahiko.endo4087@yahoo.com,+814797505416,1979-05-12,JP,2022-04-07T14:16:38
2381,James Duncan,james.duncan3075@hotmail.com,+12806842377,1968-02-09,US,2025-09-02T00:56:11
2382,Capucine Lauwers,capucine.lauwers6422@proton.me,+325592029207,1954-12-22,BE,2022-11-02T19:52:58
2383,Marc Giraud,marc.giraud5508@proton.me,+337693788186,1948-02-07,FR,2023-07-24T10:17:19
2384,Noël Lambert,noel.lambert5007@hotmail.com,+331345433103,1955-05-05,FR,2022-01-12T02:50:49
2385,Richard Schäfer,richard.schafer9581@hotmail.com,+497676670748,1968-08-07,DE,2024-04-14T11:38:07
2386,Mariola Szafrański,mariola.szafranski8060@gmail.com,+488887834415,1980-01-24,PL,2022-05-28T10:18:06
2387,Faith Torres,faith.torres9787@outlook.com,+17851855974,1959-10-19,US,2022-06-20T08:38:27
2388,Liam Pierce,liam.pierce7694@proton.me,+15415427147,1988-02-01,US,2025-12-01T11:18:03
2389,Eric Howard,eric.howard2008@outlook.com,+15946123862,1969-02-11,US,2024-01-31T10:36:40
2390,Yonela Radebe,yonela.radebe8623@hotmail.com,+275530802757,1948-12-17,ZA,2024-09-28T01:31:39
2391,Omphile De Klerk,omphile.deklerk8387@proton.me,+278621654347,1993-05-30,ZA,2023-03-23T20:51:05
2392,Reginald Thomas,reginald.thomas9327@outlook.com,+446532117450,1995-11-16,GB,2021-11-24T00:03:43
2393,Rosa Sampaio,rosa.sampaio9422@icloud.com,+557065198361,1954-11-24,BR,2022-08-18T23:33:55
2394,Scarlett Brown,scarlett.brown7694@gmail.com,+611140368267,1973-05-18,AU,2024-03-21T00:12:06
2395,Seraphina Newton,seraphina.newton9037@outlook.com,+446174022300,1979-03-04,GB,2024-06-20T02:24:22
2396,Maud de Jong,maud.dejong2@gmail.com,+311322592271,1992-10-16,NL,2024-05-27T13:14:24
2397,Daniela Muñoz,daniela.munoz3208@icloud.com,+529789094145,1990-03-09,MX,2022-01-29T17:26:24
2398,Roger Vazquez,roger.vazquez5297@yahoo.com,+12881242028,1980-04-14,US,2024-08-19T14:34:51
2399,Tate Payne,tate.payne4891@icloud.com,+612779152229,1962-06-11,AU,2022-02-10T17:51:45
2400,Arjen Kuipers,arjen.kuipers6011@hotmail.com,+319459566067,1991-04-29,NL,2024-05-16T02:34:59
2401,Inga Åberg,inga.aberg4874@hotmail.com,+3588673777133,1978-12-24,FI,2022-01-06T00:53:44
2402,Alba Iglesias,alba.iglesias3187@hotmail.com,+349567524117,1984-02-25,ES,2025-03-24T02:28:57
2403,Steffen Weiß,steffen.wei783@outlook.com,+497901930044,1952-11-08,DE,2021-06-17T17:02:46
2404,Lúcás O'Leary,lucas.oleary999@outlook.com,+3537829868550,1981-04-29,IE,2026-02-20T07:01:46
2405,Eloise Ryan,eloise.ryan332@icloud.com,+612310648010,1969-02-06,AU,2021-08-20T03:55:34
2406,Karel Vos,karel.vos9118@proton.me,+314935395490,2006-10-22,NL,2025-09-20T01:10:47
2407,Madelyn Griffin,madelyn.griffin6204@yahoo.com,+19794055974,1954-09-05,US,2024-09-24T10:17:20
2408,Safiye Beşer,safiye.beser5333@outlook.com,+901243467540,1954-10-29,TR,2023-12-18T19:53:34
2409,Reem Al Yafei,reem.alyafei9638@proton.me,+9718644430938,1979-07-29,AE,2024-11-10T05:12:42
2410,Gilles Perez,gilles.perez1596@gmail.com,+333149759670,1976-07-17,FR,2022-03-30T04:58:31
2411,Malak Al Nuaimi,malak.alnuaimi8098@hotmail.com,+9718146094763,1990-11-07,AE,2023-05-28T06:20:35
2412,Katrina Anantharaman,katrina.anantharaman6437@gmail.com,+913303873534,1951-03-31,IN,2026-01-26T03:58:19
2413,Allison Contreras,allison.contreras1342@outlook.com,+18191482898,1995-05-19,US,2024-12-18T04:29:54
2414,Bernadette Andre,bernadette.andre3398@proton.me,+335508882460,1961-05-04,FR,2023-04-04T06:44:36
2415,Ryo Kitamura,ryo.kitamura2799@hotmail.com,+817532572017,2002-09-11,JP,2021-09-10T13:06:28
2416,Dominique Rousseau,dominique.rousseau3728@gmail.com,+335207244577,1977-01-17,FR,2022-09-23T18:28:50
2417,Sigrid Schubert,sigrid.schubert3418@proton.me,+491297465211,1949-05-31,DE,2022-12-27T14:45:38
2418,Renata Russo,renata.russo4397@proton.me,+398458410397,1994-05-18,IT,2022-11-14T21:21:31
2419,Carolina Villarreal,carolina.villarreal827@gmail.com,+529849728617,1972-09-12,MX,2022-04-05T03:15:52
2420,Ricardo Cortés,ricardo.cortes8946@outlook.com,+523779311451,1970-12-06,MX,2021-10-24T18:34:56
2421,Reuben Price,reuben.price1033@yahoo.com,+616697754797,1979-09-06,AU,2024-07-27T14:15:00
2422,Ben Walsh,ben.walsh8602@gmail.com,+613007363110,1978-03-23,AU,2026-01-24T00:15:25
2423,Olivia Marques,olivia.marques9457@proton.me,+551066264523,2000-03-10,BR,2022-12-07T14:00:51
2424,Adalynn Wagner,adalynn.wagner2887@proton.me,+19060430196,1948-11-26,US,2025-04-26T11:06:41
2425,Jonathan Martin,jonathan.martin1229@outlook.com,+496756787062,1984-08-29,DE,2025-05-18T14:41:14
2426,Nadia Rosa,nadia.rosa8401@proton.me,+396397686665,1997-10-24,IT,2023-11-11T09:19:31
2427,Maximilian Unterhuber,maximilian.unterhuber6468@gmail.com,+431578927605,1968-07-22,AT,2023-10-14T22:26:13
2428,Luna Mohammed,luna.mohammed1516@yahoo.com,+467238249033,1963-10-04,SE,2022-07-10T10:28:58
2429,Petter Edvardsen,petter.edvardsen2784@yahoo.com,+474809889892,1982-02-17,NO,2023-07-27T06:38:50
2430,Sadhana Swamy,sadhana.swamy8612@icloud.com,+916143279413,1995-09-17,IN,2022-03-26T15:09:22
2431,Mette Amundsen,mette.amundsen3491@hotmail.com,+477624187725,1959-08-04,NO,2021-06-05T13:32:44
2432,Laurie Phillips,laurie.phillips1105@icloud.com,+13231645729,1965-11-14,US,2026-05-06T15:15:53
2433,Russell Austin,russell.austin3831@gmail.com,+18320343774,1969-11-30,US,2024-09-08T23:46:13
2434,André Dekker,andre.dekker1095@gmail.com,+314883825190,1979-02-22,NL,2025-03-02T18:05:25
2435,Pentti Mäkinen,pentti.makinen6750@yahoo.com,+3581045125055,1977-01-31,FI,2024-09-22T16:32:43
2436,Lieve Garcia,lieve.garcia9813@outlook.com,+324961399667,2006-11-19,BE,2025-11-29T00:34:25
2437,Caroline Koch,caroline.koch4926@outlook.com,+459682014843,1966-02-21,DK,2024-01-14T19:27:58
2438,Serhiy Ovcharenko,serhiy.ovcharenko7477@proton.me,+3809945056470,1964-01-12,UA,2025-06-11T18:08:50
2439,Charlotte Lévesque,charlotte.levesque7412@outlook.com,+19643973129,1978-02-21,CA,2025-01-27T19:58:47
2440,Melissa Jensen,melissa.jensen9010@outlook.com,+15977725696,1986-06-30,US,2023-04-22T08:14:56
2441,Sofia Petrenko,sofia.petrenko6434@hotmail.com,+3802955517503,1970-11-16,UA,2022-11-20T01:23:33
2442,Maxim Verstraete,maxim.verstraete1794@yahoo.com,+327982259511,1947-08-02,BE,2023-11-17T06:10:06
2443,Primrose Cook,primrose.cook7228@proton.me,+444065218635,1983-04-10,GB,2025-06-10T04:29:25
2444,Meiling Rodrigues,meiling.rodrigues6089@hotmail.com,+657044430591,1967-05-21,SG,2023-07-01T16:41:34
2445,Pietro Rubino,pietro.rubino4682@outlook.com,+399782047038,1960-08-19,IT,2023-02-18T23:03:16
2446,Jennifer Baumann,jennifer.baumann1500@outlook.com,+496812787410,1955-04-22,DE,2021-09-22T13:48:27
2447,Raymond Goodwin,raymond.goodwin5401@proton.me,+447456538819,1993-06-27,GB,2024-08-01T07:49:48
2448,Donato Capelli,donato.capelli2697@gmail.com,+399792701964,1986-10-06,IT,2024-05-26T09:25:08
2449,Siyuan Lu,siyuan.lu894@icloud.com,+869732572530,1955-11-09,CN,2023-08-22T12:33:13
2450,Gerda Evers,gerda.evers2325@yahoo.com,+313509572367,2006-04-21,NL,2023-05-30T10:04:32
2451,Valentino Petrelli,valentino.petrelli8996@gmail.com,+394354488717,1946-10-02,IT,2024-09-23T17:07:56
2452,Aziza Al Mutawa,aziza.almutawa2837@hotmail.com,+9714109850784,1946-10-25,AE,2026-05-07T18:42:22
2453,Usha Chaturvedi,usha.chaturvedi3134@proton.me,+916150394876,1975-10-07,IN,2024-01-29T03:42:10
2454,Éloise Joly,eloise.joly1307@icloud.com,+335856286437,1971-05-28,FR,2021-08-25T01:11:50
2455,Lukas Weber,lukas.weber8570@gmail.com,+499106142307,1966-07-16,DE,2024-10-02T15:53:24
2456,Ginette Girard,ginette.girard8892@gmail.com,+338156674998,1969-06-21,FR,2022-04-18T13:54:24
2457,Valentine Lemoine,valentine.lemoine9256@proton.me,+331482777325,1972-05-04,FR,2024-12-25T20:47:44
2458,Danielle Simpson,danielle.simpson1744@hotmail.com,+18668162553,1974-07-29,US,2022-05-11T05:21:03
2459,Bettina Schmitz,bettina.schmitz3902@outlook.com,+497307924639,2005-05-03,DE,2026-03-19T14:30:10
2460,Jumana Al Neyadi,jumana.alneyadi9482@gmail.com,+9711949588614,1950-07-29,AE,2023-12-05T21:13:25
2461,Doreen Knight,doreen.knight744@yahoo.com,+18323122168,1962-02-03,US,2022-02-01T20:07:38
2462,Lincoln French,lincoln.french5902@hotmail.com,+19054387661,2005-03-28,US,2024-11-27T03:11:53
2463,Romain Boyer,romain.boyer1641@hotmail.com,+333129764059,1957-05-07,FR,2022-08-29T01:13:22
2464,Kağan Karakaya,kagan.karakaya3500@outlook.com,+907487956401,2001-06-19,TR,2023-01-09T05:23:53
2465,Rosa Fernandez,rosa.fernandez3906@hotmail.com,+16170374732,2000-07-15,US,2026-01-22T08:09:26
2466,Uliana Miroshnychenko,uliana.miroshnychenko7826@outlook.com,+3807905738938,1950-02-11,UA,2022-08-13T13:11:28
2467,Emma Högberg,emma.hogberg7147@hotmail.com,+468810052967,1990-01-15,SE,2023-09-11T16:01:46
2468,Vrinda Goyal,vrinda.goyal5933@gmail.com,+914503197092,1989-08-11,IN,2023-05-03T07:44:25
2469,Zoe Peters,zoe.peters8944@hotmail.com,+449035060537,1949-10-24,GB,2022-12-15T00:48:39
2470,Lucy McDonald,lucy.mcdonald9472@outlook.com,+442627513929,1949-04-10,GB,2023-08-25T18:09:38
2471,Kgotso De Wet,kgotso.dewet2977@yahoo.com,+276272772799,1991-11-19,ZA,2023-05-04T19:45:23
2472,Zeenat Anand,zeenat.anand5367@yahoo.com,+916694090731,1957-01-14,IN,2024-12-11T15:23:47
2473,Thérèse Rolland,therese.rolland6436@yahoo.com,+332364392196,1999-06-10,FR,2021-06-21T05:35:35
2474,Ellen Nord,ellen.nord377@yahoo.com,+466405197102,1954-06-16,SE,2024-07-26T14:58:45
2475,Alexander Wolff,alexander.wolff8744@hotmail.com,+499121659279,1963-03-08,DE,2021-06-25T01:14:13
2476,Josephine Hamilton,josephine.hamilton8198@yahoo.com,+13096858447,1967-12-16,US,2023-11-26T18:13:17
2477,Lídia Andrade,lidia.andrade5866@outlook.com,+3516743859421,1999-05-03,PT,2024-03-24T06:22:05
2478,Lukyan Pashchenko,lukyan.pashchenko7251@outlook.com,+3807301484532,1972-12-16,UA,2024-02-22T00:59:00
2479,Erika Lindberg,erika.lindberg6039@hotmail.com,+465340974836,1977-09-18,SE,2023-12-15T02:00:13
2480,Ángeles Cano,angeles.cano1417@yahoo.com,+345071187635,1970-10-17,ES,2025-07-19T10:24:53
2481,Julia Baranowski,julia.baranowski6617@yahoo.com,+487410361464,1993-04-02,PL,2025-04-15T12:18:59
2482,Stijn Groot,stijn.groot6489@gmail.com,+317335933515,1997-03-04,NL,2024-01-14T07:39:09
2483,Manuela Romero,manuela.romero2031@proton.me,+348702986552,1971-06-29,ES,2024-11-14T16:47:44
2484,Alfred Fleming,alfred.fleming4917@outlook.com,+445638742990,1979-04-03,GB,2024-03-22T04:18:15
2485,Annie Booth,annie.booth4932@proton.me,+448084915276,1990-06-16,GB,2024-06-29T05:44:18
2486,Gary Guerrero,gary.guerrero2424@yahoo.com,+15746481959,1960-01-11,US,2023-01-24T00:31:38
2487,Brittany Green,brittany.green4112@yahoo.com,+13542704956,2006-10-16,CA,2021-10-15T16:24:23
2488,Ludvig Michelsen,ludvig.michelsen1567@icloud.com,+477332617100,1992-09-16,NO,2021-08-30T16:44:14
2489,Mayara Nogueira,mayara.nogueira6999@hotmail.com,+559953941357,1974-07-14,BR,2021-09-04T00:14:20
2490,Maja Zimmermann,maja.zimmermann7904@hotmail.com,+499714562377,1978-05-11,DE,2022-07-02T19:44:01
2491,Kévin Francois,kevin.francois8283@outlook.com,+334894388303,1977-06-30,FR,2021-11-24T21:44:20
2492,Germano Silva,germano.silva8563@yahoo.com,+555413079262,1965-08-07,BR,2021-12-19T02:43:54
2493,Lucas Zimmermann,lucas.zimmermann2148@outlook.com,+555238510886,2003-05-14,BR,2024-05-07T13:49:10
2494,Ottilie Dietrich,ottilie.dietrich7279@icloud.com,+499294939046,1981-04-29,DE,2025-11-24T00:18:40
2495,Akiko Katayama,akiko.katayama1226@proton.me,+814158265242,2006-07-20,JP,2022-05-29T08:00:39
2496,Xiufen Shi,xiufen.shi9363@gmail.com,+865949779745,1991-03-19,CN,2023-10-19T13:32:40
2497,Sandro Sacco,sandro.sacco9935@gmail.com,+394610087669,1950-10-12,IT,2026-02-02T12:13:19
2498,Griffin Hayes,griffin.hayes7980@yahoo.com,+12782143873,1954-04-24,US,2023-01-26T12:03:12
2499,Elias Bodin,elias.bodin6249@yahoo.com,+468542268747,1956-04-01,SE,2021-06-10T01:44:01
2500,Paul Koch,paul.koch3048@yahoo.com,+498300825168,1976-10-28,DE,2025-03-22T23:29:44
2501,Wojciech Rutkowski,wojciech.rutkowski864@yahoo.com,+486084790526,1987-06-16,PL,2022-12-29T08:33:36
2502,Frida Ayala,frida.ayala7635@yahoo.com,+529412562909,1973-07-19,MX,2021-09-24T21:46:04
2503,Vittoria Villa,vittoria.villa3283@yahoo.com,+392992267443,1980-08-12,IT,2021-05-23T21:25:53
2504,Simón León,simon.leon3150@proton.me,+343643122573,1979-09-21,ES,2022-09-07T07:23:47
2505,Sakura Iwasaki,sakura.iwasaki29@hotmail.com,+812655969625,1993-05-22,JP,2025-12-21T18:16:49
2506,Vera Ortiz,vera.ortiz3342@icloud.com,+348162727815,1960-10-23,ES,2024-01-23T15:06:55
2507,Elisa Cabrera,elisa.cabrera5324@outlook.com,+523521448700,1970-08-20,MX,2022-03-31T09:21:51
2508,Kazuki Igarashi,kazuki.igarashi6528@gmail.com,+814914226917,1992-12-12,JP,2023-04-28T00:57:37
2509,Craig Stevens,craig.stevens3501@hotmail.com,+448777815382,2001-11-07,GB,2021-08-10T21:18:46
2510,Haechan Hong,haechan.hong8618@icloud.com,+826986940241,2004-12-21,KR,2023-10-31T16:00:03
2511,Guillermo Álvarez,guillermo.alvarez7826@yahoo.com,+344148819223,1976-04-23,ES,2026-02-05T13:44:49
2512,Jonas Cardoso,jonas.cardoso7604@proton.me,+557182693061,1993-05-08,BR,2023-06-02T12:19:57
2513,Joona Nyman,joona.nyman5733@yahoo.com,+3582508211064,2005-01-09,FI,2024-05-19T08:27:28
2514,Robert Palmer,robert.palmer3326@gmail.com,+616723943818,1966-04-19,AU,2024-10-03T20:59:15
2515,Rudolf Zakrzewski,rudolf.zakrzewski3519@icloud.com,+486610951394,1952-06-14,PL,2021-10-17T21:14:52
2516,Lodewijk van der Meer,lodewijk.vandermeer2339@yahoo.com,+315723193356,1988-04-30,NL,2022-04-21T21:05:13
2517,Luke Gonzalez,luke.gonzalez3037@yahoo.com,+16851656848,1968-01-15,US,2024-09-07T05:22:07
2518,Jesse Vliet,jesse.vliet5547@hotmail.com,+318319878350,1990-02-06,NL,2024-04-03T08:58:26
2519,Ludovica Ferrero,ludovica.ferrero8419@gmail.com,+397756853031,1952-04-26,IT,2025-02-18T23:26:19
2520,Finlay Hammond,finlay.hammond7459@proton.me,+446867192262,1998-07-10,GB,2026-02-14T07:24:28
2521,Robert Polak,robert.polak5454@yahoo.com,+488231608858,1972-09-16,PL,2025-06-08T14:32:22
2522,Marilena Manfredi,marilena.manfredi7946@gmail.com,+395710036555,1984-06-22,IT,2024-02-10T11:32:35
2523,Misaki Ishikawa,misaki.ishikawa3038@hotmail.com,+815205362305,1999-04-20,JP,2023-03-14T10:13:44
2524,Emma Winkler,emma.winkler913@hotmail.com,+491754933347,1968-01-31,DE,2021-08-31T22:57:31
2525,Simone Guillaume,simone.guillaume2491@proton.me,+332165921410,1982-10-28,FR,2025-08-08T21:27:58
2526,Paige Chapman,paige.chapman6934@outlook.com,+614314164023,1997-01-17,AU,2024-11-28T05:05:08
2527,Isak Nyström,isak.nystrom8554@icloud.com,+469114027764,2001-10-23,SE,2026-02-07T01:42:29
2528,Mia Marshall,mia.marshall9703@yahoo.com,+615715518957,2004-07-10,AU,2021-12-17T11:25:03
2529,Olga Piras,olga.piras6297@hotmail.com,+394279954720,1986-11-14,IT,2026-01-26T21:07:26
2530,Ryan Moore,ryan.moore4731@yahoo.com,+11776513560,1988-02-29,US,2024-10-04T07:52:36
2531,Leah Hamilton,leah.hamilton3225@icloud.com,+442859900328,1981-05-26,GB,2024-11-19T08:01:41
2532,Varvara Polishchuk,varvara.polishchuk3051@proton.me,+3807476746404,1991-06-07,UA,2022-08-31T01:59:35
2533,Nasir Kwong,nasir.kwong1053@hotmail.com,+658813428790,2005-11-02,SG,2021-08-30T02:58:35
2534,Herman Bos,herman.bos9383@proton.me,+315666159076,1954-08-13,NL,2022-08-19T00:15:30
2535,Rasmus Öberg,rasmus.oberg2199@gmail.com,+463258716280,1954-11-02,SE,2022-05-13T05:46:42
2536,Martim Castelo,martim.castelo3618@hotmail.com,+3519905138032,1963-09-05,PT,2021-12-23T02:14:54
2537,Yuhua Liao,yuhua.liao6842@hotmail.com,+866956260542,1952-02-06,CN,2025-12-12T15:04:15
2538,Helen Sullivan,helen.sullivan2624@icloud.com,+17993152202,1994-03-25,US,2026-04-01T13:50:15
2539,Jeannette Lacroix,jeannette.lacroix9342@icloud.com,+332782756593,1986-11-21,FR,2024-12-11T16:41:59
2540,Alyona Savenko,alyona.savenko5119@yahoo.com,+3808303613474,1962-03-25,UA,2024-02-09T09:39:48
2541,Noah Mendoza,noah.mendoza8580@outlook.com,+16472669607,1980-10-29,US,2026-03-14T02:52:59
2542,Margareta Göransson,margareta.goransson2609@outlook.com,+462901716575,1951-04-04,SE,2022-06-02T04:16:28
2543,Kalina Adamski,kalina.adamski9706@gmail.com,+489755015680,1948-08-22,PL,2025-06-19T08:06:40
2544,Lucy Harrington,lucy.harrington4906@proton.me,+15384595336,2008-02-02,CA,2022-04-15T00:45:43
2545,Rose Robinson,rose.robinson265@proton.me,+442659038973,1957-08-05,GB,2021-12-23T21:15:51
2546,Christian Beck,christian.beck1942@yahoo.com,+498988948264,1983-03-29,DE,2022-05-05T08:13:57
2547,Susan Tucker,susan.tucker2475@outlook.com,+619544445019,1998-03-28,AU,2021-07-03T17:45:29
2548,Maya Vasquez,maya.vasquez4893@outlook.com,+14627141183,2001-07-25,US,2022-07-08T13:21:34
2549,Gustav Jepsen,gustav.jepsen256@proton.me,+454453563687,1952-08-28,DK,2022-05-31T12:21:45
2550,Mustafa Ng,mustafa.ng4083@icloud.com,+654743613865,1963-11-26,SG,2022-03-12T03:55:07
2551,Jörg Simon,jorg.simon7509@outlook.com,+497560337033,1992-10-10,DE,2022-01-16T22:25:06
2552,Verity Davies,verity.davies4566@icloud.com,+442425052083,1988-06-05,GB,2026-02-09T08:50:57
2553,Carter Kennedy,carter.kennedy9533@hotmail.com,+613645334257,1947-09-11,AU,2023-10-21T10:49:12
2554,Nina Denis,nina.denis5117@proton.me,+338974076842,1984-05-10,FR,2024-03-28T09:03:59
2555,Nadine Huber,nadine.huber1089@gmail.com,+494002526123,1970-12-26,DE,2023-12-01T09:22:07
2556,Sunoo Shin,sunoo.shin2163@proton.me,+826539301220,1998-11-13,KR,2024-11-08T07:58:43
2557,Anders Winther,anders.winther5269@icloud.com,+458395313645,2002-06-22,DK,2025-10-10T06:17:35
2558,Sonia De Santis,sonia.desantis1693@outlook.com,+392120111847,1997-04-30,IT,2023-07-04T18:51:19
2559,Katelyn Harvey,katelyn.harvey2968@outlook.com,+14525966004,1951-06-07,US,2022-06-29T05:05:53
2560,Georges Moreau,georges.moreau5174@yahoo.com,+333471650034,1956-03-30,FR,2023-05-12T08:35:14
2561,Adelheid Schmid,adelheid.schmid7975@proton.me,+499608021129,1999-09-03,DE,2023-03-12T13:11:59
2562,Cynthia Rios,cynthia.rios5015@hotmail.com,+18393200362,1978-05-30,US,2021-08-11T15:03:37
2563,Cooper Collins,cooper.collins2620@icloud.com,+619193584304,1965-10-11,AU,2024-04-18T04:13:17
2564,Lara Brandt,lara.brandt535@gmail.com,+496141713680,1983-01-20,DE,2026-04-12T08:50:18
2565,Greyson Kelley,greyson.kelley5432@gmail.com,+11343783495,1953-02-02,US,2024-11-28T18:07:47
2566,Martine van Wijk,martine.vanwijk8003@yahoo.com,+318336898316,1971-07-07,NL,2025-08-04T22:07:55
2567,Melaniia Kostenko,melaniia.kostenko606@gmail.com,+3804196637972,1996-07-21,UA,2025-11-21T12:53:41
2568,Masashi Imai,masashi.imai8909@icloud.com,+812867750018,1974-03-10,JP,2026-03-16T00:07:21
2569,Edmond Michiels,edmond.michiels9935@outlook.com,+326594805644,1951-07-20,BE,2021-12-03T05:12:33
2570,Romy Groen,romy.groen8611@proton.me,+315841489693,1973-05-09,NL,2025-07-14T06:06:01
2571,Tanuja Bhatia,tanuja.bhatia7244@yahoo.com,+916053651997,2005-05-18,IN,2023-11-26T15:11:19
2572,Jaxon Hudson,jaxon.hudson8809@gmail.com,+14496829958,1952-06-03,US,2023-09-13T21:22:11
2573,Gijsbert de Graaf,gijsbert.degraaf4912@proton.me,+311776895382,2001-04-28,NL,2024-10-13T14:06:49
2574,Olivia Karlsen,olivia.karlsen697@proton.me,+479380006118,1965-08-04,NO,2023-07-30T03:36:30
2575,Eli Jackson,eli.jackson1571@yahoo.com,+12117885936,1978-04-19,US,2023-09-06T00:43:27
2576,Dominic Cook,dominic.cook8424@hotmail.com,+15016117206,1970-01-10,US,2024-09-14T00:02:03
2577,Tilda Jonsson,tilda.jonsson6308@gmail.com,+468447174401,1998-02-05,SE,2024-10-15T22:38:55
2578,Tineke Hoekstra,tineke.hoekstra284@icloud.com,+313222665671,2003-10-15,NL,2024-04-10T12:02:05
2579,Piper Green,piper.green242@icloud.com,+19112202938,2005-10-17,US,2022-01-23T18:00:20
2580,Maximilian Krüger,maximilian.kruger239@yahoo.com,+499433713276,1980-07-19,DE,2021-07-14T15:15:38
2581,Nollaig O'Shea,nollaig.oshea3472@yahoo.com,+3536179082208,1960-09-21,IE,2022-06-08T16:54:21
2582,Olivia Bishop,olivia.bishop5915@outlook.com,+443821732476,1958-04-25,GB,2026-01-05T14:16:18
2583,Ian Wood,ian.wood7610@icloud.com,+446134756089,1948-06-16,GB,2022-11-24T17:00:17
2584,Joline Lundh,joline.lundh7900@outlook.com,+463785883580,1965-08-15,SE,2026-04-08T10:05:48
2585,Leonora Fog,leonora.fog9186@gmail.com,+457950219998,1987-02-15,DK,2022-07-01T07:39:52
2586,Raúl Freitas,raul.freitas8372@outlook.com,+3514735734507,1953-04-08,PT,2023-09-01T16:09:28
2587,Elisabete Fonseca,elisabete.fonseca3526@outlook.com,+3513009083664,2006-10-19,PT,2024-02-22T17:50:05
2588,Wilhelm Grabowski,wilhelm.grabowski9596@yahoo.com,+482407222112,2002-01-26,PL,2024-04-27T02:28:07
2589,Heidi Werner,heidi.werner6088@proton.me,+497321480075,1969-05-14,DE,2024-01-11T08:24:12
2590,Miyu Maeda,miyu.maeda7785@proton.me,+811214389901,1948-04-21,JP,2024-11-07T16:10:51
2591,Margot Dumas,margot.dumas1946@outlook.com,+333200103520,1971-12-19,FR,2021-09-04T12:03:36
2592,Hilda Kjellberg,hilda.kjellberg6255@yahoo.com,+465610574003,1978-10-26,SE,2022-04-28T12:54:11
2593,Krunal Modi,krunal.modi5725@gmail.com,+916377225192,2000-07-22,IN,2022-04-03T02:06:06
2594,Takaaki Fujimoto,takaaki.fujimoto3365@yahoo.com,+814134170267,1998-01-11,JP,2023-09-19T13:59:47
2595,Mahima Dhawan,mahima.dhawan2595@icloud.com,+912631332283,1983-06-30,IN,2022-08-07T23:20:14
2596,Zeger van Leeuwen,zeger.vanleeuwen588@icloud.com,+311558922430,1955-01-09,NL,2021-07-18T10:30:46
2597,William Lima,william.lima9640@outlook.com,+552350402194,1947-04-14,BR,2024-09-17T20:22:17
2598,Bella Rowe,bella.rowe4617@outlook.com,+17402798771,1974-06-17,CA,2022-05-27T16:03:58
2599,Dineo Kruger,dineo.kruger9029@outlook.com,+274426114292,1948-08-09,ZA,2024-06-30T08:00:20
2600,Cynthia Long,cynthia.long3475@gmail.com,+12238726429,1955-09-02,CA,2023-03-24T13:23:34
2601,Deniz Dağ,deniz.dag9307@hotmail.com,+908154894574,1976-06-24,TR,2024-03-27T16:40:20
2602,Ryan Norris,ryan.norris7342@outlook.com,+18415119368,1990-11-01,CA,2025-01-28T13:08:23
2603,Aria Maldonado,aria.maldonado4188@proton.me,+16187465256,1962-08-16,US,2023-08-21T01:48:20
2604,Emma-Louise Clarke,emmalouise.clarke5789@proton.me,+441966356819,2007-01-10,GB,2025-05-01T08:56:44
2605,Inácio Cavalcanti,inacio.cavalcanti1445@hotmail.com,+555571244662,2001-04-23,BR,2022-05-05T19:07:11
2606,Tebogo Mathonsi,tebogo.mathonsi5740@yahoo.com,+272899304807,1989-12-25,ZA,2025-09-26T13:14:52
2607,Milo Vincent,milo.vincent6576@icloud.com,+323220892844,1986-04-18,BE,2021-09-24T19:22:33
2608,Yvette Lemaire,yvette.lemaire501@outlook.com,+336686331542,2004-07-28,FR,2025-03-31T23:34:50
2609,Theo Gibson,theo.gibson1247@icloud.com,+18237836769,1979-02-15,US,2022-08-31T15:47:01
2610,Khalid Al Sheiba,khalid.alsheiba8163@yahoo.com,+9713326827474,1984-10-25,AE,2021-05-26T14:27:35
2611,Jasmine Garza,jasmine.garza1199@icloud.com,+17856130024,1950-03-13,CA,2024-08-19T07:39:19
2612,Tyler Harrison,tyler.harrison9456@outlook.com,+614997585551,1983-04-06,AU,2024-03-07T10:39:26
2613,Daniel Richardson,daniel.richardson3707@proton.me,+443091766562,1949-09-16,GB,2021-10-29T18:13:49
2614,Kayla Cooper,kayla.cooper4976@proton.me,+11215937876,1966-08-08,US,2022-09-08T04:49:20
2615,Lwazi Van der Merwe,lwazi.vandermerwe5496@outlook.com,+272719521337,1988-11-24,ZA,2023-07-31T23:11:58
2616,Rashed Al Hammadi,rashed.alhammadi2831@yahoo.com,+9718935161866,1995-11-01,AE,2023-10-04T12:36:44
2617,Zuzanna Matusiak,zuzanna.matusiak5878@yahoo.com,+481467867108,1968-09-16,PL,2023-01-02T16:57:32
2618,Iris Kraus,iris.kraus296@proton.me,+498229453394,1976-01-14,DE,2021-08-03T11:57:45
2619,Harold Macdonald,harold.macdonald896@icloud.com,+15729853887,1993-06-22,CA,2026-01-07T00:20:15
2620,Everett Palmer,everett.palmer1067@yahoo.com,+15761939398,1950-02-20,US,2024-10-03T05:22:38
2621,Zachary Lawson,zachary.lawson9870@icloud.com,+12033391942,1956-02-20,US,2023-10-17T02:25:45
2622,Emilia Mason,emilia.mason9584@outlook.com,+19281296061,1946-07-31,US,2022-11-27T09:27:23
2623,Syafiq Hu,syafiq.hu5295@hotmail.com,+657845140435,1947-03-07,SG,2021-11-05T22:52:32
2624,Helena Eklöf,helena.eklof9074@yahoo.com,+461615586655,1975-12-30,SE,2022-06-17T00:35:26
2625,Roisin Murray,roisin.murray6673@yahoo.com,+3536585065279,1993-02-02,IE,2023-03-15T10:49:58
2626,Xavier Van Hoof,xavier.vanhoof1730@proton.me,+329395775389,1953-07-26,BE,2021-11-03T17:31:09
2627,Gael Santos,gael.santos3351@yahoo.com,+558208411784,1959-01-31,BR,2024-07-31T03:02:07
2628,Eylül Özkan,eylul.ozkan6643@yahoo.com,+906558489989,1981-06-19,TR,2023-03-12T05:09:17
2629,Rose Kim,rose.kim3189@icloud.com,+14495895738,1950-01-18,US,2025-12-15T05:42:22
2630,Tiffany Ferguson,tiffany.ferguson6941@yahoo.com,+14710358525,1998-12-30,US,2022-08-13T01:04:42
2631,Lucia Guedes,lucia.guedes417@proton.me,+559701064639,1956-05-19,BR,2024-05-23T23:11:55
2632,Tom Sullivan,tom.sullivan2523@proton.me,+615151770849,1979-11-15,AU,2023-02-09T10:33:55
2633,Elizabeth Butler,elizabeth.butler9782@icloud.com,+13767611123,2004-10-17,US,2021-11-06T16:21:35
2634,Joachim Pawłowski,joachim.pawowski9855@gmail.com,+481199036938,1993-03-05,PL,2022-06-08T00:08:55
2635,Lieke van der Meulen,lieke.vandermeulen5893@outlook.com,+313839155679,1964-01-13,NL,2026-05-09T11:34:44
2636,Lewis Dawson,lewis.dawson6929@yahoo.com,+448103809257,1996-12-09,GB,2026-05-10T20:19:07
2637,Prashant Gokhale,prashant.gokhale9680@gmail.com,+919512385268,1981-08-08,IN,2025-11-04T18:46:39
2638,Dae-hwi Cho,daehwi.cho5790@outlook.com,+824743511214,1960-12-27,KR,2022-02-08T09:47:49
2639,Rasha Al Hosani,rasha.alhosani7301@gmail.com,+9718030502744,1986-10-26,AE,2025-01-28T07:30:55
2640,Iara Pinheiro,iara.pinheiro1376@hotmail.com,+554047681337,1952-08-08,BR,2022-03-27T00:45:21
2641,Miles Freeman,miles.freeman4662@gmail.com,+17919581009,1949-03-11,CA,2022-04-11T23:04:25
2642,Timothy Wood,timothy.wood7800@hotmail.com,+15018550247,1967-04-06,US,2025-04-20T03:13:11
2643,Walburga Perner,walburga.perner684@proton.me,+438827567445,1986-03-24,AT,2022-03-20T17:42:32
2644,Gerald Richardson,gerald.richardson2938@gmail.com,+17876094739,2006-10-17,US,2022-03-05T19:45:56
2645,Zacarías Sánchez,zacarias.sanchez5958@icloud.com,+521199208385,2007-07-06,MX,2021-11-03T19:01:44
2646,Jesper Andreasson,jesper.andreasson5602@hotmail.com,+463845357934,1955-06-09,SE,2025-03-24T18:44:06
2647,Jonathan Cox,jonathan.cox1296@icloud.com,+11473858517,2007-10-12,US,2022-11-05T12:58:35
2648,Virtudes Garrido,virtudes.garrido3658@gmail.com,+348584822640,1985-08-13,ES,2025-07-21T10:11:32
2649,Şule Sarı,sule.sar1522@hotmail.com,+905687073508,1974-12-20,TR,2022-09-21T23:19:54
2650,Natalka Lysenko,natalka.lysenko6302@proton.me,+3803691889882,1982-05-10,UA,2025-01-18T04:29:10
2651,Marichka Shevchenko,marichka.shevchenko1220@icloud.com,+3807282522070,1983-02-13,UA,2026-01-23T04:27:48
2652,Juan Johnston,juan.johnston7699@proton.me,+16007318507,1958-10-05,US,2022-09-09T14:18:27
2653,Cole Robertson,cole.robertson6473@yahoo.com,+11819419865,1972-08-12,US,2025-02-17T17:37:30
2654,Pranav Menon,pranav.menon699@yahoo.com,+912426008336,1960-01-24,IN,2022-08-23T00:46:05
2655,Florian Maier,florian.maier2492@proton.me,+498585108900,1951-05-02,DE,2023-11-19T02:57:26
2656,Rebecca Heinrich,rebecca.heinrich8256@gmail.com,+495989928780,1966-07-04,DE,2023-10-03T16:58:49
2657,Danylo Kramarenko,danylo.kramarenko3985@yahoo.com,+3808057482482,1997-12-09,UA,2025-09-13T22:07:06
2658,Vidya Chopra,vidya.chopra5464@icloud.com,+915605431368,1994-07-06,IN,2023-02-08T05:11:16
2659,Brandon Chong,brandon.chong5696@yahoo.com,+652267734014,1994-02-25,SG,2024-11-15T20:07:35
2660,Suzuko Inoue,suzuko.inoue6944@yahoo.com,+817095051683,2002-12-26,JP,2026-02-04T01:26:38
2661,Georgina Johnson,georgina.johnson9322@gmail.com,+442162786895,1981-10-23,GB,2023-03-06T04:34:10
2662,Martin Kelley,martin.kelley1239@gmail.com,+16064644339,1954-10-12,CA,2026-05-10T14:21:21
2663,Dagmara Borkowski,dagmara.borkowski7588@icloud.com,+488930395746,1951-07-18,PL,2024-05-09T06:53:05
2664,Raisa Havrylyuk,raisa.havrylyuk6952@icloud.com,+3802007672698,1965-12-10,UA,2024-10-23T06:03:48
2665,Wei Lin Seah,weilin.seah6470@hotmail.com,+658562825246,2003-06-06,SG,2023-10-09T18:04:31
2666,Ravi Heng,ravi.heng3050@gmail.com,+659709800134,1963-02-04,SG,2024-08-17T03:14:44
2667,Stefan Walter,stefan.walter8301@hotmail.com,+493997846770,2001-01-15,DE,2023-08-31T20:51:34
2668,Merete Højgaard,merete.hjgaard4148@icloud.com,+454198112597,1959-10-12,DK,2024-07-01T19:37:00
2669,Nalan Çetin,nalan.cetin3865@icloud.com,+906748999303,1970-07-08,TR,2025-01-20T16:04:23
2670,Denis Blanchard,denis.blanchard8095@gmail.com,+338900111250,1973-07-26,FR,2024-01-27T00:39:53
2671,Oscar Wheeler,oscar.wheeler6677@icloud.com,+441447881615,1960-09-18,GB,2021-09-30T09:28:22
2672,Evangelina Valdez,evangelina.valdez7420@icloud.com,+528273891343,1989-07-13,MX,2025-06-06T10:59:59
2673,Isobel Barker,isobel.barker1734@yahoo.com,+442058526456,1999-02-12,GB,2021-10-04T23:39:12
2674,Josephine Lee,josephine.lee9438@gmail.com,+11479195074,1986-05-10,US,2025-09-15T14:07:51
2675,Nunzia Caputo,nunzia.caputo5108@yahoo.com,+397136072864,1984-06-29,IT,2024-06-03T06:22:14
2676,Raimo Niskanen,raimo.niskanen4498@yahoo.com,+3582634045983,1998-11-07,FI,2025-02-02T07:16:09
2677,Yutaka Yoshimura,yutaka.yoshimura3332@icloud.com,+815420795437,1990-11-06,JP,2022-08-21T18:26:38
2678,Paisley Harmon,paisley.harmon6223@outlook.com,+19770961307,1987-08-13,CA,2021-12-29T13:55:52
2679,Thandi Schoeman,thandi.schoeman2053@outlook.com,+272388192748,1996-02-13,ZA,2022-12-11T10:43:44
2680,Bailey Dean,bailey.dean1533@yahoo.com,+11541189244,2002-06-29,US,2024-02-07T15:27:03
2681,Sonja Schulte,sonja.schulte4421@yahoo.com,+492641567424,1967-03-31,DE,2025-03-24T10:20:01
2682,Élodie Marchand,elodie.marchand5126@icloud.com,+334904469256,1982-02-08,FR,2024-07-21T10:38:26
2683,Gilberto Gomes,gilberto.gomes6472@yahoo.com,+551511027078,1986-07-06,BR,2023-06-22T22:27:31
2684,Aurora Bürki,aurora.burki4922@gmail.com,+419283907760,1993-06-07,CH,2025-09-27T17:03:53
2685,Harper Moreno,harper.moreno5172@proton.me,+14607825431,1996-04-14,US,2023-11-17T00:12:06
2686,Lisa McKenzie,lisa.mckenzie3290@outlook.com,+614164337240,1982-08-30,AU,2024-08-23T19:22:08
2687,Monica Becker,monica.becker2053@icloud.com,+552423032942,1979-10-10,BR,2022-09-17T01:33:41
2688,Weston Rodriguez,weston.rodriguez2872@hotmail.com,+13055773747,1953-03-06,US,2023-09-15T00:05:48
2689,Georg Friedrich,georg.friedrich5536@yahoo.com,+499240651635,1951-01-21,DE,2023-11-08T11:51:39
2690,Robert Prins,robert.prins5013@proton.me,+315879559471,1963-06-12,NL,2024-03-26T06:33:30
2691,Luisa Sauer,luisa.sauer6301@yahoo.com,+494107350100,1947-06-20,DE,2022-12-05T17:15:42
2692,Whitney Gomez,whitney.gomez9956@icloud.com,+16019011550,1988-12-19,US,2025-12-21T07:12:27
2693,Leo Rivera,leo.rivera9913@outlook.com,+15053307454,1991-11-06,US,2023-08-15T16:15:07
2694,Gordon Meyer,gordon.meyer963@outlook.com,+15352303263,1946-06-06,CA,2023-08-22T11:39:48
2695,Taro Tani,taro.tani4007@proton.me,+813816461189,2004-12-18,JP,2022-06-28T06:51:26
2696,Yorick Willems,yorick.willems7388@hotmail.com,+316758165387,1994-01-06,NL,2025-03-01T12:24:35
2697,Blake Reed,blake.reed9541@proton.me,+11748013059,1960-12-29,US,2026-05-05T08:02:00
2698,Anton Visser,anton.visser5956@outlook.com,+314054495194,1965-07-19,NL,2025-06-04T17:51:54
2699,Ian Cruz,ian.cruz343@icloud.com,+651425848217,1978-04-29,SG,2022-01-26T21:06:16
2700,Ethan Fox,ethan.fox8567@proton.me,+446341478247,1992-04-17,GB,2025-01-02T21:14:43
2701,Joaquín Moya,joaquin.moya4524@icloud.com,+342413939996,1984-06-24,ES,2025-12-08T23:18:15
2702,Gearoidin Lennon,gearoidin.lennon6242@yahoo.com,+3538389945045,1973-08-19,IE,2021-06-25T18:04:00
2703,Nevaeh Adkins,nevaeh.adkins4689@proton.me,+15191784344,1993-01-11,CA,2021-11-14T18:53:40
2704,Yukari Yamashita,yukari.yamashita3046@hotmail.com,+814856789071,1952-12-06,JP,2023-09-24T12:39:57
2705,Dalal Al Tamimi,dalal.altamimi8642@outlook.com,+9716165168246,1964-02-24,AE,2025-01-03T03:47:21
2706,Maria Baumann,maria.baumann1040@icloud.com,+439695982594,1986-07-29,AT,2026-03-22T08:51:45
2707,Lia Lehmann,lia.lehmann4275@gmail.com,+411496064737,1952-09-03,CH,2024-06-10T01:11:50
2708,Oscar Adams,oscar.adams2781@hotmail.com,+613735467963,2000-05-26,AU,2022-07-04T11:40:08
2709,Reino Berg,reino.berg2926@outlook.com,+3585507614749,1965-08-18,FI,2023-10-09T21:18:01
2710,Noah Mitchell,noah.mitchell986@hotmail.com,+617916578641,2007-02-06,AU,2021-07-16T09:09:42
2711,Dharmesh Dixit,dharmesh.dixit3744@outlook.com,+913330577983,1976-03-04,IN,2025-10-22T09:24:41
2712,Anaïs Marchal,anais.marchal2040@icloud.com,+335379611701,1991-04-15,FR,2021-11-09T03:06:58
2713,Leon Richards,leon.richards3858@proton.me,+617122019889,2000-01-03,AU,2025-06-05T19:13:46
2714,Mark Daniels,mark.daniels2298@yahoo.com,+12699447567,1970-01-17,US,2021-12-21T19:41:55
2715,Nilesh Oberoi,nilesh.oberoi1715@yahoo.com,+919487846497,1996-01-18,IN,2025-08-10T22:08:52
2716,Ute Scholz,ute.scholz7311@hotmail.com,+492584430419,1994-02-19,DE,2025-05-26T22:29:00
2717,Brenda Dunn,brenda.dunn911@hotmail.com,+18838466651,1950-08-06,US,2024-04-27T19:31:05
2718,Gloria Wells,gloria.wells6382@outlook.com,+11230135442,1958-05-28,US,2023-07-27T04:30:39
2719,Maicon Mayer,maicon.mayer6461@proton.me,+559826174364,1994-12-14,BR,2023-07-30T00:41:09
2720,Louise Peterson,louise.peterson4970@proton.me,+12704156875,1958-03-06,US,2024-05-30T15:07:36
2721,Gül Candan,gul.candan6546@icloud.com,+902096678965,1972-10-29,TR,2021-10-18T03:18:18
2722,Amelie Meyer,amelie.meyer3021@hotmail.com,+492760413573,1980-03-22,DE,2025-02-01T19:40:46
2723,Samet Kılınç,samet.klnc7135@yahoo.com,+903923078265,1973-03-18,TR,2022-11-02T10:02:23
2724,Tasneem Al Mohannadi,tasneem.almohannadi2028@outlook.com,+9717345803298,1969-05-17,AE,2022-06-02T13:36:50
2725,Hildegard Mayer,hildegard.mayer9566@outlook.com,+498308686875,1988-10-21,DE,2023-11-19T03:57:58
2726,Heinrich Hartmann,heinrich.hartmann6137@gmail.com,+494902881275,1962-01-04,DE,2022-12-16T23:29:45
2727,Lauren Gibson,lauren.gibson1534@icloud.com,+615172298229,1990-04-09,AU,2024-02-25T17:46:34
2728,Jack Grant,jack.grant17@outlook.com,+11774857594,2002-08-11,CA,2023-02-19T22:59:25
2729,Noah Østergaard,noah.stergaard7757@gmail.com,+456754141104,1996-04-18,DK,2022-04-11T00:40:40
2730,Hannah Freeman,hannah.freeman3400@outlook.com,+16178580938,2005-06-17,US,2024-06-14T10:37:55
2731,Nicholas McCormick,nicholas.mccormick1853@icloud.com,+19108853380,1972-03-07,CA,2026-04-29T08:27:25
2732,Tomás Rojas,tomas.rojas3150@proton.me,+346609805714,1953-08-14,ES,2023-07-15T16:23:54
2733,Roman Pavlyuk,roman.pavlyuk5752@yahoo.com,+3806768821919,1972-05-02,UA,2023-01-23T08:41:45
2734,Alexandra Simpson,alexandra.simpson3707@proton.me,+618044560533,1967-11-03,AU,2023-09-22T04:10:13
2735,Anette Karlsson,anette.karlsson39@gmail.com,+469999066437,1961-06-13,SE,2026-03-26T02:59:55
2736,Brian McCormack,brian.mccormack3115@gmail.com,+3532842815385,1971-09-29,IE,2025-02-06T10:00:49
2737,Maximiliano Calvo,maximiliano.calvo6677@outlook.com,+346851818319,2006-11-30,ES,2021-07-22T23:55:52
2738,Gianluca Lombardi,gianluca.lombardi6531@hotmail.com,+392925615997,1987-08-15,IT,2023-12-09T01:42:25
2739,Brody Estrada,brody.estrada6916@gmail.com,+15864000189,2006-07-24,US,2025-10-01T00:02:13
2740,César Aguilar,cesar.aguilar2946@proton.me,+341153065933,1969-07-16,ES,2023-07-25T22:25:03
2741,Maikki Halonen,maikki.halonen8175@hotmail.com,+3581241630302,1960-03-12,FI,2024-05-30T05:06:37
2742,Philipp Hofer,philipp.hofer2908@icloud.com,+431212297359,1977-03-30,AT,2023-07-28T00:02:24
2743,Jair Coelho,jair.coelho8684@yahoo.com,+556063842215,1975-10-28,BR,2024-08-10T12:24:11
2744,Juanita Vargas,juanita.vargas8010@yahoo.com,+16062895918,1995-06-18,US,2024-03-18T02:14:31
2745,Audrey Black,audrey.black6210@yahoo.com,+15972824326,1953-11-20,US,2026-01-08T07:34:10
2746,Kaustubh Singh,kaustubh.singh6523@icloud.com,+914636453833,1998-03-20,IN,2024-01-31T02:17:17
2747,Renee Washington,renee.washington2722@proton.me,+12661763280,1953-02-20,CA,2022-04-05T05:03:03
2748,Tom Ball,tom.ball5709@yahoo.com,+441141013371,1958-04-02,GB,2024-01-31T21:25:27
2749,Petro Sergienko,petro.sergienko9138@icloud.com,+3803463318617,1960-06-29,UA,2026-01-14T12:40:46
2750,Peggy Stone,peggy.stone7229@icloud.com,+15975933841,1977-10-15,US,2021-08-21T03:22:59
2751,Antoni Krupa,antoni.krupa6624@yahoo.com,+486421272985,1994-02-24,PL,2024-05-14T02:20:11
2752,Kaique Barbosa,kaique.barbosa5088@outlook.com,+557386535967,1982-07-10,BR,2022-04-16T10:22:54
2753,Jin-young Dongguk,jinyoung.dongguk3836@gmail.com,+821729975358,1967-05-29,KR,2023-03-30T21:40:35
2754,Felicity Nash,felicity.nash3611@outlook.com,+444980613328,1993-09-06,GB,2022-10-28T11:44:00
2755,Czesława Gajewski,czesawa.gajewski499@proton.me,+486317763387,1993-10-17,PL,2022-07-18T12:26:22
2756,Dean Garner,dean.garner2879@yahoo.com,+443915424727,1988-01-02,GB,2021-12-24T05:25:19
2757,Anneli Sundqvist,anneli.sundqvist5501@gmail.com,+465786922331,1995-09-15,SE,2021-09-24T20:22:19
2758,Yelyzaveta Rybak,yelyzaveta.rybak4057@outlook.com,+3805874633013,1956-09-14,UA,2024-09-29T18:37:55
2759,Jaqueline Franco,jaqueline.franco9927@gmail.com,+559680936115,2008-02-07,BR,2024-08-24T13:45:54
2760,Mateo Weaver,mateo.weaver4280@gmail.com,+11441658513,1946-10-18,US,2024-12-30T03:54:27
2761,Gosiame Labuschagne,gosiame.labuschagne6309@yahoo.com,+271267467483,2003-06-14,ZA,2023-07-25T08:20:47
2762,Anoud Al Otaiba,anoud.alotaiba6094@yahoo.com,+9716429815918,1984-11-27,AE,2021-11-15T04:22:53
2763,Alice Magalhães,alice.magalhaes7644@hotmail.com,+553080730726,2003-10-19,BR,2022-05-30T18:47:51
2764,Sergio Beyeler,sergio.beyeler4042@hotmail.com,+412335787628,1962-04-02,CH,2025-10-30T17:17:30
2765,Jenna Perry,jenna.perry814@gmail.com,+13605944820,1993-09-12,US,2023-09-26T22:36:46
2766,Mary Burke,mary.burke8773@yahoo.com,+3531393385178,1949-06-24,IE,2021-12-21T10:09:58
2767,Reggie Matthews,reggie.matthews9778@icloud.com,+448217079881,1974-11-20,GB,2025-11-08T13:50:09
2768,Özgür Ay,ozgur.ay1187@icloud.com,+908032584697,1959-05-07,TR,2022-11-07T18:09:45
2769,Darren Bishop,darren.bishop1162@yahoo.com,+441454282787,1996-10-14,GB,2025-02-19T13:55:45
2770,Bartosz Sawicki,bartosz.sawicki6133@outlook.com,+485354862159,1980-11-05,PL,2025-07-27T21:39:44
2771,Jakob Wolf,jakob.wolf7767@outlook.com,+491021271728,1998-01-08,DE,2026-02-15T07:27:27
2772,Naomi Parks,naomi.parks8542@proton.me,+14460631446,1989-04-18,CA,2021-07-11T13:49:18
2773,Larry Harrison,larry.harrison778@icloud.com,+17411080305,1953-06-13,US,2024-11-14T20:36:14
2774,Hamish Moore,hamish.moore347@outlook.com,+443634694255,1965-02-13,GB,2024-12-09T17:37:25
2775,Pierre Martinez,pierre.martinez1386@outlook.com,+333742050469,1962-08-25,FR,2025-06-11T17:54:38
2776,Anaëlle Dumont,anaelle.dumont2410@proton.me,+336285048317,2000-07-18,FR,2021-08-29T23:33:03
2777,Rory Bennett,rory.bennett3072@hotmail.com,+441225850299,1960-08-01,GB,2023-03-29T02:05:09
2778,Agathe Robert,agathe.robert5199@icloud.com,+334139393881,2002-09-02,FR,2023-07-22T11:07:22
2779,Brooklyn Bowman,brooklyn.bowman2239@yahoo.com,+16165322360,1950-04-16,CA,2023-05-31T01:36:27
2780,Tiffany Knight,tiffany.knight3308@icloud.com,+613868461516,1976-06-27,AU,2021-11-05T14:31:59
2781,Sachin Dutta,sachin.dutta3914@yahoo.com,+918627880795,1959-12-16,IN,2024-11-03T05:45:31
2782,Tariq Al Harthy,tariq.alharthy2926@proton.me,+9715449901627,1997-07-13,AE,2026-03-11T12:26:56
2783,Charles Mitchell,charles.mitchell2597@proton.me,+446491269704,1990-11-04,GB,2025-06-23T07:39:32
2784,Logan Carr,logan.carr8897@hotmail.com,+11055130762,1976-07-01,US,2024-02-06T23:34:42
2785,Philip Wheeler,philip.wheeler6202@gmail.com,+11232299132,1997-08-21,US,2026-01-27T11:53:50
2786,Wil Boer,wil.boer8057@yahoo.com,+316597760571,1982-03-05,NL,2021-11-15T12:11:21
2787,Noah Gagnon,noah.gagnon237@icloud.com,+19080634378,1960-01-01,CA,2022-10-20T06:39:04
2788,Waleed Al Mheiri,waleed.almheiri6624@gmail.com,+9718877444563,1959-12-16,AE,2024-09-29T04:55:12
2789,Beate Müller,beate.muller7288@gmail.com,+491228995424,1970-07-03,DE,2025-05-20T09:42:01
2790,Ellen Matthews,ellen.matthews6947@outlook.com,+12485561119,1965-05-11,US,2025-10-20T09:32:53
2791,Patricia Sanders,patricia.sanders9821@proton.me,+447851803616,1976-12-05,GB,2024-02-07T18:29:33
2792,Paula Alves,paula.alves2472@gmail.com,+3513752457451,1955-03-30,PT,2022-04-15T11:29:20
2793,Elisa Bianchi,elisa.bianchi957@outlook.com,+394213790867,1989-07-14,IT,2023-05-22T03:33:41
2794,Leilani Olson,leilani.olson6713@hotmail.com,+13057725571,1994-10-17,CA,2021-08-31T10:47:46
2795,Eliana Li,eliana.li1882@gmail.com,+12448777267,1996-05-09,US,2021-11-11T18:58:26
2796,Oleksiy Levchenko,oleksiy.levchenko5623@icloud.com,+3804375430560,1974-08-27,UA,2023-06-19T10:11:48
2797,Callum Bond,callum.bond2465@icloud.com,+448074956763,2000-09-19,GB,2024-04-09T06:42:06
2798,Demi Meier,demi.meier8469@hotmail.com,+311064084641,1983-01-10,NL,2024-06-12T23:01:18
2799,Miles Barnes,miles.barnes1517@gmail.com,+442137484203,1948-07-04,GB,2021-12-20T07:16:37
2800,Sarah Owen,sarah.owen8137@outlook.com,+445621669421,1996-10-14,GB,2025-11-18T14:10:20
2801,Brunhilde Bauer,brunhilde.bauer8390@gmail.com,+493756096210,1962-05-11,DE,2021-08-03T02:34:11
2802,Gail Le,gail.le2703@hotmail.com,+17131922882,1978-06-28,US,2025-08-22T07:00:28
2803,Quinn Jacobs,quinn.jacobs7014@icloud.com,+16648906450,1982-03-03,US,2024-09-11T12:23:02
2804,Audrey Fisher,audrey.fisher4505@proton.me,+14831246755,2006-11-21,CA,2022-02-04T02:21:40
2805,Maja Knudsen,maja.knudsen5955@outlook.com,+459571885374,1979-03-02,DK,2021-08-28T03:49:51
2806,Hamza Sezer,hamza.sezer7016@outlook.com,+907755170554,2005-12-14,TR,2025-07-17T20:46:12
2807,Laila Al Rashdi,laila.alrashdi2163@proton.me,+9713183999955,1963-11-14,AE,2026-03-09T11:50:33
2808,Lurdes Garcia,lurdes.garcia3366@gmail.com,+3514507533792,1989-07-22,PT,2021-05-31T20:32:14
2809,Martin Hart,martin.hart1826@yahoo.com,+444560371308,1974-01-22,GB,2024-07-03T23:55:26
2810,Vincenzo Belloni,vincenzo.belloni3371@gmail.com,+399626490951,1988-12-06,IT,2025-09-30T14:35:45
2811,Joel Koch,joel.koch6272@hotmail.com,+556253274472,1970-01-20,BR,2024-06-20T18:27:35
2812,Ruslana Tarasenko,ruslana.tarasenko7152@outlook.com,+3806034706880,1963-10-16,UA,2023-08-05T07:34:01
2813,Ans van der Velde,ans.vandervelde5945@gmail.com,+311771876810,1984-02-23,NL,2021-11-02T10:50:39
2814,Jeanne Aubert,jeanne.aubert7470@icloud.com,+337210662283,1946-11-03,FR,2025-05-11T22:37:38
2815,Nathan Lopez,nathan.lopez1527@outlook.com,+338082369484,1984-08-17,FR,2025-09-01T09:26:08
2816,Tina Reyes,tina.reyes2826@hotmail.com,+16308576169,1962-01-16,US,2023-05-02T01:07:17
2817,Alisa Symonenko,alisa.symonenko4067@outlook.com,+3807429730974,1951-06-22,UA,2025-11-16T03:17:54
2818,Encarnación Pascual,encarnacion.pascual8756@outlook.com,+346521374820,1954-10-19,ES,2021-06-03T07:23:45
2819,David Miles,david.miles5896@yahoo.com,+11295143770,1999-10-20,CA,2022-05-12T13:27:36
2820,Daniel Kołodziejczyk,daniel.koodziejczyk7157@gmail.com,+483280869866,2006-09-02,PL,2023-07-17T21:33:22
2821,Jacqueline De Graef,jacqueline.degraef4377@icloud.com,+323181532896,1961-12-04,BE,2025-01-04T09:59:00
2822,Mildred Hicks,mildred.hicks2538@icloud.com,+17753298333,1951-01-25,US,2022-04-03T23:56:39
2823,Angélique Julien,angelique.julien9561@gmail.com,+331454764176,2007-08-30,FR,2023-12-24T01:21:23
2824,Toby Manning,toby.manning5014@yahoo.com,+449301093502,2002-07-12,GB,2025-08-22T23:48:57
2825,María Domínguez,maria.dominguez1400@hotmail.com,+342879076576,1960-03-16,ES,2025-08-22T03:10:14
2826,Borys Wróbel,borys.wrobel2685@proton.me,+482141206695,1963-12-07,PL,2024-09-04T20:06:58
2827,Timofiy Tkachuk,timofiy.tkachuk5058@icloud.com,+3804406645130,2006-09-18,UA,2022-09-27T08:07:11
2828,Akash Sanyal,akash.sanyal1461@gmail.com,+915854118462,2003-07-08,IN,2026-03-03T22:40:11
2829,Beau Rose,beau.rose8637@yahoo.com,+617114665101,1970-09-10,AU,2026-02-24T17:07:27
2830,Minoru Tsukamoto,minoru.tsukamoto1792@gmail.com,+814174739207,1973-10-09,JP,2026-03-31T03:08:31
2831,Ornella Bianchi,ornella.bianchi8338@yahoo.com,+391210372565,1982-02-15,IT,2022-09-13T12:30:28
2832,Aziz Al Matrooshi,aziz.almatrooshi9335@proton.me,+9717917264429,1983-07-14,AE,2024-08-20T22:45:35
2833,Ross Todd,ross.todd2532@outlook.com,+448955389065,1961-09-10,GB,2026-02-01T12:45:11
2834,Nora Engel,nora.engel715@proton.me,+495401111638,1965-10-01,DE,2021-06-15T04:00:59
2835,Vasanti Mohammad,vasanti.mohammad2192@outlook.com,+913157361770,1982-07-26,IN,2023-06-30T20:38:57
2836,Hacer Küçük,hacer.kucuk2989@gmail.com,+902619022554,1978-04-23,TR,2021-09-13T00:18:29
2837,Judith Jones,judith.jones7995@hotmail.com,+618630920124,1947-07-22,AU,2026-03-14T04:14:50
2838,Nicholas Day,nicholas.day5292@hotmail.com,+616451267606,1976-05-07,AU,2025-07-30T23:40:55
2839,Sophia Vega,sophia.vega1064@proton.me,+15954474288,2006-10-12,US,2023-11-01T02:07:27
2840,Florence Colin,florence.colin9136@yahoo.com,+338340866856,1953-11-15,FR,2025-07-13T01:47:13
2841,Brian Ross,brian.ross4583@gmail.com,+13206612917,1972-04-22,US,2023-08-16T11:00:48
2842,Kornelia Baranowski,kornelia.baranowski3771@outlook.com,+485520842809,1980-02-09,PL,2022-07-28T13:03:29
2843,Jun Hao Pan,junhao.pan8661@icloud.com,+659672581661,1952-10-05,SG,2022-08-12T19:26:09
2844,Valerie Coleman,valerie.coleman9476@hotmail.com,+12164155693,2007-06-14,US,2021-09-12T17:57:02
2845,Julie Fisher,julie.fisher7308@outlook.com,+12243096955,1955-07-24,US,2021-12-12T06:50:35
2846,Teresa De Santis,teresa.desantis2593@hotmail.com,+392639998822,1987-11-14,IT,2024-10-03T20:54:37
2847,Valentina Molina,valentina.molina365@hotmail.com,+521243329494,2003-12-24,MX,2022-09-05T08:53:30
2848,Micah Nguyen,micah.nguyen7280@gmail.com,+16768226434,2003-07-07,US,2021-07-17T11:38:11
2849,Mike Dijkstra,mike.dijkstra6067@icloud.com,+311394557279,1997-04-19,NL,2025-07-26T14:12:27
2850,Myroslava Rudenko,myroslava.rudenko7772@yahoo.com,+3807996549537,2001-05-08,UA,2023-04-03T15:11:18
2851,Erica Hernandez,erica.hernandez3370@yahoo.com,+19994143971,1972-02-18,US,2025-07-08T11:52:36
2852,Michele Mazza,michele.mazza2948@proton.me,+399203922734,2007-08-04,IT,2024-08-07T14:13:09
2853,Elisabetta Gallo,elisabetta.gallo7084@proton.me,+392258783379,1965-05-19,IT,2021-10-16T03:17:47
2854,Claudine Paris,claudine.paris1145@outlook.com,+339902412300,2005-06-26,FR,2023-10-04T19:06:27
2855,Sergiusz Janik,sergiusz.janik5075@gmail.com,+482429886086,1960-08-09,PL,2023-07-28T21:30:48
2856,Vitaliy Shapoval,vitaliy.shapoval34@icloud.com,+3803815845787,2006-04-23,UA,2023-01-23T22:18:17
2857,Max Lau,max.lau6268@proton.me,+658939746529,1992-07-16,SG,2022-10-24T20:23:08
2858,Reyes Medina,reyes.medina8611@gmail.com,+522185030906,1996-03-26,MX,2023-01-24T21:32:47
2859,Jolanda Ruiter,jolanda.ruiter5058@yahoo.com,+314233061336,1970-01-25,NL,2024-01-26T21:18:50
2860,Trinidad González,trinidad.gonzalez6758@proton.me,+346577234476,1984-10-27,ES,2026-02-06T18:45:13
2861,Vicente Mendoza,vicente.mendoza109@gmail.com,+526156090168,1957-09-13,MX,2023-08-01T20:26:35
2862,Julie Verelst,julie.verelst4054@proton.me,+322687043332,2003-11-07,BE,2023-02-21T16:24:55
2863,Lifang Liu,lifang.liu3044@gmail.com,+659370083164,1993-10-19,SG,2022-11-20T12:27:50
2864,Harvey Gibson,harvey.gibson2537@proton.me,+447073302458,1993-08-04,GB,2025-10-07T23:43:49
2865,Rafael Künzi,rafael.kunzi3378@outlook.com,+419755248346,2006-03-13,CH,2022-02-02T12:03:20
2866,William Danielsson,william.danielsson3648@outlook.com,+466851261234,2008-04-03,SE,2025-03-01T23:32:39
2867,Jabulani Botha,jabulani.botha8165@yahoo.com,+278394732021,1976-02-02,ZA,2025-08-13T01:33:38
2868,Margaux Philippe,margaux.philippe973@gmail.com,+335970408460,1970-08-15,FR,2025-05-30T18:43:48
2869,Leon Przybylski,leon.przybylski6261@yahoo.com,+483122976497,1990-08-11,PL,2023-10-25T04:01:03
2870,Ji-hoon Manpung,jihoon.manpung8667@icloud.com,+821449244164,1965-04-01,KR,2023-02-02T16:47:23
2871,Ingrid Moreira,ingrid.moreira7218@proton.me,+553268075062,1987-11-28,BR,2025-03-05T12:01:37
2872,Domingo Hernández,domingo.hernandez4280@hotmail.com,+347073203121,1964-12-23,ES,2022-06-02T15:49:09
2873,Petek İnan,petek.inan6422@yahoo.com,+908825962759,1979-12-01,TR,2024-09-30T03:42:09
2874,Hunter Murphy,hunter.murphy5937@icloud.com,+14684316419,1977-12-11,CA,2024-12-24T15:34:44
2875,Osamu Takagi,osamu.takagi4001@gmail.com,+816299358311,1964-07-29,JP,2025-06-05T06:38:17
2876,Elsie Porter,elsie.porter6382@icloud.com,+442712480948,1951-06-08,GB,2024-08-05T14:36:39
2877,Michelle Laursen,michelle.laursen7118@proton.me,+458516758431,1966-04-13,DK,2025-08-11T17:15:14
2878,Néstor Moreno,nestor.moreno228@gmail.com,+347310559338,1963-02-03,ES,2025-08-22T20:00:06
2879,Jordi Ramos,jordi.ramos4848@gmail.com,+345646332729,2007-11-10,ES,2024-08-13T18:08:45
2880,Alina Nesterenko,alina.nesterenko4911@proton.me,+3806926203837,2007-10-05,UA,2022-06-21T06:08:50
2881,Alberto Parisi,alberto.parisi8260@proton.me,+394543663182,1985-10-22,IT,2022-11-18T13:44:49
2882,Joyce Timmermans,joyce.timmermans9179@yahoo.com,+316412084737,1980-06-16,NL,2025-12-29T00:42:51
2883,Annette Roy,annette.roy3889@outlook.com,+334747864198,1966-08-08,FR,2022-11-08T01:59:31
2884,Walentyna Sikorski,walentyna.sikorski4935@hotmail.com,+483684866729,1952-08-13,PL,2023-12-27T20:01:53
2885,Unai García,unai.garcia700@proton.me,+349489389673,1985-01-24,ES,2024-10-26T18:39:29
2886,Rebecca Stephens,rebecca.stephens9966@proton.me,+11908320305,1998-11-12,US,2021-05-29T07:54:20
2887,Doireann O'Rourke,doireann.orourke4848@outlook.com,+3539601946400,2000-05-19,IE,2021-11-14T17:04:05
2888,Ralph Pena,ralph.pena1739@hotmail.com,+14482915946,1948-02-19,US,2024-06-02T00:35:44
2889,Züleyha Savaş,zuleyha.savas8576@icloud.com,+903916477900,1972-12-09,TR,2022-06-27T12:42:38
2890,Theo Castro,theo.castro6415@hotmail.com,+552222457250,2004-03-25,BR,2022-04-24T07:12:42
2891,Ravi Garg,ravi.garg7268@proton.me,+914100690329,1998-03-08,IN,2021-11-13T06:31:05
2892,Flynn Clarke,flynn.clarke2458@outlook.com,+616817021826,1985-09-04,AU,2024-02-12T04:05:15
2893,Julia Lehmann,julia.lehmann6031@outlook.com,+498980252285,1955-08-02,DE,2024-10-23T00:01:15
2894,Kateryna Gerasymenko,kateryna.gerasymenko8253@gmail.com,+3803460299135,1960-10-12,UA,2023-02-13T20:37:36
2895,Roy O'Brien,roy.obrien6804@icloud.com,+18816448111,1991-01-01,US,2025-10-18T15:11:23
2896,Eloïse Morel,eloise.morel6984@outlook.com,+332459976391,1970-12-07,FR,2022-08-27T16:54:42
2897,Dulce Maldonado,dulce.maldonado2276@yahoo.com,+524502340798,1974-03-18,MX,2026-03-26T22:40:07
2898,Aisling Nash,aisling.nash9792@icloud.com,+445609411345,1994-10-30,GB,2024-04-12T21:27:46
2899,Susanne Schwarz,susanne.schwarz8897@yahoo.com,+495760079627,1989-01-20,DE,2023-06-23T23:55:20
2900,Willie Arnold,willie.arnold560@yahoo.com,+18681417927,1996-04-30,US,2022-04-16T12:30:44
2901,Zoé Roux,zoe.roux9260@outlook.com,+334872429665,1959-03-30,FR,2025-07-01T19:10:59
2902,Maxwell Espinoza,maxwell.espinoza4393@icloud.com,+14487226224,1957-05-25,US,2025-09-13T06:55:31
2903,Seiya Shimizu,seiya.shimizu218@proton.me,+819092599062,1989-02-05,JP,2025-03-03T01:03:35
2904,Noa Molina,noa.molina6531@icloud.com,+343471267367,1946-08-07,ES,2026-04-14T05:23:55
2905,Agatha de Souza,agatha.desouza4306@icloud.com,+554303020286,1992-11-14,BR,2025-01-06T13:57:15
2906,Marilyn Holmes,marilyn.holmes4034@outlook.com,+11487168787,1990-02-16,US,2023-03-06T09:12:17
2907,Jadwiga Szymczak,jadwiga.szymczak7987@hotmail.com,+484754728172,1997-11-25,PL,2023-01-06T01:43:13
2908,Alfredo De Angelis,alfredo.deangelis2541@hotmail.com,+395229682680,1988-11-03,IT,2022-08-30T23:05:37
2909,Rogelio Herrera,rogelio.herrera5392@gmail.com,+525859718630,1948-02-09,MX,2023-10-31T11:57:36
2910,Sawyer West,sawyer.west2075@icloud.com,+14217860891,1998-10-18,CA,2026-01-25T22:58:54
2911,Esmeralda López,esmeralda.lopez1754@icloud.com,+526411550899,1953-10-20,MX,2025-04-17T05:16:21
2912,Meena Shah,meena.shah3879@yahoo.com,+912069941411,1972-09-02,IN,2021-10-14T06:46:20
2913,Malwina Bednarek,malwina.bednarek4349@gmail.com,+489359014583,1950-01-25,PL,2022-07-08T00:05:12
2914,Jorge Cruz,jorge.cruz6898@icloud.com,+524275038625,2005-05-01,MX,2022-08-19T19:17:56
2915,Benedito Rocha,benedito.rocha5300@proton.me,+558365155549,1946-09-06,BR,2022-10-17T15:34:49
2916,Rosa Santana,rosa.santana9452@outlook.com,+342299059641,1983-08-15,ES,2024-02-16T21:07:14
2917,Lina Aubry,lina.aubry7179@outlook.com,+331749915451,1954-10-19,FR,2021-10-22T11:55:51
2918,Nisreen Al Saadi,nisreen.alsaadi3067@hotmail.com,+9711928174278,1987-04-29,AE,2022-07-31T06:04:04
2919,Adriaan Groot,adriaan.groot1773@icloud.com,+313083883133,1965-02-08,NL,2025-04-07T16:02:04
2920,Yufang Mak,yufang.mak5552@outlook.com,+657150475842,1976-02-04,SG,2024-06-04T01:18:31
2921,Mika Furukawa,mika.furukawa8581@icloud.com,+812271233169,1966-02-15,JP,2023-10-17T09:42:42
2922,Fe López,fe.lopez9367@hotmail.com,+343312491399,1957-09-26,ES,2024-11-07T01:19:38
2923,Bonnie Watts,bonnie.watts5052@yahoo.com,+447514314647,1975-11-04,GB,2022-04-07T23:53:33
2924,Kai Wen Cheng,kaiwen.cheng6349@yahoo.com,+658897396408,1946-08-31,SG,2024-07-18T16:07:54
2925,Leonard Wilk,leonard.wilk7645@hotmail.com,+489336826129,2005-12-19,PL,2022-01-19T12:08:25
2926,Shashank Jain,shashank.jain5183@icloud.com,+915059129390,1951-05-21,IN,2021-07-10T23:48:43
2927,Lajwanti Chowdhury,lajwanti.chowdhury5046@yahoo.com,+917112850144,1984-05-03,IN,2023-08-14T15:53:46
2928,Robert Lang,robert.lang9663@gmail.com,+431889978614,2004-11-16,AT,2024-03-15T21:21:50
2929,Cuauhtémoc Hernández,cuauhtemoc.hernandez6658@outlook.com,+525183203405,2002-12-25,MX,2025-07-30T01:19:07
2930,Ivy Hogan,ivy.hogan7231@hotmail.com,+15633951198,1996-09-14,CA,2022-02-07T16:29:19
2931,Jade Harvey,jade.harvey1147@gmail.com,+611675801913,1947-05-18,AU,2023-04-20T14:38:56
2932,Christoph Braun,christoph.braun5365@icloud.com,+494836489634,1969-10-10,DE,2024-03-12T23:18:48
2933,Salah Al Hashmi,salah.alhashmi7931@outlook.com,+9713658011290,1979-11-15,AE,2025-07-01T17:21:52
2934,Kouta Yoneyama,kouta.yoneyama9088@yahoo.com,+814558967113,2007-02-24,JP,2023-06-21T03:19:03
2935,Bethan Dixon,bethan.dixon3407@yahoo.com,+448124367322,1990-03-13,GB,2024-08-27T03:37:13
2936,Andrea Stockinger,andrea.stockinger3904@proton.me,+432639223698,1966-12-29,AT,2024-03-05T07:07:50
2937,Davide De Vito,davide.devito4215@outlook.com,+394633858278,1997-03-26,IT,2026-01-26T23:59:59
2938,Márcio Mendes,marcio.mendes1342@proton.me,+559468349574,1990-10-22,BR,2021-11-25T10:07:55
2939,Eva Neri,eva.neri128@yahoo.com,+392077141202,1977-04-26,IT,2022-02-06T18:21:52
2940,Marita Köhler,marita.kohler6559@proton.me,+499093651034,1982-05-24,DE,2025-01-20T23:01:52
2941,Willow Davis,willow.davis2035@yahoo.com,+442233020148,1983-06-03,GB,2022-03-11T16:37:49
2942,Mykola Tkach,mykola.tkach5746@hotmail.com,+3809972466521,1983-12-27,UA,2023-09-28T03:40:01
2943,Tunç Aktaş,tunc.aktas4588@proton.me,+906815976763,1971-10-26,TR,2025-04-24T13:48:49
2944,Anthony Flores,anthony.flores6011@proton.me,+12474871481,1965-03-23,US,2024-05-05T18:16:11
2945,Fátima Maia,fatima.maia50@gmail.com,+3511838035898,1952-05-05,PT,2022-07-16T14:05:31
2946,Trinity Garza,trinity.garza1470@icloud.com,+15511947729,1995-11-30,US,2026-03-22T21:47:27
2947,Geeta Sen,geeta.sen8049@gmail.com,+917770007477,1991-11-07,IN,2024-07-05T21:55:03
2948,Natalia Smith,natalia.smith4245@gmail.com,+14659405622,1962-12-30,US,2023-12-17T02:55:25
2949,Ntokozo Gerber,ntokozo.gerber5312@outlook.com,+274982789562,1959-08-27,ZA,2022-10-02T21:02:47
2950,Michael Pearson,michael.pearson8583@outlook.com,+443902788043,1975-05-18,GB,2022-08-15T17:23:24
2951,Shoichi Nomura,shoichi.nomura5934@hotmail.com,+818068149772,1987-11-07,JP,2022-03-12T14:36:33
2952,Mohan Chatterjee,mohan.chatterjee1022@gmail.com,+918255182204,1985-10-08,IN,2024-06-30T20:57:11
2953,Jakub Dudek,jakub.dudek4671@yahoo.com,+485971717496,1946-06-15,PL,2021-11-24T06:03:55
2954,Sandra Campos,sandra.campos2833@gmail.com,+347938729829,1952-09-07,ES,2022-12-26T10:22:42
2955,Lucy O'Brien,lucy.obrien1579@gmail.com,+612871146590,1975-08-31,AU,2024-11-12T13:37:00
2956,Manfred Schmidt,manfred.schmidt79@gmail.com,+497190356330,1962-02-05,DE,2022-05-12T22:10:38
2957,Hui Ling D'Silva,huiling.dsilva9902@gmail.com,+653319356773,1988-11-21,SG,2023-09-20T23:53:27
2958,Asher Berry,asher.berry3858@outlook.com,+13681320085,1961-11-02,CA,2021-05-21T20:20:22
2959,Nobuyuki Kamiya,nobuyuki.kamiya6538@proton.me,+813623710130,2003-12-25,JP,2023-08-18T13:37:28
2960,Ottavio Ferretti,ottavio.ferretti4021@proton.me,+393377616629,1996-01-03,IT,2023-03-01T00:46:57
2961,Miku Iwata,miku.iwata1485@yahoo.com,+812778409619,1985-03-26,JP,2024-08-16T17:51:07
2962,Parveen Sethi,parveen.sethi7643@yahoo.com,+917933689605,1988-08-12,IN,2022-10-05T11:30:22
2963,Bronwyn Hughes,bronwyn.hughes431@icloud.com,+442771527681,1955-05-24,GB,2021-05-18T10:08:11
2964,Wayne Reed,wayne.reed6792@yahoo.com,+441849874436,1984-07-18,GB,2023-09-18T09:35:08
2965,Brian Hunter,brian.hunter3451@hotmail.com,+15968853083,1961-07-28,CA,2023-09-22T20:39:45
2966,Xiaona An,xiaona.an725@hotmail.com,+864967873154,1992-12-01,CN,2022-04-06T15:37:30
2967,Jorge Herrero,jorge.herrero6289@proton.me,+345552196786,1994-05-10,ES,2021-09-06T13:24:25
2968,Kenneth Falk,kenneth.falk1833@outlook.com,+472528104908,1948-12-24,NO,2021-07-18T11:18:08
2969,Brigitte Dawson,brigitte.dawson6744@hotmail.com,+17251025581,1991-07-19,CA,2025-05-28T10:40:22
2970,Luigi Marino,luigi.marino1868@outlook.com,+396424211249,1992-06-15,IT,2025-11-23T00:23:48
2971,Griet Bruin,griet.bruin3730@yahoo.com,+315017718836,1978-02-23,NL,2023-06-13T03:03:45
2972,Judith Hawkins,judith.hawkins6218@outlook.com,+19234230702,1957-11-02,US,2022-02-20T11:11:28
2973,Ayesha Prasad,ayesha.prasad3780@hotmail.com,+917572566010,1998-03-31,IN,2024-09-12T02:34:55
2974,Bernardo Jiménez,bernardo.jimenez8308@gmail.com,+346937613084,1974-03-09,ES,2025-12-17T10:27:57
2975,Amber Wagner,amber.wagner4003@gmail.com,+15168467450,1995-05-06,CA,2021-08-06T22:59:45
2976,Richard Williamson,richard.williamson675@icloud.com,+11977662577,1970-02-20,US,2022-02-15T16:49:40
2977,Jackson Bradley,jackson.bradley7579@gmail.com,+11150122842,1976-10-17,US,2026-02-14T09:06:39
2978,Jeremy Turner,jeremy.turner9808@icloud.com,+18871670899,1972-11-01,US,2023-08-07T02:43:54
2979,Takeshi Tamura,takeshi.tamura6536@outlook.com,+812197691541,2003-02-21,JP,2024-04-06T16:48:15
2980,Elias Martin,elias.martin2648@outlook.com,+491016137175,1965-12-19,DE,2022-10-15T19:36:54
2981,Dong-myung Baek,dongmyung.baek6372@gmail.com,+821675228605,1955-12-01,KR,2025-04-20T08:56:21
2982,Prakash Yong,prakash.yong9697@gmail.com,+654690576166,1989-04-23,SG,2025-12-05T23:30:43
2983,Hayato Yagami,hayato.yagami4822@gmail.com,+812422070273,1950-07-30,JP,2024-07-25T02:04:49
2984,Fabien Thomas,fabien.thomas4397@proton.me,+326795048435,1990-04-18,BE,2021-08-12T06:02:04
2985,Carson Castillo,carson.castillo8707@gmail.com,+12774970080,1976-04-30,US,2022-10-21T16:15:57
2986,Sophie Lindsey,sophie.lindsey5692@outlook.com,+17609583071,1951-07-11,CA,2022-12-26T09:32:52
2987,Yuhua Mahmood,yuhua.mahmood6591@proton.me,+657675308520,1985-08-12,SG,2024-06-30T18:23:00
2988,Fritz Kupferschmid,fritz.kupferschmid1460@icloud.com,+413504149659,1965-07-13,CH,2025-04-22T21:27:33
2989,Jong-hyun Seo,jonghyun.seo4561@icloud.com,+821901845235,1984-09-16,KR,2025-05-31T21:53:42
2990,Otto Schneider,otto.schneider7938@gmail.com,+491570900961,1960-06-15,DE,2025-06-08T09:32:51
2991,Karima Al Shamsi,karima.alshamsi3698@hotmail.com,+9718246295224,1968-02-07,AE,2022-02-09T14:17:07
2992,Kristen Price,kristen.price9160@gmail.com,+12374053764,1965-07-08,US,2023-02-25T01:16:03
2993,Izabela Markiewicz,izabela.markiewicz319@outlook.com,+485267778820,1968-02-05,PL,2023-12-10T13:54:58
2994,Russell Teo,russell.teo2976@yahoo.com,+652168445440,1965-04-06,SG,2026-04-01T18:55:49
2995,Ghislaine Jacquet,ghislaine.jacquet7146@gmail.com,+336540593358,1998-10-12,FR,2025-07-02T07:33:11
2996,Anna Morris,anna.morris9780@hotmail.com,+17402236440,1984-12-07,US,2023-01-08T13:17:07
2997,Angela Pagano,angela.pagano1533@icloud.com,+391845133919,1974-03-10,IT,2024-05-07T23:54:37
2998,Ramya Rao,ramya.rao9679@outlook.com,+917935726410,1969-04-06,IN,2023-08-08T00:16:03
2999,Nigel Burns,nigel.burns9333@gmail.com,+448560155469,1948-02-06,GB,2024-04-13T19:05:25
3000,Monica Harvey,monica.harvey765@proton.me,+13322179755,1976-10-17,CA,2023-10-07T07:45:50
3001,Gonzalo Alonso,gonzalo.alonso2422@yahoo.com,+345089781154,1947-04-18,ES,2023-08-19T20:04:23
3002,Carrie Sims,carrie.sims5552@gmail.com,+17963689823,1982-12-06,US,2025-11-10T05:08:33
3003,Annika Weber,annika.weber398@gmail.com,+497739792344,1969-11-10,DE,2024-05-25T15:14:42
3004,Denise Dupont,denise.dupont547@icloud.com,+338162731418,1982-04-30,FR,2023-06-14T18:41:40
3005,Rafael Santana,rafael.santana1483@hotmail.com,+551847415547,1963-01-25,BR,2023-08-19T07:49:20
3006,Anjali Ganguly,anjali.ganguly7631@yahoo.com,+914370935121,1953-01-26,IN,2024-12-07T12:39:28
3007,Fabrice Vermeulen,fabrice.vermeulen7001@yahoo.com,+328304965163,1987-07-22,BE,2024-08-05T17:59:01
3008,Lucas Meyer,lucas.meyer7331@hotmail.com,+615057083992,1979-03-13,AU,2025-05-12T22:00:17
3009,Theodore Newman,theodore.newman2681@proton.me,+18083378249,1991-01-08,US,2024-04-03T00:34:05
3010,Luan Teixeira,luan.teixeira3340@outlook.com,+552475771036,1985-01-05,BR,2023-10-07T18:28:40
3011,Audrey Silva,audrey.silva9652@gmail.com,+11331720449,1974-08-17,US,2022-07-14T02:46:07
3012,Fatima Shetty,fatima.shetty6952@yahoo.com,+916657993469,1964-02-24,IN,2025-01-01T10:03:17
3013,Toby Mason,toby.mason1747@gmail.com,+618540172513,1991-10-22,AU,2024-04-18T21:39:22
3014,Monika Lang,monika.lang8746@outlook.com,+494520764030,1997-08-12,DE,2022-07-08T09:26:08
3015,Lovis Grahn,lovis.grahn5518@proton.me,+465382601892,1989-01-15,SE,2026-04-05T01:32:11
3016,Siri Lundström,siri.lundstrom6752@hotmail.com,+466862933010,1955-07-11,SE,2023-03-25T16:37:34
3017,Marcos Monteiro,marcos.monteiro9422@yahoo.com,+3516043190237,1978-04-28,PT,2024-08-08T03:09:15
3018,Felix Martin,felix.martin2995@gmail.com,+15138749681,1969-04-02,US,2025-04-03T06:19:50
3019,Ilse Schulz,ilse.schulz4290@icloud.com,+491961775250,1987-05-20,DE,2025-02-14T12:35:48
3020,Benjamin Solheim,benjamin.solheim300@outlook.com,+474143474630,2001-01-16,NO,2021-12-20T02:06:09
3021,Marina Vázquez,marina.vazquez8545@yahoo.com,+344168946130,2007-11-15,ES,2021-12-10T18:28:44
3022,Angela Smith,angela.smith2593@icloud.com,+444012297859,1974-10-06,GB,2021-07-25T04:55:33
3023,Surekha Aggarwal,surekha.aggarwal1517@yahoo.com,+913172663344,1990-07-27,IN,2024-05-15T02:53:04
3024,Peter Harte,peter.harte1741@yahoo.com,+3539337956154,2003-02-21,IE,2026-04-02T18:18:28
3025,Marlene Schulte,marlene.schulte8655@outlook.com,+492045057085,2001-09-25,DE,2022-11-09T18:12:12
3026,Øystein Solbakken,ystein.solbakken8640@yahoo.com,+477837318616,1951-12-16,NO,2024-05-08T07:12:55
3027,Mykhailo Pavlov,mykhailo.pavlov3079@icloud.com,+3806873180023,1993-05-03,UA,2021-08-25T09:59:33
3028,Amelia Sundström,amelia.sundstrom5639@yahoo.com,+463348901088,1964-12-13,SE,2025-12-02T21:01:12
3029,Guang Peng,guang.peng35@yahoo.com,+866026946934,2002-06-16,CN,2022-09-20T06:33:14
3030,Joaquim Azevedo,joaquim.azevedo3047@icloud.com,+556583428175,1985-06-13,BR,2021-10-01T22:48:45
3031,Makoto Sugimoto,makoto.sugimoto1757@proton.me,+817914568530,1979-04-18,JP,2024-08-15T04:42:49
3032,Dominik Schreiber,dominik.schreiber1733@icloud.com,+491094660953,1952-11-25,DE,2024-10-14T16:57:46
3033,Emil Pfeiffer,emil.pfeiffer4430@icloud.com,+498312111059,1948-06-19,DE,2023-10-27T12:33:07
3034,Ryan Santos,ryan.santos2849@gmail.com,+17875850415,1948-08-13,CA,2024-10-29T10:45:10
3035,Adrian Wiśniewski,adrian.wisniewski1722@yahoo.com,+487230165821,1959-07-03,PL,2022-12-23T05:27:50
3036,Paweł Makowski,pawe.makowski8144@hotmail.com,+489191997887,1980-04-12,PL,2024-01-24T08:13:10
3037,Isamu Kawaguchi,isamu.kawaguchi9045@hotmail.com,+819811761262,1947-04-29,JP,2024-01-23T14:34:42
3038,Synne Andersen,synne.andersen9732@gmail.com,+474176059750,1965-04-18,NO,2023-11-02T12:03:04
3039,Brody Spencer,brody.spencer2900@yahoo.com,+12369527257,1956-11-07,US,2022-03-26T08:53:02
3040,Keshav Sengupta,keshav.sengupta7976@yahoo.com,+918083076642,1960-01-25,IN,2021-10-02T20:49:39
3041,Fernando Reyes,fernando.reyes2@proton.me,+342923980534,1993-03-15,ES,2024-06-17T02:00:12
3042,Claudia Albanese,claudia.albanese4056@proton.me,+396646670761,1947-09-27,IT,2023-01-22T12:12:07
3043,Mark Maritz,mark.maritz3287@gmail.com,+272408656155,1974-04-09,ZA,2021-08-31T11:52:52
3044,Felix Wallin,felix.wallin3222@outlook.com,+466071043019,1972-06-28,SE,2023-09-07T15:21:10
3045,Bernardo Ventura,bernardo.ventura7862@hotmail.com,+395192521823,1973-01-31,IT,2025-02-19T16:24:39
3046,Lars Otto,lars.otto4845@hotmail.com,+498461231289,1991-02-20,DE,2024-07-21T08:15:28
3047,Renee De Groote,renee.degroote1112@icloud.com,+323849665521,1965-07-04,BE,2021-09-25T21:49:30
3048,Emma Pepe,emma.pepe8864@gmail.com,+391981430925,2004-01-12,IT,2025-11-30T16:04:19
3049,Ruth Román,ruth.roman8683@hotmail.com,+344149535249,1981-11-09,ES,2023-10-04T04:25:09
3050,Charlize Van Zyl,charlize.vanzyl90@outlook.com,+273624094711,1987-08-17,ZA,2022-01-09T08:39:36
3051,Asma Al Gurg,asma.algurg4534@outlook.com,+9713007027235,1965-11-02,AE,2025-12-15T08:03:50
3052,Leilani Sanchez,leilani.sanchez2099@proton.me,+12454377846,1988-04-29,US,2026-01-03T02:05:29
3053,Gabriela Guerreiro,gabriela.guerreiro8814@yahoo.com,+3515232955210,2005-04-14,PT,2023-03-19T05:26:16
3054,Mike Davies,mike.davies9822@icloud.com,+442509429441,1969-03-26,GB,2023-01-24T11:00:41
3055,Tanvi Rajput,tanvi.rajput5910@hotmail.com,+917097084238,1982-08-18,IN,2022-01-08T09:59:00
3056,Markus Hoffmann,markus.hoffmann138@proton.me,+499629668326,1963-02-09,DE,2026-01-27T05:33:02
3057,Hiroko Taniguchi,hiroko.taniguchi2660@proton.me,+817971397084,1987-08-05,JP,2022-01-28T02:51:31
3058,Georgia Reynolds,georgia.reynolds4933@hotmail.com,+441209916222,1994-07-20,GB,2022-07-07T23:45:38
3059,Julian Park,julian.park2768@outlook.com,+12459048366,2005-04-06,CA,2025-03-03T08:42:55
3060,Diane Crawford,diane.crawford3585@icloud.com,+13017041297,1947-10-07,CA,2022-04-27T12:42:43
3061,Adam Newton,adam.newton5189@hotmail.com,+18060340268,2004-04-03,CA,2024-01-14T20:31:42
3062,Marie Thomas,marie.thomas7919@yahoo.com,+15437651404,1958-07-01,US,2023-10-19T23:04:42
3063,Rylee Bell,rylee.bell313@gmail.com,+14703046333,1950-02-01,CA,2023-03-04T23:01:24
3064,Zoya Joshi,zoya.joshi6145@outlook.com,+912521263733,1964-05-18,IN,2022-04-25T22:45:39
3065,Fulya Yıldırım,fulya.yldrm2804@proton.me,+905342921607,1957-10-16,TR,2025-03-30T15:20:00
3066,Francisca Carrasco,francisca.carrasco1775@icloud.com,+342719723389,1971-08-28,ES,2024-08-06T10:24:13
3067,Herman Molde,herman.molde887@gmail.com,+477597568604,1986-10-22,NO,2022-07-09T01:18:33
3068,Heather Oliver,heather.oliver2833@gmail.com,+16389089877,1957-04-21,US,2021-07-09T11:31:44
3069,Jacques Dufour,jacques.dufour2664@icloud.com,+335360849260,2004-02-06,FR,2025-10-21T04:11:44
3070,Joe Jenkins,joe.jenkins9002@yahoo.com,+12250095147,1998-11-06,US,2024-12-01T06:12:01
3071,Sibel Kara,sibel.kara4199@yahoo.com,+904917821728,2003-11-29,TR,2024-02-27T21:18:12
3072,Valentina Henderson,valentina.henderson315@outlook.com,+15484802987,1974-03-15,US,2023-08-11T22:25:37
3073,Kenta Nishimura,kenta.nishimura5088@gmail.com,+815498557955,1985-12-10,JP,2022-05-15T10:43:43
3074,Abigail Carr,abigail.carr5343@outlook.com,+446152935463,1972-02-05,GB,2025-03-08T03:07:02
3075,Sandra Morgan,sandra.morgan6818@hotmail.com,+19247581434,1985-07-19,US,2021-10-14T20:50:13
3076,Cui Kang,cui.kang2229@hotmail.com,+863051314976,1961-10-30,CN,2024-06-16T08:54:19
3077,Claudio Quaranta,claudio.quaranta9958@outlook.com,+396400976192,1983-11-22,IT,2023-02-06T13:45:31
3078,Adrian Huang,adrian.huang4818@gmail.com,+657314553897,1964-06-25,SG,2024-07-13T15:34:26
3079,Bep Meier,bep.meier4934@proton.me,+313322234345,1988-02-07,NL,2023-01-06T05:46:45
3080,Vincent Germain,vincent.germain7085@outlook.com,+331481115809,2004-11-30,FR,2023-12-27T09:54:35
3081,Douglas Lawrence,douglas.lawrence6414@yahoo.com,+19415478603,1997-11-28,US,2024-10-02T22:31:00
3082,Linlin Long,linlin.long5217@proton.me,+869812156795,1993-08-09,CN,2025-09-28T08:21:53
3083,Gert Brown,gert.brown1250@icloud.com,+275701163426,1977-07-18,ZA,2025-06-09T15:02:13
3084,Paulina Leyva,paulina.leyva6246@gmail.com,+527893131892,2004-04-05,MX,2023-02-06T00:15:26
3085,Sheryl Johnson,sheryl.johnson2332@yahoo.com,+17666587457,1962-01-16,US,2022-01-14T11:31:27
3086,Dorothea Krämer,dorothea.kramer9137@hotmail.com,+492332183011,1954-04-04,DE,2021-09-18T05:51:58
3087,Piera Baldi,piera.baldi277@proton.me,+397490776370,1951-04-26,IT,2023-12-09T21:52:51
3088,Gauri Parida,gauri.parida696@hotmail.com,+914685575109,1972-03-05,IN,2025-06-07T08:59:59
3089,Joakim Steen,joakim.steen9299@hotmail.com,+473919736402,1986-12-22,NO,2022-12-27T06:04:19
3090,Kelsey Singh,kelsey.singh6096@gmail.com,+16043735135,1984-08-03,US,2025-05-01T02:05:44
3091,Bernd Müller,bernd.muller476@hotmail.com,+497739607024,1984-07-17,DE,2022-04-28T16:31:48
3092,Eliseu Bezerra,eliseu.bezerra1303@icloud.com,+557776360047,1952-06-20,BR,2024-06-09T14:47:54
3093,Alexander Burke,alexander.burke6188@hotmail.com,+19322500777,1970-08-07,US,2021-05-31T18:30:05
3094,Marit Mol,marit.mol4467@icloud.com,+317768043323,1973-05-01,NL,2024-11-18T22:39:22
3095,Geertruida Jacobs,geertruida.jacobs3014@outlook.com,+318433134145,1992-07-12,NL,2022-11-30T22:22:40
3096,Shailesh Vaidyanathan,shailesh.vaidyanathan9737@yahoo.com,+917186606624,1972-07-06,IN,2025-05-05T20:42:14
3097,Astrid Kristiansson,astrid.kristiansson7389@outlook.com,+468549714689,1977-12-08,SE,2022-03-19T15:02:58
3098,Quinn Hendriks,quinn.hendriks2494@gmail.com,+312439868213,1974-02-19,NL,2022-06-15T22:43:09
3099,Sebastian Bennett,sebastian.bennett6286@icloud.com,+13239859274,1996-05-29,CA,2023-03-20T03:05:36
3100,Witold Jakubowski,witold.jakubowski3571@proton.me,+488861603209,1947-02-25,PL,2024-08-05T15:54:36
3101,Zlata Panchenko,zlata.panchenko7329@gmail.com,+3806696364217,1993-11-23,UA,2023-09-19T12:11:32
3102,Hitoshi Sugawara,hitoshi.sugawara8441@gmail.com,+818555178275,1946-05-19,JP,2024-11-26T13:46:40
3103,Jerzy Kasprzak,jerzy.kasprzak1204@yahoo.com,+486876438168,1985-11-18,PL,2021-07-23T17:30:35
3104,Nicole Berger,nicole.berger2068@yahoo.com,+339200284099,1982-06-13,FR,2021-11-15T18:31:11
3105,Stanley Hughes,stanley.hughes3703@yahoo.com,+444384324864,1998-08-23,GB,2025-01-04T05:36:55
3106,Lauren Mills,lauren.mills3027@outlook.com,+16723609613,1991-01-16,US,2021-06-17T20:18:26
3107,Tara West,tara.west208@hotmail.com,+18578210134,1978-11-23,US,2025-07-15T07:08:22
3108,Eleanor Mcdonald,eleanor.mcdonald6766@hotmail.com,+449033149532,1991-09-06,GB,2024-06-18T14:15:19
3109,Kgomotso Visser,kgomotso.visser3822@yahoo.com,+276524866246,2003-10-20,ZA,2021-10-15T23:14:30
3110,Léna Le Gall,lena.legall4020@yahoo.com,+335601331188,1954-01-12,FR,2022-07-12T14:20:27
3111,Rocco Guerra,rocco.guerra2546@outlook.com,+395163921901,1951-12-13,IT,2022-11-15T16:37:26
3112,George McCarthy,george.mccarthy3642@outlook.com,+447661029630,1959-11-08,GB,2024-07-22T23:35:34
3113,Avni Qureshi,avni.qureshi3175@icloud.com,+916787350566,1968-01-17,IN,2025-05-03T20:05:10
3114,Logan Wong,logan.wong1938@yahoo.com,+15063731953,2003-10-09,US,2025-01-17T21:15:23
3115,Fuma Ito,fuma.ito1819@hotmail.com,+812764188442,1977-04-25,JP,2024-05-04T19:18:09
3116,Mariano Vinci,mariano.vinci2204@hotmail.com,+394312180465,1969-02-21,IT,2023-07-29T10:21:31
3117,Agnete Frandsen,agnete.frandsen4204@outlook.com,+457083404418,1956-01-04,DK,2025-03-01T08:42:31
3118,Étienne Prevost,etienne.prevost3398@gmail.com,+338428519501,2006-02-05,FR,2024-08-30T18:14:36
3119,Beverly Nunez,beverly.nunez6975@icloud.com,+19641861828,1992-04-12,US,2024-11-25T06:27:09
3120,Silas Wallace,silas.wallace3916@icloud.com,+13013327910,1971-11-11,US,2021-09-29T16:43:54
3121,Lucas Hubert,lucas.hubert9179@icloud.com,+333384762628,1982-10-31,FR,2023-04-27T17:17:21
3122,Summer Matthews,summer.matthews7069@gmail.com,+618557818481,1960-07-15,AU,2023-04-17T04:06:50
3123,Graham Tucker,graham.tucker19@yahoo.com,+441500682102,1970-09-23,GB,2022-08-06T09:49:10
3124,Sophia Hansen,sophia.hansen5155@gmail.com,+16376331442,1985-06-11,US,2025-08-16T00:06:04
3125,Norman Simpson,norman.simpson3784@icloud.com,+447526952029,1992-10-01,GB,2022-11-03T18:05:01
3126,Bin Lu,bin.lu3556@hotmail.com,+869206535640,1952-10-27,CN,2024-07-21T11:16:22
3127,Mini Mittal,mini.mittal4455@icloud.com,+917338144068,1985-03-31,IN,2024-12-16T04:22:20
3128,Lucas Miller,lucas.miller3005@yahoo.com,+17656563267,1957-10-17,US,2023-08-04T09:16:03
3129,Hudson Morris,hudson.morris2612@hotmail.com,+13578494412,1969-06-27,CA,2022-02-27T04:32:02
3130,Emil Majewski,emil.majewski5649@icloud.com,+483510845984,1999-05-27,PL,2023-03-10T15:34:10
3131,Louis Kelly,louis.kelly4157@yahoo.com,+446535121792,2008-05-14,GB,2023-12-13T06:02:00
3132,Liam Walsh,liam.walsh8288@icloud.com,+3536636059011,1969-04-27,IE,2025-06-02T19:23:38
3133,Guillaume Charles,guillaume.charles7804@gmail.com,+336541759501,1990-06-12,FR,2024-08-15T21:22:28
3134,Marta Zalewski,marta.zalewski3740@hotmail.com,+482030404868,2003-11-10,PL,2022-09-18T08:27:43
3135,Layla Barker,layla.barker7392@hotmail.com,+611476021007,1961-12-29,AU,2025-03-28T06:37:06
3136,Cristina Aragão,cristina.aragao5705@hotmail.com,+553818181175,2006-03-02,BR,2023-05-27T14:02:21
3137,Tiffany Burns,tiffany.burns7110@hotmail.com,+16118160732,2005-06-17,US,2021-11-27T13:02:15
3138,Ismael Martín,ismael.martin8626@gmail.com,+343135621850,1983-05-21,ES,2021-11-24T02:23:32
3139,Elena Rossi,elena.rossi8046@icloud.com,+394383232902,1965-09-12,IT,2025-03-27T10:59:45
3140,Zlata Tkachenko,zlata.tkachenko8110@outlook.com,+3803903925881,1957-08-12,UA,2026-03-23T05:52:18
3141,Makayla Zimmerman,makayla.zimmerman6023@icloud.com,+11028170886,1965-07-09,US,2022-01-13T21:20:58
3142,Gianfranco Innocenti,gianfranco.innocenti5086@hotmail.com,+395358562169,1967-03-02,IT,2021-07-07T19:27:33
3143,Isla Fournier,isla.fournier1602@proton.me,+11535234330,1952-05-27,CA,2023-11-05T05:09:19
3144,Shinji Okubo,shinji.okubo738@outlook.com,+818793908016,1952-08-20,JP,2025-07-19T20:56:06
3145,Betty Robertson,betty.robertson4248@outlook.com,+11342853061,1965-06-10,CA,2023-07-19T08:07:06
3146,Sabine Weiß,sabine.wei3402@gmail.com,+499151060448,1985-07-28,DE,2022-03-22T10:37:06
3147,Quinn Mendez,quinn.mendez4792@icloud.com,+19773806846,1998-06-24,US,2021-06-20T20:48:45
3148,Luke Cummings,luke.cummings4910@yahoo.com,+17460616408,1959-01-20,CA,2023-10-01T08:07:52
3149,Mikołaj Kalinowski,mikoaj.kalinowski7720@yahoo.com,+483592608660,2005-06-03,PL,2024-04-02T14:54:54
3150,Malini Gupta,malini.gupta8851@proton.me,+918299337025,1987-04-15,IN,2025-04-13T20:02:00
3151,Charlotte Dietrich,charlotte.dietrich7835@gmail.com,+493202822107,1988-01-29,DE,2023-09-22T05:47:32
3152,Rosalba Contreras,rosalba.contreras4067@hotmail.com,+527059952909,2004-08-06,MX,2023-09-15T06:04:03
3153,Margaux Francois,margaux.francois532@outlook.com,+328616758368,1974-05-09,BE,2024-11-03T02:09:01
3154,Milana Yurchenko,milana.yurchenko2489@proton.me,+3802376629250,1975-01-09,UA,2023-03-25T06:02:20
3155,Bernice Henry,bernice.henry9443@hotmail.com,+16283435795,1970-03-16,US,2022-02-21T20:24:38
3156,Sarthak Bhandari,sarthak.bhandari8020@hotmail.com,+919935746748,1991-01-23,IN,2025-01-06T01:37:57
3157,Elliot Johnston,elliot.johnston5303@proton.me,+611811663570,1947-10-05,AU,2023-01-02T15:16:11
3158,René Baumann,rene.baumann2189@hotmail.com,+417806085463,1976-03-15,CH,2024-01-01T17:15:09
3159,Bobby Sutherland,bobby.sutherland7265@yahoo.com,+448518791959,1991-05-27,GB,2023-04-21T08:46:17
3160,Aarav Nayak,aarav.nayak9314@yahoo.com,+918653911267,1979-02-12,IN,2024-05-21T01:31:21
3161,Carol Lawrence,carol.lawrence4135@gmail.com,+615547146479,1964-04-23,AU,2023-03-12T22:25:04
3162,Cesare Amato,cesare.amato7896@outlook.com,+398506467111,1985-05-19,IT,2026-03-05T21:12:00
3163,Brooke Carroll,brooke.carroll6467@hotmail.com,+12049779866,1970-05-27,US,2025-06-26T23:03:54
3164,Pepa Méndez,pepa.mendez8735@yahoo.com,+348746059253,1979-07-27,ES,2024-01-12T23:45:50
3165,Eric Griffin,eric.griffin178@outlook.com,+443017107741,1978-09-17,GB,2022-02-17T16:26:56
3166,Nandita Ghosh,nandita.ghosh9448@icloud.com,+914986803681,1968-03-20,IN,2024-04-17T09:57:50
3167,Viktoriia Ivanenko,viktoriia.ivanenko9343@gmail.com,+3802915590291,1989-12-25,UA,2024-03-02T03:16:21
3168,Damian Graham,damian.graham1313@gmail.com,+18345055770,2003-11-29,US,2023-01-31T04:55:29
3169,Charlotte Markström,charlotte.markstrom9139@outlook.com,+469450724790,1963-10-29,SE,2024-11-30T03:09:57
3170,Tanmay Bansal,tanmay.bansal6429@gmail.com,+918527256888,1980-08-23,IN,2025-10-12T12:12:21
3171,Carmen Gómez,carmen.gomez4470@gmail.com,+344889552527,1976-12-23,ES,2024-02-23T14:45:36
3172,Leo Brooks,leo.brooks983@yahoo.com,+18302747005,1969-08-25,US,2024-06-12T14:08:21
3173,Anna Andrzejewski,anna.andrzejewski2491@gmail.com,+487626155943,1988-01-20,PL,2025-05-08T01:26:11
3174,Teun Verhoeven,teun.verhoeven7511@icloud.com,+319430255850,1999-02-26,NL,2024-06-28T17:42:10
3175,Anastasia Zhuk,anastasia.zhuk6110@gmail.com,+3807484466407,1983-08-05,UA,2021-07-09T19:27:51
3176,Bella McDonald,bella.mcdonald6865@yahoo.com,+17721202717,1999-04-25,US,2023-01-10T20:47:15
3177,Sami Al Abdulla,sami.alabdulla9547@yahoo.com,+9718909389854,1995-01-02,AE,2026-03-20T16:22:51
3178,Daniël Mulder,daniel.mulder3117@hotmail.com,+311767257468,1966-10-19,NL,2025-02-23T04:24:05
3179,Dieter Arnold,dieter.arnold4364@gmail.com,+492933788321,1970-01-07,DE,2022-09-04T16:37:09
3180,Walter Thompson,walter.thompson9822@icloud.com,+449243377128,1995-09-07,GB,2022-05-22T22:33:47
3181,Amelia Hammond,amelia.hammond8893@proton.me,+447992159409,1950-07-26,GB,2022-12-18T07:26:37
3182,Taylor Reid,taylor.reid8765@gmail.com,+13170446805,1969-09-22,US,2023-04-01T11:16:00
3183,Ashok Ramachandran,ashok.ramachandran2957@yahoo.com,+919712983621,1950-01-14,IN,2025-08-09T20:24:45
3184,Gerald Marsh,gerald.marsh1981@hotmail.com,+446511111963,1963-04-26,GB,2025-01-29T05:43:03
3185,Myriam Durand,myriam.durand1825@proton.me,+332939027314,2007-12-08,FR,2022-01-16T19:28:23
3186,Bentley Manning,bentley.manning4009@proton.me,+12115534462,1963-11-03,US,2022-12-05T13:10:44
3187,Ivy Dixon,ivy.dixon9666@outlook.com,+15919033172,1973-07-31,US,2026-04-21T18:00:27
3188,Abhijeet Naidu,abhijeet.naidu8448@hotmail.com,+918677669688,1997-07-05,IN,2026-03-27T22:56:29
3189,Olaf Włodarczyk,olaf.wodarczyk3677@icloud.com,+484744575177,1969-12-01,PL,2021-06-16T16:51:27
3190,Kunal Sawant,kunal.sawant771@gmail.com,+912433979650,1987-09-01,IN,2023-01-08T02:20:53
3191,Ihor Prykhodko,ihor.prykhodko36@outlook.com,+3807772935511,2007-04-24,UA,2025-09-11T03:20:52
3192,Bogumił Smoliński,bogumi.smolinski2257@proton.me,+486245910642,2000-06-23,PL,2022-03-07T22:58:23
3193,Dennis Ibrahim,dennis.ibrahim3546@icloud.com,+658048150534,1999-06-14,SG,2022-04-15T23:18:19
3194,Lova Holmqvist,lova.holmqvist4357@gmail.com,+463742646778,1952-03-10,SE,2025-11-25T00:05:23
3195,Peter Munoz,peter.munoz9454@icloud.com,+12330949983,1979-08-28,US,2021-10-20T05:46:44
3196,Mxolisi Fourie,mxolisi.fourie8869@yahoo.com,+274654055250,1998-08-29,ZA,2021-07-06T00:13:20
3197,Elias Johnson,elias.johnson8681@proton.me,+611082525166,1949-12-20,AU,2026-04-07T17:27:30
3198,Fabrizio Montanari,fabrizio.montanari4832@gmail.com,+393845282248,1986-11-17,IT,2022-08-12T07:02:32
3199,Dex Huisman,dex.huisman3466@gmail.com,+311575149937,1993-06-29,NL,2021-08-23T16:58:40
3200,Sara D'Amico,sara.damico2095@proton.me,+395545074224,1964-11-22,IT,2025-05-31T08:23:24
3201,Yann Chevalier,yann.chevalier8855@proton.me,+334705437028,1948-08-14,FR,2021-11-30T15:30:44
3202,Guusje van den Berg,guusje.vandenberg8816@yahoo.com,+311421752235,1968-06-15,NL,2023-05-05T10:49:18
3203,Ivan Weber,ivan.weber6654@icloud.com,+554787822783,2000-02-20,BR,2022-01-04T04:30:27
3204,Luis Vega,luis.vega5917@yahoo.com,+343376527685,1947-12-20,ES,2024-09-28T01:53:53
3205,Isabella Peters,isabella.peters8359@icloud.com,+619286685886,1962-08-05,AU,2026-03-25T01:23:34
3206,Hee-ae Ha,heeae.ha3413@hotmail.com,+825777736972,1956-12-09,KR,2026-01-02T18:32:10
3207,Eva Alvarado,eva.alvarado1468@icloud.com,+528029862936,1978-08-05,MX,2026-01-16T19:14:31
3208,Brianna Robinson,brianna.robinson8012@proton.me,+3533355875609,1947-01-09,IE,2021-11-19T04:33:28
3209,Roksana Ostrowski,roksana.ostrowski7835@icloud.com,+487337814550,1974-09-14,PL,2026-01-08T05:42:48
3210,Matt Cole,matt.cole5173@outlook.com,+448958506199,1946-12-02,GB,2022-01-13T20:13:25
3211,Shimpei Yano,shimpei.yano7257@yahoo.com,+819526359158,1974-04-23,JP,2021-09-01T02:08:28
3212,Shigeru Morishita,shigeru.morishita2416@outlook.com,+812148254818,1970-05-16,JP,2022-09-26T19:33:44
3213,Erica Sanders,erica.sanders9915@outlook.com,+16847997602,1947-07-22,US,2021-11-10T11:43:55
3214,Mireille Rey,mireille.rey8459@proton.me,+331682974050,1960-08-11,FR,2024-02-27T00:11:32
3215,Agustín Merino,agustin.merino5735@icloud.com,+349994745696,1992-10-20,ES,2026-01-02T20:21:01
3216,Miriam Reis,miriam.reis5767@gmail.com,+559353917684,1966-03-11,BR,2023-04-08T20:29:25
3217,Juhani Leppänen,juhani.leppanen6907@yahoo.com,+3585967606976,1985-04-13,FI,2022-06-08T14:13:36
3218,Zachary Wright,zachary.wright5969@gmail.com,+15802575788,1999-11-13,US,2021-05-31T11:42:07
3219,Callum Bradley,callum.bradley3706@gmail.com,+448712200559,1972-03-14,GB,2025-03-05T20:23:02
3220,Emil Malmgren,emil.malmgren132@outlook.com,+462046475560,2006-06-19,SE,2023-07-26T08:10:05
3221,Helga Schmitz,helga.schmitz6521@outlook.com,+495968696331,1997-07-14,DE,2023-03-27T15:38:09
3222,Fernanda Moreno,fernanda.moreno2623@hotmail.com,+524044313705,1975-05-19,MX,2023-06-22T04:25:52
3223,Indira Mohanty,indira.mohanty1994@proton.me,+919584256214,1996-03-14,IN,2022-04-28T16:45:53
3224,Richard King,richard.king9793@hotmail.com,+11457418025,1948-04-25,CA,2023-12-05T14:26:42
3225,Everly Snyder,everly.snyder1926@outlook.com,+12944992119,1949-07-08,US,2024-05-28T00:59:27
3226,Veerle Simon,veerle.simon1677@yahoo.com,+328429240585,1961-11-22,BE,2023-08-09T14:19:47
3227,Aria Richardson,aria.richardson4933@outlook.com,+619372021219,1978-09-30,AU,2025-01-01T05:03:47
3228,Alyssa Owens,alyssa.owens3171@icloud.com,+19224878376,1979-03-18,US,2022-10-25T11:01:46
3229,Momoe Sano,momoe.sano1329@icloud.com,+816349732365,1996-06-06,JP,2025-02-06T17:14:01
3230,Loïc Leuenberger,loic.leuenberger8798@yahoo.com,+417618447581,1998-08-08,CH,2023-07-04T06:54:06
3231,Vincent Fox,vincent.fox4586@icloud.com,+444979552017,1990-02-18,GB,2021-09-09T09:22:18
3232,Mandakini Singhal,mandakini.singhal6665@yahoo.com,+916872017384,2002-09-15,IN,2021-08-01T14:48:55
3233,Krystian Czech,krystian.czech4908@gmail.com,+484076993998,1985-07-13,PL,2022-12-18T21:46:44
3234,Hamzah Wang,hamzah.wang9054@yahoo.com,+659861263734,1977-06-02,SG,2024-11-30T23:49:43
3235,Dorota Piotrowski,dorota.piotrowski4102@yahoo.com,+484459838591,1991-07-15,PL,2021-06-10T21:46:25
3236,Élise Henry,elise.henry5927@proton.me,+336016793480,1992-08-12,FR,2023-06-23T14:27:51
3237,Violet Cannon,violet.cannon9766@hotmail.com,+12516494546,1964-08-26,CA,2025-02-26T16:49:03
3238,Grayson Gilbert,grayson.gilbert4131@icloud.com,+13680187554,1955-08-12,CA,2023-10-02T13:52:17
3239,Aiko Komiyama,aiko.komiyama7589@proton.me,+811495787444,1984-06-17,JP,2024-10-13T22:19:39
3240,Zygmunt Kalinowski,zygmunt.kalinowski9390@hotmail.com,+481096541641,1999-10-12,PL,2026-05-08T20:11:13
3241,Vadym Litvinenko,vadym.litvinenko6604@icloud.com,+3805117665735,1973-06-07,UA,2023-08-11T13:18:48
3242,Leonard Mann,leonard.mann8827@gmail.com,+15957575576,1971-09-02,CA,2022-12-24T19:00:08
3243,Heorhiy Semenko,heorhiy.semenko3902@proton.me,+3802060093912,1999-03-11,UA,2021-12-08T12:05:49
3244,Zoe Phillips,zoe.phillips5213@proton.me,+618201833735,1957-06-13,AU,2021-12-30T13:35:25
3245,Ella Crawford,ella.crawford7003@gmail.com,+619590175051,1981-06-17,AU,2022-03-21T16:42:43
3246,Elfriede Haas,elfriede.haas96@yahoo.com,+493159826699,1951-04-21,DE,2023-04-23T09:22:35
3247,Amanda Armstrong,amanda.armstrong5998@proton.me,+618371718331,1948-12-06,AU,2022-05-01T23:04:31
3248,Aoibhe Hughes,aoibhe.hughes1129@proton.me,+3534473355954,1964-04-20,IE,2022-08-21T20:56:59
3249,Lillian Cunningham,lillian.cunningham5300@hotmail.com,+15630226074,1967-10-05,US,2021-12-19T22:56:03
3250,Geneviève Robin,genevieve.robin1516@outlook.com,+334573676777,1988-05-09,FR,2022-08-17T06:33:44
3251,Gabriella Goodwin,gabriella.goodwin9592@icloud.com,+441596182345,1949-11-23,GB,2021-06-23T13:46:03
3252,Asahi Saito,asahi.saito3550@outlook.com,+812993658931,1989-08-07,JP,2021-12-22T05:47:10
3253,Pauline Patel,pauline.patel5143@gmail.com,+16389317609,1998-06-25,US,2023-04-27T22:45:36
3254,Joep Boer,joep.boer7224@hotmail.com,+316900814052,2000-09-15,NL,2025-02-09T18:10:47
3255,Ava Murray,ava.murray1551@yahoo.com,+444348616533,2006-08-31,GB,2022-12-10T02:27:50
3256,Vincent Winkler,vincent.winkler8459@proton.me,+491767413353,1984-03-31,DE,2021-08-29T07:53:06
3257,Eleanor Goodwin,eleanor.goodwin1725@gmail.com,+15170909562,1970-07-14,US,2024-09-02T15:44:17
3258,Ariadna Sanz,ariadna.sanz3130@hotmail.com,+343665626524,1949-03-31,ES,2025-10-06T21:43:28
3259,Veronika Kulyk,veronika.kulyk2599@proton.me,+3806514786963,1994-05-28,UA,2024-05-05T02:00:46
3260,David Murphy,david.murphy2676@hotmail.com,+17717312913,1964-11-17,US,2025-07-25T13:34:22
3261,Belén Ramírez,belen.ramirez2614@icloud.com,+348456794969,1992-03-27,ES,2021-09-16T11:05:59
3262,Aldo Castelli,aldo.castelli6499@yahoo.com,+392840609809,1999-11-29,IT,2023-04-04T05:52:43
3263,Talulla O'Donnell,talulla.odonnell9573@yahoo.com,+3538154615150,1984-02-28,IE,2023-12-14T06:09:10
3264,Luna Stevens,luna.stevens3179@proton.me,+11195616214,2000-11-08,US,2022-08-20T06:14:03
3265,Damian Lloyd,damian.lloyd5916@yahoo.com,+448462870211,1960-11-30,GB,2022-11-12T22:13:46
3266,Şirin Sönmez,sirin.sonmez9153@proton.me,+902096213410,2005-01-09,TR,2022-10-19T02:39:28
3267,Felipe Gómez,felipe.gomez5054@hotmail.com,+526027464549,1966-04-02,MX,2021-08-07T22:29:38
3268,Vidar Aasen,vidar.aasen1666@icloud.com,+474979647115,1968-04-29,NO,2024-12-08T20:46:00
3269,Roberta Benedetti,roberta.benedetti5567@yahoo.com,+394346067237,1967-05-06,IT,2024-10-03T12:00:13
3270,Hannah Schmid,hannah.schmid8127@hotmail.com,+496505337276,1990-11-27,DE,2021-06-12T14:26:30
3271,Volker Schwarz,volker.schwarz8277@outlook.com,+495921773811,1980-09-04,DE,2022-02-03T17:38:21
3272,Mariya Stetsenko,mariya.stetsenko9107@hotmail.com,+3803833102201,2007-05-05,UA,2024-08-26T20:29:30
3273,Louie Shaw,louie.shaw1721@icloud.com,+449816611617,1999-04-25,GB,2022-05-11T05:39:44
3274,Nicole Rosa,nicole.rosa8012@yahoo.com,+558846996386,1984-09-22,BR,2023-02-28T12:00:04
3275,Faith Woods,faith.woods2210@yahoo.com,+12006637348,1968-02-23,US,2023-07-03T19:44:50
3276,Xiao Ling Yusof,xiaoling.yusof9626@hotmail.com,+655144672910,2004-12-17,SG,2021-06-22T03:33:09
3277,Sebastián Santiago,sebastian.santiago6834@yahoo.com,+347783101707,1979-11-07,ES,2024-04-08T15:27:44
3278,Gabriele Richter,gabriele.richter5742@hotmail.com,+492537320689,2003-07-31,DE,2025-12-04T23:34:12
3279,Flora Leitner,flora.leitner9876@outlook.com,+439090450765,1985-05-01,AT,2022-05-28T13:54:17
3280,Masato Fujita,masato.fujita9203@hotmail.com,+812517022068,1995-09-11,JP,2025-07-14T16:40:06
3281,Kamala Raghavan,kamala.raghavan3890@proton.me,+915419627250,1981-09-11,IN,2021-09-29T12:30:33
3282,Tamiko Ueno,tamiko.ueno2020@yahoo.com,+818455940384,1979-07-23,JP,2021-05-18T15:32:17
3283,Zoe Campbell,zoe.campbell5265@yahoo.com,+12548925935,1967-12-08,CA,2024-04-04T09:01:19
3284,Edson da Silva,edson.dasilva2888@icloud.com,+553415698022,1971-11-10,BR,2026-04-10T05:16:36
3285,Sophie Wagner,sophie.wagner738@outlook.com,+497682007975,2008-01-26,DE,2022-09-18T16:13:30
3286,Kaushalya Lahiri,kaushalya.lahiri3472@gmail.com,+918964614840,1968-11-23,IN,2024-12-30T22:28:52
3287,Caroline Gonzales,caroline.gonzales4073@yahoo.com,+12140156749,1949-09-15,CA,2026-01-11T16:37:31
3288,Roopa Shukla,roopa.shukla8203@hotmail.com,+919346880778,1966-04-01,IN,2024-08-15T08:20:46
3289,Irene Seidel,irene.seidel1338@icloud.com,+498055427719,1964-07-25,DE,2022-08-09T14:38:18
3290,Romy Horn,romy.horn7969@hotmail.com,+493910495660,1970-12-31,DE,2021-08-19T05:44:59
3291,Mary Murphy,mary.murphy3784@icloud.com,+612831197872,1979-07-04,AU,2025-04-06T02:29:19
3292,Mamosa Malan,mamosa.malan1203@hotmail.com,+276429014268,1996-04-23,ZA,2023-04-02T21:33:21
3293,Josefina Ferrer,josefina.ferrer886@outlook.com,+342264644380,1989-04-16,ES,2024-02-11T19:55:08
3294,Karine Leclercq,karine.leclercq3959@yahoo.com,+331292506646,1959-07-01,FR,2022-12-07T05:38:47
3295,Caridad Flores,caridad.flores5817@gmail.com,+344844662753,1960-10-26,ES,2022-03-30T17:18:57
3296,Marina Wolff,marina.wolff360@gmail.com,+496903150883,1996-01-09,DE,2024-08-15T14:30:21
3297,Pascale Picard,pascale.picard2815@hotmail.com,+334472074725,2003-07-31,FR,2025-06-22T22:47:20
3298,Theodore Foster,theodore.foster1022@hotmail.com,+619596055608,1994-05-17,AU,2025-01-06T11:48:58
3299,Aoife Lee,aoife.lee892@outlook.com,+444904843809,2005-04-05,GB,2024-06-01T15:22:07
3300,Herbert Ellis,herbert.ellis9716@gmail.com,+442850417088,1981-11-08,GB,2024-06-19T15:02:06
3301,Andrea Rieder,andrea.rieder227@proton.me,+416549135574,1956-09-13,CH,2025-12-17T22:51:42
3302,Alannah Graham,alannah.graham4053@yahoo.com,+3537673023037,2002-01-28,IE,2021-10-04T22:58:44
3303,Amparo Velasco,amparo.velasco9288@hotmail.com,+348886548882,1996-03-30,ES,2022-07-20T19:03:23
3304,Clément Caron,clement.caron736@icloud.com,+333974278103,1954-10-18,FR,2021-05-31T17:00:04
3305,Caroline Barnes,caroline.barnes2112@proton.me,+13059454217,2000-06-05,US,2024-07-19T23:07:20
3306,Cihan Arslan,cihan.arslan3290@gmail.com,+908202399709,1973-07-21,TR,2021-09-25T04:11:43
3307,Daniela Lange,daniela.lange8780@proton.me,+492221620611,1969-07-08,DE,2023-04-24T03:02:49
3308,Umeko Murata,umeko.murata2320@proton.me,+813518245075,1949-12-13,JP,2021-06-29T00:45:56
3309,Angelica Rossini,angelica.rossini9148@hotmail.com,+394362882146,1972-04-28,IT,2023-12-01T02:19:59
3310,Zoya Hrytsenko,zoya.hrytsenko6328@gmail.com,+3801674563435,1963-02-28,UA,2026-02-07T15:08:45
3311,Louis Webb,louis.webb6338@yahoo.com,+612976295130,1958-06-16,AU,2025-05-11T05:07:01
3312,Ezekiel Jacobs,ezekiel.jacobs3430@gmail.com,+19362387301,1956-05-19,US,2021-05-20T07:48:11
3313,Marino Fiore,marino.fiore6126@yahoo.com,+399329406035,1975-06-08,IT,2022-03-13T12:51:50
3314,Naoki Nishiyama,naoki.nishiyama8161@gmail.com,+816180497646,1996-07-26,JP,2025-11-21T11:03:43
3315,Liubov Tymoshenko,liubov.tymoshenko7683@outlook.com,+3805148139210,1974-02-21,UA,2025-07-08T13:57:11
3316,Wanda Garcia,wanda.garcia1759@hotmail.com,+14858522448,1947-08-29,US,2021-09-26T09:14:45
3317,Camila Vázquez,camila.vazquez4138@icloud.com,+521284805947,1979-10-27,MX,2022-10-18T11:57:38
3318,Tristan Griffiths,tristan.griffiths4126@outlook.com,+447140555241,1952-06-19,GB,2024-04-11T16:32:24
3319,Hugo Hanson,hugo.hanson7981@yahoo.com,+19829528318,1968-11-18,US,2021-12-06T08:36:40
3320,Paulette Lecomte,paulette.lecomte3828@gmail.com,+338005963376,2004-10-11,FR,2022-09-10T10:53:53
3321,Robert Richards,robert.richards3240@gmail.com,+15881515531,1977-03-03,US,2025-04-24T19:43:29
3322,Abdulrahman Al Shehhi,abdulrahman.alshehhi5720@proton.me,+9717990817994,1983-03-19,AE,2022-11-06T13:55:05
3323,Suresh Khoo,suresh.khoo282@yahoo.com,+651730395830,1991-04-04,SG,2026-04-04T18:52:07
3324,Robin Bauer,robin.bauer3771@yahoo.com,+491021519851,1983-12-18,DE,2026-02-13T17:14:54
3325,Oya Kızıl,oya.kzl790@gmail.com,+902774211685,1961-06-28,TR,2024-01-22T03:06:38
3326,Kaitlyn Kelly,kaitlyn.kelly4505@gmail.com,+19186151718,1954-06-23,US,2024-01-18T08:39:18
3327,Carson Hughes,carson.hughes6890@hotmail.com,+12762081240,1995-12-10,US,2021-06-13T13:45:58
3328,Yasemin Aslan,yasemin.aslan5479@yahoo.com,+903221746015,1984-05-30,TR,2023-06-11T13:47:46
3329,Amalia Thomas,amalia.thomas3629@proton.me,+496572009208,1978-11-07,DE,2023-09-13T09:32:36
3330,Dean Hoffman,dean.hoffman9006@outlook.com,+16444013976,1954-08-31,US,2026-04-02T09:14:59
3331,Antoine Garcia,antoine.garcia8692@yahoo.com,+339294564338,1995-01-03,FR,2024-08-02T22:22:18
3332,Haruki Kondo,haruki.kondo5349@proton.me,+818305405599,1981-10-12,JP,2022-07-05T01:12:33
3333,Ivy Harris,ivy.harris2880@gmail.com,+616421031227,1991-09-07,AU,2024-12-27T08:43:16
3334,Leo Webster,leo.webster5713@gmail.com,+441013649650,1949-01-27,GB,2024-07-20T02:26:53
3335,Bernhard Holzer,bernhard.holzer7216@icloud.com,+432072443879,1982-12-21,AT,2024-08-30T16:21:18
3336,Tatiana Walczak,tatiana.walczak138@hotmail.com,+486558254617,1962-07-15,PL,2022-11-21T02:05:36
3337,Celia Ruiz,celia.ruiz5299@yahoo.com,+345903802589,1986-06-16,ES,2024-10-18T12:11:49
3338,Carolina Fuchs,carolina.fuchs1194@icloud.com,+493352445282,1994-07-04,DE,2021-12-29T14:01:44
3339,Tuva Åkesson,tuva.akesson8423@proton.me,+463394077791,2004-05-21,SE,2021-08-26T02:11:04
3340,Jace Castro,jace.castro3575@icloud.com,+15062772039,1976-01-20,US,2023-01-04T13:14:16
3341,Lindomar Cunha,lindomar.cunha4741@icloud.com,+551077900745,1970-05-26,BR,2021-09-08T19:54:19
3342,Alexa Santos,alexa.santos4535@icloud.com,+17263543793,1996-05-11,US,2021-08-19T22:55:22
3343,Amadeusz Mróz,amadeusz.mroz2456@hotmail.com,+487781785649,2005-12-27,PL,2026-02-09T21:32:15
3344,Erika Meyer,erika.meyer4257@gmail.com,+418908985501,1981-04-12,CH,2023-02-04T12:21:05
3345,Filomena Gołębiowski,filomena.goebiowski25@icloud.com,+483341528234,1954-02-07,PL,2022-04-29T12:29:55
3346,Carlo Monaco,carlo.monaco4098@yahoo.com,+393185086543,1947-11-21,IT,2021-05-31T15:18:18
3347,Hendrik-Jan de Jong,hendrikjan.dejong5185@proton.me,+315540869864,1989-12-13,NL,2025-11-13T19:32:09
3348,Mélanie Blanc,melanie.blanc5706@yahoo.com,+339012183219,1952-10-05,FR,2024-06-29T17:26:47
3349,Carina Forsberg,carina.forsberg4931@icloud.com,+465562958167,1955-10-18,SE,2023-10-17T15:36:57
3350,Thobile Claasen,thobile.claasen477@gmail.com,+275415575497,2007-12-15,ZA,2024-05-14T13:30:25
3351,Uma More,uma.more8406@yahoo.com,+916871851110,1980-03-27,IN,2021-09-24T07:38:46
3352,Pia Ricci,pia.ricci4256@icloud.com,+394968918156,1968-07-05,IT,2024-04-20T00:30:23
3353,Rebecca Fletcher,rebecca.fletcher9497@yahoo.com,+444037594005,1981-09-03,GB,2024-06-07T08:11:10
3354,Tarık Özkan,tark.ozkan372@hotmail.com,+906173283926,1965-06-29,TR,2026-04-14T15:09:44
3355,Augustine Bernard,augustine.bernard2764@gmail.com,+338386947439,1994-08-10,FR,2023-08-20T01:49:23
3356,Lisa Hedlund,lisa.hedlund3469@proton.me,+465873247648,2007-05-04,SE,2021-11-13T17:40:31
3357,Loredana Sacchi,loredana.sacchi2864@icloud.com,+395857957554,1990-08-05,IT,2023-10-23T01:16:15
3358,Raffaele Marchi,raffaele.marchi9384@icloud.com,+395524203482,1962-09-12,IT,2026-02-11T11:54:45
3359,Lotte Bischof,lotte.bischof6492@outlook.com,+436286456512,1995-05-08,AT,2022-05-21T22:27:59
3360,Hailey Lyons,hailey.lyons6427@yahoo.com,+17167375002,1961-04-14,CA,2024-07-01T23:49:28
3361,Shunto Yoshida,shunto.yoshida820@hotmail.com,+811045455312,1971-02-07,JP,2021-05-21T13:11:28
3362,Elijah Lane,elijah.lane2952@proton.me,+13740379424,1992-07-26,US,2024-07-03T23:04:04
3363,Sello Potgieter,sello.potgieter291@outlook.com,+278037615937,1982-06-27,ZA,2023-11-12T01:21:18
3364,Cristian Vargas,cristian.vargas2351@gmail.com,+529148346081,1964-10-05,MX,2024-06-22T04:40:44
3365,Marilyn Wong,marilyn.wong5503@gmail.com,+18569036342,1982-06-26,CA,2024-05-12T07:29:15
3366,Darcey Rose,darcey.rose171@gmail.com,+444809368355,1980-12-07,GB,2022-02-20T10:43:20
3367,Daniel Cortés,daniel.cortes3399@outlook.com,+343766839264,2006-11-29,ES,2022-12-03T07:53:55
3368,Gitte Carlsen,gitte.carlsen4684@yahoo.com,+456061295886,1958-08-15,DK,2024-10-13T03:26:28
3369,Nienke Driessen,nienke.driessen9916@gmail.com,+315710278254,1961-08-20,NL,2025-12-25T13:07:22
3370,Fátima Crespo,fatima.crespo3958@proton.me,+349706759937,1952-06-16,ES,2022-10-31T08:03:10
3371,Sandra Dahl,sandra.dahl9143@hotmail.com,+453365411574,1996-12-31,DK,2026-01-20T00:11:01
3372,Ludvig Gunnarsson,ludvig.gunnarsson7069@outlook.com,+461044751571,2006-08-04,SE,2023-03-28T14:33:22
3373,Larysa Yaremenko,larysa.yaremenko2225@proton.me,+3805823693584,1963-08-07,UA,2024-05-09T07:56:10
3374,Simo Hiltunen,simo.hiltunen2920@outlook.com,+3585196180349,2007-09-14,FI,2026-01-12T00:43:14
3375,Conceição Ribeiro,conceicao.ribeiro4240@hotmail.com,+3519436582804,2003-05-20,PT,2023-10-12T23:11:21
3376,Denise Jordan,denise.jordan1155@outlook.com,+17165800357,1950-04-20,US,2024-07-03T03:33:49
3377,Tuva Kleven,tuva.kleven2502@yahoo.com,+477302839845,1959-06-21,NO,2025-05-08T03:44:17
3378,Lily Bishop,lily.bishop2095@outlook.com,+16732326555,1969-04-21,US,2021-11-23T16:44:30
3379,Alice Young,alice.young6481@hotmail.com,+17451813764,1971-03-28,US,2025-02-03T20:55:06
3380,Gustavo Mata,gustavo.mata5997@gmail.com,+525803492009,1984-05-31,MX,2025-07-22T04:40:18
3381,Paul Fontaine,paul.fontaine8812@proton.me,+333379686679,1946-05-24,FR,2024-08-24T09:41:55
3382,Jolanta Olszewski,jolanta.olszewski4449@yahoo.com,+485570013592,2007-06-18,PL,2024-03-12T21:49:24
3383,Wirginia Michalak,wirginia.michalak7188@icloud.com,+483728593315,1997-03-11,PL,2024-04-18T21:59:46
3384,Jason Mathis,jason.mathis7457@hotmail.com,+14402279690,2002-03-09,CA,2025-12-28T15:41:30
3385,Simão Hoffmann,simao.hoffmann5377@icloud.com,+557202970487,2002-12-15,BR,2025-06-01T10:19:46
3386,Nicole Höglund,nicole.hoglund6166@gmail.com,+466910704939,1956-05-05,SE,2021-07-02T06:48:30
3387,Rocío Rivera,rocio.rivera5939@outlook.com,+345259665508,1986-05-20,ES,2025-01-06T14:13:21
3388,Ellie Rose,ellie.rose7465@yahoo.com,+16482177862,1993-11-06,US,2022-12-03T10:56:50
3389,Soledad Nieto,soledad.nieto5638@yahoo.com,+349714414401,1967-05-13,ES,2023-12-12T12:31:03
3390,Darcy Grant,darcy.grant401@gmail.com,+615489577490,1983-06-12,AU,2023-09-28T10:24:04
3391,Eduardo Durán,eduardo.duran8905@icloud.com,+346755064815,1972-07-28,ES,2021-09-04T06:55:40
3392,Bethany Morales,bethany.morales5379@proton.me,+18001298267,2004-10-18,US,2021-08-30T21:52:19
3393,Ume Yamazaki,ume.yamazaki9059@hotmail.com,+818982453267,1978-03-28,JP,2021-08-17T16:41:58
3394,Ishaan Jadhav,ishaan.jadhav4484@yahoo.com,+915005904428,1953-05-03,IN,2025-02-24T00:21:00
3395,Melanie Becker,melanie.becker5667@hotmail.com,+494844941656,1951-01-21,DE,2021-06-12T23:05:10
3396,Emine Akay,emine.akay7705@yahoo.com,+907479254723,2002-07-14,TR,2025-07-19T03:09:52
3397,Terry King,terry.king8820@hotmail.com,+17331198733,1991-06-13,US,2026-01-25T10:51:12
3398,Anne Campbell,anne.campbell975@proton.me,+613301167218,1988-12-25,AU,2024-09-04T15:43:01
3399,Maeva Dubois,maeva.dubois1571@yahoo.com,+336306352244,1952-10-18,FR,2022-10-22T10:05:32
3400,Ana Luiza Ferreira,analuiza.ferreira3136@proton.me,+551476579642,1949-11-18,BR,2022-08-27T15:59:10
3401,Ralf Baumann,ralf.baumann7890@icloud.com,+492417341163,2000-11-10,DE,2024-04-23T11:26:44
3402,Alain Sanchez,alain.sanchez9172@gmail.com,+331430696426,1966-01-21,FR,2022-03-15T07:34:53
3403,Zdzisław Zając,zdzisaw.zajac5265@gmail.com,+481539044164,1972-06-29,PL,2022-07-09T06:09:51
3404,Thorsten Kraus,thorsten.kraus553@proton.me,+491551077312,1996-04-28,DE,2025-02-26T08:02:40
3405,Elia Orlando,elia.orlando5317@outlook.com,+399365710597,1959-12-11,IT,2023-04-01T05:15:04
3406,Inès Duval,ines.duval4592@proton.me,+338686076608,1947-04-23,FR,2024-06-24T16:50:40
3407,Stella Roy,stella.roy8168@yahoo.com,+19736999147,1959-07-26,CA,2024-05-30T11:25:13
3408,Audrey Evans,audrey.evans8780@hotmail.com,+17550120823,1978-07-04,US,2021-11-16T11:52:45
3409,Asunción Ortega,asuncion.ortega9819@yahoo.com,+348444373298,1962-05-06,ES,2022-06-12T21:29:14
3410,Valdemar Duarte,valdemar.duarte9977@proton.me,+557641491671,1979-05-30,BR,2021-09-08T15:36:51
3411,Silke Groß,silke.gro83@hotmail.com,+495648460914,1996-11-13,DE,2025-05-31T20:53:33
3412,Pieter Smit,pieter.smit2571@icloud.com,+311859514258,1958-06-26,NL,2023-10-08T08:46:14
3413,Milind Begum,milind.begum8072@hotmail.com,+913966151456,1983-08-06,IN,2023-07-19T20:40:38
3414,Hanna Jung,hanna.jung9037@yahoo.com,+495974616931,2006-07-31,DE,2024-06-01T09:05:25
3415,Irene Gray,irene.gray3012@hotmail.com,+16067220923,1960-07-18,US,2024-09-05T10:24:56
3416,Julieta Martínez,julieta.martinez8474@proton.me,+526855731704,2003-06-05,MX,2024-10-25T00:29:34
3417,Laurie Brunet,laurie.brunet3577@outlook.com,+337696288948,2003-05-13,FR,2025-07-15T20:26:02
3418,Josh Stevenson,josh.stevenson703@outlook.com,+443059762757,1991-10-07,GB,2022-07-06T16:06:49
3419,Bénédicte Parent,benedicte.parent9001@icloud.com,+336461638632,1965-01-17,FR,2025-11-27T01:05:18
3420,Reijo Virkkunen,reijo.virkkunen2360@outlook.com,+3587256400678,1983-01-22,FI,2026-03-05T01:03:07
3421,Courtney Rhodes,courtney.rhodes2950@outlook.com,+443718804382,1971-06-01,GB,2024-03-05T19:03:46
3422,Li Chang,li.chang2881@yahoo.com,+867361600634,1950-08-25,CN,2022-06-01T07:52:22
3423,Kosei Kato,kosei.kato210@hotmail.com,+815019568108,1987-03-26,JP,2022-04-22T21:09:52
3424,Mirella Cavalcante,mirella.cavalcante7968@hotmail.com,+555087069227,1966-05-19,BR,2023-06-28T10:47:43
3425,Inkeri Mustonen,inkeri.mustonen9858@yahoo.com,+3582379735990,1978-06-04,FI,2021-08-06T12:34:23
3426,Nathan Bailey,nathan.bailey7117@proton.me,+442909688856,1967-04-24,GB,2021-10-07T02:10:01
3427,Olena Polukhin,olena.polukhin1927@outlook.com,+3806783558925,2001-01-12,UA,2024-04-20T03:33:44
3428,Suraj Zhou,suraj.zhou2954@hotmail.com,+657284114787,1986-11-09,SG,2025-11-04T03:38:59
3429,Max Weaver,max.weaver619@icloud.com,+14503822617,1994-11-23,CA,2023-01-12T12:34:35
3430,Mathis Nicolas,mathis.nicolas5562@proton.me,+332344333130,2006-02-24,FR,2022-01-02T21:21:24
3431,Ümit Aksoy,umit.aksoy1985@gmail.com,+904737747496,1946-11-07,TR,2024-06-01T09:58:56
3432,Valter Ferraro,valter.ferraro867@outlook.com,+393906163104,1951-09-01,IT,2022-09-09T03:35:22
3433,Violet Fox,violet.fox3676@gmail.com,+19443680774,1972-06-05,US,2024-11-07T17:27:25
3434,Elias Niemi,elias.niemi4189@gmail.com,+3587828757784,1957-01-21,FI,2021-07-01T14:28:40
3435,Primo Paris,primo.paris5881@icloud.com,+393213824475,1993-08-25,IT,2022-01-04T03:22:35
3436,Barbara Meyer,barbara.meyer8726@hotmail.com,+493682915624,2007-09-24,DE,2022-09-30T13:03:23
3437,Paige King,paige.king2378@icloud.com,+442643742212,1963-03-09,GB,2025-01-07T16:02:56
3438,Aude Aymar,aude.aymar3773@outlook.com,+332202453814,1969-07-19,FR,2025-05-24T23:17:51
3439,Sienna Knight,sienna.knight2225@icloud.com,+448026835352,1965-11-18,GB,2022-02-02T21:31:12
3440,Joanne Lynch,joanne.lynch5081@icloud.com,+19874315590,1978-10-16,US,2025-08-22T05:31:33
3441,Anita Käser,anita.kaser9544@outlook.com,+415142821128,1995-04-12,CH,2024-11-14T16:12:11
3442,John McGee,john.mcgee9095@yahoo.com,+3538654193334,2006-08-31,IE,2021-08-09T12:20:08
3443,Rajat Iyer,rajat.iyer5655@gmail.com,+912598044766,1962-03-02,IN,2021-11-07T12:25:00
3444,Francis Vasseur,francis.vasseur1593@icloud.com,+333139426324,1980-05-14,FR,2025-07-16T11:20:02
3445,Silvio Stella,silvio.stella18@proton.me,+392474509959,1981-09-08,IT,2022-02-06T09:31:04
3446,Ernest Francis,ernest.francis6058@proton.me,+449696296316,1959-12-14,GB,2025-06-12T22:23:13
3447,Eliana Webb,eliana.webb2377@outlook.com,+14183612164,1993-07-23,US,2022-05-21T05:27:24
3448,Alva Malmberg,alva.malmberg4264@yahoo.com,+463178647538,1975-09-10,SE,2025-02-04T03:12:25
3449,Priscila Schulz,priscila.schulz798@icloud.com,+557619970381,1957-10-08,BR,2022-12-03T19:02:17
3450,Henri Perrin,henri.perrin212@hotmail.com,+334022875450,1959-10-22,FR,2021-06-23T04:03:08
3451,Bayram Altın,bayram.altn8763@hotmail.com,+905692397835,1954-11-01,TR,2021-07-29T05:10:49
3452,Puck Vink,puck.vink3149@outlook.com,+313961577608,1989-09-07,NL,2026-01-06T19:53:55
3453,Levi Shaw,levi.shaw363@outlook.com,+19753338433,1951-10-05,CA,2024-01-26T11:23:16
3454,Gertruda Pietrzak,gertruda.pietrzak1411@icloud.com,+487763571137,1965-09-02,PL,2022-01-21T21:04:43
3455,Henrik Engel,henrik.engel4699@proton.me,+493011904950,2005-05-10,DE,2024-06-14T14:44:57
3456,Yoshiko Abe,yoshiko.abe9161@outlook.com,+816022945157,1968-02-27,JP,2021-10-18T02:44:02
3457,Joanne Douglas,joanne.douglas2403@yahoo.com,+442129715222,2000-11-27,GB,2024-03-01T16:23:41
3458,Lydie Martin,lydie.martin713@yahoo.com,+333559855269,1956-06-13,FR,2022-10-12T09:04:02
3459,Paisley Harper,paisley.harper5137@yahoo.com,+11529230811,1992-01-21,US,2022-05-14T22:01:41
3460,Andreas Sørensen,andreas.srensen7132@outlook.com,+476312355765,1979-08-06,NO,2025-02-05T19:31:33
3461,Alexandre Van de Velde,alexandre.vandevelde5263@icloud.com,+326126959485,1994-10-05,BE,2022-12-05T22:53:20
3462,Lauge Lauritsen,lauge.lauritsen8206@proton.me,+457453232183,1947-10-02,DK,2023-02-09T17:48:47
3463,Catherine Hale,catherine.hale144@icloud.com,+16162710760,2007-05-27,US,2026-02-01T16:09:08
3464,Susan Bell,susan.bell6564@proton.me,+16102939990,1982-07-21,US,2023-10-29T21:28:39
3465,Freya Page,freya.page1310@hotmail.com,+446629508361,1990-06-15,GB,2024-12-18T01:15:37
3466,Mthunzi Theron,mthunzi.theron203@outlook.com,+271006891855,1947-06-02,ZA,2024-12-06T09:09:42
3467,Yi Ye,yi.ye6040@outlook.com,+861113159535,1967-04-11,CN,2022-06-17T08:43:55
3468,Marcos Franco,marcos.franco7350@outlook.com,+557470959458,1967-04-26,BR,2023-04-04T07:41:45
3469,Zinhle Links,zinhle.links3507@gmail.com,+271288450413,1991-11-21,ZA,2024-04-01T01:17:21
3470,Madison Robertson,madison.robertson7980@outlook.com,+613007333824,1961-03-30,AU,2022-11-07T03:29:28
3471,Josiane Roussel,josiane.roussel5720@yahoo.com,+337722039812,1978-05-14,FR,2021-12-11T04:58:45
3472,Katie Powell,katie.powell47@proton.me,+13169298633,1961-04-08,US,2022-01-16T08:47:20
3473,Rosa Ward,rosa.ward8214@yahoo.com,+19739318956,1989-07-11,US,2025-03-18T22:10:47
3474,Polina Shevchuk,polina.shevchuk5360@hotmail.com,+3808015181687,1996-03-07,UA,2025-05-16T19:50:40
3475,Ayush Kamath,ayush.kamath9105@outlook.com,+915109466051,1953-08-31,IN,2024-08-28T22:15:50
3476,Jade Medina,jade.medina3069@hotmail.com,+13813595470,1988-02-14,US,2022-11-18T17:16:43
3477,Scarlett Carter,scarlett.carter8001@gmail.com,+12507058519,1987-11-02,US,2023-01-03T20:04:03
3478,Marcella Pistone,marcella.pistone5422@proton.me,+399986514483,1983-06-06,IT,2022-11-19T08:34:30
3479,Lakshman Sachdeva,lakshman.sachdeva271@outlook.com,+913061018008,1969-03-16,IN,2023-07-02T00:12:43
3480,Miriam Castillo,miriam.castillo2744@gmail.com,+345647233209,1967-12-28,ES,2023-12-22T16:01:28
3481,Liv Vestergren,liv.vestergren4649@proton.me,+467028356609,1975-12-07,SE,2024-09-19T09:12:56
3482,Connor Sharp,connor.sharp532@hotmail.com,+444423154137,1955-07-10,GB,2023-04-21T18:02:42
3483,Mackenzie Bennett,mackenzie.bennett6902@icloud.com,+617419447112,1948-08-23,AU,2022-09-10T17:54:32
3484,Mikkel Vik,mikkel.vik7872@outlook.com,+478657031969,1981-05-30,NO,2021-12-31T06:21:03
3485,Nicole Ferguson,nicole.ferguson2387@yahoo.com,+444073224804,1953-03-12,GB,2022-06-20T19:14:25
3486,Ryan Jimenez,ryan.jimenez5909@hotmail.com,+15990287877,1981-10-17,CA,2025-12-19T04:35:15
3487,Shankar Sharma,shankar.sharma6714@proton.me,+918920139099,1978-05-15,IN,2024-04-18T07:26:59
3488,Prakash Basu,prakash.basu9792@hotmail.com,+912105968582,1995-04-21,IN,2025-07-11T09:09:57
3489,Vanessa Fernández,vanessa.fernandez930@hotmail.com,+345449344749,1949-11-28,ES,2021-11-29T04:00:30
3490,Kumiko Okada,kumiko.okada4760@hotmail.com,+816658781191,1971-03-02,JP,2021-09-07T17:27:00
3491,Dennis Koning,dennis.koning9138@yahoo.com,+316585188534,2000-08-29,NL,2025-10-02T22:34:46
3492,Rohit Balakrishnan,rohit.balakrishnan1557@yahoo.com,+917274460982,1973-11-02,IN,2023-11-20T09:37:03
3493,Jassem Al Sharqi,jassem.alsharqi289@outlook.com,+9718494812504,1993-03-20,AE,2023-11-24T14:22:58
3494,Constance Gaillard,constance.gaillard6121@gmail.com,+332628955177,2008-04-22,FR,2022-12-06T11:11:29
3495,Marieke van der Meer,marieke.vandermeer9594@icloud.com,+314196943633,1960-04-13,NL,2022-02-05T13:48:32
3496,Nina Wold,nina.wold8920@hotmail.com,+478790038426,1982-09-22,NO,2025-06-14T20:52:34
3497,Sofie Moreau,sofie.moreau1355@gmail.com,+326878138621,1975-02-04,BE,2025-10-06T03:36:30
3498,Katharina Schumacher,katharina.schumacher9247@hotmail.com,+495785883898,2001-06-08,DE,2024-05-11T20:48:57
3499,Savannah Armstrong,savannah.armstrong4208@outlook.com,+19779134944,2000-08-30,US,2024-01-07T18:30:19
3500,Judy Long,judy.long1496@proton.me,+14510594669,1950-08-25,US,2026-03-10T00:22:57
3501,Nadine Guillot,nadine.guillot4374@icloud.com,+332080715940,2002-01-26,FR,2022-06-19T08:43:24
3502,Gail Sutton,gail.sutton1635@hotmail.com,+14096003724,1991-05-29,US,2025-06-15T15:14:00
3503,Austin Hart,austin.hart3648@yahoo.com,+18911833026,1954-10-09,US,2024-01-03T15:55:50
3504,Melissa Domingues,melissa.domingues7840@icloud.com,+3511460616950,1961-10-26,PT,2025-07-08T19:32:17
3505,Mattia Grassi,mattia.grassi7614@hotmail.com,+399047559348,1982-08-12,IT,2022-07-30T06:45:21
3506,Ronildo Schröder,ronildo.schroder4758@yahoo.com,+559154510869,1998-04-08,BR,2022-11-05T14:01:46
3507,Robert Parker,robert.parker2273@proton.me,+447980126055,1995-08-31,GB,2023-07-01T03:52:47
3508,Alexandra Scholz,alexandra.scholz2279@gmail.com,+493223948421,1980-04-13,DE,2024-10-10T00:38:11
3509,Gunilla Sandström,gunilla.sandstrom8313@hotmail.com,+461179953461,1956-09-23,SE,2021-08-22T15:11:14
3510,Lauro Castro,lauro.castro8619@icloud.com,+554854055323,1965-01-24,BR,2023-02-02T03:50:33
3511,Aafje van Rijn,aafje.vanrijn585@icloud.com,+314592237565,1981-10-13,NL,2026-03-01T03:04:20
3512,Żaneta Karpiński,zaneta.karpinski3357@outlook.com,+482623682419,1988-06-09,PL,2024-02-07T09:20:14
3513,Ingeborg Möller,ingeborg.moller6058@hotmail.com,+497449393914,1950-05-24,DE,2022-08-10T11:06:14
3514,Katelyn Cole,katelyn.cole2966@proton.me,+15774970575,1947-01-10,US,2023-02-21T23:16:33
3515,Olvido Gutiérrez,olvido.gutierrez3677@hotmail.com,+344870277044,1992-11-02,ES,2025-02-22T02:35:25
3516,Yuya Kimura,yuya.kimura8867@proton.me,+813299300025,1975-06-06,JP,2021-10-23T05:34:14
3517,Yesenia Velázquez,yesenia.velazquez5178@hotmail.com,+527107066604,1990-05-09,MX,2022-06-26T00:08:41
3518,Türkan Güzel,turkan.guzel6200@yahoo.com,+907737015962,1996-01-07,TR,2023-05-29T07:16:11
3519,Mikaela Norén,mikaela.noren8408@icloud.com,+461325065578,1984-07-05,SE,2022-05-05T00:46:10
3520,Maki Hara,maki.hara5396@gmail.com,+817182639571,1954-09-26,JP,2026-01-28T02:14:21
3521,Jens Braun,jens.braun9188@yahoo.com,+491997508800,1967-07-09,DE,2025-04-10T16:28:21
3522,Kalyani Malik,kalyani.malik5715@outlook.com,+918388457335,2003-12-10,IN,2024-11-10T11:55:27
3523,Nadia Renaud,nadia.renaud3937@yahoo.com,+339428621742,1986-10-29,FR,2022-10-17T13:41:08
3524,Lucienne Carpentier,lucienne.carpentier2207@hotmail.com,+335246170854,1963-08-11,FR,2026-01-26T09:28:01
3525,Massimo Lombardi,massimo.lombardi3302@yahoo.com,+391823777158,1986-08-27,IT,2023-12-27T11:40:20
3526,Margit Winter,margit.winter8535@yahoo.com,+498811796701,1957-12-28,DE,2023-10-09T11:17:05
3527,Otylia Michalski,otylia.michalski287@gmail.com,+486841803666,1976-05-26,PL,2022-03-21T02:55:39
3528,Makoto Morita,makoto.morita2441@outlook.com,+817438029428,2002-03-22,JP,2025-09-20T01:08:33
3529,Artem Kravets,artem.kravets1553@yahoo.com,+3809753403534,1952-07-20,UA,2023-09-18T05:29:05
3530,Konstantin Schubert,konstantin.schubert162@gmail.com,+492601592962,2007-08-31,DE,2024-03-24T18:47:28
3531,Kanako Fukuda,kanako.fukuda9118@gmail.com,+817586485327,1973-10-07,JP,2026-01-19T19:23:47
3532,Thomas Payer,thomas.payer7959@icloud.com,+434463098300,1993-04-08,AT,2022-03-13T01:19:14
3533,Karen Freeman,karen.freeman7138@yahoo.com,+448012773906,1983-04-01,GB,2026-02-16T07:04:34
3534,Bogna Krawczyk,bogna.krawczyk6690@yahoo.com,+489584987977,2000-05-29,PL,2024-05-21T04:05:59
3535,Natalia Nowicki,natalia.nowicki9177@hotmail.com,+488472429469,1973-05-11,PL,2023-04-21T01:57:20
3536,Valentyn Dmytrenko,valentyn.dmytrenko9065@hotmail.com,+3809757477113,1951-09-14,UA,2026-04-03T16:10:12
3537,Lori Porter,lori.porter5499@hotmail.com,+17591786388,1947-06-13,US,2025-06-03T11:08:47
3538,Rodrigo Marques,rodrigo.marques2499@icloud.com,+557831837656,1956-02-08,BR,2025-09-07T01:50:38
3539,Bailey Sandoval,bailey.sandoval7945@gmail.com,+11707821350,1973-02-18,US,2025-03-23T14:36:53
3540,Margarita Díaz,margarita.diaz1409@proton.me,+349881752778,2000-07-03,ES,2021-06-25T10:37:47
3541,Valter Simões,valter.simoes8205@proton.me,+3513876493403,1992-04-30,PT,2021-07-19T03:00:48
3542,Véronique Mercier,veronique.mercier4250@yahoo.com,+333824826787,1974-05-22,FR,2023-08-23T20:38:00
3543,Martha Vogt,martha.vogt9909@yahoo.com,+493006988036,1999-09-10,DE,2025-05-05T04:46:12
3544,Isabella Bailey,isabella.bailey8450@gmail.com,+17149366146,1961-01-26,US,2023-05-07T06:50:21
3545,Annelies Robert,annelies.robert3653@proton.me,+326966438322,1994-02-08,BE,2026-03-04T17:00:21
3546,Rodolfo Becker,rodolfo.becker3209@proton.me,+557248480598,1965-06-27,BR,2025-11-19T08:20:18
3547,Friedrich Heinrich,friedrich.heinrich48@proton.me,+493192259337,1963-06-27,DE,2025-10-20T04:08:16
3548,Laura Sánchez,laura.sanchez5577@gmail.com,+346966889180,1984-11-09,ES,2023-11-30T21:37:58
3549,Daniel Herrmann,daniel.herrmann6691@hotmail.com,+498388454742,1965-11-16,DE,2022-11-15T01:21:47
3550,Kgomotso Moodley,kgomotso.moodley8281@proton.me,+279829430927,1951-04-13,ZA,2022-11-15T15:23:41
3551,Yannick van Loon,yannick.vanloon3943@icloud.com,+319977899331,1960-01-23,NL,2023-01-03T08:36:25
3552,Dave Holmes,dave.holmes5130@outlook.com,+441536855254,1998-05-29,GB,2025-04-09T01:07:53
3553,Natalie Carlson,natalie.carlson4394@yahoo.com,+11182092146,1991-05-18,US,2022-09-14T02:50:23
3554,Hermann Peters,hermann.peters117@gmail.com,+494666401840,1958-12-20,DE,2025-05-04T11:27:13
3555,Adam Guzman,adam.guzman1057@hotmail.com,+13929517398,1992-12-03,US,2021-07-04T13:54:36
3556,Ilaria Marconi,ilaria.marconi795@outlook.com,+398554439144,1972-02-01,IT,2025-02-13T01:01:26
3557,Pietro Rocha,pietro.rocha4282@outlook.com,+556820224319,2007-08-23,BR,2025-05-15T03:19:50
3558,Lesia Oliynyk,lesia.oliynyk9625@hotmail.com,+3809009002274,1948-03-15,UA,2025-01-27T23:05:39
3559,Leonard Kwek,leonard.kwek6016@gmail.com,+655872109169,2000-12-30,SG,2021-07-25T12:54:33
3560,Lina Bergqvist,lina.bergqvist942@gmail.com,+468165395992,1959-01-05,SE,2026-05-04T03:12:02
3561,Frank Russell,frank.russell6410@gmail.com,+13036734601,1983-03-17,US,2023-07-16T14:36:00
3562,Kylie Washington,kylie.washington9945@yahoo.com,+11961040171,1971-04-20,US,2022-05-06T10:05:32
3563,Oliver Vos,oliver.vos3333@icloud.com,+313802148408,2007-07-28,NL,2021-12-17T05:43:08
3564,Fawaz Al Sayegh,fawaz.alsayegh3694@yahoo.com,+9713082466262,2003-10-31,AE,2022-03-14T00:13:15
3565,Leonid Kharchenko,leonid.kharchenko5231@proton.me,+3802630169868,1990-11-15,UA,2025-06-17T11:10:03
3566,Ihsan Al Tenaiji,ihsan.altenaiji762@icloud.com,+9717054972035,1967-08-30,AE,2025-12-29T09:45:36
3567,Ahlam Al Dhaheri,ahlam.aldhaheri8901@hotmail.com,+9711941371799,2002-03-21,AE,2025-03-14T10:49:10
3568,Rose Menard,rose.menard9396@hotmail.com,+339717517084,1973-05-24,FR,2026-04-11T14:05:27
3569,Julian Butler,julian.butler4351@yahoo.com,+445046177354,1968-01-08,GB,2021-09-27T20:13:19
3570,Loris Mastroianni,loris.mastroianni7995@yahoo.com,+393457974490,1946-07-27,IT,2021-10-27T21:21:36
3571,Donna Howell,donna.howell2312@yahoo.com,+17340584093,2006-03-19,US,2022-10-19T02:07:24
3572,Ashton Smith,ashton.smith2657@icloud.com,+613132136028,1979-07-25,AU,2023-10-11T02:26:11
3573,Deborah Nelson,deborah.nelson1532@gmail.com,+616163496350,1989-08-06,AU,2025-12-13T22:13:58
3574,Jamie Ellis,jamie.ellis5682@proton.me,+15181559424,1953-08-01,US,2022-03-12T19:12:30
3575,James Thompson,james.thompson9942@gmail.com,+616279017036,2004-08-26,AU,2024-03-23T17:59:19
3576,Werner Franke,werner.franke9094@gmail.com,+499453811522,1989-03-04,DE,2024-10-05T02:13:48
3577,Riku Ando,riku.ando879@icloud.com,+813727457681,1948-06-08,JP,2024-02-05T10:48:43
3578,Adam Czajkowski,adam.czajkowski2458@icloud.com,+489380450029,1991-05-09,PL,2026-04-23T16:00:48
3579,Minyi Ahmad,minyi.ahmad9861@outlook.com,+656154083744,1958-10-15,SG,2022-04-02T17:33:13
3580,Anastasia Werner,anastasia.werner2417@hotmail.com,+492390449726,1988-03-18,DE,2025-08-03T06:25:20
3581,Rukmini Upadhyay,rukmini.upadhyay941@gmail.com,+913755607534,1966-09-14,IN,2024-07-06T03:59:10
3582,Samantha Gill,samantha.gill5920@proton.me,+444547511099,1976-06-28,GB,2022-12-31T08:17:43
3583,Gaetano Cavallo,gaetano.cavallo4939@gmail.com,+396575767424,2001-09-07,IT,2025-09-07T10:05:52
3584,Tina Watkins,tina.watkins4995@gmail.com,+15429963283,2007-12-08,US,2026-02-10T07:57:16
3585,Mui Hoon Ahmad,muihoon.ahmad142@hotmail.com,+657271143981,1989-08-13,SG,2025-06-20T06:44:00
3586,Hailey Tucker,hailey.tucker3950@hotmail.com,+14728882932,1993-10-22,US,2024-06-30T21:46:39
3587,Jonathan Wilson,jonathan.wilson9192@hotmail.com,+16321327748,1992-08-05,US,2026-03-28T21:11:21
3588,Alya Phua,alya.phua5527@icloud.com,+656504823699,1986-07-04,SG,2023-04-24T14:21:48
3589,Rick Peters,rick.peters6368@proton.me,+317042409343,1948-12-24,NL,2024-12-18T16:36:55
3590,Khawla Al Serkal,khawla.alserkal1306@icloud.com,+9714990844462,1982-09-18,AE,2026-04-05T00:02:57
3591,Doris Morrison,doris.morrison8477@outlook.com,+14630947095,1953-02-08,US,2024-02-12T01:46:05
3592,Connor Kennedy,connor.kennedy7605@proton.me,+13639694784,1952-05-04,CA,2022-02-28T17:52:38
3593,Daniel Scott,daniel.scott3261@hotmail.com,+17366314682,1995-10-24,US,2023-04-30T06:20:37
3594,Mirosław Brzeziński,mirosaw.brzezinski1740@yahoo.com,+482700686786,1979-09-10,PL,2022-12-26T21:37:05
3595,Henry Gagné,henry.gagne4810@outlook.com,+13155021447,2004-10-02,CA,2025-10-07T07:35:19
3596,Domenico Motta,domenico.motta1119@gmail.com,+391582027787,1981-10-20,IT,2024-07-11T21:13:21
3597,Paula Edwards,paula.edwards1814@proton.me,+15876346427,1961-06-06,US,2023-11-27T04:11:12
3598,Manuel Pohl,manuel.pohl8053@gmail.com,+494200289345,1951-08-19,DE,2023-02-23T06:21:49
3599,Isabelle Scott,isabelle.scott7525@outlook.com,+444717530467,1999-05-05,GB,2023-10-01T01:46:25
3600,Jyoti Sheikh,jyoti.sheikh8691@icloud.com,+912338659230,2002-07-31,IN,2025-07-29T02:34:20
3601,Gianna Cruz,gianna.cruz6537@proton.me,+19103206022,1961-12-10,US,2023-09-06T10:33:28
3602,Paloma Rodríguez,paloma.rodriguez7185@proton.me,+522901196861,1997-02-10,MX,2022-12-26T23:12:22
3603,Sanjit Pathan,sanjit.pathan8110@outlook.com,+912155617792,1958-06-17,IN,2023-06-05T20:29:45
3604,Irene Zamora,irene.zamora7655@yahoo.com,+523464039668,2001-09-19,MX,2024-11-04T19:50:33
3605,Riad Al Marzouki,riad.almarzouki9604@icloud.com,+9715361107408,1957-02-10,AE,2026-01-21T22:26:38
3606,Paul Jimenez,paul.jimenez1777@icloud.com,+18489081886,1946-08-12,US,2023-09-26T00:14:09
3607,Pamela Cunha,pamela.cunha9358@icloud.com,+558981688597,1983-06-26,BR,2022-03-04T14:02:08
3608,Rob Caldwell,rob.caldwell4644@yahoo.com,+446750894054,1956-09-28,GB,2026-04-03T20:16:46
3609,Viggo Nielsen,viggo.nielsen7670@proton.me,+453413525923,1983-11-09,DK,2024-01-20T06:08:01
3610,Christopher Newton,christopher.newton8654@hotmail.com,+448769424113,1998-11-30,GB,2025-12-14T21:44:52
3611,Nancy Ávila,nancy.avila2118@hotmail.com,+522694362971,2002-07-13,MX,2025-01-02T00:24:45
3612,Cassie Gonzales,cassie.gonzales5128@outlook.com,+12753013802,1955-01-22,US,2023-05-22T21:57:39
3613,Birgit Simon,birgit.simon6625@gmail.com,+494017626916,1947-02-14,DE,2024-05-01T06:52:08
3614,Rhonda Olson,rhonda.olson606@hotmail.com,+15031197089,1996-11-19,US,2024-04-17T07:36:09
3615,Vedant Thakur,vedant.thakur8952@outlook.com,+912040411886,1974-10-22,IN,2025-03-03T14:59:52
3616,Mayra Peña,mayra.pena5890@hotmail.com,+521607715636,1966-12-28,MX,2023-04-22T11:45:31
3617,Emiliia Danylenko,emiliia.danylenko8682@outlook.com,+3807678620492,1961-01-21,UA,2023-07-19T16:38:41
3618,Viviana Pellegrino,viviana.pellegrino6580@hotmail.com,+398848892427,1962-11-08,IT,2025-01-06T22:12:41
3619,Louise Roche,louise.roche638@outlook.com,+337109713295,1986-08-21,FR,2021-08-19T17:18:34
3620,Armelle Vincent,armelle.vincent490@gmail.com,+333403067977,1991-01-17,FR,2025-10-03T06:07:29
3621,Piper Lewis,piper.lewis1722@icloud.com,+612691932742,1991-07-22,AU,2024-09-24T06:28:12
3622,Ella Romero,ella.romero2211@icloud.com,+11231910833,1953-04-24,US,2023-11-02T01:24:56
3623,Barbara Montgomery,barbara.montgomery2866@icloud.com,+15615260339,1993-08-30,US,2023-03-26T07:37:33
3624,Kiran Bajaj,kiran.bajaj4758@icloud.com,+912007564411,1961-11-20,IN,2025-09-14T14:27:28
3625,Sharon Arnold,sharon.arnold5576@proton.me,+444973687311,1969-03-05,GB,2022-02-10T23:53:42
3626,Elías Montoya,elias.montoya6926@icloud.com,+526036169881,2004-11-20,MX,2022-07-11T20:56:52
3627,Raymond Rice,raymond.rice8869@icloud.com,+12737857806,1973-09-03,US,2021-11-30T21:48:49
3628,Ulrich Maier,ulrich.maier439@yahoo.com,+492545579006,1979-11-16,DE,2022-07-16T03:47:28
3629,Maxwell Hunt,maxwell.hunt7867@proton.me,+17579639674,1976-06-06,US,2025-09-20T01:35:25
3630,Yuriy Makhno,yuriy.makhno5198@outlook.com,+3802858055443,2003-10-23,UA,2026-05-15T05:38:45
3631,Wesley Diaz,wesley.diaz8931@proton.me,+15404697421,1980-06-24,US,2025-10-05T20:14:54
3632,Naoki Fukushima,naoki.fukushima6660@proton.me,+817672192964,1957-03-09,JP,2025-11-09T04:54:43
3633,Cecylia Klimek,cecylia.klimek6151@gmail.com,+487032275211,1993-07-07,PL,2022-01-25T22:43:13
3634,Ami Matsushita,ami.matsushita7269@gmail.com,+812999133358,2000-07-06,JP,2024-06-27T12:45:19
3635,Grayson Martinez,grayson.martinez5513@gmail.com,+12818695078,1958-01-19,US,2024-11-13T03:59:46
3636,Frankie Day,frankie.day1141@gmail.com,+446635386200,1979-06-09,GB,2026-03-28T03:36:59
3637,Zakhele Dube,zakhele.dube7649@proton.me,+271879341886,1997-01-27,ZA,2021-11-07T05:21:49
3638,Michelle Chavez,michelle.chavez9780@icloud.com,+11855487433,1984-01-29,US,2022-04-05T15:39:48
3639,Adem Ökten,adem.okten7832@icloud.com,+902854768162,1991-07-23,TR,2026-02-19T23:46:29
3640,Brittney Brown,brittney.brown8542@outlook.com,+14377502968,1995-05-23,US,2024-07-23T23:38:38
3641,Jasmin Voigt,jasmin.voigt7492@hotmail.com,+491792749497,1980-10-16,DE,2025-07-30T11:03:21
3642,Margarita Solís,margarita.solis452@proton.me,+522996564173,2005-06-24,MX,2022-12-12T06:49:40
3643,Marcelle Fournier,marcelle.fournier7893@yahoo.com,+335795708254,1970-02-25,FR,2026-04-09T13:46:03
3644,Mateo Silva,mateo.silva4639@proton.me,+11865876891,1963-06-25,US,2023-05-25T15:11:44
3645,Milena Jaworski,milena.jaworski9249@gmail.com,+485052511636,1989-07-11,PL,2023-07-06T09:28:27
3646,Andrea Schulze,andrea.schulze7998@gmail.com,+495646375309,1956-12-12,DE,2022-12-21T10:53:30
3647,Olivia Foster,olivia.foster2715@outlook.com,+12599970740,1955-01-02,US,2025-04-04T20:53:14
3648,Rani Rathore,rani.rathore6694@icloud.com,+915517173197,2003-03-31,IN,2023-12-02T00:55:46
3649,Gérard Meunier,gerard.meunier5849@outlook.com,+334895669009,1960-07-26,FR,2025-12-27T14:53:38
3650,Jack Dixon,jack.dixon8896@proton.me,+11904616945,1990-01-02,US,2022-10-02T22:46:27
3651,Pietra Cabral,pietra.cabral901@yahoo.com,+557659643420,1957-05-17,BR,2024-01-08T20:17:39
3652,Illya Kovalenko,illya.kovalenko55@icloud.com,+3804872038884,1994-04-03,UA,2023-10-12T08:43:21
3653,João Gabriel Lacerda,joaogabriel.lacerda9936@hotmail.com,+555543453849,1980-06-10,BR,2025-09-10T04:21:30
3654,Leandro Cardoso,leandro.cardoso5382@yahoo.com,+3517035323184,2001-08-13,PT,2024-07-27T12:12:48
3655,Jaya Sahoo,jaya.sahoo5420@icloud.com,+918397786447,1992-12-26,IN,2022-03-06T13:06:42
3656,Spencer Collins,spencer.collins8726@proton.me,+14505131545,1981-11-15,US,2024-03-28T10:50:00
3657,Ufuk Bulut,ufuk.bulut5107@proton.me,+903707138762,1983-04-12,TR,2025-09-24T14:08:19
3658,Asher Carter,asher.carter5812@hotmail.com,+18626758580,1989-02-08,US,2021-07-24T23:35:05
3659,Melissa Oliveira,melissa.oliveira3620@proton.me,+553355334927,1983-09-19,BR,2025-12-21T20:38:24
3660,Sabina Leite,sabina.leite995@gmail.com,+3513511184538,1981-11-23,PT,2024-12-26T17:21:54
3661,Éric Peters,eric.peters6828@outlook.com,+15353053469,1954-06-29,CA,2025-12-07T13:58:43
3662,Rens Vliet,rens.vliet4459@icloud.com,+319801865020,1973-03-28,NL,2025-10-12T11:17:21
3663,Kimberly Mendez,kimberly.mendez6132@icloud.com,+18198341519,1996-05-20,US,2022-11-26T10:05:46
3664,Abigail Gutierrez,abigail.gutierrez432@yahoo.com,+14833027003,2001-11-21,US,2022-04-23T00:57:25
3665,Yiğit Çakır,yigit.cakr4964@hotmail.com,+909393565588,2003-10-31,TR,2023-10-29T14:53:56
3666,Jessica Farias,jessica.farias6411@yahoo.com,+552565448208,1963-07-22,BR,2025-05-19T19:18:03
3667,Rosemary Lawrence,rosemary.lawrence4075@gmail.com,+444577742180,2004-06-09,GB,2023-05-15T20:52:12
3668,Beatrice Owens,beatrice.owens246@gmail.com,+446412417296,1957-11-24,GB,2025-04-10T00:24:52
3669,Mary Hodges,mary.hodges8560@icloud.com,+15887795173,1997-04-02,CA,2022-02-17T00:48:42
3670,Ryszard Wysocki,ryszard.wysocki4135@yahoo.com,+484417143312,1974-03-05,PL,2023-07-23T12:21:42
3671,Mizuki Sakurai,mizuki.sakurai7974@gmail.com,+818906383282,1952-07-14,JP,2023-11-20T23:47:52
3672,Iain Hudson,iain.hudson7915@proton.me,+449082729311,1973-05-26,GB,2024-04-24T23:29:09
3673,Bryson Wood,bryson.wood9095@icloud.com,+12481126743,2002-06-16,US,2023-08-28T00:36:57
3674,Jasmine Thompson,jasmine.thompson3642@proton.me,+17006258823,1979-05-20,US,2022-02-01T07:13:30
3675,Daniel Sandoval,daniel.sandoval197@outlook.com,+523872513983,1976-01-12,MX,2025-01-10T15:48:05
3676,Serenity Holmes,serenity.holmes2855@outlook.com,+15451108391,1954-12-19,US,2026-02-03T00:22:50
3677,George Mills,george.mills875@outlook.com,+18990535907,1981-03-16,US,2023-06-21T09:51:26
3678,Borgny Aamodt,borgny.aamodt245@gmail.com,+476323287278,1980-10-18,NO,2024-06-15T17:29:39
3679,Summer Ford,summer.ford3950@yahoo.com,+11267425930,1997-01-09,US,2022-08-30T16:23:07
3680,Mila Walter,mila.walter2723@gmail.com,+496102470000,1979-08-19,DE,2024-07-24T05:23:04
3681,Joëlle Pierre,joelle.pierre4933@hotmail.com,+339870764808,1952-03-09,FR,2023-08-28T21:19:35
3682,Ronnie Mills,ronnie.mills1997@icloud.com,+444080866495,1979-03-05,GB,2021-11-27T22:54:37
3683,Jake Berry,jake.berry3974@icloud.com,+447511203812,1948-11-23,GB,2025-03-17T11:12:16
3684,Paul Desmet,paul.desmet2987@outlook.com,+324455139577,1961-12-23,BE,2022-10-23T18:38:56
3685,Qasima Al Ghurair,qasima.alghurair7979@gmail.com,+9712999588844,2007-10-13,AE,2025-08-17T12:07:42
3686,Arya Morales,arya.morales6617@proton.me,+13039359732,1960-03-31,CA,2021-08-20T00:35:10
3687,Javier Gallardo,javier.gallardo3978@outlook.com,+347737550912,1965-02-21,ES,2026-04-11T01:04:44
3688,Agnes Munk,agnes.munk1739@hotmail.com,+457815931406,1955-01-29,DK,2022-12-17T02:58:39
3689,Hao Xuan Nair,haoxuan.nair1814@yahoo.com,+655235516757,1946-09-16,SG,2024-05-13T16:15:58
3690,Sankalp Pandit,sankalp.pandit2597@yahoo.com,+913867085435,1982-10-09,IN,2026-01-20T04:50:19
3691,Kaan Atan,kaan.atan7405@hotmail.com,+905523060698,1947-04-12,TR,2023-02-16T15:48:18
3692,Kayla French,kayla.french8351@yahoo.com,+11751520021,1966-11-28,US,2025-07-08T19:27:53
3693,Peyton George,peyton.george8829@proton.me,+17511581356,1974-05-24,US,2021-12-21T09:31:18
3694,Keith Wilson,keith.wilson5517@yahoo.com,+15464124490,1991-12-31,CA,2022-05-11T15:37:39
3695,Vasylyna Popov,vasylyna.popov4555@gmail.com,+3802138544562,1997-02-16,UA,2025-06-20T20:31:24
3696,Payal Kumar,payal.kumar2324@yahoo.com,+912845887635,1975-10-26,IN,2026-04-28T11:29:06
3697,Joseph Aguilar,joseph.aguilar3304@icloud.com,+16197791559,1951-08-05,US,2024-02-25T18:20:26
3698,Quentin Fontaine,quentin.fontaine8287@proton.me,+338874610490,2007-01-26,FR,2021-09-26T12:58:26
3699,Pasquale Di Marco,pasquale.dimarco6757@icloud.com,+392753622985,1970-05-27,IT,2025-06-11T20:25:33
3700,Yamato Kawasaki,yamato.kawasaki8842@gmail.com,+817331656349,1968-12-14,JP,2025-03-14T00:14:36
3701,Shakti Agrawal,shakti.agrawal1332@hotmail.com,+917009596879,2002-11-14,IN,2024-04-16T17:39:44
3702,Daisy Duncan,daisy.duncan5976@icloud.com,+612292756003,1961-06-18,AU,2024-10-10T02:20:08
3703,Lincoln Walker,lincoln.walker3650@yahoo.com,+12432403642,2003-02-20,US,2023-02-27T11:54:32
3704,Waldemar Jasiński,waldemar.jasinski7900@proton.me,+484336352409,1978-05-07,PL,2023-05-27T01:51:03
3705,Florence Sutton,florence.sutton8563@gmail.com,+16152039889,2003-02-10,US,2024-03-18T15:17:43
3706,Jonny Chapman,jonny.chapman4454@yahoo.com,+443321578955,1971-04-04,GB,2024-02-17T07:11:50
3707,Sung-min Yoon,sungmin.yoon4098@outlook.com,+822106881363,1955-12-13,KR,2022-12-29T01:24:43
3708,Ivano Ferraro,ivano.ferraro3452@hotmail.com,+392640299647,1986-09-05,IT,2026-05-07T08:54:00
3709,Tristan Wilson,tristan.wilson4855@yahoo.com,+617359348521,1959-06-12,AU,2023-07-28T13:51:50
3710,Mechthild Sommer,mechthild.sommer2357@outlook.com,+492379410976,1996-01-23,DE,2023-10-31T19:51:35
3711,Alicia Louis,alicia.louis7918@gmail.com,+334872803944,2003-09-01,FR,2023-10-12T10:28:01
3712,Emmett Ferguson,emmett.ferguson8331@hotmail.com,+11701798538,1981-05-08,US,2023-12-29T09:58:26
3713,Nerea Santos,nerea.santos3786@gmail.com,+348501821123,1997-09-23,ES,2023-11-11T14:34:07
3714,Xavier Carr,xavier.carr4138@outlook.com,+18103009835,1972-03-31,US,2024-12-25T18:44:09
3715,Hemant Tagore,hemant.tagore8113@icloud.com,+912363749942,1975-09-09,IN,2024-12-25T18:53:19
3716,Himari Maekawa,himari.maekawa8112@hotmail.com,+818309925183,1996-01-27,JP,2023-05-28T17:20:31
3717,Geraldo Pires,geraldo.pires2754@hotmail.com,+553382299339,1985-07-24,BR,2023-12-24T20:17:22
3718,Liam Hill,liam.hill9034@proton.me,+14216887631,1971-08-19,US,2026-01-07T23:49:23
3719,Juan Pacheco,juan.pacheco6471@hotmail.com,+527228037566,1947-07-06,MX,2021-08-31T14:40:35
3720,Octavio Rodríguez,octavio.rodriguez5855@hotmail.com,+346417650934,1995-10-20,ES,2024-08-28T06:46:01
3721,Luisa Pinna,luisa.pinna5642@proton.me,+391979051147,1955-11-11,IT,2023-12-29T14:11:53
3722,Nishant Hegde,nishant.hegde3563@outlook.com,+917387678404,1967-11-20,IN,2022-06-19T11:20:14
3723,Abel Trujillo,abel.trujillo9325@hotmail.com,+521605243186,2007-05-21,MX,2025-08-24T10:40:53
3724,Ellen Saarinen,ellen.saarinen9523@outlook.com,+3582715782107,1970-12-05,FI,2024-04-04T17:29:48
3725,Jon Nissen,jon.nissen3226@proton.me,+472189715838,1974-02-06,NO,2021-06-30T15:48:58
3726,Caterina Natale,caterina.natale4754@outlook.com,+395701254512,1980-01-08,IT,2022-08-15T20:13:43
3727,Claire Lawson,claire.lawson7478@outlook.com,+448275932601,1947-11-04,GB,2023-07-08T18:52:08
3728,Nazia Kapoor,nazia.kapoor5293@proton.me,+911766986473,1984-04-25,IN,2022-10-07T13:11:46
3729,Minoru Masuda,minoru.masuda1548@yahoo.com,+814871447623,1953-09-09,JP,2024-02-20T17:48:35
3730,Märta Ali,marta.ali9269@outlook.com,+464961765518,1997-06-06,SE,2026-03-14T11:29:36
3731,Jessica Davis,jessica.davis2715@outlook.com,+18476854113,1955-04-16,US,2025-06-07T22:53:22
3732,Arseniy Kravchenko,arseniy.kravchenko3691@hotmail.com,+3802389114004,1982-09-12,UA,2022-05-01T00:17:33
3733,Bernardus de Vries,bernardus.devries2985@icloud.com,+313991986941,1947-05-14,NL,2025-10-30T12:09:44
3734,Joseph Owen,joseph.owen1167@proton.me,+16418717981,1970-05-07,CA,2025-03-12T03:59:26
3735,Mpho Nel,mpho.nel7964@proton.me,+271895737738,1988-09-18,ZA,2024-01-09T08:41:12
3736,Abigail Barker,abigail.barker2695@yahoo.com,+611639118954,1955-10-24,AU,2023-04-28T03:10:22
3737,Bo Friis,bo.friis8663@icloud.com,+455063052545,1946-09-21,DK,2021-12-02T17:25:15
3738,Yuichi Endo,yuichi.endo5618@yahoo.com,+814125385606,2002-02-23,JP,2025-06-10T12:36:48
3739,Burcu Çam,burcu.cam9275@yahoo.com,+902473071480,1997-02-05,TR,2025-11-15T06:57:55
3740,Heisuke Tani,heisuke.tani9944@proton.me,+816276890206,1982-07-23,JP,2021-10-15T01:41:45
3741,Gabriel Lawrence,gabriel.lawrence6042@outlook.com,+15381918033,1997-07-23,US,2022-11-20T12:07:36
3742,Paula Kaiser,paula.kaiser7037@yahoo.com,+496624373631,1966-09-21,DE,2024-06-12T16:29:23
3743,Pia Dam,pia.dam8882@outlook.com,+451526398338,1969-06-16,DK,2023-04-26T02:53:44
3744,Defne Torun,defne.torun2706@gmail.com,+909527242399,1985-04-13,TR,2023-01-24T23:51:49
3745,Adam Saunders,adam.saunders6826@yahoo.com,+442934804531,1960-06-14,GB,2025-06-23T03:39:31
3746,Dorothy Knight,dorothy.knight2678@yahoo.com,+15549673245,1986-10-11,US,2024-02-26T03:59:29
3747,Esteban Castro,esteban.castro6548@proton.me,+527772715540,1994-02-12,MX,2021-07-06T06:22:09
3748,Asuka Mori,asuka.mori5350@proton.me,+816917141666,1993-12-18,JP,2025-01-29T15:57:08
3749,Viola Riva,viola.riva4306@hotmail.com,+396045146466,1968-10-27,IT,2024-11-22T10:17:00
3750,Stepan Gaiduk,stepan.gaiduk4355@hotmail.com,+3808449307089,1990-08-13,UA,2025-05-04T02:46:49
3751,Brigitte Keller,brigitte.keller1211@proton.me,+497392820980,1984-04-23,DE,2025-01-02T19:31:50
3752,Elizabeth Duncan,elizabeth.duncan2326@hotmail.com,+449187292163,1992-01-29,GB,2026-02-04T17:14:40
3753,Melle Kramer,melle.kramer4083@yahoo.com,+314213846026,1948-11-03,NL,2023-09-20T02:27:47
3754,Fraser Watson,fraser.watson7368@yahoo.com,+613936331666,1973-10-14,AU,2022-08-29T10:50:26
3755,Vira Pavlovsky,vira.pavlovsky4565@yahoo.com,+3806677814578,2004-04-22,UA,2024-06-13T02:48:26
3756,Sangeeta Banerjee,sangeeta.banerjee359@outlook.com,+914222649787,1992-12-27,IN,2025-01-12T17:32:49
3757,Nana Sawada,nana.sawada7448@gmail.com,+813552992987,1950-06-16,JP,2022-05-22T05:57:04
3758,Guillaume Graham,guillaume.graham7643@hotmail.com,+14912074946,1962-09-14,CA,2025-09-09T20:17:05
3759,Aaron Anderson,aaron.anderson7165@hotmail.com,+447436161995,1971-03-17,GB,2026-04-05T15:22:05
3760,Christa Koch,christa.koch9279@icloud.com,+493177139893,1959-10-22,DE,2023-08-06T18:23:12
3761,Colton Phillips,colton.phillips5224@proton.me,+12655046549,1947-05-29,US,2022-05-21T02:49:08
3762,Michael Wells,michael.wells9589@gmail.com,+18965403631,1992-07-21,US,2025-08-19T02:52:30
3763,Shan Meng,shan.meng7403@outlook.com,+862798457379,1965-10-13,CN,2021-10-31T04:30:54
3764,Lúcia Guedes,lucia.guedes8675@gmail.com,+3512422755652,1958-11-07,PT,2024-12-23T22:57:48
3765,Sabrina Vasconcelos,sabrina.vasconcelos9765@yahoo.com,+558624478075,1989-03-02,BR,2024-11-16T21:00:23
3766,Samuel Herrera,samuel.herrera2928@gmail.com,+344665341750,1977-01-04,ES,2022-07-19T03:02:09
3767,Malte Lundqvist,malte.lundqvist6426@yahoo.com,+465974870011,2005-04-20,SE,2022-10-16T05:22:26
3768,Deepika Bhattacharya,deepika.bhattacharya2235@proton.me,+919184686697,1954-09-01,IN,2024-11-16T05:23:59
3769,Janine Tessier,janine.tessier8628@gmail.com,+332530801058,1988-02-06,FR,2024-01-12T01:34:17
3770,Maurice Marie,maurice.marie7449@outlook.com,+333812133730,1963-03-18,FR,2024-08-07T00:20:17
3771,Tabu Khanna,tabu.khanna5629@proton.me,+912999377385,1981-06-12,IN,2025-02-11T08:26:22
3772,Tumelo Roux,tumelo.roux8443@proton.me,+276273774944,1985-05-16,ZA,2022-10-12T01:24:51
3773,Aria Miller,aria.miller2411@proton.me,+16717013688,1981-03-20,US,2025-10-01T06:54:55
3774,Garima Swain,garima.swain7370@hotmail.com,+918238896981,1968-07-24,IN,2024-02-28T18:23:06
3775,Yujia Zou,yujia.zou1400@proton.me,+863631161813,2000-02-03,CN,2024-09-30T04:27:38
3776,Sem van Eijk,sem.vaneijk5020@proton.me,+311306129762,1970-12-18,NL,2024-07-14T01:46:36
3777,Yves Diels,yves.diels3280@gmail.com,+322003995199,1993-06-23,BE,2025-12-27T17:55:58
3778,Walter Ross,walter.ross1303@icloud.com,+19208194371,1986-11-29,US,2026-03-02T15:20:28
3779,Amanda Arnold,amanda.arnold2135@yahoo.com,+13677212590,1977-02-01,CA,2023-11-21T16:43:59
3780,Gladys Andrews,gladys.andrews2365@gmail.com,+14520625115,1962-06-05,US,2025-01-01T12:08:41
3781,Thomas Vogel,thomas.vogel1879@proton.me,+491647426874,2001-06-04,DE,2022-01-14T11:55:25
3782,Nova Johansson,nova.johansson6060@hotmail.com,+469607432106,1974-12-19,SE,2026-03-11T18:05:06
3783,Lois Wilson,lois.wilson7747@hotmail.com,+16508047232,1957-12-05,US,2025-12-20T09:58:31
3784,Ruiqi Chow,ruiqi.chow2500@icloud.com,+653247470982,1973-09-23,SG,2023-04-06T09:01:34
3785,Lincoln Daniels,lincoln.daniels6305@hotmail.com,+15664593743,1946-12-14,US,2025-02-01T11:25:44
3786,Léa Clement,lea.clement1008@outlook.com,+334561160550,1974-12-06,FR,2023-07-23T04:23:05
3787,Lara Akın,lara.akn3472@hotmail.com,+902895082565,2001-03-29,TR,2026-04-19T00:50:49
3788,Vincent Bélanger,vincent.belanger9464@icloud.com,+14286666789,1952-01-14,CA,2026-02-12T15:42:31
3789,Emer Callaghan,emer.callaghan9449@gmail.com,+3536411369238,1963-04-18,IE,2021-10-17T18:24:35
3790,Cem Eren,cem.eren3752@yahoo.com,+901545015959,1949-12-07,TR,2023-09-01T01:46:53
3791,Amber Prins,amber.prins5497@yahoo.com,+315887795697,1984-12-23,NL,2023-02-12T07:26:58
3792,Yasu Sugawara,yasu.sugawara2941@proton.me,+812130668258,1980-01-18,JP,2025-09-08T21:25:08
3793,Nolan Chapman,nolan.chapman6987@gmail.com,+14059535733,1996-03-23,US,2025-04-12T08:20:45
3794,River Long,river.long3905@icloud.com,+17859550492,1992-09-06,US,2022-12-18T17:50:25
3795,Oliver Barnes,oliver.barnes440@outlook.com,+11167805172,2004-08-06,US,2025-10-25T01:04:21
3796,Haruma Murakami,haruma.murakami3923@gmail.com,+819303095616,1976-01-23,JP,2023-11-05T04:20:34
3797,Anke Brandt,anke.brandt3197@outlook.com,+496758305465,2003-02-19,DE,2024-11-15T10:11:19
3798,Ragini Malhotra,ragini.malhotra8694@outlook.com,+918403971237,1964-05-12,IN,2022-11-16T22:56:33
3799,Prem Gupta,prem.gupta9115@proton.me,+915408423492,1987-03-23,IN,2024-03-24T03:05:58
3800,Arabella Harris,arabella.harris3458@yahoo.com,+445260480506,1955-05-04,GB,2024-07-22T10:58:52
3801,Zoe Alvarado,zoe.alvarado3259@hotmail.com,+19876436175,2000-03-24,US,2025-04-09T22:57:35
3802,Elizabeth Cole,elizabeth.cole7561@outlook.com,+14599587402,1958-05-12,US,2025-06-27T07:30:26
3803,Zara Harrison,zara.harrison5111@icloud.com,+613638667050,1950-09-17,AU,2025-12-21T15:43:25
3804,John Potter,john.potter4259@hotmail.com,+449968539756,2003-10-29,GB,2021-05-19T07:47:48
3805,Hugo Wade,hugo.wade1076@outlook.com,+447797703534,1982-10-27,GB,2026-01-11T12:36:20
3806,Andrée Roger,andree.roger7093@hotmail.com,+338151970928,1957-03-05,FR,2021-12-27T18:42:39
3807,Alex Scott,alex.scott1423@hotmail.com,+619260712908,1995-02-12,AU,2021-08-07T11:16:21
3808,Cláudio Santos,claudio.santos3136@yahoo.com,+552203165013,1982-09-13,BR,2021-12-06T04:04:21
3809,Layla Cruz,layla.cruz9648@yahoo.com,+19801463382,1965-03-01,US,2022-10-28T03:40:01
3810,Aadvik Subramanian,aadvik.subramanian1404@yahoo.com,+918802563319,2003-10-30,IN,2022-08-25T08:37:15
3811,Courtney Smith,courtney.smith6709@gmail.com,+612910321150,1980-04-20,AU,2021-10-27T00:09:44
3812,Leslie West,leslie.west1776@yahoo.com,+13362318054,1996-03-10,US,2023-06-06T18:51:16
3813,Alice Peters,alice.peters6211@outlook.com,+449768736171,2001-12-22,GB,2022-10-01T07:24:51
3814,Raul Siqueira,raul.siqueira42@hotmail.com,+551517808457,1992-07-14,BR,2024-03-21T03:15:27
3815,Alexander Reyes,alexander.reyes7793@icloud.com,+17844427428,1992-05-25,CA,2022-07-14T00:21:14
3816,Emilia Mueller,emilia.mueller8852@outlook.com,+557202885582,1992-04-02,BR,2025-03-20T23:31:11
3817,Giovanni Mariani,giovanni.mariani4017@icloud.com,+394101624852,1968-10-28,IT,2024-02-23T19:50:41
3818,Ada Stone,ada.stone620@outlook.com,+447091768162,1981-05-28,GB,2026-01-16T13:22:38
3819,Hui Min Hassan,huimin.hassan2042@hotmail.com,+651560439306,1996-07-22,SG,2024-12-02T15:07:31
3820,Nikodem Sadowski,nikodem.sadowski1125@proton.me,+489221815866,1982-06-26,PL,2022-05-06T20:18:19
3821,Gisèle Nguyen,gisele.nguyen4799@hotmail.com,+339070891606,1959-04-06,FR,2022-08-31T08:36:04
3822,Clara Benoit,clara.benoit4185@yahoo.com,+339394229514,1999-07-24,FR,2025-10-23T00:44:49
3823,Linda Cross,linda.cross4438@yahoo.com,+448242332513,1983-08-21,GB,2026-01-17T19:34:27
3824,Élina Bourgeois,elina.bourgeois3506@outlook.com,+332190545979,1971-03-29,FR,2026-02-20T23:04:53
3825,Juana Morales,juana.morales2833@icloud.com,+348589937118,1947-11-13,ES,2025-07-09T10:49:48
3826,Martyna Szulc,martyna.szulc202@proton.me,+481837676075,1971-12-05,PL,2026-05-10T16:37:02
3827,Harley Russell,harley.russell3155@icloud.com,+617650316664,1995-05-03,AU,2026-01-07T19:50:05
3828,Yusuke Murata,yusuke.murata4460@icloud.com,+812628752980,1980-05-29,JP,2025-12-22T23:15:46
3829,Alma Suárez,alma.suarez57@outlook.com,+347345940800,1990-12-03,ES,2024-04-15T22:50:33
3830,Matthew Johnston,matthew.johnston4141@proton.me,+11204299023,1948-05-03,CA,2023-10-25T17:27:55
3831,Teuntje Blom,teuntje.blom4210@gmail.com,+314628361689,1985-09-28,NL,2023-01-20T18:09:02
3832,Ella Meier,ella.meier633@gmail.com,+492086088888,1971-01-17,DE,2025-03-04T05:47:31
3833,Lucrezia Rossetti,lucrezia.rossetti5353@hotmail.com,+397918381905,1975-01-26,IT,2022-06-17T14:29:46
3834,Lateefa Al Khaja,lateefa.alkhaja2870@icloud.com,+9712843005622,1975-02-11,AE,2024-06-13T04:48:53
3835,Maite Giménez,maite.gimenez1086@hotmail.com,+344009880623,1956-12-01,ES,2021-09-14T04:50:51
3836,Petra Sauer,petra.sauer1299@proton.me,+497941260816,1980-12-28,DE,2025-07-13T14:51:23
3837,Molly Roberts,molly.roberts9003@gmail.com,+446566173148,2006-01-21,GB,2022-08-13T22:48:33
3838,Yuki Fujii,yuki.fujii9810@icloud.com,+815282576770,1970-06-10,JP,2021-09-24T12:08:19
3839,Robert Sundén,robert.sunden952@outlook.com,+468171458006,1970-02-02,SE,2024-06-17T18:09:46
3840,Matthew Anderson,matthew.anderson8224@icloud.com,+277135853877,1964-11-20,ZA,2024-03-03T10:07:18
3841,Finn Smits,finn.smits6460@gmail.com,+319514282472,1970-02-05,NL,2023-03-29T10:23:20
3842,Satsuki Harada,satsuki.harada9916@hotmail.com,+817697196633,1984-11-27,JP,2023-12-07T06:28:55
3843,April Fisher,april.fisher4227@outlook.com,+17795853536,1963-10-15,US,2025-09-15T11:44:27
3844,Jacob Leeuwen,jacob.leeuwen4504@gmail.com,+319759309118,1998-09-19,NL,2025-02-18T03:22:01
3845,Philippe Forster,philippe.forster7713@gmail.com,+418899212284,2004-12-25,CH,2025-10-13T05:31:27
3846,Yiting Lal,yiting.lal6189@proton.me,+658197620469,1966-06-27,SG,2025-12-16T15:19:39
3847,Klara Hartmann,klara.hartmann3018@icloud.com,+491183708689,1972-08-02,DE,2023-01-06T09:38:02
3848,Violet Johnson,violet.johnson6396@proton.me,+619657690474,1983-04-18,AU,2022-12-07T08:20:39
3849,Messias Cavalcanti,messias.cavalcanti7304@outlook.com,+559883291606,1960-01-24,BR,2024-03-23T20:48:42
3850,Noemi Ruggiero,noemi.ruggiero4595@outlook.com,+394954386458,1960-10-26,IT,2021-05-20T06:00:24
3851,Logan Hood,logan.hood8325@outlook.com,+447403629391,1982-03-05,GB,2026-01-11T21:05:44
3852,Randy Matthews,randy.matthews9836@yahoo.com,+12423805140,1977-10-03,US,2021-10-29T19:54:59
3853,Ivy Ferguson,ivy.ferguson2044@hotmail.com,+448977752629,1951-09-14,GB,2026-04-27T02:44:55
3854,Julia Mendoza,julia.mendoza207@icloud.com,+346209419353,1984-01-10,ES,2024-08-07T11:09:16
3855,Claude Adam,claude.adam3260@hotmail.com,+338911257490,1991-03-25,FR,2023-10-31T06:38:31
3856,Pio Tosi,pio.tosi1681@gmail.com,+391857524641,2008-02-02,IT,2025-11-23T14:56:35
3857,Deborah Willis,deborah.willis5158@proton.me,+15085029970,1957-08-24,US,2023-02-05T10:06:16
3858,Sonakshi Srinivasan,sonakshi.srinivasan2364@icloud.com,+915125465005,1947-05-02,IN,2023-05-02T11:31:51
3859,Wilfred Holt,wilfred.holt227@outlook.com,+445489998847,1957-09-25,GB,2023-10-04T07:59:53
3860,Alexis Weaver,alexis.weaver3908@outlook.com,+12148301144,1977-11-14,US,2025-04-18T21:23:40
3861,Esin Tok,esin.tok9299@outlook.com,+908097453890,1957-02-04,TR,2021-10-05T14:11:48
3862,Teresa González,teresa.gonzalez1373@icloud.com,+524270806606,1965-01-04,MX,2023-10-18T17:50:16
3863,Alejandra Torres,alejandra.torres5792@outlook.com,+344850000049,1997-04-23,ES,2022-04-30T04:22:49
3864,Charles Bergeron,charles.bergeron5224@yahoo.com,+19587322796,1955-01-06,CA,2023-02-13T02:27:04
3865,Bonnie Hamilton,bonnie.hamilton5477@gmail.com,+16328158641,1970-10-22,US,2021-06-24T09:11:53
3866,Thomas Wallace,thomas.wallace2153@icloud.com,+617867408538,1985-07-25,AU,2024-03-03T12:23:13
3867,Keisuke Takada,keisuke.takada4783@icloud.com,+811870233736,1978-10-25,JP,2022-01-13T17:50:46
3868,Lucia Di Lorenzo,lucia.dilorenzo4514@gmail.com,+399571915465,1977-01-17,IT,2023-02-26T13:00:19
3869,Tanish Arora,tanish.arora2105@icloud.com,+911509706089,1950-04-15,IN,2024-12-25T20:09:24
3870,Mason Reeves,mason.reeves9174@gmail.com,+13734367430,1984-03-28,CA,2025-01-21T12:17:00
3871,Phoenix Simpson,phoenix.simpson1663@gmail.com,+612545886037,1977-07-31,AU,2023-06-02T02:06:45
3872,Nolwandle October,nolwandle.october570@gmail.com,+276541226592,2001-10-04,ZA,2023-11-13T07:55:33
3873,Helen Sandberg,helen.sandberg2201@icloud.com,+465125532489,1957-09-20,SE,2026-04-26T12:18:05
3874,Maria Nowak,maria.nowak4769@outlook.com,+486065282807,1950-10-15,PL,2025-10-03T06:06:46
3875,Brandon West,brandon.west1709@hotmail.com,+447063137509,2000-07-19,GB,2025-07-24T19:12:18
3876,Cleusa Fonseca,cleusa.fonseca5801@icloud.com,+556671592610,1987-10-30,BR,2023-06-04T09:58:48
3877,Gregory Adams,gregory.adams9823@gmail.com,+19521244964,2003-09-26,US,2021-08-04T18:23:17
3878,Philip Thomas,philip.thomas9278@icloud.com,+16415263274,1991-11-22,US,2026-04-25T23:12:22
3879,Luna Frank,luna.frank4371@yahoo.com,+16644298322,1948-05-10,CA,2023-02-14T16:56:36
3880,Charlotte Graham,charlotte.graham5711@yahoo.com,+19096512747,1986-04-22,US,2023-01-01T22:47:20
3881,Alma Lorentzen,alma.lorentzen9928@outlook.com,+478717560609,1981-01-16,NO,2023-09-20T08:11:40
3882,Adriana de Groot,adriana.degroot1516@outlook.com,+318794704605,1991-08-05,NL,2026-04-08T00:36:44
3883,Olivia Noel,olivia.noel9371@icloud.com,+331818901240,1993-02-19,FR,2022-05-20T16:32:46
3884,Thomas Johnson,thomas.johnson2308@gmail.com,+441598132759,1977-08-09,GB,2024-05-14T21:04:26
3885,Vania Medeiros,vania.medeiros5090@yahoo.com,+556897827288,1995-11-06,BR,2023-12-23T10:55:57
3886,Felicia Blomberg,felicia.blomberg2408@proton.me,+469345779980,1983-11-17,SE,2021-10-09T20:09:24
3887,Inge van Beek,inge.vanbeek834@icloud.com,+319224573048,1985-07-29,NL,2024-05-01T01:49:48
3888,Guillermina Andrade,guillermina.andrade7431@icloud.com,+523367850021,1973-01-29,MX,2022-08-14T08:38:33
3889,Dawn Porter,dawn.porter3045@proton.me,+11761760663,1953-07-21,US,2024-07-05T18:28:19
3890,Henrik Björk,henrik.bjork5382@proton.me,+469011070058,1955-01-28,SE,2026-01-28T16:35:17
3891,Jordan Evans,jordan.evans4786@yahoo.com,+19131335448,1978-02-01,CA,2025-12-08T08:25:15
3892,Henry Griffin,henry.griffin1918@hotmail.com,+619794814774,2008-03-27,AU,2025-01-30T04:38:15
3893,Rekha Menon,rekha.menon5810@gmail.com,+919358083697,1979-01-05,IN,2023-02-12T18:38:53
3894,Pramila Alam,pramila.alam6202@icloud.com,+914827084973,1986-03-28,IN,2024-12-24T00:38:21
3895,Victor Hunt,victor.hunt5892@outlook.com,+18641975805,1980-08-08,CA,2024-07-29T03:31:26
3896,Ayaka Ota,ayaka.ota9202@outlook.com,+812873354096,1975-08-02,JP,2021-05-19T11:48:10
3897,Liam Thompson,liam.thompson7722@hotmail.com,+615242771985,2007-12-24,AU,2024-01-06T02:40:28
3898,Dylan Ramos,dylan.ramos8916@proton.me,+11012339240,1995-10-18,US,2026-02-13T18:14:38
3899,Kai Fox,kai.fox5589@yahoo.com,+612005633831,1947-11-08,AU,2023-10-12T02:44:27
3900,Sydney Myers,sydney.myers5243@outlook.com,+19413103926,1958-12-31,US,2022-11-07T14:20:37
3901,Regina Baker,regina.baker2972@outlook.com,+13502401437,1968-02-25,US,2023-07-23T04:38:55
3902,Nozomu Nishiyama,nozomu.nishiyama9598@hotmail.com,+815107081887,1948-11-11,JP,2025-10-29T03:58:44
3903,Moritz Huber,moritz.huber9613@icloud.com,+492226792556,2003-10-13,DE,2024-04-20T09:36:27
3904,Cristina Prieto,cristina.prieto2884@hotmail.com,+347500898505,1969-07-21,ES,2023-11-13T08:43:14
3905,Wellington Tavares,wellington.tavares6743@hotmail.com,+559953665546,1964-04-17,BR,2024-06-08T09:50:36
3906,Haitham Al Ketbi,haitham.alketbi8598@yahoo.com,+9713975021775,1970-08-31,AE,2021-06-04T22:20:01
3907,Michelle Jones,michelle.jones6150@outlook.com,+445888338870,1958-12-13,GB,2024-02-22T08:56:52
3908,Leia Westerberg,leia.westerberg59@proton.me,+462437751225,1999-11-22,SE,2024-03-17T21:23:21
3909,Nele Ludwig,nele.ludwig7920@gmail.com,+493300837407,1998-08-02,DE,2025-08-14T18:15:40
3910,Satoru Saito,satoru.saito9460@yahoo.com,+818776044298,2002-10-18,JP,2022-03-03T13:16:24
3911,Christine Schmitt,christine.schmitt7497@yahoo.com,+333432522795,2000-10-05,FR,2025-05-02T15:56:31
3912,Orysya Vasylenko,orysya.vasylenko1364@hotmail.com,+3807260178963,1964-07-18,UA,2023-01-11T08:16:22
3913,Lieselotte Graf,lieselotte.graf3645@gmail.com,+496921083493,1969-07-23,DE,2023-08-16T08:42:16
3914,Josephine Ramirez,josephine.ramirez7972@gmail.com,+14626238379,1983-04-04,US,2024-07-31T09:44:24
3915,Edith Little,edith.little4145@yahoo.com,+449250165765,1949-11-05,GB,2023-10-26T14:45:39
3916,Shanti Deshmukh,shanti.deshmukh7943@icloud.com,+918909591051,2002-07-20,IN,2023-08-10T20:13:05
3917,Fabiola Piccolo,fabiola.piccolo3710@proton.me,+391515867323,1990-09-22,IT,2023-03-26T23:50:53
3918,Yoshie Watanabe,yoshie.watanabe6051@yahoo.com,+811597739071,2006-04-07,JP,2022-09-18T07:39:56
3919,Charo Martínez,charo.martinez9019@hotmail.com,+347299631393,1962-04-16,ES,2022-07-17T23:10:35
3920,Viktoria Friedrich,viktoria.friedrich4165@proton.me,+493440261255,1985-09-26,DE,2026-04-26T20:02:45
3921,Abril Medina,abril.medina1666@gmail.com,+344925250337,1966-03-17,ES,2022-05-22T15:33:25
3922,Edna Rodrigues,edna.rodrigues7121@hotmail.com,+559229523561,1972-01-22,BR,2023-01-23T12:10:56
3923,Brooke Walker,brooke.walker4161@outlook.com,+614291383082,1999-03-10,AU,2024-02-12T06:01:16
3924,Jason Tran,jason.tran1458@gmail.com,+18080588604,1958-07-16,US,2024-04-10T19:34:49
3925,Nadia Ferrante,nadia.ferrante4244@yahoo.com,+394964139129,1985-10-15,IT,2025-05-28T22:33:18
3926,Carl Olausson,carl.olausson4046@hotmail.com,+463429912511,1980-05-20,SE,2025-08-03T18:22:03
3927,Chase Henderson,chase.henderson8446@proton.me,+19918928809,1957-07-15,US,2026-01-19T05:05:42
3928,Ethan Garza,ethan.garza5377@outlook.com,+14641432121,2006-10-27,US,2024-06-20T20:56:22
3929,Anna Kern,anna.kern4588@outlook.com,+431004038586,1999-07-15,AT,2022-10-25T06:40:29
3930,Alicia Medina,alicia.medina3643@hotmail.com,+17914763235,1947-01-29,US,2022-11-30T16:04:56
3931,Helene Krause,helene.krause7902@gmail.com,+498632825042,1961-08-15,DE,2023-07-06T00:59:35
3932,Vincent Chia,vincent.chia2653@gmail.com,+659016256563,1999-04-22,SG,2025-05-11T07:46:46
3933,Nolwazi Zungu,nolwazi.zungu6508@outlook.com,+279488999598,1972-11-27,ZA,2022-05-01T11:28:50
3934,Benjamin Coleman,benjamin.coleman9284@yahoo.com,+18183225860,1990-11-21,US,2024-06-21T19:55:00
3935,Anna Trofymenko,anna.trofymenko4738@hotmail.com,+3806630447639,1983-06-19,UA,2023-06-28T03:05:19
3936,Themba Prinsloo,themba.prinsloo1090@outlook.com,+271696880884,1958-10-28,ZA,2025-03-21T15:07:56
3937,Chitrangada Chawla,chitrangada.chawla1780@icloud.com,+917608903824,1957-10-02,IN,2023-12-13T12:15:47
3938,Amber Mitchell,amber.mitchell8705@outlook.com,+13287968414,1971-12-17,US,2023-03-29T01:42:53
3939,Avery Salazar,avery.salazar703@gmail.com,+18777177351,1994-09-23,US,2023-08-26T06:33:53
3940,Miyuki Aoki,miyuki.aoki3575@gmail.com,+819920139457,1953-04-03,JP,2021-11-04T17:02:05
3941,Hannah Morgan,hannah.morgan7076@proton.me,+447641092214,1971-01-06,GB,2023-03-30T04:38:27
3942,Krystyna Kamiński,krystyna.kaminski5349@outlook.com,+487076085500,1985-01-20,PL,2022-11-05T14:49:11
3943,Raymonde Bertrand,raymonde.bertrand3269@gmail.com,+335542161406,1951-04-03,FR,2023-11-26T10:39:18
3944,Evelyn Andrews,evelyn.andrews7521@yahoo.com,+442308675990,1952-11-14,GB,2026-02-05T11:32:44
3945,Asbjørn Sunde,asbjrn.sunde6125@icloud.com,+475111671498,2003-03-18,NO,2023-12-02T09:06:02
3946,Minerva Ochoa,minerva.ochoa9079@hotmail.com,+524696091168,1988-06-28,MX,2023-07-22T05:55:26
3947,Zong Fang,zong.fang2953@icloud.com,+863197863994,1970-07-16,CN,2026-04-21T12:01:46
3948,Damian Herzog,damian.herzog7108@icloud.com,+417191388959,1994-04-12,CH,2025-05-27T16:58:25
3949,Amy James,amy.james7193@yahoo.com,+16253400436,1986-06-09,US,2021-12-30T07:15:35
3950,Ângelo Godoy,angelo.godoy8747@icloud.com,+553047794806,1984-04-12,BR,2023-08-15T08:29:44
3951,Camille Gasser,camille.gasser6402@icloud.com,+418771201560,1997-11-27,CH,2026-04-18T17:21:46
3952,Ulrika Söderberg,ulrika.soderberg9695@outlook.com,+465215765560,1962-09-20,SE,2024-02-01T14:33:22
3953,Lauren Fortin,lauren.fortin5989@proton.me,+16518550984,1963-06-01,CA,2025-02-09T10:23:38
3954,Hee-jin Mae,heejin.mae6155@outlook.com,+827912723620,1965-04-11,KR,2024-08-25T13:48:36
3955,Weston Santiago,weston.santiago1483@icloud.com,+19305283286,2002-11-09,US,2026-01-03T03:25:57
3956,Alma Di Giovanni,alma.digiovanni1146@hotmail.com,+395263115683,1975-11-26,IT,2024-11-19T12:41:10
3957,Yuanyuan Kong,yuanyuan.kong8251@gmail.com,+861128074752,1995-03-13,CN,2023-07-06T05:39:58
3958,Dino Di Francesco,dino.difrancesco9492@gmail.com,+398980966812,1992-04-21,IT,2024-10-31T18:27:17
3959,Ivana Evangelista,ivana.evangelista2263@yahoo.com,+399648209996,1996-10-31,IT,2026-01-12T01:52:42
3960,Manuela Sampaio,manuela.sampaio3429@hotmail.com,+553693296441,2000-03-28,BR,2021-11-02T06:41:15
3961,Gemma Fuller,gemma.fuller3622@hotmail.com,+447651004580,2002-09-21,GB,2025-01-16T15:00:07
3962,Evert Schipper,evert.schipper5421@gmail.com,+318566143247,1947-11-23,NL,2024-05-21T20:30:02
3963,Bruce Peters,bruce.peters8895@outlook.com,+15966256113,1997-01-13,US,2022-03-03T21:41:12
3964,Madison Chavez,madison.chavez3854@yahoo.com,+13009779071,1966-01-19,US,2025-10-26T01:22:33
3965,Ada Costa,ada.costa5811@gmail.com,+399255998910,1997-02-28,IT,2023-05-03T07:02:34
3966,Łukasz Król,ukasz.krol8428@outlook.com,+486332759811,1947-08-28,PL,2023-08-21T13:36:52
3967,Victor Adam,victor.adam5386@icloud.com,+331809146036,1949-12-19,FR,2023-11-01T15:37:57
3968,Matviy Zaytsev,matviy.zaytsev4416@hotmail.com,+3807621587133,1980-03-05,UA,2021-08-25T16:07:59
3969,Stanisław Gajda,stanisaw.gajda819@hotmail.com,+486601186070,1993-06-14,PL,2026-03-23T23:13:16
3970,Bo-young Myeong,boyoung.myeong4197@icloud.com,+822942819693,2006-10-23,KR,2023-01-21T00:27:42
3971,Ajit Gill,ajit.gill2261@proton.me,+917699206608,1972-04-28,IN,2022-07-15T12:03:33
3972,Sebastião Sousa,sebastiao.sousa2396@gmail.com,+3519989563822,2000-11-06,PT,2026-01-17T10:09:09
3973,Bárbara Chávez,barbara.chavez7770@proton.me,+521711916185,1971-12-15,MX,2024-01-24T12:36:04
3974,Josephine Wolf,josephine.wolf2717@hotmail.com,+494914724427,1999-10-02,DE,2024-04-17T20:10:41
3975,Lee Lynch,lee.lynch2582@icloud.com,+443276519292,1953-07-03,GB,2025-01-13T16:55:44
3976,Kornel Ziółkowski,kornel.ziokowski5766@gmail.com,+486467389085,1981-09-09,PL,2023-02-14T04:15:48
3977,Martha Taylor,martha.taylor2695@outlook.com,+18650818916,1954-08-16,US,2023-12-10T14:30:25
3978,Naresh Tripathi,naresh.tripathi3127@outlook.com,+911344567703,1947-02-12,IN,2023-09-30T05:28:20
3979,Anton Marchenko,anton.marchenko6032@hotmail.com,+3806395771522,2002-09-25,UA,2025-05-15T19:20:06
3980,Zaki Tsai,zaki.tsai2328@yahoo.com,+653393135784,1955-05-12,SG,2021-06-20T04:59:28
3981,Muriel Leclerc,muriel.leclerc7386@proton.me,+332698540161,1983-04-19,FR,2024-02-24T00:59:28
3982,Jacob Lopez,jacob.lopez6901@outlook.com,+17027196405,1988-02-22,US,2021-05-18T06:00:10
3983,Hajime Kamiya,hajime.kamiya5334@yahoo.com,+817402582528,2005-06-26,JP,2025-04-08T01:17:28
3984,Gi-kwang Sagong,gikwang.sagong7910@hotmail.com,+829683861796,2000-03-29,KR,2024-09-03T13:16:18
3985,Zara Al Rostamani,zara.alrostamani7995@icloud.com,+9712750766014,1971-03-01,AE,2022-02-19T02:07:49
3986,Eman Al Awadi,eman.alawadi6575@yahoo.com,+9717366329465,1956-09-22,AE,2023-10-24T18:08:50
3987,Gláucio Correia,glaucio.correia3850@outlook.com,+557206982160,2000-06-12,BR,2024-01-15T18:59:48
3988,Debra Crawford,debra.crawford3107@yahoo.com,+17483554301,1972-03-09,US,2026-02-21T13:24:05
3989,Ramón Vicente,ramon.vicente6656@yahoo.com,+346426317933,1969-01-01,ES,2022-03-04T19:33:43
3990,Megan Gonzales,megan.gonzales3524@gmail.com,+18413331778,1953-03-18,US,2023-09-26T12:20:13
3991,Gabriel Batista,gabriel.batista1156@proton.me,+3513091787879,1979-06-24,PT,2022-08-13T07:15:02
3992,Grace Rose,grace.rose3750@proton.me,+12007084176,1964-02-07,US,2025-07-11T23:23:24
3993,Dagmar Albrecht,dagmar.albrecht1435@hotmail.com,+496708123916,2000-11-18,DE,2025-07-27T20:23:22
3994,Amandine Fleury,amandine.fleury8902@icloud.com,+339775922292,1977-09-02,FR,2024-01-21T03:01:46
3995,Kgosi Blignaut,kgosi.blignaut2488@outlook.com,+275502298583,1962-11-29,ZA,2023-02-26T08:41:13
3996,Aapo Viljanen,aapo.viljanen8156@hotmail.com,+3587738701533,1999-10-25,FI,2023-01-15T14:43:14
3997,Audrey Le Roux,audrey.leroux6151@yahoo.com,+332218413589,1984-04-05,FR,2023-10-21T05:25:32
3998,Doreen Murphy,doreen.murphy281@outlook.com,+11152886755,1975-02-26,US,2023-12-05T07:50:11
3999,Lilly Martinsson,lilly.martinsson5940@icloud.com,+463895030939,1984-12-31,SE,2022-08-13T19:22:18
4000,Giancarlo Donati,giancarlo.donati264@yahoo.com,+393050180906,1954-06-26,IT,2024-01-08T01:59:33
4001,Constantijn van den Bosch,constantijn.vandenbosch1409@outlook.com,+316160311057,1967-06-06,NL,2026-03-10T22:11:13
4002,Morgan Nichols,morgan.nichols7485@hotmail.com,+16222608663,1986-07-29,US,2022-05-08T02:42:42
4003,Piper Santos,piper.santos4275@yahoo.com,+14230356676,1969-03-11,US,2024-04-15T12:38:33
4004,Alina Hahn,alina.hahn5535@icloud.com,+492011639171,1979-06-23,DE,2021-12-30T15:14:59
4005,Timothy Chew,timothy.chew9412@proton.me,+654410312143,2001-09-20,SG,2022-04-12T00:01:18
4006,Sara Hart,sara.hart828@outlook.com,+17420100929,1971-03-30,US,2026-05-06T13:34:36
4007,Audrey Ward,audrey.ward2326@hotmail.com,+19124644421,1956-02-20,US,2023-10-05T04:55:12
4008,Wolfgang Lehmann,wolfgang.lehmann1752@proton.me,+491768624950,1996-06-22,DE,2021-12-17T00:13:24
4009,Blessing Mahlangu,blessing.mahlangu73@proton.me,+275341758797,1967-06-27,ZA,2024-02-16T00:23:16
4010,Osvaldo Pizzo,osvaldo.pizzo5393@yahoo.com,+394985142097,1961-01-31,IT,2025-08-10T17:32:59
4011,Pauline Böhm,pauline.bohm5411@icloud.com,+499037184322,1976-06-11,DE,2025-02-25T16:46:11
4012,Sagarika Dhar,sagarika.dhar3434@hotmail.com,+914156774483,1988-10-20,IN,2024-05-30T07:48:17
4013,Jacqueline Fernandez,jacqueline.fernandez820@gmail.com,+333248487006,1977-01-12,FR,2025-03-20T00:43:07
4014,Siddharth Srivastava,siddharth.srivastava7711@gmail.com,+915576963514,1965-06-06,IN,2021-10-09T12:26:31
4015,Jude Riley,jude.riley9609@yahoo.com,+16387404218,1990-08-20,US,2022-07-23T07:01:04
4016,Brian Nichols,brian.nichols9749@proton.me,+441248518500,1957-05-07,GB,2024-03-29T05:54:27
4017,Jean Ballard,jean.ballard8931@outlook.com,+17293550617,2001-05-17,CA,2025-11-15T12:41:03
4018,Jaxon Romero,jaxon.romero6740@hotmail.com,+16250768168,1973-07-02,US,2025-06-10T10:50:48
4019,Esther Molenaar,esther.molenaar8669@icloud.com,+317601868930,1999-02-23,NL,2021-09-26T18:30:54
4020,Woo-sung Tae,woosung.tae1471@outlook.com,+822115929763,1962-10-19,KR,2023-10-07T12:03:17
4021,Jutta Hofmann,jutta.hofmann3383@outlook.com,+493015630928,1972-12-15,DE,2026-01-29T13:10:06
4022,Laila Ødegård,laila.degard9877@outlook.com,+479218032654,1962-11-17,NO,2023-10-04T22:58:10
4023,Shoji Igarashi,shoji.igarashi8626@icloud.com,+818126277024,1989-06-11,JP,2023-03-09T00:27:58
4024,Lesedi April,lesedi.april8785@icloud.com,+274724137639,2008-04-23,ZA,2025-06-11T05:41:52
4025,Nicholas Ray,nicholas.ray2559@hotmail.com,+19052880133,2005-03-26,US,2024-09-16T22:40:26
4026,Piper Vargas,piper.vargas3602@outlook.com,+14329835455,1968-08-28,CA,2023-12-28T18:01:28
4027,Silvana Bezerra,silvana.bezerra5052@icloud.com,+555982415913,1966-08-11,BR,2023-02-04T15:15:54
4028,Gracie Boyd,gracie.boyd7697@proton.me,+444151248232,1979-03-28,GB,2024-08-15T18:33:56
4029,Jerry Simpson,jerry.simpson5776@proton.me,+13694081543,1966-03-01,US,2023-06-25T20:40:18
4030,Margaret McDonald,margaret.mcdonald7874@outlook.com,+444513349560,1981-11-06,GB,2023-11-05T11:01:12
4031,Bogusława Madej,bogusawa.madej4935@icloud.com,+488527615841,1958-08-03,PL,2023-09-04T17:26:47
4032,Wei Chen Thng,weichen.thng8357@yahoo.com,+658821148503,1983-01-29,SG,2023-08-14T20:34:04
4033,Waldemar Lehmann,waldemar.lehmann4024@gmail.com,+552970397373,1977-08-03,BR,2024-05-26T13:23:44
4034,Brenda Woods,brenda.woods1158@icloud.com,+19612819188,1956-03-12,US,2025-04-21T04:13:13
4035,Felicja Lisowski,felicja.lisowski6265@gmail.com,+483776648693,2004-12-30,PL,2024-03-14T09:11:23
4036,Sven Malmqvist,sven.malmqvist9971@gmail.com,+461417626546,2001-09-21,SE,2021-12-08T14:52:38
4037,Rupert Watson,rupert.watson39@hotmail.com,+444339650763,1967-08-20,GB,2024-12-23T14:31:02
4038,Marta Gatti,marta.gatti1448@icloud.com,+393571821896,1962-09-27,IT,2021-12-18T02:23:19
4039,Archie Stewart,archie.stewart4017@outlook.com,+614577798065,1954-10-08,AU,2023-06-05T20:43:11
4040,Martine Gonzalez,martine.gonzalez5451@icloud.com,+339890853090,1992-02-07,FR,2022-04-05T16:15:21
4041,Wyatt Nunez,wyatt.nunez7947@gmail.com,+17977016342,2001-07-26,CA,2022-12-31T01:55:14
4042,Ezio Rizzo,ezio.rizzo4731@hotmail.com,+393878892949,1968-01-07,IT,2023-01-15T17:34:24
4043,Aoi Yamaguchi,aoi.yamaguchi1811@yahoo.com,+815071758407,1973-10-19,JP,2024-04-24T07:44:28
4044,Marcia Weber,marcia.weber9598@hotmail.com,+551244865613,1961-11-13,BR,2023-12-11T01:51:37
4045,Isabella Ziegler,isabella.ziegler825@hotmail.com,+499424680605,1986-08-18,DE,2025-04-25T06:46:55
4046,Volodymyr Gorbachenko,volodymyr.gorbachenko6689@proton.me,+3809446700196,1956-06-26,UA,2025-12-19T13:23:57
4047,Anneliese Roth,anneliese.roth4430@outlook.com,+496392686062,1978-09-22,DE,2021-09-25T19:44:02
4048,Kelly Gonçalves,kelly.goncalves5054@outlook.com,+556072462386,1993-05-26,BR,2023-05-11T18:47:26
4049,Santosh Kamble,santosh.kamble448@outlook.com,+914913667241,2006-05-10,IN,2021-06-20T02:19:21
4050,Anneke de Bruin,anneke.debruin5040@outlook.com,+311671921410,1977-07-30,NL,2022-10-16T12:09:11
4051,Kajetan Łuczak,kajetan.uczak1420@yahoo.com,+488845582478,1987-09-08,PL,2024-11-21T21:36:27
4052,Akseli Mäki,akseli.maki6565@proton.me,+3586403611852,1956-03-12,FI,2021-06-02T08:14:25
4053,Zaynab Al Suwaidi,zaynab.alsuwaidi7460@proton.me,+9717727150361,2003-06-06,AE,2024-03-17T03:10:08
4054,Maria Reed,maria.reed6218@proton.me,+19790223932,1980-07-15,US,2025-07-15T23:48:11
4055,Jesse Miettinen,jesse.miettinen9920@proton.me,+3587530527470,1993-01-19,FI,2022-07-15T15:37:55
4056,Carolyn Murray,carolyn.murray3636@icloud.com,+19353162687,1967-03-29,CA,2025-08-30T00:32:52
4057,Sarai Rodríguez,sarai.rodriguez1480@yahoo.com,+525448123069,1950-06-10,MX,2021-06-15T09:09:16
4058,Saartje van den Broek,saartje.vandenbroek4612@hotmail.com,+314931311352,1948-02-04,NL,2026-04-29T23:46:32
4059,Sarah de Graaf,sarah.degraaf49@proton.me,+319387650804,1984-09-13,NL,2024-07-21T01:43:13
4060,Evan Diaz,evan.diaz3592@hotmail.com,+14950431711,1998-09-26,US,2025-03-29T09:56:34
4061,Christian O'Brien,christian.obrien9563@icloud.com,+15776338626,1964-09-18,US,2023-01-06T07:00:17
4062,Eva Vesterlund,eva.vesterlund9351@gmail.com,+464952639798,1951-08-28,SE,2021-09-02T04:55:58
4063,Gloria Le,gloria.le8736@icloud.com,+12689092784,1953-06-17,US,2023-12-30T08:26:55
4064,Cornelis van der Wal,cornelis.vanderwal4591@hotmail.com,+318114800913,1992-11-20,NL,2024-01-14T18:17:43
4065,Niek Hermans,niek.hermans2079@proton.me,+311536386387,1995-07-24,NL,2021-10-01T04:45:26
4066,Wanqing Yeo,wanqing.yeo4502@proton.me,+656461192235,1994-04-28,SG,2021-10-28T08:44:14
4067,Hendrik Berger,hendrik.berger4145@yahoo.com,+495949185901,1952-07-22,DE,2022-09-22T15:37:06
4068,Tobias Beck,tobias.beck7239@hotmail.com,+498148109640,1981-12-12,DE,2024-05-05T03:24:36
4069,Jonas Bergmann,jonas.bergmann2219@yahoo.com,+497529341627,1959-10-12,DE,2023-12-01T15:44:36
4070,Huguette Arnaud,huguette.arnaud5209@yahoo.com,+332110256288,1948-10-04,FR,2022-11-06T16:30:20
4071,Greetje de Wit,greetje.dewit9070@yahoo.com,+319305308371,1964-09-24,NL,2022-01-31T02:00:50
4072,Zenon Bąk,zenon.bak7857@yahoo.com,+487814881902,1952-07-07,PL,2026-01-26T00:07:22
4073,Sarah Hayes,sarah.hayes7151@icloud.com,+19798569721,1951-04-30,US,2021-11-08T13:33:29
4074,Justine Morin,justine.morin9308@outlook.com,+334634652227,1970-06-27,FR,2022-11-06T03:09:33
4075,Andreas Schröder,andreas.schroder5113@yahoo.com,+498421925610,1952-06-13,DE,2024-09-21T17:17:33
4076,Lucette Lefevre,lucette.lefevre3660@yahoo.com,+336770300027,1981-07-05,FR,2023-02-01T13:10:17
4077,Theo Christensen,theo.christensen2354@gmail.com,+15749920402,1995-06-02,CA,2023-12-08T20:53:22
4078,Salvador Carvalho,salvador.carvalho3195@icloud.com,+555371968450,1965-10-09,BR,2023-11-03T03:46:39
4079,Luiz Dantas,luiz.dantas180@hotmail.com,+559048113360,1965-04-15,BR,2022-02-18T21:02:28
4080,Volodymyr Fedorenko,volodymyr.fedorenko4035@icloud.com,+3808646574036,1973-06-02,UA,2025-10-12T17:02:49
4081,Scott Webb,scott.webb2788@proton.me,+443966517174,1949-04-10,GB,2024-09-07T01:15:06
4082,Gaston Verhelst,gaston.verhelst9032@proton.me,+329057524278,1993-10-06,BE,2024-08-17T21:28:29
4083,Alicja Maciejewski,alicja.maciejewski3379@gmail.com,+485330693898,1948-09-14,PL,2024-01-19T06:42:45
4084,Josué Macedo,josue.macedo7836@gmail.com,+558631407734,1959-05-13,BR,2026-03-13T10:04:16
4085,Fiona Armstrong,fiona.armstrong823@yahoo.com,+443965643350,1962-08-14,GB,2025-01-29T04:52:42
4086,Imelda Padilla,imelda.padilla4762@yahoo.com,+523853040375,1989-10-29,MX,2023-05-09T14:59:14
4087,Arturo Pérez,arturo.perez7304@outlook.com,+348687700508,1956-10-27,ES,2025-07-03T04:10:13
4088,Andrea Navarro,andrea.navarro1878@proton.me,+348186003806,1974-02-14,ES,2025-07-11T11:14:08
4089,Hiroto Kobayashi,hiroto.kobayashi8049@yahoo.com,+819195753360,1954-04-10,JP,2025-06-18T13:56:16
4090,Vito De Rosa,vito.derosa5740@hotmail.com,+395165216467,1946-05-26,IT,2023-11-02T18:59:04
4091,Frances Williams,frances.williams1561@proton.me,+17973482780,1993-06-28,CA,2022-09-26T21:04:26
4092,Freya Ross,freya.ross8156@yahoo.com,+615318180763,1979-02-20,AU,2023-02-17T23:14:37
4093,Ícaro Pereira,icaro.pereira1003@yahoo.com,+551772903955,1948-02-10,BR,2024-10-29T20:45:36
4094,Amir Leong,amir.leong3168@outlook.com,+659877048641,1949-08-22,SG,2024-05-07T18:03:21
4095,Daniel McGuire,daniel.mcguire8524@outlook.com,+3533657801003,1952-10-17,IE,2024-12-09T04:56:21
4096,Kelly Taylor,kelly.taylor2606@gmail.com,+441446442122,1969-07-23,GB,2024-04-12T05:20:35
4097,Elisabeth Kuhn,elisabeth.kuhn5628@yahoo.com,+491656168379,1961-04-17,DE,2025-09-14T05:50:28
4098,Ellen Nunez,ellen.nunez1627@hotmail.com,+11685666216,1955-06-19,US,2024-06-05T11:00:53
4099,Shouta Asano,shouta.asano5697@yahoo.com,+817162150846,1976-04-02,JP,2025-09-08T12:27:08
4100,Mathilda Fischer,mathilda.fischer3120@proton.me,+497232502194,2007-07-10,DE,2024-01-12T20:11:41
4101,Viviane Kramer,viviane.kramer4114@yahoo.com,+555299157715,1976-06-30,BR,2025-10-22T12:11:44
4102,Markus Moser,markus.moser8844@hotmail.com,+438794292426,1985-11-21,AT,2023-08-14T05:21:05
4103,Tetiana Yaroshenko,tetiana.yaroshenko7877@icloud.com,+3801607998787,1946-10-07,UA,2022-05-03T09:48:10
4104,Remedios Peña,remedios.pena2413@yahoo.com,+345716087155,1952-11-18,ES,2025-12-11T07:51:30
4105,Enza Costantini,enza.costantini3140@hotmail.com,+399542823096,1956-06-06,IT,2021-08-17T00:57:18
4106,Bailey Carter,bailey.carter4101@proton.me,+614274477569,1971-06-17,AU,2024-06-28T19:18:01
4107,Kenta Morishita,kenta.morishita7486@hotmail.com,+818228550060,1987-10-17,JP,2022-01-08T17:23:41
4108,Silvestre Sandoval,silvestre.sandoval4874@icloud.com,+527634953062,1970-05-25,MX,2023-08-15T05:20:21
4109,Gretel Schäfer,gretel.schafer4145@outlook.com,+499967857516,1982-05-26,DE,2023-06-16T06:36:17
4110,Mazen Al Mulla,mazen.almulla4641@icloud.com,+9714350412615,1990-06-02,AE,2023-07-11T20:26:19
4111,Samuel Roberts,samuel.roberts4496@gmail.com,+18651259497,1971-08-14,US,2022-03-01T18:46:34
4112,Emma Li,emma.li6734@icloud.com,+14516872171,1977-07-20,US,2023-09-19T17:19:57
4113,Rafael Günther,rafael.gunther220@icloud.com,+497238871398,1972-07-30,DE,2024-04-18T09:56:10
4114,Ikuko Tamura,ikuko.tamura286@gmail.com,+819781417041,1954-03-17,JP,2023-02-28T02:13:56
4115,Vasylko Tsymbal,vasylko.tsymbal4143@proton.me,+3804019822129,2007-11-09,UA,2022-07-23T20:00:50
4116,Júlia Nogueira,julia.nogueira6115@proton.me,+3516121278152,2001-07-16,PT,2023-10-16T22:29:40
4117,Bohdan Berezovsky,bohdan.berezovsky2727@hotmail.com,+3809896820386,1999-05-02,UA,2025-06-11T22:22:54
4118,Władysław Wierzbicki,wadysaw.wierzbicki9012@outlook.com,+486741343821,1983-01-28,PL,2025-07-14T07:31:20
4119,Christopher Wilson,christopher.wilson4975@proton.me,+616252630146,1974-04-22,AU,2025-03-29T06:27:12
4120,Renate Rath,renate.rath1815@hotmail.com,+439045158737,1956-07-14,AT,2024-03-16T04:36:16
4121,Connor Newman,connor.newman3355@yahoo.com,+19076333187,1989-11-15,US,2024-01-19T04:40:48
4122,Alexander Murray,alexander.murray514@gmail.com,+611933520291,1977-01-19,AU,2024-09-25T19:24:01
4123,Chang-kyun Kang,changkyun.kang9285@hotmail.com,+825780820722,1972-07-01,KR,2024-01-10T12:11:57
4124,Margaret White,margaret.white9913@proton.me,+19451663910,1958-01-18,US,2021-07-07T15:23:52
4125,Diane Castro,diane.castro8145@hotmail.com,+12713414300,1979-08-23,US,2022-02-15T16:31:33
4126,Griffin Rice,griffin.rice3030@gmail.com,+17793921277,1947-09-28,US,2022-09-21T23:40:12
4127,Gertrude Hale,gertrude.hale7543@outlook.com,+17248743265,1991-05-09,US,2024-12-12T08:46:27
4128,Barbara Linden,barbara.linden9645@icloud.com,+312591788141,1991-12-12,NL,2022-01-16T12:38:00
4129,Amy Price,amy.price5345@hotmail.com,+447801535156,1988-10-03,GB,2024-10-29T15:06:14
4130,Elena Caballero,elena.caballero3038@gmail.com,+343114256949,2001-03-30,ES,2024-09-11T09:13:12
4131,Harsh Parthasarathy,harsh.parthasarathy6372@proton.me,+919413883448,1977-07-01,IN,2022-10-02T03:20:27
4132,Surabhi Panicker,surabhi.panicker7886@icloud.com,+914084832656,1950-08-18,IN,2024-09-07T08:07:35
4133,Cameron Vega,cameron.vega6202@yahoo.com,+15492190859,1976-01-01,CA,2025-11-25T02:35:28
4134,Laure Thomas,laure.thomas1550@icloud.com,+331300184804,1949-06-05,FR,2022-08-16T19:04:17
4135,Cindy Warren,cindy.warren3934@hotmail.com,+13990856351,1969-01-20,US,2021-10-19T11:33:56
4136,Christophe De Winter,christophe.dewinter3010@outlook.com,+321277115124,1975-12-12,BE,2023-01-09T15:12:50
4137,Kareem Al Shameli,kareem.alshameli6566@proton.me,+9719635282993,1978-02-19,AE,2025-12-15T07:54:49
4138,Miyako Hirose,miyako.hirose7379@outlook.com,+814051955592,1970-07-31,JP,2024-09-17T09:41:22
4139,Ava Morgan,ava.morgan488@proton.me,+615038671507,1954-06-01,AU,2021-10-25T14:48:21
4140,Wesley Gilbert,wesley.gilbert1419@yahoo.com,+18211528254,2003-01-23,US,2022-11-13T17:07:06
4141,Stephanie Waters,stephanie.waters7731@icloud.com,+18008093734,1953-03-21,CA,2024-06-16T09:15:26
4142,Machteld Evers,machteld.evers5158@icloud.com,+318351118103,1975-04-29,NL,2022-04-26T20:07:41
4143,Poppy Barrett,poppy.barrett9890@icloud.com,+446467357862,1982-04-17,GB,2021-12-31T05:29:57
4144,Norbert Sowa,norbert.sowa1367@yahoo.com,+485027329098,1951-08-05,PL,2024-01-01T07:39:30
4145,Takuya Takeda,takuya.takeda6989@outlook.com,+818237133394,2007-11-24,JP,2023-10-25T22:57:38
4146,Samantha Hall,samantha.hall8923@proton.me,+17203104682,1976-10-07,US,2025-10-31T13:25:37
4147,James Spencer,james.spencer8632@hotmail.com,+15390019524,1949-11-11,CA,2023-08-31T07:36:43
4148,Evan White,evan.white5674@gmail.com,+14675936947,1987-11-20,CA,2023-02-25T03:05:02
4149,Sydney Bishop,sydney.bishop5930@proton.me,+17254122473,1952-12-27,CA,2025-07-17T07:50:49
4150,Aurora Richardson,aurora.richardson313@hotmail.com,+13460368095,1979-08-24,CA,2025-08-05T22:09:24
4151,Silvia Nuñez,silvia.nunez7190@outlook.com,+341225379121,1997-10-10,ES,2022-05-27T06:12:08
4152,Larissa Busch,larissa.busch2163@icloud.com,+499517139352,1966-11-14,DE,2022-04-04T10:05:37
4153,Valentin Renard,valentin.renard513@icloud.com,+335345620341,1993-09-09,FR,2024-01-05T13:28:47
4154,Oleksandr Protsenko,oleksandr.protsenko2008@yahoo.com,+3807170272145,1953-03-29,UA,2026-04-23T20:32:16
4155,Hope Green,hope.green9810@gmail.com,+619130965605,1990-08-23,AU,2022-11-19T18:05:36
4156,Walter Vecchio,walter.vecchio4744@proton.me,+398787008008,1955-04-18,IT,2024-02-08T04:46:49
4157,Naomi Soto,naomi.soto584@hotmail.com,+14967896308,1969-08-12,US,2022-01-27T10:46:15
4158,Deepak Deshmukh,deepak.deshmukh7734@outlook.com,+917963989065,1952-12-25,IN,2022-12-09T00:40:36
4159,Riya Kamble,riya.kamble865@hotmail.com,+914077740281,1951-12-30,IN,2025-09-18T08:18:16
4160,Gloria Berti,gloria.berti8704@proton.me,+393410395821,1962-09-22,IT,2022-10-30T01:53:23
4161,Daan van Wijk,daan.vanwijk4589@proton.me,+314188617456,1995-07-19,NL,2022-12-14T08:14:37
4162,Will Clarke,will.clarke4322@outlook.com,+611126553841,1960-10-29,AU,2023-07-24T07:03:34
4163,Gloria Delgado,gloria.delgado4100@gmail.com,+341282128292,2006-04-23,ES,2022-01-30T05:26:31
4164,Hugo Vargas,hugo.vargas395@gmail.com,+341064335447,1962-03-20,ES,2024-06-12T00:42:22
4165,A-ra Choesung,ara.choesung1068@icloud.com,+827665525615,1971-10-23,KR,2022-09-11T21:39:25
4166,Kajal Sundaram,kajal.sundaram8472@outlook.com,+913382717532,1962-11-29,IN,2023-10-13T14:31:26
4167,Tore Haugland,tore.haugland1785@icloud.com,+474814886389,1953-02-07,NO,2026-03-13T23:08:19
4168,Ivan Milani,ivan.milani7791@proton.me,+396781055955,1954-10-29,IT,2025-10-07T09:39:41
4169,Chloe Ngcobo,chloe.ngcobo9697@outlook.com,+271875930887,1982-02-11,ZA,2026-02-15T07:11:31
4170,Landon Morris,landon.morris4398@icloud.com,+18078746062,1957-11-05,US,2026-05-02T08:33:34
4171,Emma Barbier,emma.barbier9251@hotmail.com,+338424920795,2005-02-26,FR,2025-05-06T02:08:45
4172,Merel van Dongen,merel.vandongen425@icloud.com,+318167133789,1982-05-14,NL,2022-08-14T15:34:15
4173,Oliver Pierce,oliver.pierce8743@hotmail.com,+12524815088,1978-02-17,US,2024-06-12T21:55:58
4174,Claire Ferguson,claire.ferguson49@proton.me,+617011286723,2001-11-02,AU,2024-10-15T04:33:40
4175,Alicia Campos,alicia.campos4277@yahoo.com,+556855359030,1994-12-31,BR,2025-11-04T06:21:25
4176,Ludwik Zieliński,ludwik.zielinski5036@gmail.com,+482653803008,1970-02-18,PL,2023-03-02T07:31:28
4177,Adrian Harper,adrian.harper5666@gmail.com,+14278674694,1972-10-07,US,2023-04-19T06:13:51
4178,Delilah Watkins,delilah.watkins6449@icloud.com,+12489200012,1983-08-13,US,2024-05-06T20:57:34
4179,Hikari Ueno,hikari.ueno1749@yahoo.com,+816077922887,1994-11-18,JP,2025-08-02T04:20:57
4180,Sergio Ibáñez,sergio.ibanez5682@hotmail.com,+345772550589,1971-08-05,ES,2022-11-16T20:56:44
4181,Johan Lindblom,johan.lindblom5922@hotmail.com,+469884168078,1953-07-10,SE,2024-12-28T08:54:50
4182,Elinor Henderson,elinor.henderson4570@hotmail.com,+441425848781,1987-08-31,GB,2024-02-27T15:30:54
4183,Maisie Hunt,maisie.hunt282@yahoo.com,+441009569717,1995-04-18,GB,2022-12-27T23:31:24
4184,Eleanor Jacobs,eleanor.jacobs4001@gmail.com,+18780832040,1947-04-08,CA,2022-06-07T09:05:30
4185,Mauricio Lorenzo,mauricio.lorenzo324@hotmail.com,+343237812652,1956-11-05,ES,2023-06-09T05:49:08
4186,Andrew Richardson,andrew.richardson7400@gmail.com,+443356091869,1987-06-24,GB,2022-07-24T08:40:19
4187,Yuliia Kalinichenko,yuliia.kalinichenko2025@icloud.com,+3809740314458,1963-05-25,UA,2022-10-17T05:52:43
4188,Theo Sullivan,theo.sullivan8328@proton.me,+15879422278,1956-01-20,US,2025-10-09T23:37:20
4189,Itzel García,itzel.garcia2607@hotmail.com,+527006423558,1949-02-27,MX,2022-07-28T08:07:14
4190,Agnes Lorenz,agnes.lorenz8073@gmail.com,+499768605882,1992-02-06,DE,2024-04-14T20:43:49
4191,Sorcha McMahon,sorcha.mcmahon6377@icloud.com,+3537109594156,2002-08-07,IE,2022-10-18T08:16:42
4192,Sigrid Neumann,sigrid.neumann6453@gmail.com,+495867376843,1956-05-14,DE,2022-03-23T15:38:45
4193,Michael Williams,michael.williams3375@gmail.com,+612512482133,1994-09-21,AU,2023-08-11T17:29:24
4194,Rosalie Gerritsen,rosalie.gerritsen9003@icloud.com,+315330487268,1961-01-18,NL,2022-05-14T05:39:59
4195,Isaac Lawrence,isaac.lawrence5599@gmail.com,+612658405796,2004-12-02,AU,2022-12-11T03:26:23
4196,Wei Qi D'Souza,weiqi.dsouza4377@yahoo.com,+655671665282,1953-11-15,SG,2025-03-23T16:04:55
4197,Shuting Chay,shuting.chay8862@icloud.com,+659484335427,1992-02-17,SG,2023-10-20T21:21:27
4198,Elena Johnston,elena.johnston396@hotmail.com,+13657219135,1960-05-19,US,2022-08-13T22:51:21
4199,Rachel Clark,rachel.clark4371@icloud.com,+444300781128,1948-01-29,GB,2022-04-09T01:31:26
4200,Greta Klein,greta.klein3617@outlook.com,+494884295131,1955-08-25,DE,2023-02-26T03:56:47
4201,Michael Ekman,michael.ekman6010@proton.me,+462269057330,1985-08-05,SE,2021-07-20T11:09:29
4202,Jefferson Araújo,jefferson.araujo6908@icloud.com,+553684676575,1950-07-31,BR,2025-07-05T04:07:31
4203,Ava Reyes,ava.reyes9805@hotmail.com,+16503720209,1970-02-07,US,2021-08-26T03:43:33
4204,Lynn Austin,lynn.austin9572@gmail.com,+14202854816,1967-03-14,US,2023-03-02T00:26:04
4205,Larry Richardson,larry.richardson6270@hotmail.com,+17436686069,1999-03-16,US,2022-12-26T21:18:01
4206,Jörg Zimmermann,jorg.zimmermann8900@hotmail.com,+499964541852,1994-01-15,DE,2024-07-29T16:19:23
4207,Nicola Williams,nicola.williams7127@gmail.com,+441187675602,1951-03-27,GB,2025-04-24T02:47:53
4208,Mitsuru Saito,mitsuru.saito9244@hotmail.com,+814654209567,1958-03-15,JP,2024-05-18T18:41:55
4209,Ashley Oliver,ashley.oliver3182@hotmail.com,+11622414265,1978-02-20,US,2023-11-09T11:11:44
4210,Aryan Warrier,aryan.warrier2593@proton.me,+916842679830,1948-09-23,IN,2024-12-12T14:00:21
4211,Edward Fox,edward.fox3008@hotmail.com,+12781457766,1967-12-18,US,2024-02-14T20:48:34
4212,Giovani Fernandes,giovani.fernandes1183@gmail.com,+3514259382697,2007-11-27,PT,2024-06-29T15:25:25
4213,Iris Jean,iris.jean8122@gmail.com,+334498750477,1954-05-31,FR,2022-07-03T14:01:59
4214,Juan Díez,juan.diez6760@yahoo.com,+344040255389,1973-08-24,ES,2026-04-15T09:55:50
4215,Maja Norgren,maja.norgren9830@gmail.com,+462798964118,1998-06-29,SE,2023-12-19T21:33:11
4216,Nicole Schmitt,nicole.schmitt1359@gmail.com,+496795656772,1985-11-09,DE,2023-10-28T20:58:37
4217,Anwen Fisher,anwen.fisher5760@hotmail.com,+448727047027,1965-10-26,GB,2026-01-26T02:29:35
4218,Josette Collet,josette.collet2904@gmail.com,+339518687421,1947-11-07,FR,2022-08-16T08:54:12
4219,Heidi Harvey,heidi.harvey6493@yahoo.com,+441953412359,1979-11-12,GB,2021-09-12T15:00:59
4220,Henry Howard,henry.howard2863@gmail.com,+18489083875,1999-02-14,US,2025-09-18T06:20:54
4221,Ginevra Mancuso,ginevra.mancuso6565@outlook.com,+397180854658,2007-04-22,IT,2026-05-01T14:05:16
4222,Franz Frank,franz.frank6384@gmail.com,+494887371672,1975-12-06,DE,2022-10-11T07:21:01
4223,Axel Blad,axel.blad4298@proton.me,+468996073378,1984-01-23,SE,2021-09-22T06:22:26
4224,Klara Pichler,klara.pichler8577@hotmail.com,+435268340203,1959-02-20,AT,2025-06-16T02:55:07
4225,Brunhilde Jäger,brunhilde.jager3231@gmail.com,+497741907128,1968-04-15,DE,2021-12-30T03:28:26
4226,Padmini Trivedi,padmini.trivedi2731@gmail.com,+916749629718,1955-08-10,IN,2026-01-14T10:40:48
4227,Gregor Reichl,gregor.reichl975@yahoo.com,+431802811192,1976-12-21,AT,2025-03-22T18:43:55
4228,Geraldine Perez,geraldine.perez1535@yahoo.com,+14942198454,1954-10-25,US,2025-10-02T22:32:52
4229,Nathan Murray,nathan.murray2593@yahoo.com,+16212067082,1987-05-12,US,2025-06-20T04:28:04
4230,Meredith Castillo,meredith.castillo8672@icloud.com,+17487908035,1970-04-17,US,2022-07-24T21:50:56
4231,Willie Cook,willie.cook853@proton.me,+17382621170,1972-09-14,US,2022-07-16T02:21:19
4232,Bee Hoon Liew,beehoon.liew6182@proton.me,+658316213880,1956-09-19,SG,2023-11-10T23:16:07
4233,Monica Mason,monica.mason1575@yahoo.com,+15209687708,1997-04-28,US,2022-05-11T15:27:08
4234,Theo Dahlin,theo.dahlin2801@icloud.com,+469479429981,1974-10-04,SE,2022-12-07T19:17:05
4235,Paige Hansen,paige.hansen4669@gmail.com,+11016883260,1963-07-07,US,2023-09-04T06:28:30
4236,Charles Bell,charles.bell1366@outlook.com,+11712386213,1997-06-27,US,2025-01-05T11:33:08
4237,Fergus Fleming,fergus.fleming2955@outlook.com,+446238112626,1967-03-12,GB,2025-01-05T18:59:16
4238,Angela Spencer,angela.spencer2577@gmail.com,+16589001578,1984-06-29,US,2021-05-17T20:56:57
4239,Yevhen Onishchenko,yevhen.onishchenko8001@hotmail.com,+3804283076789,1951-08-21,UA,2025-04-17T09:01:36
4240,Alice Lombardi,alice.lombardi8122@outlook.com,+398500971962,1973-02-22,IT,2024-12-28T18:24:18
4241,Alvin Fong,alvin.fong9032@icloud.com,+656199302136,1988-02-01,SG,2024-07-26T01:19:07
4242,Ruiying Chiu,ruiying.chiu3901@outlook.com,+658013753447,1982-04-03,SG,2021-10-02T22:07:39
4243,Riley Brooks,riley.brooks3469@yahoo.com,+17251412414,1996-02-03,US,2025-04-07T06:23:37
4244,Viktor Zakharenko,viktor.zakharenko2008@hotmail.com,+3808212342424,1970-06-13,UA,2024-09-08T15:42:49
4245,Haruko Nakayama,haruko.nakayama9730@proton.me,+816081729938,1995-05-05,JP,2025-10-21T22:28:34
4246,Alex Bell,alex.bell5908@yahoo.com,+446490798164,1975-07-27,GB,2025-05-20T09:59:45
4247,Ryosuke Nishimura,ryosuke.nishimura2837@outlook.com,+818214511005,1949-02-12,JP,2023-07-09T14:13:03
4248,Elodie Wüthrich,elodie.wuthrich2025@hotmail.com,+418910816573,1957-07-24,CH,2025-11-01T05:47:11
4249,Fanny Petit,fanny.petit3578@gmail.com,+339836615629,1991-06-23,FR,2023-11-15T12:28:50
4250,Alejandro Muñoz,alejandro.munoz5541@gmail.com,+341560575605,2001-12-29,ES,2025-10-18T13:07:51
4251,Rajeshwari Mukherjee,rajeshwari.mukherjee8538@hotmail.com,+912717442592,1985-10-30,IN,2024-02-24T22:41:38
4252,Mauricio González,mauricio.gonzalez9842@icloud.com,+524077621912,2008-02-24,MX,2023-04-27T18:28:54
4253,Ramon Leite,ramon.leite2119@outlook.com,+552796004829,1975-12-25,BR,2025-04-22T15:59:10
4254,Marcus Hernandez,marcus.hernandez4792@hotmail.com,+15918346812,1967-09-26,US,2021-12-21T06:49:16
4255,Birgitta Eriksson,birgitta.eriksson9492@hotmail.com,+461863407919,1966-07-24,SE,2023-09-19T20:04:22
4256,Matthieu Michel,matthieu.michel6686@proton.me,+339517429490,1970-09-01,FR,2025-02-21T22:02:36
4257,Ostap Sydorenko,ostap.sydorenko3043@icloud.com,+3805461881527,1974-05-21,UA,2021-07-30T20:33:09
4258,Simon Maas,simon.maas2031@yahoo.com,+318828946973,1966-03-28,NL,2025-03-28T00:13:29
4259,Ivan Danylenko,ivan.danylenko8325@outlook.com,+3803646257410,1986-04-16,UA,2025-09-30T23:11:04
4260,Carol Alvarez,carol.alvarez648@yahoo.com,+16188904188,1967-08-16,US,2023-09-24T18:05:21
4261,Nikunj Sahoo,nikunj.sahoo2602@hotmail.com,+913351242617,1986-06-02,IN,2021-06-04T18:12:50
4262,Nkhensani White,nkhensani.white6175@proton.me,+271151658191,1968-12-01,ZA,2022-08-15T21:02:46
4263,Laila Kangas,laila.kangas5153@proton.me,+3583230050677,2001-11-07,FI,2021-12-28T10:05:54
4264,Virginie Brun,virginie.brun4060@outlook.com,+339784189407,1957-10-18,FR,2024-10-01T06:01:05
4265,Gary Hunt,gary.hunt5698@gmail.com,+449090562559,2006-04-24,GB,2023-09-13T14:05:47
4266,Willow Wallace,willow.wallace1362@hotmail.com,+15870107486,1950-07-29,US,2024-07-04T19:05:46
4267,Benjamin Lane,benjamin.lane2558@proton.me,+441490460615,1970-04-29,GB,2026-05-09T19:03:20
4268,Angela Potter,angela.potter4937@icloud.com,+14127916886,1967-10-17,CA,2021-08-25T16:09:33
4269,Daniel Hlophe,daniel.hlophe8989@gmail.com,+278981891213,1956-06-25,ZA,2022-12-05T16:52:20
4270,Lore Laurent,lore.laurent2735@gmail.com,+329840155732,2006-02-07,BE,2021-12-28T19:48:35
4271,Adrian Crawford,adrian.crawford2780@yahoo.com,+443211417073,1988-06-24,GB,2024-03-03T19:41:18
4272,Ben Schmutz,ben.schmutz1455@icloud.com,+418210097366,1947-02-08,CH,2022-07-14T23:40:50
4273,Grégory Germain,gregory.germain1384@icloud.com,+331617049043,1968-07-02,FR,2023-01-25T06:22:01
4274,Hayden Nelson,hayden.nelson4284@yahoo.com,+613640159731,1973-04-12,AU,2022-07-04T03:52:10
4275,Cathal Casey,cathal.casey7076@icloud.com,+3535765454410,2002-12-29,IE,2021-08-19T17:06:13
4276,Fabien Menard,fabien.menard7040@hotmail.com,+333800689550,2002-10-31,FR,2021-08-03T21:12:59
4277,Mia Paulsen,mia.paulsen763@proton.me,+478498829516,1950-10-19,NO,2024-07-29T04:01:34
4278,Marcus Davis,marcus.davis4753@yahoo.com,+619533181983,1969-05-09,AU,2021-10-13T19:06:16
4279,Yvon Andre,yvon.andre1385@outlook.com,+336361992784,1953-12-15,FR,2023-10-24T00:37:55
4280,Mónica Soto,monica.soto3470@gmail.com,+345980339447,1994-11-10,ES,2024-03-06T03:22:03
4281,Adrien Julien,adrien.julien4955@outlook.com,+337983373610,1973-12-25,FR,2023-09-08T10:41:21
4282,Rebecca Mikkelsen,rebecca.mikkelsen2434@icloud.com,+454456983971,1961-05-15,DK,2023-03-25T14:27:05
4283,Benjamin Carr,benjamin.carr9015@icloud.com,+17802118745,1961-10-11,CA,2022-04-10T10:53:47
4284,Asha Sethi,asha.sethi9095@proton.me,+913822342231,2004-12-02,IN,2023-06-26T17:04:00
4285,Peggy Duncan,peggy.duncan5124@hotmail.com,+16174253096,1980-11-17,US,2021-07-18T18:00:29
4286,Sophie Klaassen,sophie.klaassen6239@yahoo.com,+318251899992,1964-02-14,NL,2026-04-13T14:58:05
4287,Isla Phillips,isla.phillips5877@outlook.com,+449378504558,1960-12-27,GB,2025-09-10T15:36:40
4288,Ailbhe Maher,ailbhe.maher4138@hotmail.com,+3533268515015,1992-09-29,IE,2026-02-05T05:05:30
4289,Francisco Machado,francisco.machado6946@hotmail.com,+558077021231,1980-12-20,BR,2022-04-02T17:48:58
4290,Amber Evans,amber.evans9855@hotmail.com,+442352002301,2004-01-20,GB,2023-04-29T17:10:16
4291,Gabriella Hoffman,gabriella.hoffman2874@proton.me,+14058771062,2000-03-17,US,2021-07-04T02:14:21
4292,Nathan Marshall,nathan.marshall3939@icloud.com,+619427808345,1994-09-25,AU,2024-08-23T18:01:25
4293,Sandra Jenni,sandra.jenni6370@gmail.com,+411184140560,1978-02-21,CH,2021-11-20T13:16:28
4294,Larissa Matos,larissa.matos9665@hotmail.com,+554845788067,1988-11-23,BR,2022-12-03T15:15:53
4295,Eli Williams,eli.williams470@yahoo.com,+18551746020,1996-04-03,US,2022-08-24T23:16:04
4296,Parker Hunt,parker.hunt5669@hotmail.com,+17761269818,1992-08-21,US,2024-01-16T05:59:14
4297,Roger Young,roger.young1310@gmail.com,+15920156888,1954-09-14,US,2022-12-31T17:51:29
4298,Hinata Takemoto,hinata.takemoto3574@hotmail.com,+814844969005,1969-01-12,JP,2026-04-26T20:27:02
4299,Thomas Dunn,thomas.dunn5930@icloud.com,+11724613780,1963-05-10,US,2022-10-23T20:09:52
4300,Addison Brady,addison.brady206@hotmail.com,+12629741806,2002-05-24,CA,2024-10-12T18:07:06
4301,Simone Steiner,simone.steiner5376@proton.me,+413574028174,1977-02-03,CH,2025-12-07T00:54:24
4302,Julia Robertson,julia.robertson5941@proton.me,+11609068847,1969-09-21,US,2025-03-03T16:15:51
4303,Mathilde Poirier,mathilde.poirier9727@yahoo.com,+337874094977,1953-01-08,FR,2026-05-06T16:24:38
4304,Viktoriya Koval,viktoriya.koval1138@proton.me,+3801694037406,1967-08-03,UA,2024-08-25T17:28:57
4305,Inmaculada Silva,inmaculada.silva5379@hotmail.com,+348397740427,1947-02-24,ES,2022-04-12T09:58:32
4306,Nozipho Barnard,nozipho.barnard1155@proton.me,+274351209396,1952-06-06,ZA,2026-01-30T14:41:24
4307,Luisa Stein,luisa.stein5036@hotmail.com,+499260633606,1947-07-28,DE,2022-09-08T09:05:50
4308,Bodil Berg,bodil.berg3542@icloud.com,+452669101819,1988-07-17,DK,2026-01-15T04:57:43
4309,Cemal Çolak,cemal.colak9256@gmail.com,+903804909297,1987-11-03,TR,2023-10-17T07:44:02
4310,Rohan Nayak,rohan.nayak6082@icloud.com,+912586969699,1992-03-09,IN,2023-06-30T04:59:32
4311,Felix Hudson,felix.hudson461@hotmail.com,+614757350885,1949-04-27,AU,2026-01-04T22:32:57
4312,Montserrat Lozano,montserrat.lozano5129@icloud.com,+341054548358,2002-03-29,ES,2022-07-03T08:11:38
4313,Jacob Garner,jacob.garner3212@icloud.com,+13637764965,1950-08-27,CA,2024-01-14T01:40:31
4314,Liwen Ramesh,liwen.ramesh8090@hotmail.com,+652818245346,1956-03-19,SG,2021-07-28T21:52:53
4315,Anton Mayer,anton.mayer3424@outlook.com,+491229952938,2002-02-25,DE,2022-09-09T13:11:27
4316,Betty Martinez,betty.martinez7905@proton.me,+11862989828,1974-11-12,US,2023-05-20T07:34:24
4317,Ian Carpenter,ian.carpenter1625@gmail.com,+18700519447,1955-11-19,US,2025-03-29T11:44:54
4318,Erick Paredes,erick.paredes3004@yahoo.com,+522183292971,1952-01-18,MX,2023-12-04T03:13:23
4319,Chao Wu,chao.wu8933@hotmail.com,+861970938090,2006-06-13,CN,2021-05-18T05:34:37
4320,Kennedy Smith,kennedy.smith2129@gmail.com,+11786167429,1993-05-13,US,2021-05-25T19:43:07
4321,Aldo Alves,aldo.alves9164@outlook.com,+559198356347,1976-03-27,BR,2021-11-09T21:32:10
4322,Baltazar Pires,baltazar.pires66@hotmail.com,+3511418352254,1996-09-02,PT,2022-01-06T16:25:29
4323,Shizuko Miyazaki,shizuko.miyazaki9291@yahoo.com,+811754815117,1949-01-04,JP,2023-07-14T07:26:39
4324,Fernanda Barbosa,fernanda.barbosa902@icloud.com,+552182962040,1972-01-12,BR,2021-12-19T21:32:48
4325,Anuj Iyer,anuj.iyer8311@icloud.com,+914205278953,1973-07-28,IN,2022-10-31T05:15:11
4326,Gerardo Navarro,gerardo.navarro1100@icloud.com,+524993646512,1980-04-15,MX,2022-08-12T01:13:41
4327,Niamh Clarke,niamh.clarke7850@gmail.com,+448852480505,1992-09-05,GB,2024-09-19T21:28:03
4328,Ann Contreras,ann.contreras8452@outlook.com,+18046981235,1993-09-20,US,2026-02-24T01:27:51
4329,Vikram Mohammed,vikram.mohammed5798@yahoo.com,+656568477167,1984-12-09,SG,2025-07-14T20:25:39
4330,Min-hyuk Geum,minhyuk.geum1010@proton.me,+821284415147,1991-08-16,KR,2025-10-19T19:13:55
4331,Louis Henry,louis.henry2749@yahoo.com,+334474011537,1987-04-13,FR,2024-10-21T07:44:02
4332,Jens Laurent,jens.laurent8590@proton.me,+327046162709,1994-04-23,BE,2025-09-20T13:07:56
4333,Vanessa Schuster,vanessa.schuster5344@proton.me,+491064426218,1977-12-06,DE,2024-08-31T09:24:53
4334,Xiaojuan Jiang,xiaojuan.jiang4376@icloud.com,+864994532762,1968-12-05,CN,2022-03-19T18:50:20
4335,Felipe Castro,felipe.castro2415@outlook.com,+342876987696,1958-11-15,ES,2024-09-15T09:16:28
4336,Sonny Evans,sonny.evans1250@proton.me,+613564471417,1969-11-04,AU,2023-04-22T11:55:43
4337,Gustav König,gustav.konig1453@outlook.com,+491142029566,1947-10-14,DE,2026-03-04T01:37:52
4338,Shadi Al Kaabi,shadi.alkaabi7682@outlook.com,+9716232770193,1956-09-03,AE,2023-05-27T18:38:46
4339,Fiene Bosman,fiene.bosman408@yahoo.com,+312399756074,2006-08-07,NL,2026-02-12T21:01:39
4340,Harper Sanchez,harper.sanchez3355@outlook.com,+12780959203,1959-12-27,US,2023-07-24T22:36:41
4341,Vivian Reynolds,vivian.reynolds9551@gmail.com,+14585114256,1959-07-09,US,2025-01-05T13:16:19
4342,Manuel Carmona,manuel.carmona6595@icloud.com,+348540481176,1998-07-19,ES,2021-07-02T23:39:28
4343,Edoardo Leone,edoardo.leone6732@yahoo.com,+394518899835,2007-08-01,IT,2022-12-10T09:36:07
4344,Sandhya Thakkar,sandhya.thakkar423@icloud.com,+915563953292,1962-07-10,IN,2022-05-20T16:39:17
4345,Janina Kühn,janina.kuhn6002@icloud.com,+496875339579,1950-07-12,DE,2022-07-14T11:37:52
4346,Gürkan Karavelioğlu,gurkan.karavelioglu2399@proton.me,+902983894303,1975-09-06,TR,2024-01-07T22:29:32
4347,Holly Moore,holly.moore5906@proton.me,+19523510550,1968-03-20,US,2023-02-25T05:30:52
4348,Harold Ruiz,harold.ruiz8052@proton.me,+12602289284,1994-01-08,US,2021-05-30T03:56:05
4349,Nikhil Agrawal,nikhil.agrawal1653@yahoo.com,+917745053530,1981-02-20,IN,2022-12-06T01:16:57
4350,Marlene Almeida,marlene.almeida4416@outlook.com,+554621179991,1947-06-01,BR,2021-05-30T16:10:39
4351,Miles Mitchell,miles.mitchell7353@icloud.com,+612065613095,1970-09-24,AU,2022-03-13T23:23:43
4352,Fábio Souza,fabio.souza9664@hotmail.com,+559217120819,1963-01-11,BR,2024-12-28T11:18:08
4353,Romane Bosshard,romane.bosshard1317@gmail.com,+413530479227,1983-05-29,CH,2021-07-09T05:26:43
4354,Christopher Estrada,christopher.estrada4234@icloud.com,+16817858102,1994-12-14,US,2026-04-20T06:49:44
4355,Sabine Martens,sabine.martens8786@hotmail.com,+325748991303,1998-01-04,BE,2025-03-06T04:44:31
4356,Anne Fontaine,anne.fontaine5970@outlook.com,+336286465604,1970-02-06,FR,2021-07-13T09:37:51
4357,Vasyliy Zinchenko,vasyliy.zinchenko5788@icloud.com,+3807030744712,1960-11-16,UA,2024-12-07T20:20:50
4358,Alice Cooper,alice.cooper6746@yahoo.com,+613153716674,1958-05-11,AU,2021-10-15T10:49:02
4359,Ewan Campbell,ewan.campbell5555@proton.me,+448215811356,1956-06-20,GB,2025-09-07T17:00:37
4360,Yaxin Liu,yaxin.liu2697@hotmail.com,+863555271919,2004-07-27,CN,2022-08-23T08:51:36
4361,Francis Wright,francis.wright9637@outlook.com,+448233313108,1991-01-26,GB,2024-12-01T08:10:09
4362,Ariana Martin,ariana.martin6350@icloud.com,+19238648388,1958-11-05,US,2022-04-27T14:17:00
4363,Delia Estrada,delia.estrada5531@icloud.com,+523355645777,1957-01-17,MX,2024-11-30T09:17:50
4364,Owen Goodwin,owen.goodwin7856@icloud.com,+18299931862,1947-11-14,US,2023-06-16T14:14:14
4365,Martha Krüger,martha.kruger6676@icloud.com,+494345868275,1985-05-26,DE,2025-01-28T11:42:26
4366,Johannes König,johannes.konig4802@icloud.com,+495846527747,1985-01-13,DE,2022-07-05T22:37:46
4367,Emilia Lindgren,emilia.lindgren1528@icloud.com,+3585427356837,1990-07-11,FI,2025-03-09T18:09:07
4368,Quentin Wood,quentin.wood4703@gmail.com,+445361266441,2002-07-11,GB,2022-10-13T12:44:53
4369,Simon Williamson,simon.williamson6462@outlook.com,+449141047497,1997-02-05,GB,2024-02-07T19:24:41
4370,Bárbara Gouveia,barbara.gouveia7993@outlook.com,+3519187092763,1998-03-14,PT,2023-01-28T15:04:59
4371,Adriana Fischer,adriana.fischer6935@yahoo.com,+556299454970,1949-05-01,BR,2022-01-23T12:14:17
4372,Lurdes Martins,lurdes.martins9407@yahoo.com,+551772522636,1985-11-04,BR,2022-12-06T14:10:16
4373,Laia Gil,laia.gil467@gmail.com,+348420330562,1959-02-22,ES,2025-11-03T16:13:54
4374,Karin van de Ven,karin.vandeven7694@outlook.com,+311257136382,1961-03-06,NL,2021-07-09T14:14:33
4375,Josiah Zimmerman,josiah.zimmerman355@proton.me,+16422620069,1968-03-26,US,2023-07-14T20:38:45
4376,Scarlett Johnston,scarlett.johnston9088@proton.me,+446213791086,1976-04-18,GB,2021-09-08T20:38:15
4377,Théo De Wilde,theo.dewilde9332@proton.me,+329791263043,1987-11-14,BE,2024-11-21T19:42:26
4378,Jin Shen,jin.shen4740@gmail.com,+862752316284,1975-02-25,CN,2022-06-03T13:09:51
4379,Vikram Arora,vikram.arora8656@proton.me,+917444256544,1954-11-04,IN,2021-12-24T11:13:00
4380,Monica Piazza,monica.piazza1161@yahoo.com,+391518609688,1948-05-30,IT,2021-06-17T12:22:53
4381,Erna Brandstätter,erna.brandstatter1288@yahoo.com,+436613584273,2005-03-24,AT,2023-04-06T15:22:49
4382,Zihan Yu,zihan.yu6192@proton.me,+866003259366,1975-09-30,CN,2021-06-28T06:50:22
4383,Timo Korhonen,timo.korhonen6419@icloud.com,+3589165443414,2003-02-21,FI,2024-09-08T22:13:24
4384,Xiaojing Jiang,xiaojing.jiang3982@icloud.com,+866204472810,2008-04-16,CN,2024-01-21T00:08:47
4385,Andreia Barroso,andreia.barroso1630@hotmail.com,+3518823940954,2007-07-15,PT,2023-02-04T18:18:17
4386,Rose Ryan,rose.ryan1504@gmail.com,+15871503792,1956-03-03,US,2024-11-22T18:48:31
4387,Jacopo Rosati,jacopo.rosati6232@yahoo.com,+399524606397,2006-09-13,IT,2022-01-20T15:45:07
4388,Paul Lechner,paul.lechner7166@proton.me,+433583820293,1951-04-11,AT,2022-05-03T18:49:24
4389,Toma Kaneko,toma.kaneko425@proton.me,+819741389743,2001-09-01,JP,2023-03-06T23:18:31
4390,Patricia Benítez,patricia.benitez1903@hotmail.com,+348618152227,1956-01-10,ES,2023-08-03T06:31:27
4391,Lucas Ström,lucas.strom2547@outlook.com,+464425323040,1994-09-19,SE,2022-06-28T11:47:42
4392,Ashton Hughes,ashton.hughes2175@yahoo.com,+12695266664,1987-07-20,US,2021-08-05T02:34:45
4393,Stefanie Müller,stefanie.muller1446@yahoo.com,+493405112093,1988-02-18,DE,2025-04-13T11:37:10
4394,Giuliana Catalano,giuliana.catalano5692@yahoo.com,+394487244248,2003-08-11,IT,2023-11-27T01:42:04
4395,Pavlo Kostenko,pavlo.kostenko1196@hotmail.com,+3803783466600,1978-03-16,UA,2024-06-22T10:49:53
4396,Ashley Pierce,ashley.pierce8979@outlook.com,+447892561131,1983-07-06,GB,2022-03-24T06:46:58
4397,Dana Stone,dana.stone8900@hotmail.com,+11274158809,1968-01-24,US,2025-03-30T09:48:17
4398,Halina Kuzmenko,halina.kuzmenko2848@yahoo.com,+3803759837537,1970-07-12,UA,2022-11-22T17:30:46
4399,Britt Thijs,britt.thijs3512@yahoo.com,+323730254017,1985-06-29,BE,2024-11-22T14:48:27
4400,Aniket Sidhu,aniket.sidhu4110@gmail.com,+916521025057,1950-12-22,IN,2025-11-21T04:37:13
4401,Alexandra Nicholson,alexandra.nicholson7516@hotmail.com,+449780460881,1982-11-11,GB,2022-11-09T03:29:40
4402,Hans Søgaard,hans.sgaard4467@icloud.com,+453085999478,1978-10-14,DK,2021-12-03T11:25:13
4403,Shanti Natarajan,shanti.natarajan5114@outlook.com,+911554190790,1947-07-02,IN,2024-04-09T20:07:59
4404,Lijntje Kuipers,lijntje.kuipers3214@proton.me,+311255075779,1948-02-20,NL,2021-10-25T11:14:16
4405,George Campbell,george.campbell5936@outlook.com,+3533559711333,1974-09-10,IE,2025-03-30T16:57:29
4406,Wendy Rios,wendy.rios8825@gmail.com,+18955435351,1961-10-11,US,2023-11-21T00:01:18
4407,Ellie Hellberg,ellie.hellberg7071@outlook.com,+465005155297,1968-04-22,SE,2023-12-27T18:49:51
4408,Esther Jenkins,esther.jenkins9005@gmail.com,+11395211734,1994-06-10,US,2025-06-21T14:09:47
4409,Alfons Kuiper,alfons.kuiper4228@hotmail.com,+312493341323,1949-04-09,NL,2024-12-17T03:03:26
4410,Dominic Munoz,dominic.munoz3811@icloud.com,+11700502618,1955-09-17,US,2024-10-01T15:27:31
4411,Wacław Cichy,wacaw.cichy8273@outlook.com,+481038503753,2005-07-31,PL,2024-04-02T00:20:52
4412,Adam Magnusson,adam.magnusson3597@yahoo.com,+461217314063,1976-06-14,SE,2022-06-05T18:24:19
4413,Jun Yang Gan,junyang.gan7106@gmail.com,+651288809796,1989-06-25,SG,2023-02-15T20:59:37
4414,Max Morales,max.morales3008@hotmail.com,+11558314794,1951-11-30,US,2023-10-03T01:24:03
4415,India Lewis,india.lewis5541@yahoo.com,+613785487394,1989-12-31,AU,2022-03-13T14:29:28
4416,Max Fox,max.fox7779@yahoo.com,+11586586742,1983-08-21,CA,2024-02-28T15:34:49
4417,Olivia Marín,olivia.marin9613@proton.me,+343593265250,1961-01-17,ES,2022-03-18T11:51:58
4418,Laura Rolland,laura.rolland2853@proton.me,+338881950355,1954-12-23,FR,2023-09-25T11:09:15
4419,Natalia Stephens,natalia.stephens4884@icloud.com,+16824596184,1950-06-06,US,2023-08-28T19:46:23
4420,Kevin Palmer,kevin.palmer8853@outlook.com,+18467338058,1970-04-10,US,2023-12-11T10:07:06
4421,Gustav Svensson,gustav.svensson7805@icloud.com,+465595368094,1960-07-05,SE,2022-10-01T00:20:41
4422,Pascoal Paiva,pascoal.paiva7762@gmail.com,+551906914029,1966-09-08,BR,2024-11-10T17:12:17
4423,Antoine Pearson,antoine.pearson4120@outlook.com,+15991303188,1964-07-25,CA,2021-12-18T15:41:38
4424,Inga Fransson,inga.fransson8924@outlook.com,+465552096957,1982-05-31,SE,2022-09-26T06:02:51
4425,Mildred Pena,mildred.pena6901@gmail.com,+13454615166,1976-01-13,US,2024-06-29T17:28:49
4426,Hideki Matsumoto,hideki.matsumoto8733@gmail.com,+814622967729,1982-09-05,JP,2025-06-10T20:18:48
4427,Esha Qureshi,esha.qureshi992@icloud.com,+913008936305,1985-11-18,IN,2023-04-20T13:41:20
4428,Sophie McCarthy,sophie.mccarthy9006@proton.me,+612761795895,1974-12-01,AU,2021-12-20T12:13:34
4429,Carter Dean,carter.dean9878@gmail.com,+13263077008,2001-08-19,US,2021-09-30T15:43:28
4430,Genta Okada,genta.okada5936@yahoo.com,+817920697871,1974-10-27,JP,2023-03-02T13:00:46
4431,Estela Santiago,estela.santiago8374@hotmail.com,+525449903602,1952-04-06,MX,2026-01-18T23:46:16
4432,Donatella Masini,donatella.masini9689@gmail.com,+399305299546,1987-02-24,IT,2022-04-22T11:34:28
4433,Guy Guerin,guy.guerin9517@gmail.com,+339047659433,1987-11-11,FR,2026-04-04T14:32:26
4434,Clotilde Laurent,clotilde.laurent8294@icloud.com,+333511203681,1990-12-01,FR,2022-03-11T17:41:14
4435,Laura Vega,laura.vega915@icloud.com,+14390167620,1975-12-11,US,2023-02-05T04:26:59
4436,Veronica Schneider,veronica.schneider5918@yahoo.com,+558015112796,1954-06-16,BR,2024-06-03T11:22:11
4437,Nolan Goodwin,nolan.goodwin8353@outlook.com,+13361023233,1956-09-10,CA,2022-09-15T05:14:44
4438,Louna Lemoine,louna.lemoine4613@icloud.com,+338382864838,1960-06-21,FR,2023-03-03T04:55:08
4439,Christina Burke,christina.burke8731@hotmail.com,+19272742333,1981-12-02,US,2022-09-13T10:39:19
4440,Cole Jimenez,cole.jimenez187@gmail.com,+14889768663,1948-01-09,US,2025-01-25T01:51:36
4441,Christine Berry,christine.berry5263@outlook.com,+13108307951,1977-09-17,US,2023-01-01T08:26:51
4442,Thandiwe Sekhosana,thandiwe.sekhosana6690@yahoo.com,+274708408905,1991-11-24,ZA,2023-08-11T19:21:48
4443,Radosława Kozłowski,radosawa.kozowski4854@icloud.com,+482677004398,1990-10-08,PL,2026-04-03T16:35:44
4444,Tabea Kuhn,tabea.kuhn7021@outlook.com,+491232629705,1987-04-06,DE,2024-03-04T10:56:57
4445,Archana Kelkar,archana.kelkar6666@icloud.com,+915821491134,1982-03-05,IN,2025-03-03T17:33:56
4446,Alan Morris,alan.morris2838@proton.me,+447970956128,1963-07-01,GB,2026-02-27T13:11:25
4447,Joke van Vliet,joke.vanvliet5171@hotmail.com,+318086455824,1948-04-06,NL,2022-07-15T10:02:58
4448,Teodoro Silveira,teodoro.silveira4087@hotmail.com,+559149483148,2001-07-25,BR,2022-11-30T16:11:39
4449,Youssef Al Majid,youssef.almajid4300@outlook.com,+9717561796106,1962-09-25,AE,2025-03-27T12:49:45
4450,Mackenzie Cooper,mackenzie.cooper4908@yahoo.com,+11807003620,1960-12-13,US,2025-05-20T00:22:22
4451,Luisa Núñez,luisa.nunez6553@hotmail.com,+527768314178,1960-05-21,MX,2022-02-14T14:48:27
4452,Kosuke Yagami,kosuke.yagami460@proton.me,+813292966460,1949-10-06,JP,2024-12-13T05:11:03
4453,Sindre Wik,sindre.wik2998@icloud.com,+471662442970,1949-07-18,NO,2021-08-14T02:28:59
4454,Valeria Miranda,valeria.miranda2127@gmail.com,+556792114587,1981-12-23,BR,2023-03-19T05:50:00
4455,Theresa Howell,theresa.howell2728@hotmail.com,+17761772066,1988-09-02,US,2024-01-20T23:11:31
4456,Nina Winter,nina.winter9802@yahoo.com,+491476550561,1975-08-10,DE,2026-04-28T12:11:20
4457,Annie Delgado,annie.delgado8178@outlook.com,+17062522936,1976-12-23,US,2022-10-04T01:22:10
4458,Gregorio Mariani,gregorio.mariani8987@gmail.com,+395977195787,1958-04-28,IT,2024-12-28T20:12:24
4459,Chiyo Abe,chiyo.abe7838@hotmail.com,+815893591398,1971-07-06,JP,2023-03-25T05:18:45
4460,Visitación Cruz,visitacion.cruz1600@yahoo.com,+347027074336,1993-12-17,ES,2022-09-01T09:06:02
4461,Ingeborg Åberg,ingeborg.aberg9029@icloud.com,+462183310324,1968-11-22,SE,2022-01-07T23:55:20
4462,Benoît Masson,benoit.masson4808@hotmail.com,+336142063496,1966-03-11,FR,2023-01-03T23:40:45
4463,Tamara Kraus,tamara.kraus289@proton.me,+493647852497,1991-09-08,DE,2023-03-31T16:31:29
4464,Takuma Iwasaki,takuma.iwasaki9464@yahoo.com,+818334604985,1949-05-14,JP,2024-01-02T20:44:52
4465,Blas Sáez,blas.saez1044@outlook.com,+348352651336,1994-11-13,ES,2023-08-06T18:42:12
4466,Roberto Napoli,roberto.napoli2112@gmail.com,+399163504871,1985-10-17,IT,2021-10-02T20:49:07
4467,Joshua Norman,joshua.norman7426@hotmail.com,+15768650701,1976-05-26,CA,2021-10-13T08:20:57
4468,Allison Flores,allison.flores8911@icloud.com,+18497172222,1999-12-04,US,2025-01-15T11:15:47
4469,Helen Henderson,helen.henderson8972@icloud.com,+616189645578,1958-05-13,AU,2024-04-23T05:25:30
4470,Céline Olivier,celine.olivier1876@yahoo.com,+339696276557,2001-03-27,FR,2024-10-24T23:31:46
4471,Sakshi Ghosh,sakshi.ghosh9439@icloud.com,+918091874449,1949-03-15,IN,2025-10-18T12:10:27
4472,Gerard Bravo,gerard.bravo9114@outlook.com,+341032435228,1981-11-20,ES,2022-04-14T16:51:38
4473,Guifang Wan,guifang.wan4937@gmail.com,+867932945631,2006-01-02,CN,2022-09-26T21:38:57
4474,Dênis Batista,denis.batista8028@outlook.com,+557698120885,1957-09-10,BR,2022-09-08T08:00:49
4475,Dylan Cunningham,dylan.cunningham8626@proton.me,+16575529923,1947-06-21,CA,2022-03-19T17:47:35
4476,Édith Louis,edith.louis4366@yahoo.com,+336009396015,1987-11-03,FR,2021-09-02T16:33:45
4477,Suhail Al Zarouni,suhail.alzarouni2781@outlook.com,+9711970909435,2005-07-09,AE,2024-07-21T11:19:31
4478,Lawrence Kennedy,lawrence.kennedy7592@proton.me,+442260453722,1990-01-27,GB,2024-01-18T15:48:10
4479,Cooper Green,cooper.green5046@gmail.com,+18758528570,1986-09-07,US,2023-03-17T17:38:51
4480,Kate Reid,kate.reid1442@yahoo.com,+612579664318,1976-06-13,AU,2022-07-08T19:10:02
4481,Kiara Swamy,kiara.swamy9807@yahoo.com,+911333403448,1957-10-13,IN,2025-10-20T19:25:31
4482,Risa Yamamoto,risa.yamamoto1874@proton.me,+812232920580,1993-11-09,JP,2024-12-23T14:29:31
4483,Meja Berg,meja.berg6497@gmail.com,+463581272262,1993-01-12,SE,2025-08-30T00:36:17
4484,Solveig Månsson,solveig.mansson3368@proton.me,+466054913647,2003-03-29,SE,2021-08-25T21:46:03
4485,Jeremy Rivera,jeremy.rivera7306@gmail.com,+18485660631,2000-11-20,US,2021-08-29T07:21:31
4486,Daniele Pasquale,daniele.pasquale5423@gmail.com,+398216455774,1974-07-22,IT,2026-04-05T06:42:44
4487,James Stevens,james.stevens930@proton.me,+448120489609,1951-07-04,GB,2025-12-08T19:52:51
4488,Bernard Denis,bernard.denis1144@yahoo.com,+338429411600,1959-12-02,FR,2023-10-24T01:26:13
4489,Jakob Wolff,jakob.wolff8546@hotmail.com,+494599789775,1958-05-28,DE,2025-04-06T21:52:14
4490,Olívia Abreu,olivia.abreu4920@proton.me,+3516893100996,1995-04-21,PT,2024-05-11T03:48:45
4491,Madeleine Dahl,madeleine.dahl8596@gmail.com,+464856523078,1958-08-27,SE,2026-01-27T02:18:45
4492,Nicholas Wells,nicholas.wells3869@outlook.com,+18566516928,1955-04-13,CA,2025-04-30T13:46:39
4493,Daphne Wheeler,daphne.wheeler6329@hotmail.com,+443364448359,2005-05-08,GB,2025-11-04T19:05:39
4494,Aaron Lee,aaron.lee6077@gmail.com,+11247057547,1983-11-29,US,2024-05-31T08:12:20
4495,Nora Heinrich,nora.heinrich6176@icloud.com,+496315797658,1986-11-23,DE,2021-05-26T11:02:05
4496,Anna Lewis,anna.lewis9312@yahoo.com,+15466527045,1954-09-06,US,2024-07-08T03:53:12
4497,Brittany Torres,brittany.torres1669@hotmail.com,+15074304449,1998-07-04,US,2021-11-18T04:15:58
4498,Shraddha Krishnamurthy,shraddha.krishnamurthy4975@hotmail.com,+918100422856,1971-08-24,IN,2024-02-16T10:59:48
4499,Adrianus Schreurs,adrianus.schreurs5659@icloud.com,+318251970031,1979-03-21,NL,2024-06-09T21:07:29
4500,Elina Lahtinen,elina.lahtinen8568@outlook.com,+3585915265754,1974-04-22,FI,2024-12-19T22:05:08
4501,Lawrence Scott,lawrence.scott1748@icloud.com,+14158240167,1982-11-20,US,2025-11-19T08:17:17
4502,Diana Stetsenko,diana.stetsenko1923@proton.me,+3804380088475,2001-10-15,UA,2022-10-23T23:41:48
4503,Ryo Fukuda,ryo.fukuda9266@proton.me,+811035323385,1949-05-09,JP,2025-08-23T12:50:26
4504,Lamberto Valentini,lamberto.valentini6361@outlook.com,+394498062113,1962-10-05,IT,2026-01-29T00:26:00
4505,Ana Clara do Nascimento,anaclara.donascimento2966@hotmail.com,+555382837602,2000-06-17,BR,2022-03-06T20:11:15
4506,Bryony Carter,bryony.carter7731@proton.me,+449695360448,1970-06-07,GB,2024-02-15T22:04:04
4507,Grace Day,grace.day4768@hotmail.com,+616951701085,1962-11-30,AU,2023-12-01T19:19:14
4508,Dylan Cameron,dylan.cameron7049@icloud.com,+614877423941,1999-06-10,AU,2025-05-11T21:56:02
4509,Chloe van der Meulen,chloe.vandermeulen8262@yahoo.com,+313350179851,1952-08-20,NL,2023-01-19T18:18:55
4510,Sam Franklin,sam.franklin7417@outlook.com,+448844092514,1993-09-28,GB,2025-07-12T14:38:18
4511,Jasper Arnold,jasper.arnold5950@hotmail.com,+15076089180,1992-10-20,US,2024-06-23T07:35:56
4512,Hryhoriy Shapovalov,hryhoriy.shapovalov6758@yahoo.com,+3807569736314,1969-12-26,UA,2025-11-28T09:34:42
4513,Verena Lorenz,verena.lorenz1433@icloud.com,+494350392033,1971-06-29,DE,2022-07-05T21:09:45
4514,Frances Snyder,frances.snyder229@gmail.com,+12307726954,1993-08-20,US,2023-04-05T20:58:28
4515,Brandon Dennis,brandon.dennis8234@icloud.com,+19958489045,1977-03-07,CA,2025-09-10T11:16:19
4516,Arvid Lindgren,arvid.lindgren5125@yahoo.com,+462501438127,2006-11-01,SE,2024-07-31T18:13:35
4517,Pamela Munoz,pamela.munoz4697@icloud.com,+11335463707,1959-12-08,CA,2025-01-04T20:18:55
4518,Fawzia Al Mansoori,fawzia.almansoori502@yahoo.com,+9719466783182,1948-06-20,AE,2024-10-20T18:31:32
4519,Christer Nordin,christer.nordin5139@outlook.com,+462645563658,1957-07-08,SE,2022-05-29T16:35:05
4520,Julia Mendez,julia.mendez4737@icloud.com,+15628264584,1999-09-27,CA,2023-04-24T14:33:32
4521,Ruby Webb,ruby.webb3670@icloud.com,+614548068055,1954-06-23,AU,2022-06-22T04:26:51
4522,Eleanor Baker,eleanor.baker8265@icloud.com,+441301976720,1984-10-04,GB,2023-10-04T08:47:55
4523,Michiyo Katayama,michiyo.katayama3522@gmail.com,+812461997682,1995-06-06,JP,2022-04-26T17:47:59
4524,Louis Hicks,louis.hicks5050@proton.me,+16828441971,1982-09-28,US,2024-03-19T13:32:05
4525,Ángel Cabrera,angel.cabrera362@proton.me,+349472401060,1958-12-29,ES,2025-10-16T16:30:52
4526,Theodore Gardner,theodore.gardner5680@outlook.com,+444672189373,1954-09-04,GB,2025-06-11T04:57:19
4527,Elif Kılıç,elif.klc2351@yahoo.com,+908175092146,1952-05-20,TR,2022-12-31T17:17:43
4528,Sawyer Herrera,sawyer.herrera5121@proton.me,+15509908115,1958-12-01,US,2022-11-20T10:25:12
4529,Kento Miyake,kento.miyake6213@proton.me,+813347364217,1963-10-03,JP,2021-09-07T05:16:17
4530,Zayed Al Owais,zayed.alowais7716@yahoo.com,+9715250914479,1986-11-24,AE,2025-12-30T04:11:55
4531,Robert Marchal,robert.marchal7270@hotmail.com,+339767553499,1954-08-27,FR,2023-09-20T04:08:11
4532,Kazimierz Mikołajczyk,kazimierz.mikoajczyk1371@yahoo.com,+485818413462,1949-07-03,PL,2025-01-27T07:46:17
4533,Luna Pacheco,luna.pacheco2919@hotmail.com,+557344052538,1977-11-17,BR,2023-01-30T20:53:34
4534,Isabela Dias,isabela.dias1701@yahoo.com,+552127281919,1975-11-07,BR,2025-11-10T05:22:18
4535,Vendela Berglund,vendela.berglund307@hotmail.com,+464086090422,1995-11-26,SE,2022-12-16T20:06:24
4536,Gerhard Becker,gerhard.becker3899@yahoo.com,+499240906015,1972-12-19,DE,2024-07-31T12:37:20
4537,Ronald Porter,ronald.porter2677@outlook.com,+448665993844,1948-03-01,GB,2024-03-02T03:30:02
4538,Marcio Rosa,marcio.rosa8324@icloud.com,+555456754689,1973-03-11,BR,2022-11-24T06:52:59
4539,Erin Murphy,erin.murphy2572@yahoo.com,+443198484475,1977-05-02,GB,2025-10-18T19:08:21
4540,Yago Fuentes,yago.fuentes9045@proton.me,+348802056955,1955-10-15,ES,2025-12-09T16:26:19
4541,Kevin Figueiredo,kevin.figueiredo4226@outlook.com,+3511415674315,1968-02-29,PT,2024-12-29T03:43:25
4542,Joan Allen,joan.allen2531@icloud.com,+12861814282,1951-08-14,US,2022-09-21T20:48:54
4543,Stina Vikström,stina.vikstrom86@icloud.com,+461836260335,1986-11-04,SE,2022-11-03T15:36:17
4544,Iman Shum,iman.shum5086@outlook.com,+659161341107,1990-12-06,SG,2024-02-04T08:34:06
4545,Jackson Lawson,jackson.lawson59@outlook.com,+15452231217,1949-04-01,US,2026-03-26T09:20:28
4546,Gabriela Jankowski,gabriela.jankowski9918@proton.me,+488131362771,1993-12-20,PL,2022-12-22T19:35:46
4547,Thelma Maldonado,thelma.maldonado7084@hotmail.com,+19615627753,1950-04-17,US,2024-11-06T15:21:20
4548,Margaret Richardson,margaret.richardson8977@yahoo.com,+614577159156,1968-02-07,AU,2023-02-21T00:08:19
4549,Manon Paris,manon.paris3494@outlook.com,+332272492234,1982-09-11,FR,2023-09-07T10:18:17
4550,Helena Bauer,helena.bauer909@icloud.com,+552016705819,1951-04-12,BR,2023-01-31T02:46:45
4551,Ralph Bradley,ralph.bradley3406@icloud.com,+19135194135,1947-02-02,US,2021-09-30T19:34:07
4552,Claire Gonzalez,claire.gonzalez1177@icloud.com,+13622212947,1997-05-12,US,2022-06-20T14:11:45
4553,Preeti Nambiar,preeti.nambiar5356@proton.me,+912895826802,1966-11-10,IN,2023-08-18T05:00:01
4554,Zofia Kruk,zofia.kruk7611@outlook.com,+483780860306,1985-06-04,PL,2021-06-05T22:21:24
4555,Yu Bai,yu.bai5922@yahoo.com,+861514904518,1964-11-03,CN,2025-02-05T06:43:52
4556,Kevin McKinney,kevin.mckinney5401@hotmail.com,+13180802541,1971-11-24,CA,2025-01-11T19:55:40
4557,Ida Johansen,ida.johansen2706@outlook.com,+451451478423,1949-09-14,DK,2024-04-19T22:52:00
4558,Mathieu Fleury,mathieu.fleury9335@gmail.com,+333618918410,1951-06-21,FR,2025-06-01T08:47:40
4559,Josefina Vargas,josefina.vargas6126@hotmail.com,+529187451522,1996-10-19,MX,2023-09-13T14:37:02
4560,Norbert Van Dyck,norbert.vandyck2396@proton.me,+321102435332,1975-03-30,BE,2024-06-23T11:33:02
4561,Virginia Payne,virginia.payne679@icloud.com,+14469809373,2004-03-26,US,2025-11-22T06:11:07
4562,Albert Gray,albert.gray9109@outlook.com,+15647381205,1996-02-27,US,2023-08-23T09:57:13
4563,Tristan Olson,tristan.olson9205@hotmail.com,+16143312944,1968-10-28,US,2023-07-17T01:12:16
4564,Juliana da Silva,juliana.dasilva8249@outlook.com,+559998472741,2000-03-31,BR,2025-03-13T19:40:43
4565,Simon Zimmermann,simon.zimmermann589@gmail.com,+498658736782,1976-02-24,DE,2023-06-12T11:37:00
4566,Anton Kristiansen,anton.kristiansen2159@outlook.com,+452016838031,1959-05-19,DK,2024-07-11T20:15:43
4567,Sabelo Sibiya,sabelo.sibiya5892@outlook.com,+279367561676,1958-05-06,ZA,2026-04-20T15:09:45
4568,Mitchell Harvey,mitchell.harvey1619@icloud.com,+611532084263,2005-08-14,AU,2023-09-15T15:06:39
4569,Noé Vandenberg,noe.vandenberg4258@outlook.com,+326119419873,1969-09-08,BE,2025-12-23T18:50:03
4570,Haruto Matsuda,haruto.matsuda5248@outlook.com,+816698111733,1948-05-27,JP,2024-09-29T16:37:42
4571,Keith Figueroa,keith.figueroa7383@hotmail.com,+16488262246,1967-09-21,US,2023-06-20T07:19:42
4572,Joon-gi Yun,joongi.yun276@outlook.com,+824056508291,1981-10-08,KR,2026-01-09T23:46:44
4573,Karabo Selamolela,karabo.selamolela9324@icloud.com,+279425789830,1961-08-03,ZA,2021-12-17T12:59:00
4574,Ilmari Hänninen,ilmari.hanninen6080@yahoo.com,+3587018366389,1952-02-05,FI,2026-04-12T08:31:59
4575,Maya Burns,maya.burns8562@hotmail.com,+446872262960,1951-05-18,GB,2021-09-13T22:52:39
4576,Rachel Owens,rachel.owens5473@outlook.com,+16156789466,2008-01-23,US,2023-12-22T04:58:47
4577,Shizuka Maekawa,shizuka.maekawa7066@outlook.com,+814994957128,1949-03-19,JP,2023-12-17T08:09:09
4578,Marina Bellini,marina.bellini1630@outlook.com,+396372176152,1962-01-30,IT,2024-10-01T09:33:25
4579,Khrystyna Kharchenko,khrystyna.kharchenko2108@gmail.com,+3806341570330,1953-07-25,UA,2021-07-04T02:56:23
4580,Rei Yamazaki,rei.yamazaki176@hotmail.com,+818267016961,1992-11-14,JP,2023-07-15T19:44:50
4581,Larry Yap,larry.yap9890@gmail.com,+652506560141,1975-10-06,SG,2024-06-05T06:41:26
4582,Florence Howell,florence.howell4390@outlook.com,+15623331863,1972-05-28,CA,2022-01-25T04:13:10
4583,Samar Gopalan,samar.gopalan5604@proton.me,+916424721821,1985-10-01,IN,2024-03-28T15:13:32
4584,Matilda Cook,matilda.cook4211@yahoo.com,+442766602385,1964-11-08,GB,2025-04-12T04:03:11
4585,Courtney Peterson,courtney.peterson8511@proton.me,+12874938787,1947-10-04,CA,2023-11-05T08:06:33
4586,Angela Mendes,angela.mendes1240@outlook.com,+556825208023,1979-11-14,BR,2024-12-19T09:19:17
4587,Zbigniew Dąbrowski,zbigniew.dabrowski9516@yahoo.com,+487968727295,1953-10-09,PL,2026-01-01T02:40:09
4588,Tom Hoekstra,tom.hoekstra3974@icloud.com,+318533493075,1986-11-18,NL,2025-11-17T03:29:07
4589,Maurice Brown,maurice.brown9569@outlook.com,+445800230650,1994-04-26,GB,2021-06-09T03:51:39
4590,Griffin Bell,griffin.bell123@proton.me,+617617391810,1983-04-12,AU,2023-01-07T23:10:57
4591,Akihito Koyama,akihito.koyama5720@gmail.com,+812592492553,1989-02-11,JP,2023-11-24T04:25:57
4592,Sara van der Veer,sara.vanderveer5563@gmail.com,+317622161481,1976-02-21,NL,2024-10-06T12:10:30
4593,Jürgen Hoffmann,jurgen.hoffmann8322@icloud.com,+497128822844,1971-07-09,DE,2025-09-16T06:27:36
4594,Lisa Lambert,lisa.lambert1821@yahoo.com,+336789665568,1960-06-07,FR,2025-09-27T22:55:36
4595,Mieko Nomura,mieko.nomura6376@proton.me,+813567546750,1992-01-04,JP,2024-04-20T13:59:42
4596,Lourenço Vieira,lourenco.vieira862@hotmail.com,+556520898319,1997-09-29,BR,2021-12-01T14:06:44
4597,Arkadiusz Górski,arkadiusz.gorski2950@hotmail.com,+483131850813,1956-01-17,PL,2021-09-20T00:52:12
4598,Theo Horton,theo.horton5591@gmail.com,+13214805714,1969-10-12,CA,2026-04-04T14:17:20
4599,Leonard Dietrich,leonard.dietrich6849@hotmail.com,+495288234264,1974-07-29,DE,2024-10-22T05:04:38
4600,Nova Jensen,nova.jensen9702@hotmail.com,+16663289064,2001-05-20,CA,2025-06-30T07:29:52
4601,Mary Gardner,mary.gardner2985@hotmail.com,+14476106204,1948-07-19,US,2024-10-15T22:33:25
4602,Carmela Todaro,carmela.todaro2369@gmail.com,+397517322556,1963-08-13,IT,2023-04-20T03:43:35
4603,Ruth Osborne,ruth.osborne592@gmail.com,+19846441422,1992-12-14,CA,2024-09-01T13:13:09
4604,Horst Voigt,horst.voigt9948@gmail.com,+496502214443,1946-08-01,DE,2026-01-18T23:55:19
4605,Julianna Saini,julianna.saini7804@proton.me,+916594860766,1976-02-02,IN,2023-03-23T06:14:37
4606,Giulia De Luca,giulia.deluca5731@outlook.com,+398161328912,2003-02-12,IT,2024-10-26T06:18:32
4607,Murat Yener,murat.yener2957@gmail.com,+902620200034,2008-04-24,TR,2022-12-27T23:31:49
4608,Suraj Sawant,suraj.sawant1447@outlook.com,+918856342370,2003-11-28,IN,2023-12-12T08:54:59
4609,David Strauss,david.strauss8643@gmail.com,+271216625119,1994-11-03,ZA,2021-09-25T22:42:05
4610,Madeleine Dubois,madeleine.dubois5151@yahoo.com,+335169053702,1974-11-25,FR,2025-01-06T21:00:05
4611,Rajani Prasad,rajani.prasad6604@hotmail.com,+914862244143,2000-02-01,IN,2021-12-25T23:02:35
4612,Wioleta Bielecki,wioleta.bielecki2567@icloud.com,+485094838859,1982-02-06,PL,2022-11-04T19:25:27
4613,Mira Shinde,mira.shinde6788@hotmail.com,+913621892105,2002-11-04,IN,2025-10-08T06:28:21
4614,Ivan Moreira,ivan.moreira7120@icloud.com,+3515515434004,1955-10-27,PT,2021-06-28T04:48:58
4615,Sameer Dubey,sameer.dubey3667@proton.me,+919270828295,1953-04-29,IN,2024-12-17T21:42:10
4616,Janice McDonald,janice.mcdonald6413@icloud.com,+16093719299,2000-09-06,US,2023-01-07T21:35:43
4617,Gonçalo Fernandes,goncalo.fernandes6496@icloud.com,+554698814927,2000-07-08,BR,2024-05-17T17:47:09
4618,Christian Dahl,christian.dahl6561@proton.me,+475442654538,1948-07-23,NO,2025-04-20T15:24:52
4619,Hazel Davies,hazel.davies4241@yahoo.com,+616021020623,1983-06-22,AU,2023-11-04T20:28:11
4620,Macedónio Costa,macedonio.costa5453@yahoo.com,+3513134222259,2006-07-08,PT,2023-04-12T04:54:17
4621,Gustavo Parra,gustavo.parra3224@gmail.com,+345240608454,1953-06-02,ES,2021-09-14T14:12:46
4622,Margarete Herrmann,margarete.herrmann3239@proton.me,+497268927584,1966-09-25,DE,2025-10-24T20:08:21
4623,Verónica Soler,veronica.soler381@hotmail.com,+341409846356,1946-12-14,ES,2022-01-04T20:20:04
4624,Bernard Lim,bernard.lim7223@hotmail.com,+656289170600,1966-09-22,SG,2024-03-06T04:51:13
4625,Emilio Rubio,emilio.rubio7602@proton.me,+345138799071,1999-05-08,ES,2025-10-01T19:15:35
4626,Evie Wright,evie.wright8647@gmail.com,+619625606825,2003-12-31,AU,2025-06-04T15:10:12
4627,Raffaella Marini,raffaella.marini8965@yahoo.com,+393142124141,1981-02-19,IT,2022-01-22T21:35:15
4628,Wilhelm Josefsson,wilhelm.josefsson8261@icloud.com,+467028642150,1962-05-16,SE,2023-02-03T18:17:57
4629,Anita Antonini,anita.antonini7535@hotmail.com,+391856512644,1959-12-14,IT,2021-10-04T21:23:59
4630,Mackenzie Patterson,mackenzie.patterson1873@proton.me,+11238078033,1963-07-06,CA,2026-01-01T09:20:59
4631,Anouk Janssen,anouk.janssen9879@proton.me,+315039704725,1994-10-02,NL,2024-11-25T15:27:41
4632,Ottilie Young,ottilie.young1991@icloud.com,+441681317183,1954-08-23,GB,2022-11-26T15:23:06
4633,Maria Eduarda Vargas,mariaeduarda.vargas2753@hotmail.com,+558219890270,1969-09-30,BR,2024-09-19T07:01:00
4634,Theresia Schneider,theresia.schneider4782@icloud.com,+496474328798,2005-06-01,DE,2022-10-02T19:30:26
4635,Leire Pastor,leire.pastor1341@gmail.com,+348618499301,1998-09-07,ES,2025-04-19T11:20:39
4636,Nils Lund,nils.lund5409@gmail.com,+455079620089,1957-04-27,DK,2024-01-29T22:20:50
4637,Wouter de Bruijn,wouter.debruijn6810@yahoo.com,+316564968726,1963-04-26,NL,2022-03-01T04:56:13
4638,Brooklyn Kim,brooklyn.kim9709@proton.me,+19724063905,1969-02-24,US,2021-07-20T21:22:56
4639,Marie Vogel,marie.vogel2620@outlook.com,+497418764625,2002-01-31,DE,2024-05-04T18:05:51
4640,Tova Arvidsson,tova.arvidsson1835@yahoo.com,+467051498563,2001-03-07,SE,2024-01-06T20:31:03
4641,Maureen Kennedy,maureen.kennedy9213@outlook.com,+3532771281835,1978-07-23,IE,2026-03-25T21:57:01
4642,Sophia Brown,sophia.brown9347@icloud.com,+615379899606,1963-01-05,AU,2022-03-14T05:09:59
4643,Dhairya Senapati,dhairya.senapati7252@yahoo.com,+918702185413,2000-04-23,IN,2024-02-15T06:50:02
4644,Gareth Collins,gareth.collins4122@yahoo.com,+445139513800,2006-06-23,GB,2026-05-10T03:21:04
4645,Bryan Greene,bryan.greene9632@gmail.com,+19911629958,1953-11-04,US,2026-01-14T17:58:13
4646,Momoka Kawada,momoka.kawada2395@gmail.com,+818240179090,1963-08-11,JP,2024-12-07T16:43:31
4647,Filippa Lundgren,filippa.lundgren3479@hotmail.com,+467996079274,1976-08-26,SE,2022-12-12T11:12:20
4648,Stella Guzman,stella.guzman9584@icloud.com,+16709552166,1970-09-20,US,2022-03-18T01:44:59
4649,Ella Huber,ella.huber1931@gmail.com,+492135689902,1993-02-02,DE,2024-05-31T01:25:48
4650,Valentyna Pavlenko,valentyna.pavlenko7590@gmail.com,+3802002975710,1996-03-19,UA,2025-04-16T08:49:11
4651,Svenja Brandt,svenja.brandt4765@proton.me,+491269496182,1983-04-24,DE,2022-11-12T16:16:38
4652,Cyril Gerard,cyril.gerard9902@hotmail.com,+335725359325,1985-11-12,FR,2023-10-30T04:21:27
4653,Rento Fujita,rento.fujita9078@icloud.com,+814924789071,1970-05-17,JP,2023-01-06T23:57:16
4654,Deirdre McCabe,deirdre.mccabe217@hotmail.com,+3533469460662,1992-08-22,IE,2022-12-21T00:13:54
4655,Max Walker,max.walker7080@outlook.com,+441456463115,1960-01-22,GB,2023-08-28T07:30:39
4656,Maddox Jacobs,maddox.jacobs3852@icloud.com,+11409293129,1990-12-21,US,2022-01-22T05:27:11
4657,Greyson Carroll,greyson.carroll9080@hotmail.com,+19534465320,2002-12-08,US,2024-09-02T13:10:25
4658,Hazel Burns,hazel.burns2536@outlook.com,+17186392504,1981-05-03,US,2024-05-17T20:25:04
4659,Naruhito Morita,naruhito.morita1437@gmail.com,+813875943680,1952-03-01,JP,2021-07-03T10:07:48
4660,Ben Summers,ben.summers2899@outlook.com,+448416697634,2004-12-25,GB,2022-10-30T23:51:15
4661,Sipho Venter,sipho.venter2863@icloud.com,+274891920349,1963-03-05,ZA,2026-01-11T00:45:22
4662,Tyler Manning,tyler.manning2035@hotmail.com,+16147103500,1982-08-02,US,2023-06-02T03:08:09
4663,Lucas Black,lucas.black9858@yahoo.com,+15988302388,1987-06-26,CA,2023-09-10T10:23:20
4664,Alexandra Evans,alexandra.evans6423@gmail.com,+12752448365,1964-01-23,US,2021-12-26T12:19:13
4665,Melissa Peeters,melissa.peeters8489@yahoo.com,+315952040183,1949-10-25,NL,2021-05-31T01:16:31
4666,Otto Fuller,otto.fuller9835@outlook.com,+614956742563,1986-12-15,AU,2025-07-05T16:39:07
4667,Vincent Maier,vincent.maier1805@gmail.com,+491584285107,2004-05-23,DE,2023-07-08T10:51:40
4668,Brooke Sandoval,brooke.sandoval693@icloud.com,+17733370152,1978-03-20,CA,2022-12-14T12:55:17
4669,Nolan Willis,nolan.willis7369@outlook.com,+13517882696,2007-04-14,CA,2026-02-09T13:19:55
4670,Hanna Thorsson,hanna.thorsson5723@proton.me,+468928392594,1994-04-07,SE,2022-10-09T04:30:28
4671,Tobias Schwarz,tobias.schwarz9138@icloud.com,+494485943086,2007-10-17,DE,2025-01-09T05:19:27
4672,Lillian Harrison,lillian.harrison3529@icloud.com,+18373246734,1987-05-07,US,2024-08-26T22:36:54
4673,Hilde Jäger,hilde.jager6449@gmail.com,+494727899336,2004-12-09,DE,2024-05-08T01:55:28
4674,Elisa Wagner,elisa.wagner5043@yahoo.com,+558501468447,1950-02-01,BR,2025-05-03T12:49:24
4675,Sidney Welch,sidney.welch5082@icloud.com,+442945539882,2004-01-26,GB,2025-10-26T03:55:35
4676,Kei Mizuno,kei.mizuno3515@outlook.com,+819685516332,1978-03-21,JP,2025-01-29T01:29:26
4677,Renan Brito,renan.brito4943@outlook.com,+559902845230,1971-02-13,BR,2023-12-31T07:55:29
4678,Brandon Nelson,brandon.nelson3755@outlook.com,+12256506723,1994-10-17,US,2022-01-24T11:47:52
4679,Ida Kowal,ida.kowal6861@icloud.com,+482130633110,1963-11-04,PL,2021-08-13T06:38:24
4680,Gavin Powell,gavin.powell544@hotmail.com,+443322775046,1983-07-25,GB,2022-06-15T05:17:55
4681,Nabila Al Qubaisi,nabila.alqubaisi8474@hotmail.com,+9719158447189,1953-02-08,AE,2022-12-25T23:31:51
4682,Ethan Schmidt,ethan.schmidt546@yahoo.com,+17560874406,1997-07-29,CA,2025-02-20T22:08:28
4683,Yeter Güçlü,yeter.guclu980@proton.me,+908145587213,2000-03-30,TR,2024-07-31T15:25:58
4684,Linus Furrer,linus.furrer7714@yahoo.com,+411765289632,1992-02-24,CH,2026-01-28T17:08:40
4685,Sean Meyer,sean.meyer542@yahoo.com,+19125120798,1997-12-25,US,2024-04-18T01:41:39
4686,Anita Östberg,anita.ostberg7313@proton.me,+467761962166,1995-06-25,SE,2023-01-07T23:12:20
4687,Yusuke Kawasaki,yusuke.kawasaki7117@gmail.com,+814675397722,1962-05-05,JP,2023-10-23T02:38:52
4688,Anthony Gibson,anthony.gibson4405@hotmail.com,+19518010410,1951-06-13,US,2025-01-15T12:14:16
4689,Túlio Melo,tulio.melo8499@hotmail.com,+556514307553,2005-07-17,BR,2024-04-16T09:10:45
4690,Marcos Vidal,marcos.vidal9807@icloud.com,+348851542945,1948-12-07,ES,2024-11-08T18:31:15
4691,Ava Douglas,ava.douglas6493@proton.me,+18521723660,1968-11-11,CA,2023-05-27T20:09:55
4692,Marius van Leeuwen,marius.vanleeuwen4212@gmail.com,+311693258195,1974-08-03,NL,2022-09-30T02:32:26
4693,Charlotte Cele,charlotte.cele4511@icloud.com,+275694815586,1955-01-19,ZA,2023-06-24T13:21:34
4694,Lauren White,lauren.white5437@yahoo.com,+448591582814,1999-10-14,GB,2024-01-12T06:00:14
4695,Mia Campbell,mia.campbell3156@proton.me,+11636178217,1978-08-06,US,2021-11-25T03:03:59
4696,Nuria Serrano,nuria.serrano8501@outlook.com,+342679013200,1962-05-20,ES,2024-02-16T17:14:37
4697,Nina Roux,nina.roux941@yahoo.com,+331519284602,1976-05-23,FR,2023-08-12T12:10:38
4698,Huguette David,huguette.david6264@gmail.com,+337820529471,1982-12-19,FR,2023-02-05T21:02:19
4699,Scarlett Roberts,scarlett.roberts2805@proton.me,+15508345073,1985-12-24,CA,2024-10-20T07:56:00
4700,Orysia Lysenko,orysia.lysenko8675@proton.me,+3809654634084,1978-03-21,UA,2026-03-14T02:50:13
4701,Saanvi Banerjee,saanvi.banerjee687@hotmail.com,+914329934228,1975-10-22,IN,2022-11-11T04:56:09
4702,Jiayi Xiao,jiayi.xiao7763@icloud.com,+868885887944,1993-10-06,CN,2022-09-02T12:41:45
4703,Miriam Mayer,miriam.mayer1672@icloud.com,+494720752686,1985-06-25,DE,2021-11-13T13:53:27
4704,Marian Sydorenko,marian.sydorenko2925@gmail.com,+3804150063003,1963-11-20,UA,2022-06-03T20:53:31
4705,Kinsley Bush,kinsley.bush1934@gmail.com,+19685765233,1973-06-15,CA,2025-06-01T15:53:16
4706,Yasuko Kawaguchi,yasuko.kawaguchi6102@gmail.com,+818591084279,2000-07-22,JP,2026-03-06T05:30:17
4707,Theresa Fuchs,theresa.fuchs7315@proton.me,+498565209549,1969-11-28,DE,2023-05-16T04:31:09
4708,Clara Guerrero,clara.guerrero6905@icloud.com,+348224952374,1964-03-16,ES,2022-12-08T20:14:35
4709,Gaspar Valencia,gaspar.valencia4653@icloud.com,+526003576982,1967-07-18,MX,2023-10-24T07:42:00
4710,Camillo Morales,camillo.morales1789@outlook.com,+392906084017,1967-02-19,IT,2022-03-02T02:25:09
4711,Tim Möller,tim.moller5165@outlook.com,+492743514898,2007-12-04,DE,2023-10-14T15:20:04
4712,Bobby Fernandez,bobby.fernandez8479@yahoo.com,+14141253817,1998-01-20,US,2021-11-23T18:32:30
4713,Carina Lehmann,carina.lehmann5707@icloud.com,+496739104681,1953-04-09,DE,2023-01-01T17:55:17
4714,Mengya Qin,mengya.qin2866@gmail.com,+862637497568,1988-01-17,CN,2025-04-09T00:38:00
4715,Hayden Perkins,hayden.perkins8026@yahoo.com,+15052523200,1970-04-07,US,2026-03-06T11:11:51
4716,Patrice Charles,patrice.charles5174@icloud.com,+338384049938,1986-08-30,FR,2024-02-10T01:44:20
4717,Júlio Nascimento,julio.nascimento4752@icloud.com,+553855968719,1979-09-07,BR,2026-04-07T04:36:54
4718,Juan Griffin,juan.griffin2745@proton.me,+14512758951,1948-06-04,US,2022-05-08T05:05:04
4719,Fedde van Dam,fedde.vandam4978@proton.me,+311801952959,1974-12-28,NL,2024-09-05T02:36:41
4720,Nasra Al Saleh,nasra.alsaleh9042@hotmail.com,+9719069838608,1977-08-24,AE,2025-11-15T18:01:47
4721,Jennifer Johnson,jennifer.johnson5430@hotmail.com,+12585252020,2006-11-21,US,2024-07-16T13:48:29
4722,Marco Ayala,marco.ayala3540@gmail.com,+525811199294,1962-03-21,MX,2022-11-13T07:27:30
4723,Sulaiman Al Raisi,sulaiman.alraisi2680@yahoo.com,+9715935404667,2006-11-25,AE,2022-03-22T16:24:52
4724,Maya Lynch,maya.lynch5660@yahoo.com,+13406796001,1992-01-05,US,2022-12-10T20:31:10
4725,Richard Seidel,richard.seidel7545@proton.me,+497022787209,1990-08-17,DE,2023-11-08T19:20:13
4726,Philip Barker,philip.barker6887@yahoo.com,+447877132496,1952-10-13,GB,2023-08-12T06:26:26
4727,Jade Patel,jade.patel1306@hotmail.com,+448529616731,1981-01-30,GB,2021-11-02T08:33:36
4728,Julian Krämer,julian.kramer6313@hotmail.com,+493527418597,1982-05-09,DE,2023-09-27T13:50:58
4729,Smita Dutta,smita.dutta9686@outlook.com,+916826378563,1982-09-25,IN,2024-06-01T08:50:29
4730,Miles Marshall,miles.marshall6486@outlook.com,+18089290191,1992-02-13,US,2021-06-04T01:19:30
4731,Cheryl Jackson,cheryl.jackson5126@icloud.com,+15436512475,1949-06-15,US,2021-12-29T18:30:40
4732,Yuya Furukawa,yuya.furukawa4536@yahoo.com,+817883240468,1964-07-01,JP,2022-08-15T00:17:05
4733,Wafa Al Nahyan,wafa.alnahyan4085@gmail.com,+9715420798391,2001-02-25,AE,2022-04-20T10:08:52
4734,António Assunção,antonio.assuncao6410@icloud.com,+3518404643308,2004-05-11,PT,2026-03-13T12:56:48
4735,Chandan Tagore,chandan.tagore3193@icloud.com,+914495592128,1969-10-09,IN,2023-07-16T13:52:47
4736,Ludovic Rodriguez,ludovic.rodriguez4288@proton.me,+335719733155,1985-02-12,FR,2024-03-19T15:55:23
4737,Yuika Yoneyama,yuika.yoneyama4761@icloud.com,+818569790189,1999-02-14,JP,2023-03-22T17:58:12
4738,Mick van den Brink,mick.vandenbrink7317@gmail.com,+316788007270,1965-09-07,NL,2024-07-19T11:52:23
4739,Flavio Colucci,flavio.colucci4096@hotmail.com,+395164170595,1957-07-06,IT,2025-05-25T23:25:15
4740,Cecilia Villarreal,cecilia.villarreal8126@outlook.com,+529217690278,1991-05-01,MX,2025-01-30T18:38:45
4741,Orlando Pinheiro,orlando.pinheiro1495@icloud.com,+554442290070,1985-01-07,BR,2024-11-14T18:56:18
4742,Judith Dominguez,judith.dominguez4717@hotmail.com,+16738805583,1988-09-01,US,2021-06-11T11:20:02
4743,Stephanie Declercq,stephanie.declercq3881@icloud.com,+321354496717,1982-03-04,BE,2021-07-27T03:26:20
4744,Vicente Giménez,vicente.gimenez9590@icloud.com,+345771467221,1949-05-29,ES,2024-06-27T09:58:34
4745,Thea Simon,thea.simon9150@yahoo.com,+492989599543,1998-02-13,DE,2026-03-27T02:44:00
4746,Zimasa Davis,zimasa.davis6778@outlook.com,+276182789549,2005-06-08,ZA,2025-03-02T03:08:53
4747,Yıldız Koç,yldz.koc9208@icloud.com,+904738072996,1982-05-09,TR,2024-05-31T16:00:59
4748,Kazuko Iida,kazuko.iida5446@gmail.com,+811685348940,1956-02-24,JP,2024-07-28T04:35:21
4749,Max Baker,max.baker164@outlook.com,+615431285311,1983-08-17,AU,2021-12-16T06:37:05
4750,Denise Duncan,denise.duncan2366@proton.me,+13982544838,2002-12-02,CA,2025-02-27T08:29:21
4751,Esme Green,esme.green642@hotmail.com,+449642190510,1997-11-27,GB,2026-03-22T02:18:15
4752,Hanne Dewaele,hanne.dewaele3725@yahoo.com,+323584480837,1954-02-06,BE,2021-11-19T10:42:31
4753,Genevieve Pierce,genevieve.pierce8782@icloud.com,+18685149933,1968-12-12,CA,2025-08-25T15:09:03
4754,Lena van der Heijden,lena.vanderheijden9262@hotmail.com,+316109476431,1999-12-26,NL,2026-02-01T06:42:34
4755,Victoria Freeman,victoria.freeman6585@yahoo.com,+16863300215,1954-09-10,US,2025-07-23T02:02:22
4756,Christian Legrand,christian.legrand5621@gmail.com,+333735074101,1955-06-19,FR,2024-06-18T03:22:23
4757,Lily Allen,lily.allen1812@proton.me,+445131754851,1972-11-25,GB,2024-10-06T17:01:19
4758,Vilde Mikkelsen,vilde.mikkelsen9451@outlook.com,+476292176739,1959-11-27,NO,2023-08-19T23:07:49
4759,Gabrielle Ford,gabrielle.ford5838@gmail.com,+15743254896,1962-08-31,CA,2025-10-20T05:43:26
4760,Josephine Sandoval,josephine.sandoval4757@yahoo.com,+11518824116,1975-11-22,US,2025-08-25T06:12:13
4761,Gabriel Jiménez,gabriel.jimenez4915@outlook.com,+349422867135,1959-11-23,ES,2022-11-16T16:51:25
4762,Kristin Simmons,kristin.simmons2176@gmail.com,+19879831541,1993-08-14,US,2021-12-08T00:08:11
4763,Laura Kowalczyk,laura.kowalczyk3799@proton.me,+484208310635,1991-08-22,PL,2023-08-16T16:50:45
4764,Samantha Morin,samantha.morin1389@proton.me,+11534577592,1966-07-21,CA,2025-08-10T22:28:36
4765,Rafael Hahn,rafael.hahn9163@hotmail.com,+496058540338,1999-01-27,DE,2022-06-01T16:23:16
4766,Teresa Henry,teresa.henry8746@proton.me,+15225633089,2002-01-10,US,2025-03-24T05:47:30
4767,Debora Agostini,debora.agostini5405@hotmail.com,+394771345936,1958-09-02,IT,2025-03-25T08:12:49
4768,Tristan Nicolas,tristan.nicolas9983@outlook.com,+335683926289,1969-06-30,FR,2025-09-01T19:10:36
4769,Théo Pierre,theo.pierre238@proton.me,+338878184515,1987-01-05,FR,2024-06-26T22:03:21
4770,Lars Böhm,lars.bohm4508@gmail.com,+492735930694,1954-08-24,DE,2021-11-15T04:18:36
4771,Edward Hubbard,edward.hubbard7421@icloud.com,+11193479436,1958-11-29,CA,2024-11-19T23:30:41
4772,Bakang Molefe,bakang.molefe4611@gmail.com,+272609344299,2004-07-16,ZA,2022-02-15T15:04:22
4773,Line Eilertsen,line.eilertsen6195@yahoo.com,+479692928123,1948-03-07,NO,2022-02-07T22:18:26
4774,Yvonne Lange,yvonne.lange3011@yahoo.com,+494287935680,1959-08-08,DE,2024-05-13T21:30:06
4775,Jodie Lewis,jodie.lewis3873@hotmail.com,+448411383796,1985-02-15,GB,2022-07-31T00:15:29
4776,Cristina Milani,cristina.milani1021@icloud.com,+391421081520,1977-01-12,IT,2022-10-11T09:58:13
4777,Fernando Messina,fernando.messina5944@yahoo.com,+393349997875,1983-08-26,IT,2026-05-04T15:03:32
4778,Dylan van den Heuvel,dylan.vandenheuvel5366@hotmail.com,+316535017785,1988-05-31,NL,2025-05-12T07:27:32
4779,Micah Perry,micah.perry4773@hotmail.com,+11303007966,1947-05-02,US,2025-08-02T23:35:48
4780,Anirudh Bansal,anirudh.bansal9904@outlook.com,+913374306515,1968-06-16,IN,2025-08-06T04:18:29
4781,Selma Jung,selma.jung8164@icloud.com,+492610466239,1959-06-23,DE,2024-12-22T21:09:45
4782,Nicola Battaglia,nicola.battaglia791@outlook.com,+395407260339,1948-06-10,IT,2023-01-11T05:25:37
4783,Melanie Bailey,melanie.bailey9747@outlook.com,+14684510509,1973-07-04,US,2023-06-15T13:51:31
4784,Fen Han,fen.han3567@outlook.com,+861963230999,1956-01-09,CN,2021-07-27T13:03:23
4785,Kayla Robertson,kayla.robertson3983@hotmail.com,+617039598084,1981-03-27,AU,2024-12-16T09:51:00
4786,Charles McDonald,charles.mcdonald7794@icloud.com,+612842005249,1991-05-31,AU,2021-05-31T03:44:27
4787,Abby Martin,abby.martin3828@outlook.com,+611756287256,1995-09-01,AU,2021-06-02T12:26:19
4788,Anni Ylönen,anni.ylonen7966@outlook.com,+3583758665684,1994-11-06,FI,2021-11-19T20:25:05
4789,Rosalie Marchand,rosalie.marchand3550@proton.me,+336495624330,1959-10-29,FR,2023-10-15T11:08:45
4790,Mason Boyd,mason.boyd9343@outlook.com,+16728296427,1995-10-19,US,2025-01-22T01:32:31
4791,Steinar Stenersen,steinar.stenersen1401@yahoo.com,+475589058977,2003-02-01,NO,2024-10-14T04:05:50
4792,Kirsty Cameron,kirsty.cameron1071@icloud.com,+447956102787,2005-02-21,GB,2024-08-19T04:39:10
4793,Jack Tucker,jack.tucker6032@gmail.com,+613675665606,1985-10-28,AU,2024-05-07T09:06:04
4794,Sandra Costa,sandra.costa988@hotmail.com,+552381746005,1963-01-16,BR,2021-10-28T20:53:57
4795,Rajesh Jain,rajesh.jain8156@proton.me,+918181914159,1987-12-02,IN,2023-03-13T23:38:44
4796,Tomás Nunes,tomas.nunes991@outlook.com,+3519220834523,1959-12-11,PT,2022-08-10T11:32:45
4797,Yvonne Meunier,yvonne.meunier5396@yahoo.com,+331170371871,1948-09-09,FR,2026-03-25T23:19:41
4798,Summer Wallace,summer.wallace2020@gmail.com,+444594237792,2006-07-06,GB,2025-01-29T05:59:37
4799,Svitlana Pavlyuk,svitlana.pavlyuk5253@gmail.com,+3801344183800,1970-09-08,UA,2024-07-25T00:03:58
4800,Ryuji Hattori,ryuji.hattori3113@outlook.com,+819598114207,1985-09-13,JP,2022-05-22T10:43:20
4801,Kathryn Carlson,kathryn.carlson2196@icloud.com,+15716345845,1958-12-05,US,2022-01-03T15:38:21
4802,Bradley Gordon,bradley.gordon2199@yahoo.com,+12779282194,1957-08-15,US,2026-03-27T17:34:50
4803,Jesse de Lange,jesse.delange7021@proton.me,+314510102954,1998-07-11,NL,2022-04-08T01:42:27
4804,Elsa Benoit,elsa.benoit7453@yahoo.com,+334181511330,2005-07-31,FR,2025-02-11T19:13:31
4805,Rachita Sheikh,rachita.sheikh1194@yahoo.com,+911251357629,1957-02-22,IN,2025-11-09T00:37:01
4806,Kalyna Symonenko,kalyna.symonenko4170@outlook.com,+3807670147455,1984-01-23,UA,2023-09-10T02:52:59
4807,Marilyn Patel,marilyn.patel181@yahoo.com,+15883325330,1997-11-23,US,2023-06-17T17:18:35
4808,Lucía Alonso,lucia.alonso1330@proton.me,+343135013067,1952-11-21,ES,2026-04-02T13:44:19
4809,Nieves González,nieves.gonzalez5934@gmail.com,+342084615923,1981-12-17,ES,2023-06-13T10:06:59
4810,Emily Warren,emily.warren7097@hotmail.com,+449823385142,1969-01-05,GB,2025-11-15T10:53:39
4811,Doğan Nas,dogan.nas9901@proton.me,+902285698530,1964-05-18,TR,2021-09-02T15:55:54
4812,Boingotlo Burger,boingotlo.burger4567@icloud.com,+272105721083,1956-05-21,ZA,2024-03-10T10:38:06
4813,Anita Sims,anita.sims3236@yahoo.com,+12220253654,1992-03-23,US,2026-02-08T07:15:24
4814,Luna Mathieu,luna.mathieu734@icloud.com,+339781178125,1959-02-12,FR,2023-06-11T22:38:48
4815,Alice Vicente,alice.vicente1157@icloud.com,+3517781284011,1959-10-24,PT,2025-05-03T20:35:31
4816,Paulo de Souza,paulo.desouza6055@gmail.com,+552738596437,1956-07-02,BR,2021-06-27T17:01:42
4817,Denys Berezovsky,denys.berezovsky3895@icloud.com,+3803819877208,1959-11-27,UA,2022-08-10T17:58:24
4818,Michael Abrahams,michael.abrahams1907@icloud.com,+273065788923,1994-06-26,ZA,2025-04-22T23:11:43
4819,Oscar Vesterberg,oscar.vesterberg5158@gmail.com,+467143997108,1979-09-24,SE,2025-02-11T21:21:06
4820,Michel Tremblay,michel.tremblay1057@gmail.com,+15437568338,2001-12-12,CA,2025-01-03T17:04:43
4821,Ashish Varma,ashish.varma8017@outlook.com,+919663677345,1967-03-24,IN,2026-03-09T05:48:23
4822,Andreas Carlsson,andreas.carlsson2955@yahoo.com,+461069020088,1965-12-15,SE,2024-06-09T06:04:36
4823,Hyo-joo Pyo,hyojoo.pyo6877@icloud.com,+821118933310,2003-06-07,KR,2023-06-03T22:27:14
4824,Zachary Ryan,zachary.ryan9429@icloud.com,+613147549798,1985-07-25,AU,2023-04-15T11:59:44
4825,Ruth Jones,ruth.jones6635@icloud.com,+18238218667,1952-02-22,US,2021-12-03T00:25:30
4826,Annemarie van der Velde,annemarie.vandervelde3615@proton.me,+315881210561,1950-03-15,NL,2024-08-06T04:49:25
4827,Victoria Garrett,victoria.garrett8041@gmail.com,+442650699942,1946-09-09,GB,2024-05-26T03:13:32
4828,Felix Richter,felix.richter4128@gmail.com,+496174209178,2003-12-19,DE,2022-04-27T04:48:49
4829,Femke Bakker,femke.bakker4072@proton.me,+317399753619,2003-03-05,NL,2021-11-30T06:09:54
4830,Martha Ward,martha.ward8097@proton.me,+441393950095,2001-11-27,GB,2024-04-22T12:36:36
4831,Ivanna Pavluk,ivanna.pavluk561@hotmail.com,+3802740697258,1978-08-23,UA,2023-09-27T10:01:22
4832,Maurits Postma,maurits.postma1243@yahoo.com,+319410628253,2003-03-29,NL,2025-07-07T17:52:43
4833,Inge Schultz,inge.schultz646@outlook.com,+456451582419,2001-08-25,DK,2024-04-29T22:01:51
4834,Evi Sanders,evi.sanders8080@icloud.com,+311390478613,2002-06-30,NL,2024-11-06T02:20:43
4835,Daniel Yang,daniel.yang5061@icloud.com,+829022894066,1963-12-21,KR,2025-12-08T05:58:35
4836,Lilly Beck,lilly.beck9710@hotmail.com,+445029881798,1988-08-21,GB,2021-11-11T23:16:15
4837,Salomé Soares,salome.soares6111@yahoo.com,+3519749695797,1980-10-22,PT,2023-12-22T03:01:45
4838,Cerys Thomas,cerys.thomas944@hotmail.com,+443537999249,1957-04-05,GB,2026-03-04T23:21:13
4839,Ophélie Moulin,ophelie.moulin7243@gmail.com,+339493774276,1948-03-13,FR,2023-12-22T09:58:01
4840,Milena Palumbo,milena.palumbo9762@hotmail.com,+393001356354,1973-08-26,IT,2022-12-12T11:41:51
4841,Xin Yi Kong,xinyi.kong2208@icloud.com,+652057653884,1979-08-13,SG,2026-02-18T00:49:47
4842,Loïc Vasseur,loic.vasseur2383@proton.me,+339245872045,2002-01-26,FR,2024-02-11T02:00:43
4843,Pedro Castro,pedro.castro1845@outlook.com,+523450522316,2007-07-07,MX,2021-06-21T10:34:12
4844,Norma Ellis,norma.ellis6764@yahoo.com,+17984869060,1963-11-12,US,2021-10-27T10:37:39
4845,Hugo Santos,hugo.santos6693@hotmail.com,+3512603134064,1963-04-17,PT,2021-12-23T15:04:36
4846,Yannik Bauer,yannik.bauer9318@yahoo.com,+497976124972,1955-10-08,DE,2023-02-07T13:31:09
4847,Cristiano Freitas,cristiano.freitas1455@gmail.com,+557992711075,1979-04-24,BR,2025-01-23T20:47:18
4848,Annie Veenstra,annie.veenstra6877@icloud.com,+315923387287,1948-11-12,NL,2025-09-16T09:31:59
4849,Silvia Teixeira,silvia.teixeira4919@gmail.com,+556561949824,1974-05-09,BR,2022-02-21T18:37:05
4850,Jade Figueroa,jade.figueroa6069@hotmail.com,+12319644852,2007-01-30,CA,2023-02-14T21:14:28
4851,Jacqueline Leclerc,jacqueline.leclerc5888@outlook.com,+332024580701,1995-11-09,FR,2021-09-16T04:07:35
4852,Christine Roussel,christine.roussel3400@hotmail.com,+336053342657,1998-09-01,FR,2023-05-18T05:26:42
4853,Emily Tucker,emily.tucker6802@icloud.com,+19239854211,1997-07-06,US,2024-11-28T13:36:14
4854,Seiichi Okazaki,seiichi.okazaki2367@icloud.com,+812508776830,1995-08-21,JP,2024-04-21T16:43:33
4855,Melina Hellman,melina.hellman9580@yahoo.com,+468801237503,1990-09-16,SE,2025-01-27T13:35:59
4856,Aaron Pearson,aaron.pearson2461@hotmail.com,+614034793978,1961-08-30,AU,2025-12-06T11:53:39
4857,Sofia Edwards,sofia.edwards6816@yahoo.com,+17357478010,1964-03-31,US,2025-04-09T19:23:34
4858,Harper Fuller,harper.fuller7051@hotmail.com,+15716149183,1977-01-10,CA,2021-05-22T01:48:44
4859,Liam Greene,liam.greene6170@proton.me,+13530128886,1949-12-23,CA,2021-11-13T17:50:21
4860,Alessia Galli,alessia.galli2459@gmail.com,+398812896097,1951-12-23,IT,2025-08-20T12:48:51
4861,Nancy Moreno,nancy.moreno3961@gmail.com,+15496988685,1957-06-15,US,2021-12-02T13:41:20
4862,Catalina Santos,catalina.santos7489@icloud.com,+348565462315,1954-12-09,ES,2024-03-03T06:35:35
4863,Liudmyla Shapoval,liudmyla.shapoval3009@outlook.com,+3806592666927,2000-01-08,UA,2023-09-25T20:26:04
4864,Ruben van Dalen,ruben.vandalen2949@outlook.com,+314103137921,1974-04-05,NL,2025-08-15T11:18:12
4865,Tatsuya Koga,tatsuya.koga1255@yahoo.com,+818938640741,1954-03-09,JP,2023-12-13T13:10:05
4866,Gerald Osman,gerald.osman261@hotmail.com,+656769148550,1951-02-08,SG,2022-07-08T16:25:47
4867,Felix Skarstad,felix.skarstad6777@hotmail.com,+477168820315,1953-09-07,NO,2024-01-26T06:22:48
4868,Ezra Vasquez,ezra.vasquez2684@yahoo.com,+19794213180,1961-09-20,US,2024-04-15T17:38:20
4869,Enzo Berti,enzo.berti821@outlook.com,+391354777064,1969-02-07,IT,2025-10-09T12:29:21
4870,Noémia Lima,noemia.lima8512@icloud.com,+3518894533123,1987-09-10,PT,2024-12-17T15:31:10
4871,Steffen Keller,steffen.keller6874@proton.me,+499340777686,2002-05-25,DE,2024-05-09T22:35:10
4872,Emma Walsh,emma.walsh6928@gmail.com,+12866347695,2005-07-21,US,2023-03-30T14:00:13
4873,Patricia Parent,patricia.parent1873@gmail.com,+331426980946,1987-09-20,FR,2022-05-06T10:52:24
4874,Theodore Nguyen,theodore.nguyen1066@icloud.com,+14734515030,1981-08-27,US,2023-02-03T19:40:59
4875,Harry Carroll,harry.carroll2873@proton.me,+617758457418,1975-10-07,AU,2026-02-24T15:51:22
4876,Hardik Rahman,hardik.rahman607@proton.me,+914610581751,1948-12-12,IN,2021-08-03T04:19:13
4877,Iryna Popov,iryna.popov1413@gmail.com,+3805958354449,1954-10-15,UA,2023-05-24T10:49:40
4878,Manjari Bhandary,manjari.bhandary4062@gmail.com,+912331110064,1964-09-09,IN,2025-02-16T16:31:59
4879,Dominic Robertson,dominic.robertson6843@proton.me,+447692846950,1994-12-05,GB,2021-07-12T02:01:55
4880,Ayane Nagai,ayane.nagai4760@hotmail.com,+817299013021,1960-12-24,JP,2025-04-11T09:03:49
4881,Diana Stevens,diana.stevens4215@hotmail.com,+14011102868,1948-04-13,US,2024-01-30T21:36:33
4882,Adriana Basile,adriana.basile8182@proton.me,+395586947039,1947-07-17,IT,2022-05-04T00:22:58
4883,Yiling Ma,yiling.ma6598@proton.me,+659130678353,1995-06-17,SG,2024-02-15T18:31:41
4884,Aleksandra Partanen,aleksandra.partanen7574@proton.me,+3589845379497,2005-09-11,FI,2024-06-30T05:30:22
4885,Reyna Jiménez,reyna.jimenez3420@icloud.com,+522219356632,1956-01-14,MX,2021-10-05T15:54:56
4886,Nobuhiro Wakabayashi,nobuhiro.wakabayashi2075@yahoo.com,+811558233181,1982-01-03,JP,2025-07-18T07:01:19
4887,Sunil Dhar,sunil.dhar7889@hotmail.com,+918274468491,2005-08-31,IN,2024-12-29T03:18:54
4888,Isabelle Näslund,isabelle.naslund170@proton.me,+463542555284,2003-12-26,SE,2022-03-23T02:21:06
4889,Emilia Laskowski,emilia.laskowski7892@icloud.com,+484657858803,1964-12-30,PL,2024-12-01T18:22:48
4890,Kyrylo Makhno,kyrylo.makhno9859@outlook.com,+3805306652210,1990-02-14,UA,2022-10-21T23:02:34
4891,Jin-ho Bong,jinho.bong7973@icloud.com,+822105820393,1961-12-16,KR,2023-02-26T01:52:05
4892,Leon Bader,leon.bader6103@hotmail.com,+416504640981,1956-01-23,CH,2025-01-09T12:05:36
4893,William Black,william.black7636@proton.me,+17206759974,1952-11-30,US,2024-06-23T00:21:01
4894,Lidia Nowakowski,lidia.nowakowski437@icloud.com,+489787885758,1984-12-23,PL,2025-07-19T08:16:36
4895,Wen Wei,wen.wei3807@proton.me,+861963922078,1984-08-29,CN,2024-08-02T13:16:27
4896,Chelsea Kelly,chelsea.kelly3591@icloud.com,+12376571667,1995-11-21,US,2026-01-17T19:50:34
4897,Maria Kornienko,maria.kornienko3968@proton.me,+3804268871679,1953-05-07,UA,2021-10-02T18:16:31
4898,Peter Caldwell,peter.caldwell2952@outlook.com,+12660157796,1967-05-31,CA,2025-06-12T17:01:03
4899,Luca McKenzie,luca.mckenzie8768@gmail.com,+613543708201,1986-02-10,AU,2021-07-07T21:12:56
4900,Naoko Shimada,naoko.shimada6983@proton.me,+813945037748,1995-08-31,JP,2024-05-19T11:11:51
4901,Esther Ríos,esther.rios5719@proton.me,+525419668891,2005-01-07,MX,2023-08-10T06:03:50
4902,Zhe Jin,zhe.jin4851@proton.me,+868180949294,1973-10-18,CN,2024-02-02T12:22:52
4903,Linda Williamson,linda.williamson8683@gmail.com,+17779105564,1947-12-08,US,2023-02-02T09:37:53
4904,Kristen Butler,kristen.butler3661@gmail.com,+18534574120,1957-01-03,US,2024-05-28T16:36:31
4905,Vincent Mendoza,vincent.mendoza9202@outlook.com,+11080925265,1962-06-14,US,2023-09-06T03:32:15
4906,Tom Roth,tom.roth9162@outlook.com,+494786703180,1998-10-26,DE,2022-03-24T22:07:09
4907,Arnold Grzybowski,arnold.grzybowski1099@yahoo.com,+484258217328,2003-08-06,PL,2025-05-16T02:47:53
4908,Clive Elliott,clive.elliott5277@proton.me,+444282398449,1986-05-07,GB,2025-03-08T23:49:22
4909,Max Visser,max.visser4022@outlook.com,+315323594667,2008-03-30,NL,2023-04-06T01:31:13
4910,Shannon Reid,shannon.reid1878@proton.me,+14476267982,1961-12-16,US,2021-07-05T14:08:00
4911,Benjamin Pinto,benjamin.pinto3247@icloud.com,+557846892294,1949-01-03,BR,2025-04-26T03:38:34
4912,Clover Payne,clover.payne4508@hotmail.com,+447936568187,1996-07-01,GB,2025-07-29T16:45:12
4913,Bernd Albrecht,bernd.albrecht7952@yahoo.com,+492934295780,1959-12-09,DE,2025-04-03T11:58:00
4914,Jesse Valdez,jesse.valdez3002@icloud.com,+16737140175,1995-03-01,US,2026-02-13T11:01:12
4915,Jacky Reynaud,jacky.reynaud4265@gmail.com,+333355262068,1989-10-10,FR,2026-05-12T20:34:02
4916,Carmine Cimino,carmine.cimino3080@proton.me,+394399810744,1970-05-29,IT,2024-01-01T13:47:13
4917,Marlena Rosiak,marlena.rosiak2622@outlook.com,+485587748925,1982-03-24,PL,2023-05-24T00:57:15
4918,Marie Pittman,marie.pittman6489@icloud.com,+17738064520,1983-04-11,CA,2025-04-15T17:35:42
4919,Elsa Meier,elsa.meier3036@yahoo.com,+491042316531,1980-01-10,DE,2023-07-22T06:17:13
4920,Milo Vazquez,milo.vazquez2188@hotmail.com,+17525935585,1999-02-17,US,2022-05-09T10:10:35
4921,Elena Paulsen,elena.paulsen1690@hotmail.com,+452858831170,1964-10-01,DK,2025-09-02T01:03:19
4922,Elisa Benítez,elisa.benitez4893@yahoo.com,+343302842046,1949-02-13,ES,2022-02-24T12:16:46
4923,Ruslan Gaiduk,ruslan.gaiduk2893@proton.me,+3808547754608,1972-03-04,UA,2021-11-11T07:21:37
4924,Isaías Vera,isaias.vera6264@proton.me,+529813793314,1959-10-18,MX,2023-08-28T06:48:13
4925,Antonia Ochoa,antonia.ochoa712@gmail.com,+522057813752,1990-03-20,MX,2025-09-11T11:49:27
4926,Paola Mauro,paola.mauro569@outlook.com,+397761796799,2006-03-22,IT,2022-08-11T13:02:00
4927,Charles Tucker,charles.tucker3482@hotmail.com,+15234334989,1975-09-21,CA,2024-12-01T10:23:52
4928,Jessica Owen,jessica.owen1175@icloud.com,+614446891546,1988-03-01,AU,2025-10-31T14:08:36
4929,Paul Marshall,paul.marshall7243@gmail.com,+445336605943,2006-07-06,GB,2024-01-27T05:48:19
4930,Susanne Groß,susanne.gro2037@icloud.com,+495601840151,1946-07-02,DE,2023-04-15T13:37:20
4931,Quentin Giraud,quentin.giraud8620@outlook.com,+335567426256,1955-07-03,FR,2021-11-21T17:33:40
4932,Logan Collins,logan.collins4933@proton.me,+615079313743,1986-06-15,AU,2022-03-27T09:41:22
4933,Janet Hunter,janet.hunter5518@outlook.com,+17896095120,1999-05-22,US,2021-10-21T04:47:23
4934,Rayana Al Tayer,rayana.altayer8860@gmail.com,+9712629332580,1946-09-15,AE,2023-07-24T07:38:56
4935,Holly Palmer,holly.palmer2946@hotmail.com,+444322518692,2002-04-21,GB,2023-05-22T01:59:59
4936,Basheera Al Derei,basheera.alderei3095@hotmail.com,+9716898452841,1998-10-07,AE,2023-12-24T13:54:44
4937,Jamie Jamie Dawson,jamiejamie.dawson6949@hotmail.com,+442253047784,1961-12-05,GB,2025-10-08T19:20:30
4938,Ramón Cruz,ramon.cruz8073@hotmail.com,+528631631601,1981-05-15,MX,2022-05-26T02:56:04
4939,Felipe Mayer,felipe.mayer3467@icloud.com,+559685791407,2007-03-19,BR,2024-01-15T20:47:11
4940,Kelly Hanson,kelly.hanson1915@gmail.com,+15624120467,1972-03-09,US,2024-01-01T21:07:37
4941,Stuart Russell,stuart.russell8347@gmail.com,+446762867284,1976-10-08,GB,2024-10-20T14:23:46
4942,Margit Schmid,margit.schmid1301@hotmail.com,+498559447333,1996-08-19,DE,2023-05-11T07:01:06
4943,Joel Ekberg,joel.ekberg5320@gmail.com,+466123154398,1986-06-11,SE,2025-07-10T07:11:37
4944,Justin Romero,justin.romero4289@hotmail.com,+11637333779,1979-01-25,US,2024-11-06T11:33:41
4945,Monika Schmitt,monika.schmitt7191@outlook.com,+492383844216,1959-09-28,DE,2025-07-11T03:31:17
4946,Mia Sommer,mia.sommer9138@hotmail.com,+495634895965,1957-07-22,DE,2023-08-09T00:45:10
4947,Lukas Overgaard,lukas.overgaard5380@gmail.com,+456790448343,1949-04-22,DK,2021-06-24T14:23:58
4948,Colin Dean,colin.dean4934@icloud.com,+449204026297,1953-07-13,GB,2023-01-31T00:25:57
4949,Konsta Järvinen,konsta.jarvinen3067@gmail.com,+3582628640228,1952-05-06,FI,2024-06-08T02:09:23
4950,Helen Patterson,helen.patterson2786@icloud.com,+14551715379,1999-05-08,US,2025-12-04T06:53:48
4951,Rafael Flores,rafael.flores863@gmail.com,+528593405354,1950-07-31,MX,2025-02-12T04:29:39
4952,Oscar Brouwer,oscar.brouwer857@yahoo.com,+315102205733,1961-12-17,NL,2023-03-02T12:14:11
4953,Oona Reilly,oona.reilly7657@hotmail.com,+3535336101583,2001-04-03,IE,2026-02-11T10:05:44
4954,Becky Grant,becky.grant1287@proton.me,+17608325716,2002-04-25,US,2023-08-22T09:12:52
4955,Billy Robinson,billy.robinson9654@proton.me,+447637291604,2001-10-08,GB,2023-11-09T23:53:52
4956,Rachna Rajput,rachna.rajput1594@icloud.com,+919813577570,1976-01-15,IN,2021-08-21T08:58:37
4957,Nicole Ziegler,nicole.ziegler6568@proton.me,+411020143643,1991-02-14,CH,2025-03-20T05:44:25
4958,Lucienne Le Roux,lucienne.leroux8563@hotmail.com,+335279120673,2004-03-29,FR,2021-07-16T09:10:20
4959,Everett Wong,everett.wong3061@icloud.com,+19974848250,1953-06-09,US,2025-12-19T13:08:22
4960,Tsholofelo Louw,tsholofelo.louw7497@outlook.com,+273462284735,1966-10-16,ZA,2022-01-23T02:17:33
4961,Fabio Martini,fabio.martini6855@icloud.com,+396864203283,2002-11-29,IT,2023-04-11T22:06:35
4962,Marko Nesterenko,marko.nesterenko7510@proton.me,+3806254668071,2002-06-24,UA,2024-04-16T10:23:00
4963,Nicole Renard,nicole.renard4583@gmail.com,+332475938575,1978-11-21,FR,2024-11-10T00:50:39
4964,Brendan Hill,brendan.hill4251@yahoo.com,+447791069197,1980-02-22,GB,2022-07-12T01:07:35
4965,Gavin Parsons,gavin.parsons5419@gmail.com,+14560686229,1961-04-22,US,2023-05-21T22:18:26
4966,Riaan Mmusi,riaan.mmusi3669@yahoo.com,+278310237507,1958-01-22,ZA,2026-02-04T16:11:39
4967,Annika Otto,annika.otto7543@hotmail.com,+499517215962,1998-04-08,DE,2023-11-13T04:38:50
4968,Mason Gordon,mason.gordon4793@gmail.com,+447254234623,1998-08-03,GB,2025-08-18T20:18:26
4969,Pauline Ziegler,pauline.ziegler4628@hotmail.com,+499629562338,2008-01-17,DE,2021-09-26T21:36:08
4970,Ida Di Paolo,ida.dipaolo537@proton.me,+399680781671,1951-01-18,IT,2023-10-21T18:39:07
4971,Jayden Hudson,jayden.hudson8286@hotmail.com,+18310043182,1972-09-20,US,2025-10-20T14:36:05
4972,Sridevi Mehta,sridevi.mehta9399@gmail.com,+915740448820,1980-06-03,IN,2026-01-08T05:13:52
4973,Wanda Fischer,wanda.fischer629@gmail.com,+496599281263,1985-05-15,DE,2022-12-04T19:32:26
4974,Tansy Reid,tansy.reid9188@proton.me,+446835506878,1951-04-21,GB,2026-04-13T11:55:44
4975,Aoi Fujimoto,aoi.fujimoto1599@yahoo.com,+812073043295,1960-07-02,JP,2025-11-02T14:55:02
4976,Theo Peters,theo.peters6172@proton.me,+615944550294,1970-07-27,AU,2025-02-23T10:36:29
4977,Ciro Mastroianni,ciro.mastroianni6398@yahoo.com,+399398823534,1973-08-16,IT,2025-04-17T01:58:47
4978,Leah Hansen,leah.hansen3630@icloud.com,+611858359059,2006-11-23,AU,2022-01-25T19:36:26
4979,Leandro Conti,leandro.conti7925@yahoo.com,+399883134917,1991-12-24,IT,2025-09-13T17:43:51
4980,Romain Charpentier,romain.charpentier6433@proton.me,+336936720229,1975-12-26,FR,2025-06-30T08:31:50
4981,Martine Sanchez,martine.sanchez4160@icloud.com,+334112465406,1952-03-14,FR,2024-06-23T16:27:35
4982,Dev Thapar,dev.thapar8539@outlook.com,+913688933536,1962-06-22,IN,2022-03-25T14:41:06
4983,Albert de Jonge,albert.dejonge7132@gmail.com,+313385673357,1998-04-04,NL,2025-02-02T00:15:53
4984,Calvin Robinson,calvin.robinson7142@outlook.com,+16752281699,2004-12-14,US,2025-02-26T12:05:20
4985,Hilde Huysmans,hilde.huysmans5234@gmail.com,+329176740658,1964-05-12,BE,2025-09-01T15:21:03
4986,Sophie Schubert,sophie.schubert4410@proton.me,+494113847295,1991-05-23,DE,2023-01-02T10:16:17
4987,Dawid Krajewski,dawid.krajewski9849@yahoo.com,+489980927009,2001-10-10,PL,2024-06-18T03:46:41
4988,Lewis Hill,lewis.hill1228@icloud.com,+617296479192,2001-07-14,AU,2022-03-02T02:51:33
4989,Sumiko Ishii,sumiko.ishii2027@proton.me,+813423726240,1950-07-30,JP,2023-12-20T00:46:54
4990,Jenna Lane,jenna.lane6127@icloud.com,+16972120165,1999-03-31,US,2021-06-10T21:26:20
4991,Julia Forsman,julia.forsman6458@outlook.com,+464958256166,1948-07-20,SE,2025-01-16T08:19:01
4992,Jessica Garibaldi,jessica.garibaldi2054@yahoo.com,+397295510896,1982-06-06,IT,2024-05-21T16:29:30
4993,Gordon Edwards,gordon.edwards7589@yahoo.com,+442004163976,1963-03-20,GB,2022-08-29T14:33:49
4994,Natalie Richards,natalie.richards812@proton.me,+16638563718,1964-06-02,CA,2025-06-18T10:29:51
4995,Ellinor Holmström,ellinor.holmstrom6130@hotmail.com,+464306410930,1984-06-10,SE,2026-04-10T10:25:39
4996,Jamil Al Qasimi,jamil.alqasimi5295@proton.me,+9715984337072,1988-05-09,AE,2022-10-07T16:58:54
4997,Ana Zimmermann,ana.zimmermann2449@icloud.com,+551885696634,1985-11-29,BR,2023-11-10T02:12:52
4998,Jasmine Hopkins,jasmine.hopkins9840@outlook.com,+446822602735,1975-08-20,GB,2024-08-22T06:35:54
4999,Michelle Van Niekerk,michelle.vanniekerk1446@icloud.com,+277399114630,2001-04-13,ZA,2025-10-05T21:00:49
5000,Valentin Breuer,valentin.breuer6385@hotmail.com,+434352807220,1990-03-07,AT,2022-11-18T10:53:01
