id,customer_id,loan_type,principal,interest_rate,term_months,outstanding_balance,status,disbursed_at,due_at
1,3864,mortgage,650403.76,5.86,266,636013.15,active,2025-10-27T04:50:45,2047-12-27T04:50:45
2,2321,mortgage,84296.08,5.54,130,74233.34,active,2024-08-07T02:45:15,2035-06-07T02:45:15
3,1591,mortgage,9064091.46,5.45,171,8646986.4,active,2025-06-18T09:28:35,2039-09-18T09:28:35
4,3483,auto,17805.68,4.48,79,17203.49,active,2026-01-29T08:01:58,2032-08-29T08:01:58
5,1709,auto,137112.74,9.9,80,107787.67,active,2024-10-05T19:06:18,2031-06-05T19:06:18
6,156,personal,278212.92,8.36,14,210336.93,active,2025-12-28T03:28:26,2027-02-28T03:28:26
7,2672,mortgage,3304146.95,3.62,287,3212969.18,active,2025-08-14T15:23:57,2049-07-14T15:23:57
8,3577,mortgage,53539059.48,5.68,182,46927564.38,active,2024-03-31T08:13:18,2039-05-31T08:13:18
9,26,personal,6689.73,11.55,29,6654.49,active,2026-05-11T08:55:53,2028-10-11T08:55:53
10,478,personal,22650.78,14,49,21036.43,late,2026-01-02T01:03:56,2030-02-02T01:03:56
11,3917,mortgage,311582.79,4.89,233,216321.79,defaulted,2023-07-13T18:23:36,2042-12-13T18:23:36
12,532,mortgage,82915.1,3.69,175,75268.21,active,2024-09-26T22:12:58,2039-04-26T22:12:58
13,940,mortgage,11258211.12,4.53,294,9190083.97,defaulted,2026-05-08T13:19:43,2050-11-08T13:19:43
14,4157,auto,16019.92,8.3,24,13976.88,active,2026-02-11T23:50:29,2028-02-11T23:50:29
15,1212,student,64784.14,5.19,165,64625.36,late,2026-05-02T06:42:09,2040-02-02T06:42:09
16,3543,personal,1405.36,8.66,32,1333.41,active,2026-03-09T02:44:49,2028-11-09T02:44:49
17,365,student,294092.26,6.61,184,292059.12,active,2026-04-07T13:02:48,2041-08-07T13:02:48
18,580,auto,36806.4,8.81,29,27960.96,late,2025-09-24T01:54:31,2028-02-24T01:54:31
19,4565,mortgage,257278.64,4.31,181,227091,active,2023-11-29T18:08:07,2038-12-29T18:08:07
20,4309,mortgage,8635132.72,3.76,234,6449635.13,defaulted,2026-04-13T14:21:48,2045-10-13T14:21:48
21,2366,personal,48006.62,11.94,51,27663.36,defaulted,2026-01-23T10:40:01,2030-04-23T10:40:01
22,3682,mortgage,441057.28,4.53,330,407577.44,active,2023-11-15T16:19:51,2051-05-15T16:19:51
23,598,mortgage,157078.21,6.94,329,156908.2,active,2026-05-04T22:43:03,2053-10-04T22:43:03
24,2884,business,503718.03,9.05,99,414837.1,late,2024-04-21T03:23:04,2032-07-21T03:23:04
25,2167,personal,34143149.65,15.14,37,10939321.27,active,2024-02-16T06:53:33,2027-03-16T06:53:33
26,2061,personal,7613.1,15.29,22,4672.77,active,2025-08-30T22:37:21,2027-06-30T22:37:21
27,1377,personal,108176.55,9.02,16,76995,defaulted,2025-12-28T05:17:42,2027-04-28T05:17:42
28,1546,personal,11267.94,17.25,49,7561.66,defaulted,2025-03-02T05:26:59,2029-04-02T05:26:59
29,2157,auto,2415099.01,8.65,46,0,paid_off,2022-12-02T13:33:36,2026-10-02T13:33:36
30,2394,personal,34768.16,7.33,43,28049,active,2025-07-21T17:44:25,2029-02-21T17:44:25
31,4025,auto,45123.8,5.69,73,43113.9,active,2026-02-05T20:16:27,2032-03-05T20:16:27
32,751,mortgage,279278.24,3.55,312,276687.65,active,2026-01-31T22:20:53,2052-01-31T22:20:53
33,3582,personal,1202.75,10.98,25,338.96,active,2024-07-22T07:08:56,2026-08-22T07:08:56
34,1037,auto,781583.11,6.79,42,727904.08,active,2026-01-26T23:17:00,2029-07-26T23:17:00
35,1953,student,34662.45,7.41,82,33527.34,active,2026-02-11T05:28:43,2032-12-11T05:28:43
36,2479,student,545351.22,7,137,542100.07,late,2026-04-14T11:34:35,2037-09-14T11:34:35
37,1385,auto,61867.22,8.7,60,45962.43,active,2024-12-14T04:12:33,2029-12-14T04:12:33
38,1359,mortgage,7537877.21,4.59,248,6459637.37,late,2023-04-13T05:20:12,2043-12-13T05:20:12
39,4727,mortgage,108504.8,4.13,327,47353.93,defaulted,2021-12-02T15:46:08,2049-03-02T15:46:08
40,3044,credit_line,97063.11,8.49,27,66327.49,active,2025-07-13T18:42:46,2027-10-13T18:42:46
41,10,mortgage,475879.67,2.63,166,422125.84,active,2024-06-16T11:13:38,2038-04-16T11:13:38
42,4974,business,185439.53,8.82,59,184495.29,late,2026-05-05T18:44:21,2031-04-05T18:44:21
43,1473,mortgage,3660401.92,6.63,197,2949025.69,defaulted,2024-07-04T00:43:15,2040-12-04T00:43:15
44,1483,auto,137102.93,4.5,46,67011.74,active,2024-05-11T01:28:14,2028-03-11T01:28:14
45,2169,auto,1038256.46,5.43,37,920802.08,late,2026-01-03T16:05:39,2029-02-03T16:05:39
46,2269,auto,90211.7,7.65,61,54943.54,active,2023-07-28T09:32:54,2028-08-28T09:32:54
47,4131,personal,1569252.3,14.17,39,1518697.7,active,2026-04-01T17:05:55,2029-07-01T17:05:55
48,484,auto,4465947.25,6.4,57,3129171.72,late,2024-12-02T05:09:25,2029-09-02T05:09:25
49,2986,student,32718.78,7.89,68,26046.41,defaulted,2025-07-10T21:25:01,2031-03-10T21:25:01
50,4614,auto,34122.79,8.51,25,2109.3,active,2021-11-14T14:14:27,2023-12-14T14:14:27
51,2448,personal,3836.6,7.77,41,2205.91,defaulted,2025-09-02T23:43:16,2029-02-02T23:43:16
52,1968,auto,824343.37,4.44,47,766947.24,active,2026-02-04T23:04:07,2030-01-04T23:04:07
53,1492,personal,21067.06,13.52,24,8816.52,active,2024-12-14T16:57:59,2026-12-14T16:57:59
54,4475,business,311426.12,8.62,35,158803.55,active,2024-07-13T20:14:07,2027-06-13T20:14:07
55,2122,mortgage,1770440.58,4.57,294,986670.11,defaulted,2026-02-25T07:07:11,2050-08-25T07:07:11
56,4447,auto,10848.15,8.33,46,2792.05,active,2023-02-03T11:44:21,2026-12-03T11:44:21
57,4304,mortgage,13460291.99,2.7,349,13319207.47,active,2025-12-21T10:26:39,2055-01-21T10:26:39
58,489,personal,4205185.73,12.29,42,2415775.7,active,2024-04-01T23:22:28,2027-10-01T23:22:28
59,4945,mortgage,371387.72,3.13,280,363527.38,active,2025-11-14T18:34:41,2049-03-14T18:34:41
60,1229,personal,37827.25,12.55,47,26564.22,active,2024-10-21T22:14:19,2028-09-21T22:14:19
61,914,personal,796307.95,14.01,59,704901.17,active,2025-10-13T02:45:11,2030-09-13T02:45:11
62,341,student,61665.38,5.61,224,60332.02,active,2025-12-07T17:53:21,2044-08-07T17:53:21
63,723,personal,161719.56,11.86,40,87089.78,late,2024-04-04T20:26:23,2027-08-04T20:26:23
64,1742,mortgage,3707196.35,6.25,124,2957160.75,active,2024-04-04T22:31:33,2034-08-04T22:31:33
65,4643,mortgage,20083458.1,4.68,226,9241562.42,defaulted,2024-07-10T17:02:53,2043-05-10T17:02:53
66,2119,personal,5703.13,13.23,29,4630.45,active,2025-11-21T07:20:23,2028-04-21T07:20:23
67,1589,student,39179.53,6.84,211,34657.18,late,2024-04-22T10:13:02,2041-11-22T10:13:02
68,125,auto,26279.98,4.72,30,10747.61,defaulted,2023-01-17T14:59:34,2025-07-17T14:59:34
69,3523,personal,20097.71,17.58,55,17853.17,active,2025-10-09T05:52:04,2030-05-09T05:52:04
70,1137,student,11178658.65,4.86,115,6646610.32,defaulted,2024-01-03T01:50:34,2033-08-03T01:50:34
71,932,student,42401.91,4.59,136,39893.2,active,2025-07-02T20:21:15,2036-11-02T20:21:15
72,2625,personal,23762.91,9.98,39,4833.44,active,2023-10-02T18:49:33,2027-01-02T18:49:33
73,203,personal,38685.66,6.38,21,0,paid_off,2022-07-23T22:30:19,2024-04-23T22:30:19
74,3188,personal,727542.73,15.8,37,710368.14,active,2026-04-12T03:00:41,2029-05-12T03:00:41
75,2662,personal,2304.86,15.25,53,2302.19,active,2026-05-14T17:57:30,2030-10-14T17:57:30
76,454,mortgage,520399.79,4.86,283,505233.6,active,2025-07-31T19:06:50,2049-03-03T19:06:50
77,638,auto,219439,6.84,66,213085.03,active,2026-02-24T22:29:36,2031-08-24T22:29:36
78,910,personal,885741.38,12.94,41,762838.22,active,2025-10-17T18:42:10,2029-03-17T18:42:10
79,1435,student,34586.51,6.85,121,29598.41,defaulted,2025-09-02T16:10:36,2035-10-02T16:10:36
80,2498,business,248595.05,6.71,48,183516.77,defaulted,2023-12-31T00:54:15,2027-12-31T00:54:15
81,3243,personal,943633.52,14.21,55,284390.12,active,2022-12-20T19:54:24,2027-07-20T19:54:24
82,3563,auto,7798.22,7.71,42,1227.7,active,2022-12-09T23:41:13,2026-06-09T23:41:13
83,4840,student,6890.26,4.14,112,5534.56,active,2023-10-29T06:54:13,2033-03-01T06:54:13
84,2898,auto,14354.53,4.96,55,13389.73,active,2025-12-22T12:53:05,2030-07-22T12:53:05
85,4012,personal,1177187.33,15.05,43,1156423.5,active,2026-04-15T00:12:40,2029-11-15T00:12:40
86,2936,business,108064.56,11.58,39,67993.18,late,2025-02-08T10:06:42,2028-05-08T10:06:42
87,1079,mortgage,196562.4,5.25,267,99764.1,defaulted,2025-08-09T12:24:36,2047-11-09T12:24:36
88,1695,mortgage,296722.81,5.9,124,280609.68,late,2025-09-22T10:26:05,2036-01-22T10:26:05
89,161,auto,743415.16,8.38,26,541206.13,defaulted,2025-01-31T23:59:36,2027-03-31T23:59:36
90,4217,mortgage,417680.63,3.53,297,415362.26,active,2026-03-16T16:38:23,2050-12-16T16:38:23
91,3486,personal,38851.66,17.63,32,38556.64,active,2026-05-08T18:02:21,2029-01-08T18:02:21
92,2893,personal,10658.56,11.23,59,9723.24,active,2025-12-03T00:58:13,2030-11-03T00:58:13
93,3487,auto,991037.39,5.48,43,663321.51,defaulted,2025-01-23T01:39:07,2028-08-23T01:39:07
94,2377,student,2193894.62,7.98,209,2063496.31,late,2024-11-27T10:53:08,2042-04-27T10:53:08
95,2737,mortgage,221064.73,5.03,275,200160.34,active,2023-10-05T17:40:03,2046-09-05T17:40:03
96,1756,auto,101045.26,9.42,49,81173.51,active,2025-07-05T14:33:44,2029-08-05T14:33:44
97,4784,personal,166780.2,15.31,17,107498.68,active,2025-09-29T22:13:27,2027-03-01T22:13:27
98,1124,personal,2172.83,12.06,21,612.74,late,2024-11-07T20:41:42,2026-08-07T20:41:42
99,3351,personal,1203824.87,16.09,16,0,paid_off,2023-10-14T13:31:28,2025-02-14T13:31:28
100,4718,personal,22167.09,9.6,57,10274.94,active,2023-03-16T07:05:23,2027-12-16T07:05:23
101,1352,auto,994058.91,8.28,37,761697.83,defaulted,2024-10-31T08:42:42,2027-12-01T08:42:42
102,1546,mortgage,91138.28,4.07,199,90826.62,late,2026-04-22T22:36:23,2042-11-22T22:36:23
103,2544,auto,33511.16,8.71,26,28501.76,active,2025-12-21T16:34:17,2028-02-21T16:34:17
104,1149,student,106967.66,3.43,214,102535.29,active,2025-07-18T20:41:51,2043-05-18T20:41:51
105,2140,student,777402.21,6.65,150,734403.78,active,2025-08-05T09:32:52,2038-02-05T09:32:52
106,4048,mortgage,1909151.97,4.42,297,1351207.32,defaulted,2024-08-10T01:53:46,2049-05-10T01:53:46
107,140,mortgage,745092.43,3.14,152,700251.75,active,2025-06-28T01:19:00,2038-02-28T01:19:00
108,75,personal,6804.64,16.56,33,4567.81,active,2025-03-23T06:17:52,2027-12-23T06:17:52
109,4850,personal,8927.73,11.29,15,6768.88,late,2026-01-10T05:34:17,2027-04-10T05:34:17
110,4932,personal,44647.82,10.75,28,1561.95,active,2023-02-09T04:20:09,2025-06-09T04:20:09
111,1384,personal,8741.78,7.29,21,4849.27,defaulted,2025-12-22T07:49:08,2027-09-22T07:49:08
112,2635,mortgage,152050.37,4.3,245,152016.92,late,2026-05-15T03:25:04,2046-10-15T03:25:04
113,1567,student,91123.78,6.3,112,90753.97,active,2026-05-02T04:47:40,2035-09-02T04:47:40
114,2401,personal,9748.66,16.35,27,1064.97,active,2022-03-07T21:20:30,2024-06-07T21:20:30
115,4310,personal,2060219.56,15.06,14,0,paid_off,2024-06-23T11:14:13,2025-08-23T11:14:13
116,1320,personal,259773,8.47,41,216473.24,active,2025-09-28T12:36:11,2029-02-28T12:36:11
117,4159,mortgage,41145765.09,6.69,326,40518473.92,active,2025-11-18T08:56:52,2053-01-18T08:56:52
118,1542,auto,52445.54,8.83,74,41752.55,active,2024-12-06T19:03:54,2031-02-06T19:03:54
119,1152,student,8276640.55,7.84,115,7694118.6,active,2025-05-30T16:39:31,2034-12-30T16:39:31
120,4532,auto,235851.47,8.31,65,171455.86,defaulted,2025-10-04T01:04:46,2031-03-04T01:04:46
121,4480,auto,47055.38,9.4,26,5453.07,active,2024-04-27T04:47:49,2026-06-27T04:47:49
122,1756,auto,96727.34,9.68,62,51161.35,defaulted,2024-10-07T07:16:06,2029-12-07T07:16:06
123,4316,mortgage,439432.23,6.27,139,358580.33,late,2023-08-13T10:22:46,2035-03-13T10:22:46
124,3942,student,130636.41,4.97,194,125804.37,active,2025-08-24T22:49:27,2041-10-24T22:49:27
125,3977,student,9541.69,4.03,228,7844.33,defaulted,2025-11-22T15:05:53,2044-11-22T15:05:53
126,2902,personal,7201.83,14.41,32,3823.54,defaulted,2025-09-23T03:07:28,2028-05-23T03:07:28
127,519,personal,97345.28,6.87,28,74170.43,late,2025-09-25T05:01:06,2028-01-25T05:01:06
128,2678,mortgage,160918.17,5.5,186,143333.64,active,2024-07-09T07:36:24,2040-01-09T07:36:24
129,118,student,22814.73,7.78,147,18775.62,late,2023-12-11T23:59:16,2036-03-11T23:59:16
130,4158,personal,2048693.26,12.65,32,100800.81,active,2023-09-21T17:57:45,2026-05-21T17:57:45
131,4748,business,17397379.32,6.92,37,13791436.71,active,2025-07-20T13:02:05,2028-08-20T13:02:05
132,4065,business,171837.65,10.89,24,30404.79,active,2024-08-06T07:01:46,2026-08-06T07:01:46
133,2516,auto,44644.34,8.52,72,33403.92,active,2024-08-01T02:16:01,2030-08-01T02:16:01
134,3071,mortgage,17011472.46,5.19,214,16600622.23,active,2025-11-11T13:37:37,2043-09-11T13:37:37
135,3121,personal,4202.97,9.83,28,3285.39,active,2025-09-22T10:57:21,2028-01-22T10:57:21
136,947,personal,27191.38,12.3,47,11533.17,active,2023-11-28T09:10:15,2027-10-28T09:10:15
137,4543,auto,307315.92,7.26,75,254514.67,active,2024-11-18T12:36:24,2031-02-18T12:36:24
138,3150,mortgage,11816688.08,5.41,337,11620059.3,active,2025-09-24T17:10:59,2053-10-24T17:10:59
139,3836,personal,9361.58,13.21,25,8421.07,active,2026-02-27T02:22:22,2028-03-27T02:22:22
140,3271,personal,14118.18,13.39,34,13355.25,late,2026-03-05T14:04:45,2029-01-05T14:04:45
141,4840,personal,25293.39,14.75,54,17964.64,active,2024-12-30T11:36:49,2029-06-30T11:36:49
142,3751,personal,9013.55,14.63,56,3967.45,defaulted,2025-03-09T03:41:44,2029-11-09T03:41:44
143,4004,mortgage,198782.99,5.75,259,194458.75,active,2025-10-04T22:01:19,2047-05-04T22:01:19
144,2749,personal,664555.75,13.79,38,642138.05,active,2026-04-03T21:34:42,2029-06-03T21:34:42
145,282,mortgage,364105.03,4.7,293,357073.93,active,2025-11-17T07:09:56,2050-04-17T07:09:56
146,4574,mortgage,184676.47,6.72,313,184469.39,active,2026-05-02T05:02:59,2052-06-02T05:02:59
147,917,mortgage,299389.7,5.53,224,284268.35,active,2025-03-16T19:55:05,2043-11-16T19:55:05
148,961,mortgage,554008.31,5.3,301,225044.82,defaulted,2026-01-20T00:04:21,2051-02-20T00:04:21
149,705,personal,922243,17.78,26,577327.03,active,2025-07-07T04:16:57,2027-09-07T04:16:57
150,2633,personal,29016.56,6.12,49,26142.64,active,2025-11-09T23:27:11,2029-12-09T23:27:11
151,3676,auto,53174.43,8.29,39,51192.33,late,2026-03-22T20:06:14,2029-06-22T20:06:14
152,4937,mortgage,384799.8,6.64,223,307823.37,defaulted,2025-11-06T22:41:52,2044-06-06T22:41:52
153,4779,auto,53604.31,5.98,50,42301.58,defaulted,2026-04-22T17:02:23,2030-06-22T17:02:23
154,833,personal,30945.13,7.96,31,19859.36,defaulted,2026-05-11T23:08:23,2028-12-11T23:08:23
155,3914,auto,41501.8,9.25,63,32718.04,defaulted,2026-01-09T20:09:32,2031-04-09T20:09:32
156,3835,personal,15674.79,8.64,55,12650.69,active,2025-03-09T23:50:23,2029-10-09T23:50:23
157,3074,personal,16234.74,13.24,43,11875.24,active,2025-05-08T08:15:14,2028-12-08T08:15:14
158,2138,personal,97725.61,7.99,55,0,paid_off,2022-01-09T08:20:17,2026-08-09T08:20:17
159,4987,auto,178402,7.73,43,117282.53,active,2025-01-03T23:02:43,2028-08-03T23:02:43
160,4884,personal,14639.51,8.55,36,10087.39,active,2025-05-06T10:10:35,2028-05-06T10:10:35
161,4170,personal,19105.81,8.87,26,19001.02,active,2026-05-11T20:11:15,2028-07-11T20:11:15
162,4864,personal,21111.82,8.03,17,20441.13,active,2026-04-28T23:29:33,2027-09-28T23:29:33
163,3226,mortgage,262800.78,3.68,265,244317.22,active,2024-05-16T11:34:58,2046-06-16T11:34:58
164,2071,personal,17356.44,6.8,42,12811.45,late,2025-05-31T14:46:43,2028-12-01T14:46:43
165,2843,mortgage,383039.89,5.19,198,365258.17,active,2025-07-01T09:57:32,2042-01-01T09:57:32
166,4873,personal,24223.32,11.7,17,7644.88,active,2025-05-25T01:01:25,2026-10-25T01:01:25
167,4599,personal,16868.38,17.39,35,14917.9,active,2026-01-08T06:24:31,2028-12-08T06:24:31
168,208,business,14316125.65,12.65,45,12579327.3,defaulted,2025-12-23T09:49:37,2029-09-23T09:49:37
169,1504,personal,3629262.74,14.78,13,2636368.75,defaulted,2025-12-03T04:40:11,2027-01-03T04:40:11
170,16,personal,7810.17,14.47,28,6977.28,active,2026-01-22T07:33:44,2028-05-22T07:33:44
171,4668,auto,76917,6.21,25,40178.72,active,2024-12-23T15:01:57,2027-01-23T15:01:57
172,924,mortgage,505979.89,3.02,261,455355.46,defaulted,2025-10-14T07:01:44,2047-07-14T07:01:44
173,2140,personal,191667.3,9.72,52,176813.98,active,2026-01-07T15:11:09,2030-05-07T15:11:09
174,1064,business,2033799.8,12.95,57,1064282.9,defaulted,2022-09-08T16:23:14,2027-06-08T16:23:14
175,2322,personal,967.39,8.85,35,614.13,active,2025-04-18T06:56:17,2028-03-18T06:56:17
176,3918,auto,4465671.25,9.62,61,2792125.21,active,2024-02-27T02:20:14,2029-03-27T02:20:14
177,2278,personal,34447.38,14.51,16,0,paid_off,2025-03-24T05:15:53,2026-07-24T05:15:53
178,1448,personal,93547.6,7.68,57,77882.9,active,2025-06-16T12:59:35,2030-03-16T12:59:35
179,3724,personal,7738.93,10.74,33,6017.28,active,2025-07-28T05:06:56,2028-04-28T05:06:56
180,3433,mortgage,325252.59,3.31,154,310693.96,active,2025-09-29T12:54:13,2038-07-29T12:54:13
181,896,personal,4739.57,6.9,30,4691.17,active,2026-05-05T05:04:47,2028-11-05T05:04:47
182,195,mortgage,563911.06,3.13,221,562476.29,active,2026-04-24T22:14:21,2044-09-24T22:14:21
183,46,mortgage,457466.86,3.24,167,340759,active,2022-06-28T11:37:50,2036-05-28T11:37:50
184,727,business,74833.07,10.24,39,68500.17,active,2026-01-19T09:24:41,2029-04-19T09:24:41
185,1743,auto,71558.62,8.85,59,68455.35,active,2026-02-07T04:30:40,2031-01-07T04:30:40
186,3181,auto,10914,6.97,54,9470.66,active,2025-09-23T21:05:25,2030-03-23T21:05:25
187,2672,personal,95704.99,9.52,33,94953.01,late,2026-05-06T16:04:18,2029-02-06T16:04:18
188,1459,mortgage,286214.29,3.78,285,280841.62,active,2025-10-21T10:04:47,2049-07-21T10:04:47
189,99,mortgage,49824386.77,6.78,149,42463074.04,active,2024-06-28T03:52:30,2036-11-28T03:52:30
190,1552,credit_line,25920.14,9.48,15,25493.72,active,2026-05-08T16:10:21,2027-08-08T16:10:21
191,2930,student,41451.33,5.73,93,27381.49,active,2023-01-19T06:22:26,2030-10-19T06:22:26
192,4237,personal,19806.34,15.05,57,17399.46,active,2025-09-01T17:04:47,2030-06-01T17:04:47
193,2044,personal,37697.93,16.41,14,27368.46,active,2025-12-03T13:37:24,2027-02-03T13:37:24
194,4569,personal,16359.13,15.7,48,12903.66,defaulted,2026-03-10T06:13:18,2030-03-10T06:13:18
195,4185,mortgage,387656.61,4.34,202,372024.14,active,2025-08-21T05:25:12,2042-06-21T05:25:12
196,1598,mortgage,311107.55,5.79,203,288112.01,active,2024-10-24T15:46:34,2041-09-24T15:46:34
197,941,personal,14054.23,16.29,25,12775.71,active,2026-03-02T04:53:35,2028-04-02T04:53:35
198,227,student,55661.13,7.52,152,47577.92,defaulted,2025-01-02T20:09:51,2037-09-02T20:09:51
199,820,auto,1640856.18,9.08,64,1343212.54,late,2025-02-15T21:35:17,2030-06-15T21:35:17
200,444,mortgage,7608127.45,5.81,133,6714897.8,active,2024-11-18T19:02:24,2035-12-18T19:02:24
201,3880,mortgage,376651.36,6.72,319,362049.22,active,2024-12-26T13:08:04,2051-07-26T13:08:04
202,1754,personal,174598.44,11.13,42,115678.16,active,2024-11-20T20:49:55,2028-05-20T20:49:55
203,3884,mortgage,262181.47,2.94,336,259417.94,active,2026-01-16T09:47:54,2054-01-16T09:47:54
204,1369,personal,22950.83,13.9,51,10856.31,defaulted,2023-10-31T12:46:04,2028-01-31T12:46:04
205,3751,mortgage,135097.48,3.15,313,133263.77,active,2025-12-28T10:53:15,2052-01-28T10:53:15
206,761,mortgage,7016794.94,4.67,158,6951119.43,active,2026-03-25T09:40:15,2039-05-25T09:40:15
207,1265,mortgage,674260.87,3.2,202,665409.77,active,2026-02-13T02:43:16,2042-12-13T02:43:16
208,3958,student,68111.9,6.32,205,62149.37,active,2024-11-14T14:35:06,2041-12-14T14:35:06
209,3135,auto,44304.2,4.34,34,38159.19,late,2025-12-07T07:18:02,2028-10-07T07:18:02
210,1538,auto,16688.88,4.17,44,11643.41,active,2025-03-20T18:18:37,2028-11-20T18:18:37
211,686,student,14473.92,4.88,138,11154.68,active,2023-08-05T03:25:46,2035-02-05T03:25:46
212,1485,personal,2333819.33,14.86,47,2330375.1,late,2026-05-14T02:58:10,2030-04-14T02:58:10
213,3451,auto,1734797.52,5.15,70,0,paid_off,2022-04-30T15:53:04,2028-03-01T15:53:04
214,3453,student,21077.7,4.51,65,14334.14,active,2024-04-05T14:04:38,2029-09-05T14:04:38
215,4898,mortgage,375079.12,4.57,286,364970.74,late,2025-08-22T03:39:22,2049-06-22T03:39:22
216,1602,auto,19062.81,7.75,82,13118.46,late,2023-11-28T22:26:47,2030-09-28T22:26:47
217,1141,business,862288.59,9.24,28,581704.86,active,2025-07-24T19:36:03,2027-11-24T19:36:03
218,4789,personal,10020.99,13.07,33,0,paid_off,2024-12-02T08:24:41,2027-09-02T08:24:41
219,3464,auto,33217.93,7.65,80,25606.15,active,2024-08-17T01:02:40,2031-04-17T01:02:40
220,2176,mortgage,147748.73,5.73,278,128734.19,active,2023-04-17T06:32:20,2046-06-17T06:32:20
221,3527,personal,42936.85,10.85,33,11454.12,active,2023-12-14T22:42:28,2026-09-14T22:42:28
222,1147,student,14518.31,5.44,167,14475.61,active,2026-04-27T16:50:50,2040-03-27T16:50:50
223,2822,personal,15765.28,10.39,24,14855.2,active,2026-03-26T16:35:08,2028-03-26T16:35:08
224,4211,mortgage,342532.42,6.23,124,323922.97,active,2025-10-20T03:39:10,2036-02-20T03:39:10
225,2769,business,148097.36,10.03,30,99994.33,defaulted,2025-12-02T05:15:14,2028-06-02T05:15:14
226,4565,auto,12021.32,6.78,73,9522.9,active,2024-10-23T02:16:35,2030-11-23T02:16:35
227,2148,business,4200209.05,6.38,98,3468736.31,active,2024-10-18T13:00:15,2032-12-18T13:00:15
228,4223,personal,15139.4,16.54,29,0,paid_off,2022-02-13T22:49:09,2024-07-13T22:49:09
229,1433,personal,1265.37,11.32,26,1222.79,active,2026-04-19T23:04:14,2028-06-19T23:04:14
230,3998,personal,3803.89,15.67,36,2127.14,late,2024-12-04T22:40:30,2027-12-04T22:40:30
231,660,personal,10710.58,9.89,20,8790.12,late,2025-12-20T04:49:15,2027-08-20T04:49:15
232,2433,mortgage,444118.7,6.96,224,234856.22,defaulted,2024-09-24T16:14:31,2043-05-24T16:14:31
233,2168,auto,49912.95,9.83,62,44301.7,late,2025-08-12T11:53:30,2030-10-12T11:53:30
234,4271,personal,9431.47,7.34,24,9413.8,active,2026-05-14T21:59:45,2028-05-14T21:59:45
235,149,auto,54570.97,5.66,47,28548.24,defaulted,2025-11-19T10:34:21,2029-10-19T10:34:21
236,841,auto,3279914.28,8.35,46,3067721.8,active,2026-01-26T20:50:55,2029-11-26T20:50:55
237,1878,student,913256.72,3.13,131,829855.95,late,2025-02-24T09:38:17,2036-01-24T09:38:17
238,1875,personal,33560.52,7.66,37,32708.47,active,2026-04-07T06:15:22,2029-05-07T06:15:22
239,2860,student,18968.8,7.94,180,18750.45,active,2026-03-13T19:07:55,2041-03-13T19:07:55
240,1562,mortgage,409294.47,4.81,299,405923.32,active,2026-02-04T23:11:57,2051-01-04T23:11:57
241,2502,personal,84052.26,13.46,25,0,paid_off,2023-04-01T23:34:46,2025-05-01T23:34:46
242,141,mortgage,292802.63,6.13,131,240348.82,late,2024-05-04T18:54:15,2035-04-04T18:54:15
243,1482,personal,6022.69,16.51,32,5381.07,defaulted,2025-12-06T01:05:08,2028-08-06T01:05:08
244,226,personal,4374.82,12.53,18,3794.98,active,2026-02-21T02:17:36,2027-08-21T02:17:36
245,3937,auto,2633338.83,6.2,51,1544803.74,active,2024-03-13T10:02:01,2028-06-13T10:02:01
246,3566,auto,129909.84,9.62,49,129660.15,active,2026-05-13T21:06:57,2030-06-13T21:06:57
247,1234,business,108433.7,11.44,32,92990.07,active,2025-11-04T22:08:01,2028-07-04T22:08:01
248,388,personal,3329915.88,6.17,40,2998121.82,active,2026-01-05T14:39:56,2029-05-05T14:39:56
249,550,credit_line,4101720.58,9.39,30,2231855.11,active,2025-01-16T17:44:13,2027-07-16T17:44:13
250,3184,auto,11636.89,4.86,81,10018.42,active,2025-05-15T00:04:59,2032-02-15T00:04:59
251,2220,mortgage,144906.01,4.36,155,115960.6,defaulted,2024-01-01T17:00:27,2036-12-01T17:00:27
252,3716,auto,8926115.1,4.03,31,1476289.58,active,2024-03-01T04:01:12,2026-10-01T04:01:12
253,2172,auto,72522.45,4.35,35,34637.73,active,2024-10-16T20:03:44,2027-09-16T20:03:44
254,2410,auto,51206.75,7.08,54,0,paid_off,2024-04-21T14:31:49,2028-10-21T14:31:49
255,1945,student,120666.38,6.13,98,117557.33,active,2026-01-28T13:48:15,2034-03-28T13:48:15
256,2935,business,142906.94,6.77,92,119562.8,active,2024-12-18T02:58:34,2032-08-18T02:58:34
257,4271,mortgage,164471.81,2.67,178,150749.6,active,2024-09-01T19:15:43,2039-07-01T19:15:43
258,1854,mortgage,1348049,5.77,164,1261527.74,active,2025-06-03T01:52:40,2039-02-03T01:52:40
259,3890,auto,95777.11,6.13,45,85163.85,defaulted,2026-04-30T05:45:28,2030-01-30T05:45:28
260,3024,personal,9707.1,11.9,24,9401.14,active,2026-04-23T02:16:39,2028-04-23T02:16:39
261,2895,personal,5254.74,16.84,18,4756.49,active,2026-03-16T17:32:09,2027-09-16T17:32:09
262,1945,mortgage,787477.33,6.93,319,730692.18,active,2024-02-07T21:46:10,2050-09-07T21:46:10
263,3942,auto,44854.34,7.81,25,849.04,late,2023-10-21T00:22:37,2025-11-21T00:22:37
264,177,auto,49759.44,4.52,68,41504.79,active,2025-05-12T00:30:32,2031-01-12T00:30:32
265,135,personal,9561.53,9.1,38,9075.79,active,2026-03-09T10:49:47,2029-05-09T10:49:47
266,4304,personal,1007278.83,6.47,54,0,paid_off,2024-11-27T11:41:13,2029-05-27T11:41:13
267,4607,student,1483910.92,7.02,167,1293162.35,late,2024-02-02T11:05:10,2038-01-02T11:05:10
268,4648,business,150570.57,12.62,86,145455.57,active,2026-01-21T00:09:05,2033-03-21T00:09:05
269,3374,student,63065.84,3.02,226,62272.19,active,2026-01-25T00:56:18,2044-11-25T00:56:18
270,1078,personal,24129.29,15.99,12,0,paid_off,2025-08-29T16:27:57,2026-08-29T16:27:57
271,2687,mortgage,1977052.74,6.38,317,1928280.34,active,2025-09-02T18:43:27,2052-02-02T18:43:27
272,3101,personal,373545.24,7.41,29,254137.62,defaulted,2024-02-09T18:41:04,2026-07-09T18:41:04
273,3881,auto,616054.18,5.22,64,500772.99,defaulted,2024-06-05T21:12:32,2029-10-05T21:12:32
274,3500,personal,5360.41,12.79,27,3168.19,defaulted,2026-03-11T00:06:48,2028-06-11T00:06:48
275,3472,auto,33208.03,9.07,79,17378.1,active,2022-03-21T02:07:56,2028-10-21T02:07:56
276,2982,personal,2576.42,6.82,23,2266.94,late,2026-02-16T03:29:52,2028-01-16T03:29:52
277,398,mortgage,419250.24,6.16,308,341079.56,defaulted,2024-01-05T11:26:39,2049-09-05T11:26:39
278,4227,personal,21168.76,12.47,35,12996.96,defaulted,2025-06-19T07:53:05,2028-05-19T07:53:05
279,967,personal,23552.76,16.88,18,20415.85,active,2026-02-18T19:57:34,2027-08-18T19:57:34
280,1273,personal,6477.51,12.53,26,5057.46,defaulted,2025-08-18T03:21:10,2027-10-18T03:21:10
281,4345,personal,23804.9,14.66,27,0,paid_off,2024-10-30T23:07:40,2027-01-30T23:07:40
282,2937,personal,19038.13,10.48,18,17322.11,active,2026-03-28T06:41:16,2027-09-28T06:41:16
283,1307,auto,51144.04,8.93,44,47305.81,active,2026-01-08T00:58:17,2029-09-08T00:58:17
284,1676,personal,1817.59,17.63,27,0,paid_off,2024-02-11T08:33:24,2026-05-11T08:33:24
285,1622,mortgage,218916.51,4.22,178,137119.85,defaulted,2023-05-16T06:28:14,2038-03-16T06:28:14
286,2990,mortgage,311944.81,6.72,192,296048.97,active,2025-07-02T12:30:54,2041-07-02T12:30:54
287,3856,personal,9809.89,17.21,22,9785.43,active,2026-05-15T02:20:44,2028-03-15T02:20:44
288,2014,personal,345390.8,13.41,37,309953.67,active,2025-12-18T04:08:08,2029-01-18T04:08:08
289,3307,personal,2142.46,17.8,21,0,paid_off,2023-07-26T01:01:06,2025-04-26T01:01:06
290,767,auto,330448.34,8.15,43,247748.84,active,2025-05-23T05:34:19,2028-12-23T05:34:19
291,887,auto,53952.95,5.95,70,42035.67,late,2024-08-09T11:43:01,2030-06-09T11:43:01
292,3816,auto,60182.31,6.4,82,59237.72,active,2026-04-01T04:58:56,2033-02-01T04:58:56
293,911,business,17227209.61,8.5,100,12236154.67,active,2023-08-06T22:22:39,2031-12-06T22:22:39
294,4357,auto,392006.33,6.4,31,232989.44,active,2025-03-15T04:08:10,2027-10-15T04:08:10
295,4018,personal,20001.09,12.81,40,18114.23,active,2026-01-15T19:19:51,2029-05-15T19:19:51
296,3420,mortgage,150397.49,6.8,164,149426.5,active,2026-04-05T05:55:49,2039-12-05T05:55:49
297,1980,student,58388.4,7.07,189,52536.6,active,2024-08-16T20:29:37,2040-05-16T20:29:37
298,3194,mortgage,4145343.56,5.8,294,4113237.72,active,2026-02-27T02:19:14,2050-08-27T02:19:14
299,2423,personal,38106.74,10.93,41,0,paid_off,2023-04-19T18:47:16,2026-09-19T18:47:16
300,1827,mortgage,452942.65,6.97,292,431744.8,active,2024-11-09T20:38:34,2049-03-09T20:38:34
301,337,mortgage,205646.29,4.79,152,172435.16,defaulted,2026-05-02T04:20:43,2039-01-02T04:20:43
302,4653,personal,4290133.56,17.12,52,2944599.21,active,2024-11-30T09:54:52,2029-03-30T09:54:52
303,2988,business,116016.78,7.49,78,110230.01,active,2025-12-08T18:00:44,2032-06-08T18:00:44
304,3941,personal,14134.64,13.75,39,4903.74,active,2023-12-30T12:08:33,2027-03-30T12:08:33
305,240,student,45382.05,7.26,177,44521.9,active,2025-12-25T18:57:47,2040-09-25T18:57:47
306,1011,mortgage,1314138.34,3.44,204,1214331.66,active,2024-07-12T05:34:16,2041-07-12T05:34:16
307,985,personal,225113.11,7.46,45,151229.52,late,2024-11-19T15:46:14,2028-08-19T15:46:14
308,2729,auto,400269.96,8.25,26,0,paid_off,2022-12-09T15:06:43,2025-02-09T15:06:43
309,24,personal,124580.16,7.42,53,28934.55,active,2022-11-08T13:00:45,2027-04-08T13:00:45
310,1837,mortgage,228927.62,4.15,258,228834.2,late,2026-05-12T05:43:29,2047-11-12T05:43:29
311,4841,student,82848.24,4.43,105,81506.46,active,2026-03-13T20:31:02,2034-12-13T20:31:02
312,2020,personal,14808.67,14.63,55,13215.62,active,2025-11-04T00:55:30,2030-06-04T00:55:30
313,4524,auto,22486.05,6.28,76,16398.96,active,2024-06-28T20:56:29,2030-10-28T20:56:29
314,4402,auto,163603.18,5.47,58,45211.19,active,2022-07-30T23:27:52,2027-05-30T23:27:52
315,3031,auto,5578215.27,9.71,51,4553128.5,active,2025-05-20T19:39:53,2029-08-20T19:39:53
316,1728,personal,1945001.44,16.72,19,0,paid_off,2024-09-26T22:37:07,2026-04-26T22:37:07
317,3567,personal,82723.76,7.72,53,67575.12,active,2025-07-05T13:45:23,2029-12-05T13:45:23
318,4429,auto,44862.68,9.97,44,11022.03,late,2023-05-03T06:53:56,2027-01-03T06:53:56
319,4379,business,3305686.58,9.54,99,2406732.66,active,2023-10-09T23:14:43,2032-01-09T23:14:43
320,2551,auto,10081.73,5.68,38,0,paid_off,2024-04-12T02:28:56,2027-06-12T02:28:56
321,3393,auto,4037571.9,5.17,81,4016122.42,late,2026-04-28T05:59:01,2033-01-28T05:59:01
322,1181,personal,165775.38,12.96,12,162922.57,active,2026-05-10T06:50:53,2027-05-10T06:50:53
323,4257,auto,508836.06,4.73,61,0,paid_off,2024-03-28T15:52:15,2029-04-28T15:52:15
324,1177,student,43005.41,4.75,79,33162.38,active,2024-10-11T13:54:56,2031-05-11T13:54:56
325,1905,personal,25398.75,15.57,22,0,paid_off,2023-07-10T14:05:39,2025-05-10T14:05:39
326,1500,auto,20396.44,4.26,62,16207.83,active,2025-03-21T15:20:57,2030-05-21T15:20:57
327,1695,student,69093.24,5.51,75,61976.82,active,2025-08-03T12:32:44,2031-11-03T12:32:44
328,4855,auto,130769.92,9.74,61,102359.98,active,2025-03-22T19:48:06,2030-04-22T19:48:06
329,4507,mortgage,157926.21,3.48,319,154054.22,active,2025-08-23T19:29:25,2052-03-23T19:29:25
330,2907,personal,8898.56,16.22,32,6966.54,active,2025-09-18T06:16:41,2028-05-18T06:16:41
331,4650,personal,917200.39,14.48,52,823954.74,active,2025-11-09T20:50:49,2030-03-09T20:50:49
332,2662,personal,9880.43,17.02,36,7102.29,defaulted,2026-05-12T11:53:31,2029-05-12T11:53:31
333,1212,personal,11177.49,16.66,44,11012.68,active,2026-04-19T20:13:34,2029-12-19T20:13:34
334,1338,personal,19272.74,6.14,50,16943.76,active,2025-11-09T01:16:34,2030-01-09T01:16:34
335,3016,business,1991796.94,11.01,109,1765742.17,active,2025-02-11T15:49:49,2034-03-11T15:49:49
336,4407,credit_line,158120.59,12.61,17,0,paid_off,2024-08-14T10:57:17,2026-01-14T10:57:17
337,1784,personal,1477.2,13.29,47,0,paid_off,2023-05-18T10:03:21,2027-04-18T10:03:21
338,2646,personal,175091.7,8.53,45,139990.94,active,2025-05-18T07:23:07,2029-02-18T07:23:07
339,1711,personal,7937.06,17.45,29,1561.06,active,2024-05-19T21:52:37,2026-10-19T21:52:37
340,4255,personal,264426.27,10.27,34,192406.42,defaulted,2023-11-17T20:45:06,2026-09-17T20:45:06
341,3846,mortgage,393151.92,4.37,222,391598.81,active,2026-04-15T19:09:40,2044-10-15T19:09:40
342,4412,auto,471985.46,8.21,64,357037.07,late,2024-08-14T11:46:20,2029-12-14T11:46:20
343,2207,personal,5091.55,13.51,18,0,paid_off,2025-09-20T19:50:28,2027-03-20T19:50:28
344,1721,personal,341681.74,16.62,58,227727.54,active,2024-08-03T20:15:35,2029-06-03T20:15:35
345,338,student,19478.27,3.31,133,14856.58,active,2023-08-07T04:58:26,2034-09-07T04:58:26
346,2057,personal,21175.1,10.3,35,20980.69,active,2026-05-05T05:14:51,2029-04-05T05:14:51
347,4916,personal,15406.49,10.55,25,14933.29,active,2026-04-16T07:11:10,2028-05-16T07:11:10
348,1862,auto,34408.51,5.98,80,29256.43,active,2025-01-24T04:03:36,2031-09-24T04:03:36
349,3816,personal,142933.47,17.48,35,0,paid_off,2025-04-08T12:07:08,2028-03-08T12:07:08
350,4348,personal,25756.47,9.23,20,0,paid_off,2024-12-13T10:33:10,2026-08-13T10:33:10
351,998,personal,298749.68,10.85,13,43449.53,active,2024-02-18T14:17:20,2025-03-18T14:17:20
352,4090,mortgage,404661.65,4.77,224,268934.61,defaulted,2024-12-26T09:51:46,2043-08-26T09:51:46
353,3919,personal,8504.26,12.47,13,4570.98,active,2025-09-23T13:13:53,2026-10-23T13:13:53
354,4814,mortgage,493124.63,5.37,155,431836.1,active,2024-02-21T10:11:37,2037-01-21T10:11:37
355,3420,auto,29483.28,9.11,58,28994.62,active,2026-04-08T19:06:22,2031-02-08T19:06:22
356,153,personal,292543.02,11.78,12,0,paid_off,2022-06-16T19:13:09,2023-06-16T19:13:09
357,4037,student,15789.85,6.13,228,15458,active,2025-11-18T08:42:45,2044-11-18T08:42:45
358,59,mortgage,1313329.56,4.37,304,1275901.4,active,2025-07-17T12:57:09,2050-11-17T12:57:09
359,3492,personal,328333.26,17.04,29,223962.86,active,2025-08-06T10:37:41,2028-01-06T10:37:41
360,2709,business,91044.88,13.48,53,67784.16,active,2024-12-21T12:10:23,2029-05-21T12:10:23
361,2479,personal,254471.8,15.71,17,0,paid_off,2023-12-25T22:06:45,2025-05-25T22:06:45
362,3575,personal,1925.83,10.43,27,1412.85,active,2025-09-07T04:50:02,2027-12-07T04:50:02
363,109,personal,29038.84,11.44,55,22055.14,active,2025-03-02T02:15:03,2029-10-02T02:15:03
364,424,auto,48864.5,4.22,76,47497.18,active,2026-03-06T21:13:06,2032-07-06T21:13:06
365,3162,mortgage,79160.46,6.47,353,79124.11,active,2026-05-09T21:52:20,2055-10-09T21:52:20
366,1095,auto,10580.72,4.55,43,7522.65,active,2025-03-17T20:29:26,2028-10-17T20:29:26
367,1060,mortgage,232803.31,6.71,196,211855.33,active,2024-09-11T08:44:04,2041-01-11T08:44:04
368,4301,student,11007.69,6.98,224,10878.81,active,2026-02-10T09:07:17,2044-10-10T09:07:17
369,4804,auto,33000.38,8.33,62,32392.86,active,2026-04-07T16:55:16,2031-06-07T16:55:16
370,67,personal,20492.29,6.71,41,0,paid_off,2025-04-05T15:37:35,2028-09-05T15:37:35
371,2318,personal,18253.49,10.38,33,15999.18,active,2026-01-02T14:22:05,2028-10-02T14:22:05
372,777,personal,3053.37,14.22,56,0,paid_off,2022-02-07T14:12:17,2026-10-07T14:12:17
373,3389,mortgage,176133.35,3.76,264,172038.68,active,2025-10-19T20:48:14,2047-10-19T20:48:14
374,2378,auto,162346.5,4.37,64,102151.56,active,2023-11-01T23:32:03,2029-03-01T23:32:03
375,4224,student,60169.33,3.42,76,54365.32,late,2025-09-15T19:26:05,2032-01-15T19:26:05
376,673,student,34887.41,4.62,189,29013.93,active,2023-05-16T11:06:09,2039-02-16T11:06:09
377,1018,personal,27250.09,7.87,22,0,paid_off,2022-06-22T04:57:01,2024-04-22T04:57:01
378,56,mortgage,167076.47,6.85,242,165195.81,late,2026-02-01T12:15:15,2046-04-01T12:15:15
379,1931,mortgage,963629.53,3.23,120,457090.92,defaulted,2022-07-28T02:21:02,2032-07-28T02:21:02
380,4544,mortgage,720083.13,3.97,173,603095.32,defaulted,2025-07-10T23:34:52,2039-12-10T23:34:52
381,1513,student,99319.27,6.33,218,92765.54,active,2024-10-27T00:44:23,2042-12-27T00:44:23
382,3395,auto,43030.96,5.29,46,16455.25,active,2023-05-05T14:51:05,2027-03-05T14:51:05
383,2305,mortgage,430544.62,2.75,209,423177.53,active,2026-01-06T22:14:37,2043-06-06T22:14:37
384,3824,auto,20473.02,4.28,25,19103.46,active,2026-03-24T13:10:20,2028-04-24T13:10:20
385,1103,personal,17796.33,10.31,54,12933.37,active,2024-12-23T17:33:31,2029-06-23T17:33:31
386,1486,personal,23365.72,12.1,40,21880.29,active,2026-02-23T10:21:35,2029-06-23T10:21:35
387,3527,auto,44482.29,7.38,52,0,paid_off,2024-08-22T16:54:47,2028-12-22T16:54:47
388,400,mortgage,710683.62,4.75,334,658013.99,active,2024-01-16T21:58:28,2051-11-16T21:58:28
389,98,personal,20090.03,14.68,19,15322.28,active,2025-12-27T05:07:50,2027-07-27T05:07:50
390,2040,student,2075546.3,5.91,131,2014861.18,active,2026-01-12T06:38:15,2036-12-12T06:38:15
391,2177,personal,23236.97,10.44,27,0,paid_off,2024-04-02T01:35:14,2026-07-02T01:35:14
392,906,personal,96580.7,12.42,12,85103.03,active,2026-03-29T19:44:53,2027-03-29T19:44:53
393,350,mortgage,40641556.41,5.74,274,38124577.91,active,2024-09-02T16:10:31,2047-07-02T16:10:31
394,2943,personal,321607.34,8.32,23,235036.09,active,2025-10-24T00:10:56,2027-09-24T00:10:56
395,3058,personal,7281.05,7.1,49,0,paid_off,2023-10-29T05:04:37,2027-11-29T05:04:37
396,2235,auto,24594.32,5.05,71,24219.62,active,2026-04-04T07:00:56,2032-03-04T07:00:56
397,863,student,55508.84,7.46,227,35117.42,defaulted,2025-12-10T07:32:14,2044-11-10T07:32:14
398,4482,personal,1351895.55,14.19,16,663085.59,late,2025-07-03T20:00:03,2026-11-03T20:00:03
399,4042,auto,11371.96,5.89,30,0,paid_off,2023-12-22T00:36:09,2026-06-22T00:36:09
400,4598,mortgage,392900.69,4.37,296,392523.9,active,2026-05-04T11:30:42,2051-01-04T11:30:42
401,1247,mortgage,5095575.81,2.9,350,4714985.77,active,2023-06-21T03:19:06,2052-08-21T03:19:06
402,2459,auto,30496.45,9.64,64,13279.4,defaulted,2026-03-22T23:14:33,2031-07-22T23:14:33
403,3912,business,5278128.6,7.1,74,4455097.62,active,2025-03-10T17:22:01,2031-05-10T17:22:01
404,185,student,31561.23,4.76,157,24626.14,active,2022-10-09T17:28:18,2035-11-09T17:28:18
405,3563,auto,29150.34,9.02,62,19971.96,active,2024-04-23T09:23:06,2029-06-23T09:23:06
406,2490,mortgage,264869.45,4.36,178,206888.86,defaulted,2025-01-06T05:20:52,2039-11-06T05:20:52
407,710,mortgage,107046.89,4.22,141,98234.15,active,2025-01-08T04:58:45,2036-10-08T04:58:45
408,2196,mortgage,1991377.45,5.75,121,1726134.14,active,2024-09-30T01:39:07,2034-10-30T01:39:07
409,3493,student,117920.48,7.83,70,116366.55,active,2026-04-16T13:00:58,2032-02-16T13:00:58
410,962,mortgage,5522912.49,5.68,318,5456334.26,active,2025-12-22T18:34:19,2052-06-22T18:34:19
411,2360,credit_line,33447.59,19.15,30,31355.96,active,2026-03-08T08:25:19,2028-09-08T08:25:19
412,1145,auto,46283.46,6.3,59,46271.59,active,2026-05-16T07:06:47,2031-04-16T07:06:47
413,3565,auto,1050842.15,5.4,27,902852.57,active,2025-12-12T14:04:00,2028-03-12T14:04:00
414,1791,personal,26494.04,10.79,50,14202.51,defaulted,2026-03-23T01:50:10,2030-05-23T01:50:10
415,3182,auto,53626.25,7.58,74,41132.41,active,2024-10-21T08:36:03,2030-12-21T08:36:03
416,778,mortgage,148712.16,3.52,126,111619.14,active,2023-06-02T03:34:38,2033-12-02T03:34:38
417,3786,personal,6372.05,7.12,57,5176.83,active,2025-06-11T14:23:11,2030-03-11T14:23:11
418,4154,personal,212721.61,12.99,16,210471.34,late,2026-05-11T11:28:50,2027-09-11T11:28:50
419,1730,personal,15387.14,7.79,26,6610.7,active,2025-01-24T08:17:34,2027-03-24T08:17:34
420,1863,personal,27899.15,14.41,43,21921.42,active,2025-07-13T06:45:07,2029-02-13T06:45:07
421,1429,auto,201563.4,4.31,74,164399.12,active,2025-01-29T05:19:06,2031-03-29T05:19:06
422,3863,auto,25651.66,8.51,75,12521.47,defaulted,2025-12-08T01:15:19,2032-03-08T01:15:19
423,1106,auto,1211302.55,7.97,78,904253.78,late,2024-08-13T21:00:37,2031-02-13T21:00:37
424,3241,auto,1642998.67,6.68,33,988831.19,defaulted,2024-03-01T10:17:14,2026-12-01T10:17:14
425,2499,mortgage,2353562.3,3.34,236,2318956.1,active,2026-01-14T19:11:49,2045-09-14T19:11:49
426,4401,auto,28803.74,7.68,26,25724.04,defaulted,2024-08-04T17:34:03,2026-10-04T17:34:03
427,266,mortgage,526149.65,3.62,146,514021.79,active,2026-01-28T20:54:29,2038-03-28T20:54:29
428,3567,mortgage,764774.85,4.35,218,720229.65,active,2025-04-14T05:40:15,2043-06-14T05:40:15
429,4450,personal,19662,17.91,29,0,paid_off,2025-06-28T00:03:12,2027-11-28T00:03:12
430,52,student,60597.06,7.81,228,30919.31,defaulted,2026-04-02T22:16:52,2045-04-02T22:16:52
431,2828,credit_line,1748154.53,14.16,16,1136357.05,defaulted,2026-04-09T05:21:52,2027-08-09T05:21:52
432,1499,personal,16626.02,8.58,33,9104.73,defaulted,2026-05-04T12:45:15,2029-02-04T12:45:15
433,889,mortgage,479491.3,3.68,236,478429.18,active,2026-04-25T09:32:06,2045-12-25T09:32:06
434,3843,business,136321.65,7.32,112,99656.11,defaulted,2026-02-05T04:48:33,2035-06-05T04:48:33
435,1684,auto,37193.22,7.85,32,0,paid_off,2023-05-16T18:07:54,2026-01-16T18:07:54
436,3290,personal,15598.97,11.68,12,0,paid_off,2022-11-07T23:22:10,2023-11-07T23:22:10
437,806,auto,957112.77,8.25,49,856712.51,active,2025-11-21T12:37:57,2029-12-21T12:37:57
438,4817,student,2397287.9,4.01,195,1360709.65,defaulted,2025-11-25T06:41:23,2042-02-25T06:41:23
439,41,credit_line,6447.02,16.58,14,5244.4,defaulted,2026-04-28T18:10:50,2027-06-28T18:10:50
440,539,mortgage,553859.68,3.11,211,468683.12,active,2023-04-05T15:07:14,2040-11-05T15:07:14
441,3792,auto,1526497.28,9.03,58,1446026.5,active,2026-01-21T03:00:43,2030-11-21T03:00:43
442,64,personal,70413.19,10.99,40,65372.23,active,2026-02-17T07:21:07,2029-06-17T07:21:07
443,3987,personal,106707.92,11.94,34,93336.49,defaulted,2025-01-26T07:13:28,2027-11-26T07:13:28
444,1028,personal,401125.74,15.89,17,375471.14,active,2026-04-09T02:15:50,2027-09-09T02:15:50
445,1488,personal,10496.12,15.82,22,5525.88,defaulted,2026-02-05T02:22:34,2027-12-05T02:22:34
446,74,mortgage,459031.25,4.2,170,449645.09,active,2026-01-23T13:56:03,2040-03-23T13:56:03
447,3627,personal,13652.17,10.2,28,10853.85,active,2025-09-26T07:24:07,2028-01-26T07:24:07
448,854,personal,6769.61,13.91,43,6747.26,active,2026-05-11T23:05:37,2029-12-11T23:05:37
449,1077,auto,19281.09,8.6,24,10388.22,defaulted,2025-06-11T08:17:50,2027-06-11T08:17:50
450,2883,auto,49195.64,5.66,73,39692.66,active,2024-10-18T16:15:35,2030-11-18T16:15:35
451,4388,auto,33722.18,7.35,47,12832.24,active,2023-07-04T12:17:21,2027-06-04T12:17:21
452,633,student,64640.53,5.12,71,56352.09,active,2025-05-17T08:32:30,2031-04-17T08:32:30
453,1760,business,2166047.16,8.13,70,1824277.88,active,2025-02-21T21:13:04,2030-12-21T21:13:04
454,2476,personal,24110.65,6.3,54,19642.05,active,2025-05-15T07:52:27,2029-11-15T07:52:27
455,4910,personal,21338.14,10.75,16,0,paid_off,2024-01-06T23:38:57,2025-05-06T23:38:57
456,1674,personal,14917.48,12,56,0,paid_off,2022-08-26T13:23:53,2027-04-26T13:23:53
457,991,personal,35738.6,6.37,33,34843.02,active,2026-04-20T04:02:26,2029-01-20T04:02:26
458,4547,personal,23020.92,6.64,34,19338.77,active,2025-11-10T15:44:30,2028-09-10T15:44:30
459,2974,student,66722.31,6.14,79,66021.99,active,2026-04-14T10:14:59,2032-11-14T10:14:59
460,1320,mortgage,3022079.76,6.8,342,3003756.41,active,2026-03-12T03:17:37,2054-09-12T03:17:37
461,4972,personal,1229182.33,14.98,51,1144849.82,late,2026-01-19T15:09:20,2030-04-19T15:09:20
462,4338,business,368161.8,10.04,119,353964.87,active,2025-11-01T16:49:55,2035-10-01T16:49:55
463,4636,business,853128.15,7.88,59,494583.87,active,2024-03-01T18:19:39,2029-02-01T18:19:39
464,528,personal,8099.07,11.47,36,1190.66,active,2023-06-04T11:11:29,2026-06-04T11:11:29
465,3311,personal,8521.45,15.05,31,8198.91,active,2026-03-29T21:08:05,2028-10-29T21:08:05
466,1953,personal,1126.47,10.82,30,938.25,defaulted,2024-03-05T13:06:28,2026-09-05T13:06:28
467,652,mortgage,364507.98,5.09,358,364010.59,active,2026-05-01T00:58:26,2056-03-01T00:58:26
468,3044,auto,470997.12,9.6,42,460796.32,active,2026-04-12T00:11:56,2029-10-12T00:11:56
469,362,auto,86933.33,8.38,54,74540.68,active,2025-08-27T03:48:00,2030-02-27T03:48:00
470,1904,auto,4561204.54,5.4,75,3936664.69,defaulted,2025-07-25T11:54:56,2031-10-25T11:54:56
471,1218,personal,27594.03,17.16,42,21916.23,defaulted,2024-05-05T03:52:57,2027-11-05T03:52:57
472,2021,auto,46384.54,7.66,67,36475.79,active,2024-09-01T09:28:30,2030-04-01T09:28:30
473,257,auto,20761.87,7.05,25,17372.83,active,2026-01-08T09:04:18,2028-02-08T09:04:18
474,301,personal,23183.37,15.16,56,21347.14,active,2025-11-26T10:18:37,2030-07-26T10:18:37
475,878,mortgage,3038486.21,4.56,179,2655800.17,active,2024-01-07T09:13:52,2038-12-07T09:13:52
476,829,mortgage,327021.33,2.51,129,297035.82,active,2025-04-10T22:15:11,2036-01-10T22:15:11
477,972,business,97289.07,6.75,36,88413.03,active,2026-02-04T11:31:14,2029-02-04T11:31:14
478,2511,mortgage,353094.27,4.08,123,347057.6,active,2026-03-04T17:24:30,2036-06-04T17:24:30
479,257,auto,47140.83,5.28,44,21746.28,defaulted,2026-04-17T13:27:34,2029-12-17T13:27:34
480,3408,personal,28126.53,9.25,52,17505.95,active,2024-05-02T17:25:10,2028-09-02T17:25:10
481,191,mortgage,5404949.01,4.3,235,5190294.64,active,2025-06-23T01:15:31,2045-01-23T01:15:31
482,2980,business,91095.6,10.99,85,38343.1,defaulted,2024-05-07T06:31:27,2031-06-07T06:31:27
483,169,personal,12737.03,11.43,17,9508.79,active,2026-01-01T03:46:27,2027-06-01T03:46:27
484,2557,personal,41649.58,16.38,19,33879.92,active,2025-12-25T07:40:19,2027-07-25T07:40:19
485,644,auto,3404079.96,7.79,53,2836928.28,defaulted,2025-11-15T13:48:02,2030-04-15T13:48:02
486,45,personal,52480.9,9.64,59,46140.22,active,2025-08-06T18:50:30,2030-07-06T18:50:30
487,103,mortgage,599776.3,4.95,194,533332.83,defaulted,2025-11-12T18:21:30,2042-01-12T18:21:30
488,3365,personal,8363.09,13.83,37,6414.34,late,2025-06-18T00:16:23,2028-07-18T00:16:23
489,1877,personal,18785.9,9.15,59,12913.92,active,2024-03-30T18:00:16,2029-03-02T18:00:16
490,4091,personal,11511.16,6.45,18,3194.73,late,2025-02-08T10:30:40,2026-08-08T10:30:40
491,4218,student,70251.51,6.32,226,65209.32,active,2024-12-30T13:00:24,2043-10-30T13:00:24
492,44,personal,118202.74,12.95,58,108840.82,active,2025-11-28T07:51:08,2030-09-28T07:51:08
493,2317,business,200139.06,11.89,49,188821.9,active,2026-02-07T03:14:49,2030-03-07T03:14:49
494,970,business,212806.88,6.43,85,206723.5,active,2026-02-20T00:42:48,2033-03-20T00:42:48
495,3780,personal,16912.73,10.16,39,10696.96,active,2025-02-14T18:32:43,2028-05-14T18:32:43
496,1759,mortgage,5601661.44,4.76,298,5159127.26,active,2023-09-09T20:12:33,2048-07-09T20:12:33
497,2826,personal,59535.83,7.61,45,50229,active,2025-08-31T05:25:34,2029-05-31T05:25:34
498,4226,personal,1446969.85,17.83,32,1308925.9,late,2026-01-18T06:52:02,2028-09-18T06:52:02
499,3106,auto,42694.65,6.95,61,35441.81,active,2025-04-24T20:21:54,2030-05-24T20:21:54
500,1408,personal,11141.35,15.47,38,9061.61,defaulted,2026-01-04T13:09:07,2029-03-04T13:09:07
501,1474,mortgage,41754570.98,5.19,140,41731812.59,active,2026-05-13T13:40:36,2038-01-13T13:40:36
502,1284,personal,22700.67,13.72,30,0,paid_off,2025-06-12T17:58:57,2027-12-12T17:58:57
503,2897,auto,565079.33,9.78,40,554830.62,active,2026-04-23T14:19:20,2029-08-23T14:19:20
504,3871,personal,27238.86,9.81,14,7301.06,active,2025-05-27T02:14:50,2026-07-27T02:14:50
505,4887,auto,1345429.6,6.71,80,1330990.92,active,2026-04-18T05:39:30,2032-12-18T05:39:30
506,435,personal,4991.19,14.3,53,3282.13,late,2024-05-13T04:50:14,2028-10-13T04:50:14
507,1399,personal,21981.57,12.96,23,0,paid_off,2024-04-28T15:59:15,2026-03-28T15:59:15
508,1157,credit_line,55197.51,19.17,28,47727.32,late,2025-12-26T14:35:47,2028-04-26T14:35:47
509,1824,personal,6754.86,14.58,36,5346.12,active,2025-07-01T06:32:12,2028-07-01T06:32:12
510,574,mortgage,238328.16,5.23,199,236122.6,active,2026-03-01T03:35:03,2042-10-01T03:35:03
511,430,personal,9219.97,9.66,16,6823.82,active,2026-01-01T02:57:15,2027-05-01T02:57:15
512,1825,business,3646277.22,8.98,39,3494607.67,active,2026-03-25T14:27:34,2029-06-25T14:27:34
513,518,personal,810148.7,8.51,15,0,paid_off,2025-05-16T01:59:52,2026-08-16T01:59:52
514,2912,personal,1025157.65,12.47,28,488961.81,defaulted,2021-12-29T17:01:47,2024-04-29T17:01:47
515,2113,mortgage,13923453.97,3.19,187,13864223.76,active,2026-04-12T16:09:33,2041-11-12T16:09:33
516,1603,mortgage,235601.43,3.17,351,234339.94,active,2026-03-12T16:40:04,2055-06-12T16:40:04
517,272,business,55697.06,6.89,66,52565.67,active,2026-01-06T20:59:09,2031-07-06T20:59:09
518,3502,personal,27443.7,15.22,50,26525.59,active,2026-03-24T05:53:18,2030-05-24T05:53:18
519,3706,mortgage,342749.91,6.66,231,330256.5,active,2025-06-20T11:08:08,2044-09-20T11:08:08
520,1974,personal,106277.55,17.45,48,48604.91,defaulted,2025-10-09T18:15:20,2029-10-09T18:15:20
521,510,auto,1278224.98,7.94,54,1057079.41,defaulted,2024-06-09T08:48:25,2028-12-09T08:48:25
522,126,auto,23056.64,5.67,48,22823.63,late,2026-05-01T23:41:46,2030-05-01T23:41:46
523,4471,personal,212654.88,17.86,44,187022.64,active,2025-11-11T15:29:33,2029-07-11T15:29:33
524,766,mortgage,385093.78,2.71,176,355105.83,active,2025-03-07T20:37:16,2039-11-07T20:37:16
525,3656,mortgage,587754.91,3.83,186,515407.25,defaulted,2026-04-18T00:09:02,2041-10-18T00:09:02
526,289,personal,1227.63,7.16,36,891.21,active,2025-06-24T17:29:45,2028-06-24T17:29:45
527,3389,personal,16210.5,7.45,46,15003.59,late,2026-01-08T22:03:10,2029-11-08T22:03:10
528,1746,personal,30285.5,11.66,31,29088.39,active,2026-04-07T10:24:38,2028-11-07T10:24:38
529,2899,personal,12363.88,7.22,39,6973.52,late,2024-07-01T04:02:49,2027-10-01T04:02:49
530,1286,personal,23081.45,13.17,13,675.36,late,2024-03-20T12:01:47,2025-04-20T12:01:47
531,2586,auto,25901.33,6.56,37,6838.46,active,2024-01-06T00:44:25,2027-02-06T00:44:25
532,965,mortgage,87415.88,4.53,205,77480.4,late,2023-10-18T22:09:46,2040-11-18T22:09:46
533,4777,personal,27433.33,16.75,28,27062.73,active,2026-05-05T03:19:34,2028-09-05T03:19:34
534,77,auto,47574.8,9.11,80,0,paid_off,2023-02-17T06:08:32,2029-10-17T06:08:32
535,1385,mortgage,754982.05,6.88,210,655063.05,active,2023-07-09T09:13:23,2041-01-09T09:13:23
536,420,auto,42606.05,5.25,40,41789.92,late,2026-04-18T04:38:10,2029-08-18T04:38:10
537,3618,student,50397.71,7.78,81,24917.6,defaulted,2026-02-19T16:04:58,2032-11-19T16:04:58
538,3345,mortgage,1955895.96,4.26,127,1928511.5,late,2026-03-13T13:06:11,2036-10-13T13:06:11
539,3316,personal,21823.71,8.7,58,18784.34,active,2025-06-13T17:02:19,2030-04-13T17:02:19
540,4019,personal,4694.6,15.17,55,0,paid_off,2023-09-02T11:33:53,2028-04-02T11:33:53
541,1639,personal,193823.56,10.84,47,83624.88,defaulted,2024-06-06T20:27:56,2028-05-06T20:27:56
542,1241,auto,225390.21,8.44,26,218431.07,active,2026-04-19T21:34:56,2028-06-19T21:34:56
543,4788,mortgage,523839.93,6.34,312,484064.77,active,2023-08-05T07:29:46,2049-08-05T07:29:46
544,3177,auto,119777.49,6.75,80,86824.64,defaulted,2026-04-05T08:17:47,2032-12-05T08:17:47
545,3708,auto,43786.62,6.33,53,43695.28,active,2026-05-13T00:56:14,2030-10-13T00:56:14
546,4431,personal,45323.88,7.93,14,37706.4,active,2026-02-11T23:51:16,2027-04-11T23:51:16
547,2109,mortgage,551010.52,3.51,123,549696.93,active,2026-05-05T21:48:09,2036-08-05T21:48:09
548,1877,mortgage,480588.95,4.52,242,441207.78,active,2024-08-11T20:34:21,2044-10-11T20:34:21
549,2485,personal,19043.38,9.78,20,15208.52,active,2026-01-04T14:56:22,2027-09-04T14:56:22
550,570,business,212969.7,9.58,49,121787.28,defaulted,2025-04-07T01:12:01,2029-05-07T01:12:01
551,4008,personal,18871.36,11.58,30,4633.16,active,2023-12-01T22:52:05,2026-06-01T22:52:05
552,2882,mortgage,273036.78,2.77,139,270096.05,active,2026-03-26T21:36:51,2037-10-26T21:36:51
553,1442,mortgage,245388.76,5.24,244,243986.73,late,2026-04-02T05:34:27,2046-08-02T05:34:27
554,379,personal,10724.02,8.47,18,2460.45,active,2024-09-27T04:39:44,2026-03-27T04:39:44
555,1191,personal,63402.41,8.97,17,56893.99,active,2026-03-14T01:32:11,2027-08-14T01:32:11
556,438,mortgage,1156114.52,4.78,199,1138258.41,active,2026-01-12T08:28:49,2042-08-12T08:28:49
557,801,auto,24404.16,6.36,45,19596.09,active,2025-08-06T07:50:54,2029-05-06T07:50:54
558,998,auto,180320.82,6.08,40,141776.05,defaulted,2023-12-03T05:24:34,2027-04-03T05:24:34
559,3001,student,65371.21,5.9,191,59715.7,active,2024-09-10T10:19:56,2040-08-10T10:19:56
560,2945,personal,2303.1,16.48,27,2101.39,active,2026-02-12T20:35:27,2028-05-12T20:35:27
561,1072,personal,22176.53,10.63,53,21147.42,active,2026-02-10T06:18:47,2030-07-10T06:18:47
562,2938,personal,32507.11,17.74,41,0,paid_off,2022-04-20T20:33:24,2025-09-20T20:33:24
563,4620,mortgage,237120.78,6.57,281,225623.5,active,2025-01-12T19:35:23,2048-06-12T19:35:23
564,324,mortgage,488927.4,3.99,218,466865.64,active,2025-03-26T20:37:10,2043-05-26T20:37:10
565,1335,credit_line,20634.52,11.87,19,10738.97,active,2025-06-07T00:21:00,2027-01-07T00:21:00
566,3744,personal,531941.09,11.71,24,424874.96,active,2025-12-16T11:00:03,2027-12-16T11:00:03
567,2309,personal,16448.23,16.13,47,10628.88,active,2024-09-20T06:35:37,2028-08-20T06:35:37
568,1019,auto,49828.52,7.98,39,48709.93,active,2026-04-14T05:13:04,2029-07-14T05:13:04
569,1360,mortgage,886479.11,3.53,281,847691.24,active,2025-02-16T17:25:29,2048-07-16T17:25:29
570,1767,personal,2189874.16,6.19,53,2018024.97,active,2025-11-18T19:45:16,2030-04-18T19:45:16
571,703,auto,9726.55,9.09,68,7494.75,defaulted,2025-08-24T13:28:15,2031-04-24T13:28:15
572,2112,personal,6444.82,6.72,38,4868.67,active,2025-05-10T22:03:22,2028-07-10T22:03:22
573,726,business,270364.91,7.42,102,264124.4,active,2026-02-19T18:13:13,2034-08-19T18:13:13
574,819,personal,14187438.9,7.99,32,13690977.73,active,2026-04-09T05:58:07,2028-12-09T05:58:07
575,1899,auto,162443.63,4.7,33,71539.42,active,2024-09-18T19:05:30,2027-06-18T19:05:30
576,1318,personal,671939.8,11.24,39,631434.82,active,2026-02-18T19:18:08,2029-05-18T19:18:08
577,4237,personal,15313.85,6.35,31,9441.92,late,2025-03-25T20:14:33,2027-10-25T20:14:33
578,2356,mortgage,248781.67,3.91,265,248181.66,active,2026-04-25T09:58:57,2048-05-25T09:58:57
579,4147,auto,56224.77,9.3,70,41400.57,active,2024-08-05T08:32:09,2030-06-05T08:32:09
580,3079,auto,31567.84,7.87,60,27448.46,active,2025-06-28T19:37:55,2030-06-28T19:37:55
581,1775,mortgage,13081319.67,4.35,349,8779142.28,defaulted,2024-10-24T10:29:09,2053-11-24T10:29:09
582,1274,mortgage,147157.98,6.75,276,145293.3,active,2025-12-25T05:03:22,2048-12-25T05:03:22
583,4524,personal,21334.27,8.8,28,11699.98,active,2025-02-22T08:24:00,2027-06-22T08:24:00
584,734,mortgage,41185449.77,3.56,355,40780144.78,active,2026-01-27T11:07:15,2055-08-27T11:07:15
585,1320,student,603524.69,7.52,213,601483.28,active,2026-04-19T21:16:12,2044-01-19T21:16:12
586,4529,personal,3394308.43,10.47,27,0,paid_off,2023-02-25T10:13:47,2025-05-25T10:13:47
587,2793,auto,25387.44,9.57,34,24185.1,active,2026-03-20T07:47:55,2029-01-20T07:47:55
588,4246,mortgage,388300.05,5.45,141,373788.52,active,2025-11-12T06:00:54,2037-08-12T06:00:54
589,3844,personal,7292.7,16.34,12,0,paid_off,2025-12-28T09:26:47,2026-12-28T09:26:47
590,1719,mortgage,92328548.82,6.58,240,89973236.38,active,2025-10-21T23:49:05,2045-10-21T23:49:05
591,3467,business,1217341.89,6.55,32,1005610.31,active,2025-11-28T01:47:07,2028-07-28T01:47:07
592,2997,mortgage,150320.26,5.07,184,139697.65,active,2025-02-04T10:17:38,2040-06-04T10:17:38
593,4262,mortgage,5291380.26,3.94,181,4519030.27,active,2023-05-09T06:38:52,2038-06-09T06:38:52
594,2644,business,147242.93,11.29,65,80570.73,active,2023-02-12T10:06:26,2028-07-12T10:06:26
595,914,mortgage,12176651.2,4.01,225,11486942.47,active,2025-01-25T17:09:05,2043-10-25T17:09:05
596,3500,business,46295.57,6.04,91,45722.24,active,2026-04-02T11:06:34,2033-11-02T11:06:34
597,936,student,72719.57,5.72,206,69234.38,active,2025-03-23T13:56:03,2042-05-23T13:56:03
598,3909,mortgage,544412.74,5.33,345,219554.93,defaulted,2025-10-03T15:42:57,2054-07-03T15:42:57
599,344,personal,18882.99,8.63,35,0,paid_off,2022-09-23T00:06:03,2025-08-23T00:06:03
600,204,auto,1835002.49,4.8,43,909874.44,active,2024-05-25T10:25:00,2027-12-25T10:25:00
601,54,auto,32872.19,6.19,61,32400.38,active,2026-04-18T09:45:35,2031-05-18T09:45:35
602,1126,personal,7863.14,6.79,17,6817.49,defaulted,2025-12-03T13:07:00,2027-05-03T13:07:00
603,4940,mortgage,563471.55,2.78,205,501193.83,active,2024-04-17T07:17:34,2041-05-17T07:17:34
604,665,personal,11317.58,16.61,19,1870.39,active,2024-10-17T12:13:53,2026-05-17T12:13:53
605,2933,auto,197192.4,7.05,24,126855.43,active,2025-07-20T15:00:34,2027-07-20T15:00:34
606,3763,personal,158052.34,17.03,24,118867.6,active,2025-09-15T00:09:19,2027-09-15T00:09:19
607,1943,mortgage,190964.04,2.55,197,190287.32,late,2026-04-18T19:11:17,2042-09-18T19:11:17
608,512,personal,24015.13,15.95,16,23412.79,active,2026-05-04T07:50:02,2027-09-04T07:50:02
609,1505,personal,26401.07,13.2,47,24314.98,active,2025-12-27T14:36:38,2029-11-27T14:36:38
610,3817,student,54803.47,6.99,189,48029.34,late,2024-05-12T23:37:21,2040-02-12T23:37:21
611,524,personal,286188.21,10.06,51,278677.07,active,2026-04-04T22:19:01,2030-07-04T22:19:01
612,3883,personal,8672.52,11.83,22,0,paid_off,2025-03-03T03:19:30,2027-01-03T03:19:30
613,4754,personal,26102.79,12.78,54,25523.46,active,2026-03-31T14:06:16,2030-10-01T14:06:16
614,4041,personal,21679.41,13.38,38,16408.31,defaulted,2023-03-18T23:41:20,2026-05-18T23:41:20
615,2564,mortgage,361485.34,6.15,194,360140.37,active,2026-04-23T03:27:13,2042-06-23T03:27:13
616,620,personal,5591.38,11.29,52,4357.13,active,2025-03-26T07:29:17,2029-07-26T07:29:17
617,3553,mortgage,256604.98,4.9,173,248957.11,active,2025-10-17T22:50:11,2040-03-17T22:50:11
618,3611,mortgage,9517469.44,2.6,309,9507009.58,active,2026-05-02T19:22:39,2052-02-02T19:22:39
619,1548,student,40731.41,6.92,200,40648.12,active,2026-04-30T12:04:37,2042-12-30T12:04:37
620,1699,auto,33308.65,5.98,51,21128.07,active,2024-06-17T19:48:23,2028-09-17T19:48:23
621,4958,student,57423.95,3.63,225,47965.35,active,2022-10-21T08:20:35,2041-07-21T08:20:35
622,3761,personal,12395.71,7.45,57,5211.55,active,2022-06-12T15:15:51,2027-03-12T15:15:51
623,2068,personal,18277.11,8.54,38,5479.68,active,2023-12-05T13:43:12,2027-02-05T13:43:12
624,714,personal,389985.94,14.95,50,100908.03,late,2023-04-11T09:32:19,2027-06-11T09:32:19
625,1324,mortgage,388010.91,3.83,325,385315.84,active,2026-03-05T01:45:08,2053-04-05T01:45:08
626,2360,mortgage,271041.95,3.64,260,268550.35,late,2026-03-03T17:48:47,2047-11-03T17:48:47
627,1458,mortgage,631309.77,5.71,275,511561.62,defaulted,2026-05-12T06:26:18,2049-04-12T06:26:18
628,3962,personal,24099.39,10.31,51,22993.89,active,2026-02-07T06:50:16,2030-05-07T06:50:16
629,2616,student,63120.99,4.59,182,62070.69,active,2026-02-04T04:30:07,2041-04-04T04:30:07
630,1010,auto,218887.14,6.02,29,174682.47,active,2025-10-01T02:14:13,2028-03-01T02:14:13
631,1818,student,27581.27,7.71,217,25346.13,active,2024-11-24T15:04:20,2042-12-24T15:04:20
632,2324,auto,36534.6,4.02,28,4940.9,late,2024-03-16T17:52:33,2026-07-16T17:52:33
633,3783,auto,25964.87,8.94,40,24754.67,active,2026-02-28T13:22:47,2029-06-28T13:22:47
634,3578,business,704172,5.88,85,703444.57,active,2026-05-13T04:16:22,2033-06-13T04:16:22
635,4975,student,9185945.28,3.05,112,9033335.25,active,2026-03-11T20:25:20,2035-07-11T20:25:20
636,2680,mortgage,425090.55,5.97,186,386412.37,late,2024-06-18T09:02:26,2039-12-18T09:02:26
637,4590,personal,31778.36,8,39,29594.18,active,2026-01-22T02:32:36,2029-04-22T02:32:36
638,1722,student,50846.43,4.46,207,43468.27,late,2023-10-09T12:30:49,2041-01-09T12:30:49
639,3919,mortgage,229034.13,3.39,341,213419.94,active,2023-10-11T17:07:13,2052-03-11T17:07:13
640,1641,personal,18445.74,15.78,33,0,paid_off,2023-11-05T09:17:33,2026-08-05T09:17:33
641,1351,auto,51809.21,8.92,57,42531.08,active,2025-07-05T22:14:02,2030-04-05T22:14:02
642,501,personal,20999888.22,13.19,58,10976654.7,late,2023-07-05T18:12:43,2028-05-05T18:12:43
643,212,personal,1807816.78,13.32,40,1693544.95,late,2026-02-27T11:38:32,2029-06-27T11:38:32
644,3841,personal,3430.01,7.01,55,2133.63,active,2024-03-09T18:05:36,2028-10-09T18:05:36
645,1191,personal,91966.61,7.1,43,52731.28,defaulted,2026-02-12T11:14:17,2029-09-12T11:14:17
646,4311,personal,28297.48,15.77,23,27953,active,2026-05-07T08:06:41,2028-04-07T08:06:41
647,4718,auto,47874.27,5.12,25,41752.03,defaulted,2025-04-18T02:45:17,2027-05-18T02:45:17
648,4974,personal,14248.79,16.24,48,14024.95,active,2026-04-23T00:33:09,2030-04-23T00:33:09
649,1225,personal,19843.5,6.63,33,12658.95,active,2025-03-02T03:10:25,2027-12-02T03:10:25
650,3266,mortgage,9197485.16,6.94,337,8747398.4,active,2024-12-18T11:56:51,2053-01-18T11:56:51
651,3356,personal,125898.95,10.82,18,0,paid_off,2022-07-25T10:35:00,2024-01-25T10:35:00
652,4254,personal,2224.77,17.67,43,1990.58,late,2025-11-08T15:45:47,2029-06-08T15:45:47
653,828,auto,74444.67,9.11,48,0,paid_off,2023-11-08T17:34:57,2027-11-08T17:34:57
654,3884,personal,17602.41,14.5,56,10420.33,defaulted,2025-06-16T08:07:56,2030-02-16T08:07:56
655,2643,auto,31059.7,9.83,70,27198.3,active,2025-07-17T07:13:05,2031-05-17T07:13:05
656,1144,business,25806.85,6.34,61,23735.92,active,2025-12-14T14:36:11,2031-01-14T14:36:11
657,110,mortgage,10465515.69,5.97,327,9521300.1,late,2023-03-31T16:10:00,2050-07-01T16:10:00
658,3510,personal,19840.31,9.84,51,19357.75,active,2026-04-08T18:56:59,2030-07-08T18:56:59
659,1305,personal,16889.51,16.83,15,11996.17,active,2025-12-10T09:17:37,2027-03-10T09:17:37
660,424,personal,35907.43,7.46,33,35572.41,active,2026-05-03T22:22:25,2029-02-03T22:22:25
661,2375,mortgage,510287.37,3.11,206,506682.05,active,2026-03-22T02:19:31,2043-05-22T02:19:31
662,4213,student,41308.68,7.85,166,34550.49,active,2023-07-30T10:44:49,2037-05-30T10:44:49
663,3823,student,27327.31,6.75,107,27249.04,active,2026-05-06T00:17:48,2035-04-06T00:17:48
664,1185,personal,1503.07,17.05,44,1222.19,active,2025-09-05T01:51:01,2029-05-05T01:51:01
665,718,auto,370107.44,9.36,37,191501.71,defaulted,2026-02-16T02:52:08,2029-03-16T02:52:08
666,1327,auto,1001918.97,9.09,49,0,paid_off,2025-01-16T06:11:08,2029-02-16T06:11:08
667,2063,mortgage,360650.28,2.52,227,356968.22,active,2026-02-21T05:02:09,2045-01-21T05:02:09
668,4056,auto,18410.03,7.56,53,16454.06,late,2025-10-08T08:35:26,2030-03-08T08:35:26
669,752,mortgage,501223.49,3.6,340,491501.18,active,2025-10-16T21:14:31,2054-02-16T21:14:31
670,63,business,334113.61,13.81,33,179361.29,defaulted,2023-04-21T21:31:55,2026-01-21T21:31:55
671,697,personal,17182.97,10.05,32,3084.47,active,2023-08-03T00:10:35,2026-04-03T00:10:35
672,1301,auto,197909.31,8.11,27,89543.66,defaulted,2025-11-14T11:12:16,2028-02-14T11:12:16
673,113,mortgage,40852513.44,3.45,241,40337333.37,late,2026-01-20T14:24:47,2046-02-20T14:24:47
674,4141,personal,30359.5,13.89,25,19147.06,active,2025-07-25T11:36:54,2027-08-25T11:36:54
675,21,personal,85900.18,6.02,34,65071.12,active,2025-08-11T00:38:41,2028-06-11T00:38:41
676,3285,auto,44976.21,9.57,40,35952.72,late,2025-08-11T23:38:49,2028-12-11T23:38:49
677,658,business,194163.47,9.41,44,188573.33,active,2026-04-05T08:09:15,2029-12-05T08:09:15
678,1737,student,34581.89,7.42,89,33252.65,late,2025-12-25T18:22:47,2033-05-25T18:22:47
679,3528,personal,4157432.09,17.47,22,3712719.47,active,2026-02-21T17:20:56,2027-12-21T17:20:56
680,2724,mortgage,1121334.5,2.68,346,499610.89,defaulted,2023-12-16T09:42:25,2052-10-16T09:42:25
681,285,mortgage,17933403.91,4.09,245,17536980.19,active,2025-10-29T13:34:53,2046-03-29T13:34:53
682,736,student,33138.86,5.21,168,20829.8,defaulted,2025-12-07T13:58:12,2039-12-07T13:58:12
683,498,personal,24228.87,12.09,26,0,paid_off,2023-11-03T19:53:27,2026-01-03T19:53:27
684,2505,mortgage,16294182.25,6.55,159,16258672.78,active,2026-05-05T15:54:40,2039-08-05T15:54:40
685,3297,auto,38805.51,7.3,78,35117.43,active,2025-09-16T04:15:21,2032-03-16T04:15:21
686,4879,auto,30385.42,8.54,39,0,paid_off,2021-07-15T00:21:23,2024-10-15T00:21:23
687,1810,mortgage,136715.79,5.78,165,81596.01,defaulted,2025-05-20T06:13:37,2039-02-20T06:13:37
688,1939,student,15231.52,6.94,159,15124.47,late,2026-04-11T21:46:57,2039-07-11T21:46:57
689,4536,auto,27020.83,8.17,57,19637.43,active,2024-08-26T04:53:27,2029-05-26T04:53:27
690,403,personal,27153.43,10.98,18,24695.83,active,2026-03-20T13:05:04,2027-09-20T13:05:04
691,343,business,844235.6,5.63,61,553766.6,active,2024-06-07T00:16:17,2029-07-07T00:16:17
692,383,personal,15583.4,9.43,26,12874.97,active,2025-11-29T22:23:50,2028-01-29T22:23:50
693,584,personal,319423.54,16.52,44,0,paid_off,2021-12-04T05:44:29,2025-08-04T05:44:29
694,346,personal,197355.66,11.3,25,17165.38,active,2023-01-03T00:36:08,2025-02-03T00:36:08
695,1693,auto,51197.73,7.38,27,40214.29,active,2025-09-24T12:20:04,2027-12-24T12:20:04
696,2342,mortgage,71412.43,2.74,166,69481.57,active,2025-12-02T08:32:36,2039-10-02T08:32:36
697,3467,auto,414687.47,7.07,78,286996.82,defaulted,2023-02-02T11:16:31,2029-08-02T11:16:31
698,3891,personal,1546.5,10.09,19,1405.6,late,2026-03-05T05:22:35,2027-10-05T05:22:35
699,4576,auto,41766.07,5.11,28,15720.67,late,2024-05-15T01:42:49,2026-09-15T01:42:49
700,1113,auto,1115661.61,5.43,63,763636.38,defaulted,2025-11-18T11:50:44,2031-02-18T11:50:44
701,749,mortgage,435508.59,2.57,135,410566.01,active,2025-08-29T08:16:07,2036-11-29T08:16:07
702,3818,mortgage,208571.16,4.77,207,205015.6,active,2026-01-28T21:35:47,2043-04-28T21:35:47
703,2524,mortgage,380528.13,6.63,334,353689.79,active,2024-03-06T20:10:44,2052-01-06T20:10:44
704,2780,personal,31413.72,12.79,39,0,paid_off,2022-03-09T06:12:42,2025-06-09T06:12:42
705,1956,personal,26544.97,8.61,13,11916.03,active,2025-08-31T19:28:44,2026-10-01T19:28:44
706,4898,personal,28808.41,11.84,47,27492.72,active,2026-02-25T06:01:27,2030-01-25T06:01:27
707,1664,mortgage,152087.1,3.11,153,150192.31,active,2026-03-15T20:07:36,2038-12-15T20:07:36
708,2500,mortgage,210736.42,3.52,281,206584.33,active,2025-11-02T18:27:55,2049-04-02T18:27:55
709,1804,student,1306843.46,5.74,207,1299586.95,late,2026-03-29T01:34:46,2043-06-29T01:34:46
710,79,personal,28405.82,14.52,37,27249.47,active,2026-03-30T11:59:56,2029-04-30T11:59:56
711,2170,mortgage,5940927.73,5.17,198,5524061.51,active,2024-12-06T05:36:27,2041-06-06T05:36:27
712,4719,personal,19065.6,14.65,41,15171.92,active,2025-05-29T05:18:12,2028-10-29T05:18:12
713,4609,personal,478653.68,6.78,51,354568.93,active,2024-10-27T00:42:46,2029-01-27T00:42:46
714,1345,personal,21016.68,16.38,24,2697.82,active,2024-04-27T05:13:51,2026-04-27T05:13:51
715,3634,auto,2081020.93,9.72,44,1058632.55,active,2024-07-25T17:19:11,2028-03-25T17:19:11
716,3503,personal,10321.89,11.55,48,6371.06,active,2024-10-12T17:07:56,2028-10-12T17:07:56
717,1753,personal,15923.02,8.44,57,15601.99,active,2026-04-06T00:31:10,2031-01-06T00:31:10
718,344,personal,21179.52,7.63,52,7196.25,active,2023-05-15T07:49:36,2027-09-15T07:49:36
719,718,auto,1406417.21,7.66,60,1403438.97,active,2026-05-12T21:56:17,2031-05-12T21:56:17
720,3241,auto,880832.53,7.15,31,400195.52,defaulted,2024-07-18T06:27:30,2027-02-18T06:27:30
721,4972,mortgage,39245692.66,3.91,123,38974057.09,active,2026-04-18T01:41:55,2036-07-18T01:41:55
722,3639,mortgage,7435755.26,7,193,7393319.78,active,2026-04-03T13:45:07,2042-05-03T13:45:07
723,3523,mortgage,450055.48,3.03,237,400452.83,defaulted,2024-04-10T13:23:24,2044-01-10T13:23:24
724,4533,auto,297858.8,8.66,29,93203.67,active,2024-03-14T10:52:18,2026-08-14T10:52:18
725,705,auto,1404848.07,4.84,34,0,paid_off,2022-01-22T17:34:38,2024-11-22T17:34:38
726,219,personal,19147.27,6.53,42,17809.09,active,2026-02-15T03:22:30,2029-08-15T03:22:30
727,2931,student,13777.13,3.29,224,12203.64,late,2023-05-09T08:38:54,2042-01-09T08:38:54
728,4194,auto,48710.14,4.42,74,22345.99,active,2022-11-04T14:24:45,2029-01-04T14:24:45
729,385,personal,3062450.15,13.94,24,0,paid_off,2024-02-02T22:22:55,2026-02-02T22:22:55
730,258,personal,24733.26,11.99,21,20025.71,active,2025-12-22T01:45:13,2027-09-22T01:45:13
731,1774,student,60535.42,3.95,198,54900.2,active,2024-09-19T12:19:46,2041-03-19T12:19:46
732,1354,mortgage,67645472.3,3.75,144,61649447.5,active,2025-02-16T23:45:26,2037-02-16T23:45:26
733,2170,auto,288552.26,8.69,72,261412.15,active,2025-09-30T06:07:55,2031-09-30T06:07:55
734,4071,personal,14919.38,17.67,22,12474.67,active,2025-12-15T22:51:42,2027-10-15T22:51:42
735,3521,mortgage,313900.97,5.41,316,302284.2,late,2025-04-16T11:44:04,2051-08-16T11:44:04
736,2943,business,4414344.29,9.15,30,2776520.98,active,2025-06-06T17:21:02,2027-12-06T17:21:02
737,1710,mortgage,329257.61,3.27,137,323235.25,late,2026-02-01T20:18:40,2037-07-01T20:18:40
738,4282,auto,178190.51,7.79,51,0,paid_off,2023-09-27T03:50:17,2027-12-27T03:50:17
739,3450,personal,8925.59,7.07,30,593.85,active,2023-02-18T03:10:58,2025-08-18T03:10:58
740,2274,student,15349.81,4.92,216,14634.13,active,2025-05-31T09:02:57,2043-05-31T09:02:57
741,2937,mortgage,398644.98,3,240,393955.6,active,2026-02-15T14:22:55,2046-02-15T14:22:55
742,2435,auto,7587.84,6.96,73,6886.95,active,2025-10-16T08:08:51,2031-11-16T08:08:51
743,2149,personal,10483.53,14.6,29,3517.04,active,2024-07-20T12:15:17,2026-12-20T12:15:17
744,2401,personal,22053.2,11.71,17,14832.06,active,2025-10-23T17:27:57,2027-03-23T17:27:57
745,1355,personal,9061.99,8.73,19,6900.45,active,2025-12-05T01:51:55,2027-07-05T01:51:55
746,2158,personal,24087.34,7.58,53,23405.59,active,2026-03-29T21:29:04,2030-08-29T21:29:04
747,802,mortgage,496629.77,6.54,344,478911.92,active,2025-01-25T13:30:22,2053-09-25T13:30:22
748,1646,mortgage,561782.31,4.97,132,464047.96,active,2023-12-09T10:42:34,2034-12-09T10:42:34
749,1679,auto,147709.64,6.06,53,143156.01,active,2026-03-12T16:12:09,2030-08-12T16:12:09
750,1977,auto,15571.65,7.25,70,0,paid_off,2024-08-08T20:36:11,2030-06-08T20:36:11
751,2814,personal,7757.84,7.96,27,6941.95,late,2026-02-07T06:45:39,2028-05-07T06:45:39
752,634,personal,21168.72,10.68,53,19993.5,active,2026-02-13T09:46:13,2030-07-13T09:46:13
753,3486,auto,34533.54,8.06,28,34449.63,late,2026-05-13T23:25:39,2028-09-13T23:25:39
754,4175,mortgage,1619637.2,3.49,154,1596827.37,active,2026-03-05T21:35:10,2039-01-05T21:35:10
755,3961,auto,14175.29,5.55,66,11903.72,defaulted,2025-03-05T05:29:03,2030-09-05T05:29:03
756,3473,student,64270.73,3.64,179,64219.29,active,2026-05-11T14:46:31,2041-04-11T14:46:31
757,3435,auto,34867.57,8.3,27,5187.65,active,2023-10-22T04:28:52,2026-01-22T04:28:52
758,3921,auto,28221.92,8.25,26,13971.17,active,2025-04-09T14:09:24,2027-06-09T14:09:24
759,4819,auto,175673.86,9.78,30,94919.6,active,2025-02-26T07:38:09,2027-08-26T07:38:09
760,234,personal,124212.73,13.02,46,112228.27,late,2025-12-09T08:54:29,2029-10-09T08:54:29
761,3136,business,909812.59,5.62,77,758387.72,active,2025-04-08T02:47:42,2031-09-08T02:47:42
762,3154,auto,1673520.08,9.8,45,830369.13,defaulted,2025-04-02T07:12:03,2029-01-02T07:12:03
763,2614,personal,14071.55,9.57,37,7977.37,active,2024-11-13T17:30:37,2027-12-13T17:30:37
764,3225,personal,8829.15,6.37,24,5096.18,defaulted,2024-07-24T16:22:08,2026-07-24T16:22:08
765,3231,business,29188.38,5.16,88,18640.21,active,2023-08-17T02:21:03,2030-12-17T02:21:03
766,796,business,311384.68,13.47,57,233903.96,active,2024-10-17T04:29:37,2029-07-17T04:29:37
767,2795,personal,28052.66,16.5,45,17234.51,late,2024-07-31T08:47:52,2028-05-01T08:47:52
768,3160,personal,2016260.5,17.79,49,0,paid_off,2024-06-26T17:47:41,2028-07-26T17:47:41
769,1272,student,74871.3,6.7,207,67411.91,active,2024-02-08T01:09:20,2041-05-08T01:09:20
770,1605,auto,49885,7.84,38,49015.73,active,2026-04-25T04:31:30,2029-06-25T04:31:30
771,3376,student,77326.35,7.22,162,71982.13,active,2025-02-22T12:49:06,2038-08-22T12:49:06
772,1577,mortgage,286841.86,6.8,341,268525.49,late,2023-11-03T11:56:44,2052-04-03T11:56:44
773,1454,auto,133370.87,4.93,30,131045.87,active,2026-04-28T23:38:35,2028-10-28T23:38:35
774,1072,mortgage,310545.26,5.27,120,302974.11,active,2026-02-09T15:09:53,2036-02-09T15:09:53
775,1410,business,174827.06,11.85,99,173981.61,late,2026-04-27T01:29:57,2034-07-27T01:29:57
776,806,business,9491609.39,8.32,62,8998361.06,active,2026-01-23T09:19:33,2031-03-23T09:19:33
777,4878,auto,990355.32,6.3,65,787596.19,active,2025-03-03T15:54:44,2030-08-03T15:54:44
778,1315,personal,4048.9,14.94,36,0,paid_off,2022-10-29T02:53:18,2025-10-29T02:53:18
779,3804,business,34977.43,7.63,30,15770.31,late,2024-12-03T12:59:33,2027-06-03T12:59:33
780,1436,student,40751.33,5.5,161,40627.52,active,2026-05-01T17:19:17,2039-10-01T17:19:17
781,600,business,196256.5,8.94,43,194880.6,active,2026-05-06T08:04:14,2029-12-06T08:04:14
782,1961,business,356224.05,6.72,50,150831.19,late,2023-11-21T10:00:24,2028-01-21T10:00:24
783,185,mortgage,373165.48,2.85,248,314681.8,active,2022-09-05T20:33:57,2043-05-05T20:33:57
784,1963,personal,26815.48,15.8,40,0,paid_off,2022-09-15T20:18:32,2026-01-15T20:18:32
785,1876,student,6036271.56,3.08,219,5771256.47,active,2025-07-24T15:21:20,2043-10-24T15:21:20
786,316,credit_line,12996.07,17.08,19,0,paid_off,2023-08-23T12:34:35,2025-03-23T12:34:35
787,3672,student,29468.6,6.83,157,26311.17,active,2024-12-15T07:55:52,2038-01-15T07:55:52
788,512,mortgage,493752.89,3.48,295,492011.74,late,2026-04-08T14:23:05,2050-11-08T14:23:05
789,2449,mortgage,4250643.2,5.37,351,3951610.2,active,2023-12-24T04:27:28,2053-03-24T04:27:28
790,2113,personal,145974.38,13.69,22,114995.21,active,2025-11-13T04:27:44,2027-09-13T04:27:44
791,3481,personal,114833.12,9.8,18,51676,defaulted,2025-02-22T15:36:54,2026-08-22T15:36:54
792,1168,mortgage,158917.26,5.58,345,155718.04,active,2025-10-09T04:42:10,2054-07-09T04:42:10
793,4478,student,27252.76,3.6,169,27212.27,active,2026-05-07T04:53:41,2040-06-07T04:53:41
794,2436,auto,26923.95,9.89,44,24719.78,late,2025-12-29T05:25:43,2029-08-29T05:25:43
795,1539,mortgage,42297851.59,5.4,318,40617936.38,active,2024-12-31T16:28:53,2051-07-01T16:28:53
796,3742,auto,43282.43,9.58,34,42724.45,active,2026-05-02T02:10:22,2029-03-02T02:10:22
797,2638,credit_line,30804344.68,21.31,18,0,paid_off,2023-01-03T03:39:34,2024-07-03T03:39:34
798,4693,personal,74809.36,14.24,47,56688.56,active,2025-02-16T13:42:27,2029-01-16T13:42:27
799,2999,personal,14878.2,6.56,15,0,paid_off,2024-05-13T10:20:18,2025-08-13T10:20:18
800,1927,mortgage,511304.13,6.49,259,389352.63,defaulted,2024-02-24T14:09:22,2045-09-24T14:09:22
801,3571,personal,11255.43,16.6,59,0,paid_off,2023-05-21T14:29:40,2028-04-21T14:29:40
802,2516,personal,1936.03,17.73,46,1476.65,defaulted,2024-06-12T04:30:10,2028-04-12T04:30:10
803,1459,auto,17183.67,6.69,24,12349.93,active,2025-09-17T14:36:40,2027-09-17T14:36:40
804,1735,auto,43667.47,7.79,44,33403.4,late,2025-07-02T13:37:21,2029-03-02T13:37:21
805,3271,mortgage,187669.94,3.06,289,79098.16,defaulted,2023-04-01T03:06:36,2047-05-01T03:06:36
806,3361,personal,2221383.76,16.31,22,652288.78,active,2022-12-23T23:16:12,2024-10-23T23:16:12
807,2560,student,68141.4,7.84,68,56450.62,late,2025-01-29T16:31:07,2030-09-29T16:31:07
808,896,business,157211.72,8.28,34,136076.59,late,2025-12-27T21:52:20,2028-10-27T21:52:20
809,210,personal,69845.84,10.66,20,25359.77,late,2025-04-16T11:47:00,2026-12-16T11:47:00
810,81,mortgage,442695.55,3.19,335,435340.61,active,2025-11-12T12:40:52,2053-10-12T12:40:52
811,904,personal,86935.56,15.03,49,63498.77,defaulted,2023-08-26T23:26:22,2027-09-26T23:26:22
812,1429,personal,60144.79,13.9,56,46547.93,defaulted,2025-04-07T15:41:30,2029-12-07T15:41:30
813,2320,personal,143921.9,12.69,30,99294.75,defaulted,2024-01-16T09:58:56,2026-07-16T09:58:56
814,3702,auto,53686.85,9.21,48,45947.98,active,2025-10-16T06:34:21,2029-10-16T06:34:21
815,1661,mortgage,205234.09,6.86,299,200434.85,active,2025-08-31T01:22:57,2050-07-31T01:22:57
816,4592,credit_line,31698.48,14.46,33,29665.95,active,2026-03-12T07:39:40,2028-12-12T07:39:40
817,2027,mortgage,293876.79,6.64,158,243335.08,active,2024-01-11T19:58:54,2037-03-11T19:58:54
818,4292,mortgage,797260.49,3.22,256,550187.07,defaulted,2025-02-04T16:36:53,2046-06-04T16:36:53
819,517,mortgage,535811.11,3.18,257,261806.46,defaulted,2025-11-10T00:13:37,2047-04-10T00:13:37
820,4014,personal,373482.24,11.76,49,300393.88,late,2025-06-06T22:20:54,2029-07-06T22:20:54
821,3489,auto,16508.06,6.9,46,5180.27,active,2023-07-17T23:23:20,2027-05-17T23:23:20
822,4156,mortgage,410933.24,4.84,338,394542.68,active,2025-01-28T14:13:29,2053-03-28T14:13:29
823,1503,personal,20282.56,10.67,58,6655.56,late,2022-10-02T04:07:42,2027-08-02T04:07:42
824,3244,personal,28379.58,10.77,54,16125.32,defaulted,2023-02-26T18:11:01,2027-08-26T18:11:01
825,3462,auto,278865.27,9.88,26,72627.52,active,2023-03-18T10:12:22,2025-05-18T10:12:22
826,3948,personal,12053.4,14.46,47,10255.49,active,2025-10-08T16:37:25,2029-09-08T16:37:25
827,2628,personal,313548.95,13.92,12,0,paid_off,2024-09-04T06:25:47,2025-09-04T06:25:47
828,4847,mortgage,1307059.8,6.31,308,1262863.39,active,2025-06-23T03:12:23,2051-02-23T03:12:23
829,774,personal,19482,8.27,51,17240.29,late,2025-10-29T12:38:23,2030-01-29T12:38:23
830,4044,credit_line,53007.3,20.22,20,0,paid_off,2024-05-12T01:34:47,2026-01-12T01:34:47
831,1405,personal,26194.36,6.36,37,938.79,active,2023-05-05T14:04:56,2026-06-05T14:04:56
832,1901,personal,5009.85,14.44,46,0,paid_off,2022-03-31T16:59:53,2026-01-31T16:59:53
833,2867,mortgage,2181589.05,2.72,326,2141187.07,active,2025-09-02T01:56:40,2052-11-02T01:56:40
834,3733,auto,8498.71,4.42,47,7943.92,active,2026-01-12T07:26:27,2029-12-12T07:26:27
835,2786,personal,20609.95,7.36,20,0,paid_off,2022-09-28T07:41:08,2024-05-28T07:41:08
836,1718,auto,49492.22,7.2,64,10813.94,active,2021-10-26T22:46:32,2027-02-26T22:46:32
837,4391,student,141240.74,5.25,110,123670.37,active,2025-01-11T16:40:46,2034-03-11T16:40:46
838,1622,personal,2162.42,7.09,49,854.76,late,2023-08-12T22:45:44,2027-09-12T22:45:44
839,2858,personal,347758.63,14.18,47,153655.58,defaulted,2023-12-23T17:26:59,2027-11-23T17:26:59
840,3407,auto,14068.04,8.92,68,11871.82,active,2025-02-12T08:30:34,2030-10-12T08:30:34
841,1794,personal,22204.85,8.87,14,14996.58,defaulted,2026-01-24T08:11:19,2027-03-24T08:11:19
842,3233,mortgage,361716.5,6.41,327,325021.77,active,2023-07-27T15:37:00,2050-10-27T15:37:00
843,48,student,78284.51,4.8,230,76872.78,late,2025-12-21T23:15:01,2045-02-21T23:15:01
844,1996,student,43519.24,7.49,138,41829.44,active,2025-11-16T04:40:42,2037-05-16T04:40:42
845,1946,mortgage,16405018.06,6.59,186,14119307.66,defaulted,2025-11-26T23:59:05,2041-05-26T23:59:05
846,4287,personal,23110.99,12.61,39,21828.45,active,2026-02-26T02:22:16,2029-05-26T02:22:16
847,2238,mortgage,225503.65,3.27,305,217283.43,active,2025-02-17T16:15:52,2050-07-17T16:15:52
848,1026,mortgage,1740019.24,5,357,1696137.09,late,2025-05-12T14:40:15,2055-02-12T14:40:15
849,362,mortgage,2149185.67,6.34,327,2073654.76,active,2025-02-10T13:41:11,2052-05-10T13:41:11
850,1983,mortgage,617608.06,3.86,320,338380.37,defaulted,2022-08-19T22:09:43,2049-04-19T22:09:43
851,4425,auto,9684.35,4.79,64,6999.86,active,2024-09-27T02:34:09,2030-01-27T02:34:09
852,1775,student,2366025.6,7.45,208,1408887.4,defaulted,2026-04-19T15:11:12,2043-08-19T15:11:12
853,161,business,8834818.22,9.49,106,6903693.21,active,2024-01-25T14:00:16,2032-11-25T14:00:16
854,1229,auto,33440.94,6.7,74,23569.35,active,2024-07-18T22:24:48,2030-09-18T22:24:48
855,2923,personal,6202.9,9.38,48,3269.23,active,2024-05-19T10:30:52,2028-05-19T10:30:52
856,2444,personal,33766.67,10.9,40,19384.48,active,2024-11-14T19:11:11,2028-03-14T19:11:11
857,3984,personal,20183303.31,10.9,36,18007467.36,active,2025-12-24T16:12:00,2028-12-24T16:12:00
858,2262,business,112872.19,11.43,46,46449,active,2023-02-27T00:53:57,2026-12-27T00:53:57
859,2888,auto,42969.71,8.38,76,34752.83,defaulted,2024-10-07T18:41:39,2031-02-07T18:41:39
860,234,personal,85875.03,12.58,52,78556.5,active,2025-11-13T06:05:39,2030-03-13T06:05:39
861,2907,business,371974.56,6.54,66,264652.18,active,2024-09-30T12:30:32,2030-03-30T12:30:32
862,459,personal,2269.7,12.04,58,1916.05,late,2025-07-17T08:57:49,2030-05-17T08:57:49
863,1110,auto,52213.65,7.71,77,49066.55,late,2025-11-01T14:53:38,2032-04-01T14:53:38
864,2170,auto,445019.99,7.92,27,0,paid_off,2024-01-25T17:01:39,2026-04-25T17:01:39
865,329,personal,9923.67,15.45,49,4135.29,active,2023-07-30T14:06:41,2027-08-30T14:06:41
866,1594,auto,184571.2,8.37,55,142391.71,active,2024-12-24T11:03:07,2029-07-24T11:03:07
867,4524,mortgage,292424.98,5.3,207,267119.83,active,2024-11-02T18:33:49,2042-02-02T18:33:49
868,2205,mortgage,153640.01,2.52,263,143748.83,late,2024-09-04T00:37:44,2046-08-04T00:37:44
869,185,mortgage,206396.88,6.02,247,204674.46,active,2026-02-17T09:18:41,2046-09-17T09:18:41
870,1556,personal,28592.72,16.81,31,0,paid_off,2022-05-31T06:58:02,2024-12-31T06:58:02
871,537,auto,39315.46,4.89,57,0,paid_off,2023-08-17T15:40:00,2028-05-17T15:40:00
872,4626,business,253419.18,6.25,84,230843.9,active,2025-09-06T02:53:00,2032-09-06T02:53:00
873,3693,auto,30470.23,6.12,65,19112.96,late,2023-09-07T21:30:07,2029-02-07T21:30:07
874,1342,student,66977.44,7.62,120,53328.54,defaulted,2026-05-14T22:14:26,2036-05-14T22:14:26
875,4573,auto,867373.88,5.78,43,134033.88,active,2023-04-05T06:11:15,2026-11-05T06:11:15
876,2737,mortgage,268914.22,4.77,324,257451.35,active,2024-10-18T08:01:53,2051-10-18T08:01:53
877,1541,personal,26699.67,7.05,49,0,paid_off,2025-01-05T16:19:35,2029-02-05T16:19:35
878,2790,personal,24685.81,17.28,38,24064.41,late,2026-04-13T23:05:50,2029-06-13T23:05:50
879,47,business,199904.47,7.43,55,141587.14,active,2024-09-08T22:56:08,2029-04-08T22:56:08
880,3752,student,8297.52,5.74,103,8184.62,active,2026-03-26T22:50:30,2034-10-26T22:50:30
881,1674,personal,11900.04,13.62,43,5677.34,late,2023-12-16T12:22:20,2027-07-16T12:22:20
882,4230,auto,22864.29,5.87,27,22324.55,active,2026-04-26T04:00:28,2028-07-26T04:00:28
883,349,personal,111281.76,14.51,57,96795.24,active,2025-09-13T02:38:47,2030-06-13T02:38:47
884,1861,student,80448.42,5.96,142,76797.02,active,2025-09-12T21:58:04,2037-07-12T21:58:04
885,4923,business,8273034.82,9.13,111,7741887.57,active,2025-09-07T21:09:32,2034-12-07T21:09:32
886,2204,auto,210252.02,9.73,49,168412.86,active,2025-07-10T19:12:06,2029-08-10T19:12:06
887,2914,personal,117814.57,15.61,15,0,paid_off,2023-11-17T23:04:47,2025-02-17T23:04:47
888,3913,auto,33351.51,4.59,37,12773.91,active,2023-10-24T20:18:08,2026-11-24T20:18:08
889,2570,personal,20056.15,8.73,56,19635.56,active,2026-03-31T12:49:07,2030-12-01T12:49:07
890,4046,business,4637926.01,7.5,79,4607763.12,active,2026-04-30T10:38:00,2032-11-30T10:38:00
891,1912,personal,10398.47,11.2,26,4661.42,active,2024-10-15T03:52:52,2026-12-15T03:52:52
892,1626,mortgage,530675.68,3.41,297,488416.3,active,2023-10-20T16:33:25,2048-07-20T16:33:25
893,410,business,8799820.91,9.6,25,6640782.65,active,2025-11-02T13:18:14,2027-12-02T13:18:14
894,1833,mortgage,502546.25,6.36,242,500712.31,active,2026-04-12T11:22:21,2046-06-12T11:22:21
895,346,mortgage,6498805.73,3.64,189,6054649.67,active,2025-01-11T23:57:53,2040-10-11T23:57:53
896,3733,personal,1227.06,8.6,28,1181.49,active,2026-04-12T07:15:00,2028-08-12T07:15:00
897,146,personal,5021.67,12.78,19,0,paid_off,2025-06-20T09:51:39,2027-01-20T09:51:39
898,3600,mortgage,37760699.77,5.84,221,36824407.68,active,2025-11-01T00:59:33,2044-04-01T00:59:33
899,4781,personal,4200.01,14.32,37,4069.42,active,2026-04-10T23:27:50,2029-05-10T23:27:50
900,1858,mortgage,184527.31,6.61,136,175040.56,active,2025-07-30T04:59:12,2036-11-30T04:59:12
901,3747,student,1304400.22,3.25,154,847571.8,active,2021-09-13T18:08:08,2034-07-13T18:08:08
902,3880,auto,30447.09,8.91,35,25561.97,active,2025-11-19T20:44:09,2028-10-19T20:44:09
903,2395,auto,23637.9,6.17,34,14586.12,active,2024-11-03T00:49:48,2027-09-03T00:49:48
904,444,mortgage,6336952.6,5.46,156,2625141.71,defaulted,2025-10-12T02:32:16,2038-10-12T02:32:16
905,390,personal,2305471.01,7.46,48,1159440.18,active,2024-05-12T07:57:11,2028-05-12T07:57:11
906,1394,auto,1363543.17,7.98,29,578740.34,defaulted,2025-05-30T15:37:00,2027-10-30T15:37:00
907,316,auto,16541.86,5.66,31,6761.71,active,2024-07-20T20:27:55,2027-02-20T20:27:55
908,3225,mortgage,592003.23,5.17,354,590181.96,active,2026-04-10T11:06:02,2055-10-10T11:06:02
909,1834,auto,1065547.2,7.21,57,1035800.08,active,2026-03-27T13:48:58,2030-12-27T13:48:58
910,1389,mortgage,345639.27,5.38,211,181032.03,defaulted,2024-11-17T07:24:41,2042-06-17T07:24:41
911,1593,personal,13551.38,6.53,54,0,paid_off,2022-10-18T05:31:50,2027-04-18T05:31:50
912,2973,auto,1986981.7,5.47,33,1736178.57,active,2025-12-12T23:22:46,2028-09-12T23:22:46
913,2812,mortgage,10655882.65,4.74,153,8573207.33,active,2023-10-05T16:24:18,2036-07-05T16:24:18
914,1125,personal,37168.35,11.97,30,9597.58,active,2024-04-20T18:24:06,2026-10-20T18:24:06
915,3408,personal,20343.43,12.08,28,15608.73,active,2025-08-11T01:21:54,2027-12-11T01:21:54
916,3542,personal,21817.19,10.91,42,19352.68,late,2025-11-06T11:06:48,2029-05-06T11:06:48
917,4439,business,134592.27,5.61,75,64993.59,active,2022-11-08T14:29:06,2029-02-08T14:29:06
918,2311,mortgage,4294315.08,4.43,219,3889758.73,active,2024-02-03T18:54:33,2042-05-03T18:54:33
919,3202,personal,24105.15,17.05,23,7061.56,active,2024-09-19T07:21:32,2026-08-19T07:21:32
920,1200,credit_line,33973.37,11.48,20,18903.93,active,2025-05-21T15:57:13,2027-01-21T15:57:13
921,2234,personal,18928.76,14.71,50,18082.98,late,2026-02-12T06:17:08,2030-04-12T06:17:08
922,2954,auto,33878.76,6.66,60,28090.45,defaulted,2026-04-18T11:33:15,2031-04-18T11:33:15
923,1133,mortgage,334080.99,3,252,327560.89,active,2025-11-01T01:52:51,2046-11-01T01:52:51
924,3119,personal,26607.73,12.96,40,20463.99,defaulted,2026-02-27T06:13:21,2029-06-27T06:13:21
925,3516,auto,4238423.99,6.99,76,3477338.52,late,2024-11-09T11:58:50,2031-03-09T11:58:50
926,3102,student,9522606,4.8,100,9354428.14,active,2026-03-03T20:38:23,2034-07-03T20:38:23
927,1920,personal,7755.68,14.51,43,7568.51,active,2026-04-14T17:30:55,2029-11-14T17:30:55
928,142,mortgage,588600.5,3.18,276,466771.47,defaulted,2026-03-09T13:38:07,2049-03-09T13:38:07
929,227,personal,12192.24,11.56,52,4708.4,late,2023-08-10T04:14:14,2027-12-10T04:14:14
930,89,personal,27120.48,15.5,45,25154.51,active,2026-01-11T05:45:25,2029-10-11T05:45:25
931,2271,business,136310.97,9.23,36,0,paid_off,2024-10-29T09:00:04,2027-10-29T09:00:04
932,2446,personal,25004.26,17.84,17,0,paid_off,2021-12-01T06:32:13,2023-05-01T06:32:13
933,3680,mortgage,473488.96,6.13,321,285757.74,defaulted,2024-07-30T06:15:16,2051-04-30T06:15:16
934,2587,personal,11139.79,15.94,40,5531.52,active,2024-06-15T12:18:57,2027-10-15T12:18:57
935,3092,auto,258078.34,7.25,45,218110.38,active,2025-07-31T17:59:16,2029-05-01T17:59:16
936,3835,auto,46169.17,5.46,35,8150.11,active,2023-10-30T18:14:49,2026-09-30T18:14:49
937,104,auto,63585.04,5.93,80,43323.67,defaulted,2023-06-27T15:44:31,2030-02-27T15:44:31
938,864,auto,31956.43,4.52,65,25863.59,defaulted,2022-11-03T07:59:02,2028-04-03T07:59:02
939,4833,personal,51908.47,10.57,44,41021.68,active,2025-05-23T23:05:54,2029-01-23T23:05:54
940,929,auto,39732.87,8.72,29,27857.5,defaulted,2023-06-11T01:04:40,2025-11-11T01:04:40
941,4330,personal,28300085.7,14.27,46,25426998.86,late,2025-12-22T22:57:26,2029-10-22T22:57:26
942,3596,business,24321.84,6.79,49,14554.98,active,2024-08-10T10:04:30,2028-09-10T10:04:30
943,2532,personal,82558.69,9.69,56,64733.2,active,2025-04-09T17:50:52,2029-12-09T17:50:52
944,2896,mortgage,115103.39,5.05,185,102200.03,active,2024-03-29T13:57:17,2039-08-29T13:57:17
945,2207,personal,10326.25,11.48,35,4870.95,defaulted,2025-10-12T15:27:52,2028-09-12T15:27:52
946,3706,personal,1305.31,8.45,26,648.24,late,2025-04-10T09:39:51,2027-06-10T09:39:51
947,3608,business,12637.67,10.71,30,12168.42,active,2026-04-11T04:43:10,2028-10-11T04:43:10
948,3655,personal,2322395.86,12.39,34,0,paid_off,2025-02-28T10:42:40,2027-12-28T10:42:40
949,4322,auto,46035.45,8.95,82,33948.76,active,2024-03-22T14:33:07,2031-01-22T14:33:07
950,2312,personal,139840.19,10.72,24,121348.24,active,2026-01-23T09:51:42,2028-01-23T09:51:42
951,3387,personal,26081.46,9.63,28,12545.93,active,2025-02-20T03:01:54,2027-06-20T03:01:54
952,1386,business,306122660.59,5.72,41,225001759.85,active,2025-06-06T23:34:19,2028-11-06T23:34:19
953,3554,auto,23094.85,5.37,76,22124.75,active,2026-02-04T09:22:27,2032-06-04T09:22:27
954,3957,personal,67339.94,8.57,25,44041.97,active,2025-07-02T13:10:20,2027-08-02T13:10:20
955,2209,student,30668.95,3,193,29487.69,active,2025-09-27T14:14:05,2041-10-27T14:14:05
956,37,student,31115.01,7.24,232,30718.31,active,2026-02-08T20:32:29,2045-06-08T20:32:29
957,194,auto,29142.56,8,61,26137.96,late,2025-09-27T10:27:30,2030-10-27T10:27:30
958,1720,auto,14261.11,8.21,30,12482.09,active,2025-12-07T00:58:21,2028-06-07T00:58:21
959,1772,student,333893.11,7.26,65,320247.83,active,2026-01-30T01:05:22,2031-06-30T01:05:22
960,3628,mortgage,418981.18,4.23,334,400247.79,late,2025-01-28T18:23:33,2052-11-28T18:23:33
961,4020,student,44061712.66,3.65,206,30832088.08,defaulted,2024-07-07T03:34:52,2041-09-07T03:34:52
962,1221,mortgage,321672,3.9,203,290899.56,active,2024-02-21T13:18:41,2041-01-21T13:18:41
963,1567,personal,26991.11,8.83,18,22997.52,active,2026-02-03T14:28:22,2027-08-03T14:28:22
964,2535,student,160979.66,6.73,239,130097.49,active,2022-06-18T21:28:50,2042-05-18T21:28:50
965,2188,personal,15832.63,10.26,25,13451.91,defaulted,2026-02-08T02:49:35,2028-03-08T02:49:35
966,668,business,148291.13,7.2,94,78207.83,defaulted,2023-03-18T01:28:57,2031-01-18T01:28:57
967,4451,personal,133354.8,8.33,53,62095.1,defaulted,2026-02-18T03:21:41,2030-07-18T03:21:41
968,4631,personal,21667.19,17.81,56,21452.3,active,2026-04-26T16:26:04,2030-12-26T16:26:04
969,4421,business,407232.55,12.53,68,331674.78,active,2024-11-20T14:09:43,2030-07-20T14:09:43
970,2881,student,17423.89,6.13,122,14182.67,active,2024-05-11T01:02:30,2034-07-11T01:02:30
971,3354,personal,598602.39,12.31,31,597996.37,active,2026-05-15T17:15:35,2028-12-15T17:15:35
972,3137,business,160957.56,11.36,72,150156.82,active,2025-12-08T06:18:01,2031-12-08T06:18:01
973,3660,mortgage,75801.41,3.56,324,73278.92,active,2025-06-01T21:31:48,2052-06-01T21:31:48
974,3313,business,9511.07,6.94,75,8307.26,defaulted,2022-03-17T22:39:12,2028-06-17T22:39:12
975,4991,auto,172911.85,8.87,52,156349.07,late,2025-10-28T22:42:41,2030-02-28T22:42:41
976,3863,auto,30948.42,8.99,54,9422.78,active,2022-10-01T20:51:18,2027-04-01T20:51:18
977,1478,business,243708.89,7.95,118,243708.76,active,2026-05-16T18:46:10,2036-03-16T18:46:10
978,1513,student,185639.63,5.71,151,155928.04,active,2024-05-10T05:47:02,2036-12-10T05:47:02
979,937,personal,26770.43,12.18,44,22702.1,late,2025-09-02T04:56:38,2029-05-02T04:56:38
980,4434,mortgage,179384.54,6.32,144,168661.09,active,2025-05-24T10:29:18,2037-05-24T10:29:18
981,1568,mortgage,4401451.67,4.79,177,2863278.74,defaulted,2022-10-07T13:31:56,2037-07-07T13:31:56
982,854,mortgage,101176.64,2.58,354,98664.53,active,2025-05-06T12:06:51,2054-11-06T12:06:51
983,1879,personal,342198.88,6.32,27,56637.48,active,2024-02-03T07:10:45,2026-05-03T07:10:45
984,816,student,1301312.72,6.82,177,1232089.26,active,2025-05-31T05:33:37,2040-03-02T05:33:37
985,2713,personal,33428.59,13.82,20,18747.81,late,2025-06-19T19:31:27,2027-02-19T19:31:27
986,4035,auto,67359.06,7.49,56,54500.15,active,2025-04-06T11:34:13,2029-12-06T11:34:13
987,2746,auto,1828582.36,7.15,54,1376525.61,late,2024-11-12T06:15:35,2029-05-12T06:15:35
988,2607,auto,52255.44,8.67,79,50290.43,active,2026-01-29T10:57:08,2032-08-29T10:57:08
989,1894,mortgage,715101.23,3.89,235,696031.18,active,2025-09-24T16:23:52,2045-04-24T16:23:52
990,4816,personal,121836.35,6.74,30,0,paid_off,2021-07-29T16:58:13,2024-01-29T16:58:13
991,2634,student,124146.46,4.61,206,116641.23,active,2025-01-19T13:27:39,2042-03-19T13:27:39
992,4635,auto,53394.03,9.15,47,47713.84,late,2025-11-18T08:24:03,2029-10-18T08:24:03
993,1665,personal,5358.81,15.16,36,2469.79,late,2024-09-20T10:09:15,2027-09-20T10:09:15
994,4167,personal,85846.01,7.72,14,77834.57,active,2026-03-28T02:46:21,2027-05-28T02:46:21
995,1659,personal,11691.65,9.29,59,6314.64,active,2023-11-25T09:10:14,2028-10-25T09:10:14
996,1696,personal,136697.22,10.09,58,106468.54,active,2025-02-21T07:25:59,2029-12-21T07:25:59
997,3439,business,36446.39,7.05,66,32255.95,active,2025-08-12T08:28:54,2031-02-12T08:28:54
998,821,auto,37065.16,7.11,82,0,paid_off,2024-03-19T13:08:21,2031-01-19T13:08:21
999,940,personal,271960.85,12.66,35,184123.53,defaulted,2025-09-22T17:01:42,2028-08-22T17:01:42
1000,1661,personal,14315.91,6.6,20,12386.41,active,2026-02-09T05:34:12,2027-10-09T05:34:12
1001,3125,business,123513.72,6.44,70,84482.26,active,2023-11-12T17:41:15,2029-09-12T17:41:15
1002,1461,auto,24643.07,5.38,78,19743.16,active,2024-12-24T11:20:53,2031-06-24T11:20:53
1003,2322,personal,26553.72,8.11,16,0,paid_off,2024-11-28T06:55:21,2026-03-28T06:55:21
1004,4506,auto,40751.17,4.89,26,17632.49,active,2024-11-29T18:44:32,2027-01-29T18:44:32
1005,4359,personal,1716.28,14.29,30,1707.69,active,2026-05-11T14:16:12,2028-11-11T14:16:12
1006,1302,student,65737.59,7.73,69,0,paid_off,2024-05-04T22:56:34,2030-02-04T22:56:34
1007,4671,student,19010.04,4.3,216,18448.03,active,2025-09-26T19:06:23,2043-09-26T19:06:23
1008,3570,auto,16274.94,6.43,81,9442.8,late,2023-02-23T06:02:38,2029-11-23T06:02:38
1009,2793,auto,43239.3,6.9,44,40869.53,active,2026-02-05T17:26:40,2029-10-05T17:26:40
1010,4415,personal,11982.39,12.62,27,0,paid_off,2022-03-31T15:28:28,2024-07-01T15:28:28
1011,4430,mortgage,20921912.54,5.39,183,18591618.18,active,2024-01-19T22:35:24,2039-04-19T22:35:24
1012,4170,personal,29176.03,15.09,14,14826.56,defaulted,2026-05-10T20:08:34,2027-07-10T20:08:34
1013,2200,student,55616.35,3.72,123,41618.66,late,2023-08-07T08:59:47,2033-11-07T08:59:47
1014,2922,personal,26180.07,7.57,45,18943.33,active,2025-04-13T17:35:23,2029-01-13T17:35:23
1015,1684,mortgage,845202.2,4.82,274,805782.23,late,2025-04-14T00:11:43,2048-02-14T00:11:43
1016,3253,mortgage,367223.36,2.83,322,362725.24,active,2026-01-13T10:30:07,2052-11-13T10:30:07
1017,663,mortgage,519725.19,5.99,236,405874.32,active,2021-12-25T11:51:20,2041-08-25T11:51:20
1018,571,personal,200946.17,14.63,24,123850.71,late,2025-08-03T07:54:33,2027-08-03T07:54:33
1019,1231,mortgage,3845980.47,7,286,3656277.59,active,2024-12-27T06:52:47,2048-10-27T06:52:47
1020,4668,business,181964.26,5,93,126419.27,active,2023-07-31T04:51:37,2031-05-01T04:51:37
1021,2774,mortgage,173804.52,6.88,326,76681.32,defaulted,2025-09-03T11:32:24,2052-11-03T11:32:24
1022,2647,student,8924.26,3.99,231,8898.66,active,2026-04-19T09:44:09,2045-07-19T09:44:09
1023,3513,student,66025.81,3.94,60,54520,defaulted,2025-11-30T11:57:28,2030-11-30T11:57:28
1024,1461,auto,30744.92,4.22,37,22846.85,active,2025-06-29T03:52:06,2028-07-29T03:52:06
1025,3253,mortgage,419915.83,6.48,133,337088.69,late,2024-01-06T22:44:25,2035-02-06T22:44:25
1026,1468,personal,3473.08,17.19,56,3403.9,active,2026-03-29T09:11:14,2030-11-29T09:11:14
1027,3126,personal,164613.86,7.08,17,92906.53,defaulted,2026-02-24T02:43:42,2027-07-24T02:43:42
1028,94,mortgage,45891121.43,5.01,273,33557416.51,defaulted,2026-05-06T23:09:02,2049-02-06T23:09:02
1029,605,mortgage,444041.12,4.95,296,443709.74,active,2026-05-08T06:12:35,2051-01-08T06:12:35
1030,1889,personal,94363.12,12.41,19,70050.68,late,2025-12-02T17:46:18,2027-07-02T17:46:18
1031,504,personal,31460.22,11.46,21,13839.16,active,2025-01-17T11:41:14,2026-10-17T11:41:14
1032,1822,auto,229328.57,8.13,62,180516.95,late,2025-03-25T11:09:18,2030-05-25T11:09:18
1033,350,credit_line,2985602.43,9.89,22,0,paid_off,2024-06-14T09:43:27,2026-04-14T09:43:27
1034,1059,credit_line,1058440.65,21.59,30,1032394.11,active,2026-04-18T00:00:41,2028-10-18T00:00:41
1035,4604,business,64323.57,8.75,41,62379.38,active,2026-04-01T19:43:14,2029-09-01T19:43:14
1036,2295,auto,13545.28,8.8,36,10959.15,active,2025-08-02T11:38:44,2028-08-02T11:38:44
1037,3898,auto,37731.56,6.35,55,37399.74,active,2026-04-30T17:46:15,2030-11-30T17:46:15
1038,4815,personal,3717.72,6,24,3565.46,active,2026-04-06T23:23:20,2028-04-06T23:23:20
1039,3123,personal,6191.16,7.95,43,1671.43,active,2022-10-26T03:49:24,2026-05-26T03:49:24
1040,656,auto,1156931.01,6.36,48,1111711.16,active,2026-02-28T13:59:45,2030-02-28T13:59:45
1041,4666,auto,28661.93,9.8,69,25971.34,late,2025-10-07T10:06:21,2031-07-07T10:06:21
1042,2221,business,126615.89,7.31,49,65264.93,defaulted,2022-05-19T11:53:26,2026-06-19T11:53:26
1043,4344,personal,2296786.61,10.49,23,1190599.08,active,2025-02-27T19:22:56,2027-01-27T19:22:56
1044,1333,personal,2737.73,6.37,31,2424.62,active,2026-01-25T01:37:14,2028-08-25T01:37:14
1045,1830,personal,5671.2,8.5,23,2494.36,defaulted,2026-02-01T01:08:54,2028-01-01T01:08:54
1046,2122,auto,406550.99,5.75,34,400513.66,active,2026-04-29T10:32:55,2029-03-01T10:32:55
1047,3154,personal,214746.59,8.6,46,136701.31,active,2024-08-03T18:14:21,2028-06-03T18:14:21
1048,4598,student,92376.33,5.66,232,92060.75,active,2026-04-12T16:40:39,2045-08-12T16:40:39
1049,3223,personal,1842058.14,14.5,28,0,paid_off,2025-03-20T15:47:28,2027-07-20T15:47:28
1050,3322,mortgage,355613.87,5.47,301,352228,active,2026-02-07T13:50:21,2051-03-07T13:50:21
1051,296,personal,11678.19,13.18,14,0,paid_off,2024-07-23T00:55:28,2025-09-23T00:55:28
1052,2302,personal,181346.09,14.98,51,158746.2,late,2025-11-02T13:55:29,2030-02-02T13:55:29
1053,2983,credit_line,3888902.94,16.99,26,2412039.31,active,2025-04-19T03:27:45,2027-06-19T03:27:45
1054,4001,personal,26679.68,7.98,13,26529.27,active,2026-05-13T22:55:07,2027-06-13T22:55:07
1055,1222,personal,30054.02,13.1,13,18578.51,defaulted,2023-02-05T07:26:34,2024-03-05T07:26:34
1056,316,credit_line,49210.59,9.04,14,0,paid_off,2023-09-03T23:27:10,2024-11-03T23:27:10
1057,4722,auto,297546.81,6.12,42,80979.38,active,2023-09-08T05:46:39,2027-03-08T05:46:39
1058,1165,business,14718781.46,10.2,61,6595041.36,defaulted,2023-05-20T22:35:17,2028-06-20T22:35:17
1059,4922,personal,10254.73,17.58,24,0,paid_off,2022-11-02T19:03:17,2024-11-02T19:03:17
1060,822,personal,4167.07,8.52,44,3482.63,defaulted,2025-10-12T05:18:53,2029-06-12T05:18:53
1061,4069,personal,21311.61,15.17,49,21111.02,active,2026-05-02T17:15:40,2030-06-02T17:15:40
1062,3813,auto,37937.06,4.12,81,31199.49,active,2024-09-20T00:20:25,2031-06-20T00:20:25
1063,2131,mortgage,134063.08,2.74,248,124060.62,active,2024-06-18T23:47:51,2045-02-18T23:47:51
1064,3333,mortgage,361316.87,5.06,274,345739.37,active,2025-04-02T06:07:22,2048-02-02T06:07:22
1065,3105,personal,10847,16.81,23,10606.19,active,2026-04-25T15:16:08,2028-03-25T15:16:08
1066,3299,auto,41799.09,4.71,81,34942.28,active,2024-10-31T07:09:16,2031-07-31T07:09:16
1067,3584,personal,8189.75,6.23,52,8187.17,active,2026-05-16T04:55:16,2030-09-16T04:55:16
1068,2258,personal,10313.4,11.91,29,9101.59,active,2026-01-13T16:19:12,2028-06-13T16:19:12
1069,3673,mortgage,299378.33,6.02,276,282028.59,active,2024-09-16T03:13:15,2047-09-16T03:13:15
1070,3596,auto,7688.44,9.32,61,6415.54,active,2025-06-20T13:23:02,2030-07-20T13:23:02
1071,4078,personal,35587.89,12.76,33,28908.15,active,2025-09-01T16:23:33,2028-06-01T16:23:33
1072,2903,personal,3971121.62,7.2,39,2305346.45,defaulted,2026-01-14T01:09:44,2029-04-14T01:09:44
1073,2090,credit_line,785369.63,21.33,19,29591.07,active,2024-06-15T00:19:45,2026-01-15T00:19:45
1074,2845,auto,39472.27,9.23,67,33205.01,active,2025-05-13T11:31:49,2030-12-13T11:31:49
1075,4291,mortgage,436198.54,3.11,129,357783.65,active,2024-05-06T15:17:58,2035-02-06T15:17:58
1076,2566,auto,26692.49,6.48,41,26668.09,active,2026-05-15T13:36:45,2029-10-15T13:36:45
1077,4232,student,51834.41,6.07,229,51317.4,late,2026-02-27T20:39:11,2045-03-27T20:39:11
1078,2508,student,3143448.64,6.43,231,3126141.87,active,2026-03-30T20:08:42,2045-06-30T20:08:42
1079,1928,business,164873.56,9.69,26,126856.83,active,2025-11-04T20:11:43,2028-01-04T20:11:43
1080,3678,personal,84173.23,10.54,19,0,paid_off,2024-07-03T11:19:28,2026-02-03T11:19:28
1081,3197,auto,89570.65,5.73,54,89186.12,active,2026-05-09T05:58:59,2030-11-09T05:58:59
1082,2756,personal,3090.47,15.24,33,0,paid_off,2023-08-01T21:22:04,2026-05-01T21:22:04
1083,2868,business,50721.3,12.32,55,42132.32,active,2025-08-04T06:33:53,2030-03-04T06:33:53
1084,811,mortgage,484225.58,6.04,268,218581.77,defaulted,2026-02-28T13:14:36,2048-06-28T13:14:36
1085,2891,mortgage,30506629.6,5.81,302,29617398.14,active,2025-08-03T10:09:12,2050-10-03T10:09:12
1086,4483,personal,128713.89,15.29,36,112173.87,active,2025-12-19T18:26:03,2028-12-19T18:26:03
1087,2876,personal,4985.47,15.57,31,3715.5,late,2025-09-03T12:28:47,2028-04-03T12:28:47
1088,2087,business,206043.54,6.15,71,103490.61,active,2022-11-08T09:57:56,2028-10-08T09:57:56
1089,1605,personal,10098.8,15.63,47,8045.25,active,2025-04-25T03:20:49,2029-03-25T03:20:49
1090,4712,auto,50732.51,9.5,25,27301.59,late,2025-01-03T19:25:29,2027-02-03T19:25:29
1091,2786,personal,18776.37,7.7,53,11540.37,active,2024-03-14T07:04:26,2028-08-14T07:04:26
1092,4400,personal,1788225.02,9.43,30,1668946.77,late,2026-02-27T07:27:46,2028-08-27T07:27:46
1093,3853,personal,8328.57,10.11,36,8252.39,active,2026-05-02T23:17:55,2029-05-02T23:17:55
1094,865,auto,18668.68,6.49,74,17829.75,active,2026-01-20T23:46:24,2032-03-20T23:46:24
1095,2351,auto,238836.15,8.75,48,229425.11,active,2026-02-27T10:06:40,2030-02-27T10:06:40
1096,148,mortgage,527259.92,3.45,229,523437.95,late,2026-03-11T23:22:30,2045-04-11T23:22:30
1097,2136,personal,9011.49,8.23,56,7594.39,active,2025-05-20T23:21:37,2030-01-20T23:21:37
1098,4521,auto,54453.23,5.67,32,20402.02,active,2024-05-15T15:53:36,2027-01-15T15:53:36
1099,3380,business,2808104.48,8.14,98,2804439.52,active,2026-05-12T07:43:28,2034-07-12T07:43:28
1100,2861,personal,472088.16,16.62,15,0,paid_off,2024-07-06T19:30:10,2025-10-06T19:30:10
1101,3477,personal,13930.9,7.33,34,7539.88,active,2024-09-11T04:02:47,2027-07-11T04:02:47
1102,3358,auto,34872.58,8.55,42,32782.63,active,2026-02-23T11:48:14,2029-08-23T11:48:14
1103,4417,personal,5468.27,12.89,22,2770.05,defaulted,2023-12-25T12:56:40,2025-10-25T12:56:40
1104,801,mortgage,224237.21,2.5,341,195133.75,active,2022-04-21T00:41:53,2050-09-21T00:41:53
1105,1458,credit_line,26454.99,15.46,17,17986.53,active,2025-11-20T03:16:04,2027-04-20T03:16:04
1106,4180,business,69964.32,7.95,99,35145.55,defaulted,2024-10-22T12:47:28,2033-01-22T12:47:28
1107,4335,personal,8055.39,14.39,14,4268.69,active,2025-09-28T10:22:27,2026-11-28T10:22:27
1108,1082,auto,12076.3,8.56,75,10832.5,active,2025-08-07T18:21:46,2031-11-07T18:21:46
1109,2035,mortgage,426591.85,4.53,350,381053.57,late,2022-02-21T13:41:44,2051-04-21T13:41:44
1110,657,auto,37621.29,9.49,74,27294.37,defaulted,2026-01-23T00:50:39,2032-03-23T00:50:39
1111,1100,mortgage,410510.58,6.86,312,312920.23,defaulted,2026-04-25T03:07:36,2052-04-25T03:07:36
1112,3199,personal,25184.49,14.81,48,14283.84,active,2024-06-01T15:10:58,2028-06-01T15:10:58
1113,3685,auto,86382.1,9.99,72,81470.32,active,2026-01-01T21:21:51,2032-01-01T21:21:51
1114,5,personal,14779.1,6.65,35,10588.67,active,2025-06-12T17:30:49,2028-05-12T17:30:49
1115,2198,personal,14142.84,6.73,47,7047.68,defaulted,2025-07-25T10:15:48,2029-06-25T10:15:48
1116,4414,auto,53083.61,6.33,45,28795.32,defaulted,2025-10-26T22:46:35,2029-07-26T22:46:35
1117,3844,student,25007.81,5.26,66,15864.71,defaulted,2025-07-26T09:43:59,2031-01-26T09:43:59
1118,2888,personal,10562.82,13.13,48,10162.44,active,2026-02-28T11:50:32,2030-02-28T11:50:32
1119,4641,auto,10933.06,6.44,43,10839.27,active,2026-05-03T22:30:33,2029-12-03T22:30:33
1120,1527,mortgage,883343.6,3.98,206,712900.38,defaulted,2026-02-09T16:02:14,2043-04-09T16:02:14
1121,4957,auto,46136,8.2,56,40287.25,active,2025-08-17T14:30:35,2030-04-17T14:30:35
1122,302,personal,134481.2,11.53,48,121555.05,active,2025-12-20T08:26:18,2029-12-20T08:26:18
1123,3335,mortgage,449483.01,4.38,308,428621.24,active,2024-09-14T05:09:28,2050-05-14T05:09:28
1124,222,personal,571067.93,6.01,29,444190.13,defaulted,2025-10-13T08:52:08,2028-03-13T08:52:08
1125,4197,business,117224.67,10.31,38,106828.6,active,2025-12-23T12:51:40,2029-02-23T12:51:40
1126,2982,personal,15359.3,13.13,25,12921.84,defaulted,2026-01-13T02:50:52,2028-02-13T02:50:52
1127,4270,business,64871.68,7.55,73,47823.29,active,2024-08-17T09:18:42,2030-09-17T09:18:42
1128,4360,mortgage,3703168.07,4.88,253,3268071.18,active,2023-09-06T18:23:22,2044-10-06T18:23:22
1129,2536,auto,36231.13,4.01,34,33876.4,active,2026-03-08T00:49:02,2029-01-08T00:49:02
1130,4800,business,27694519.65,5.04,92,21762143.09,active,2024-02-02T11:51:59,2031-10-02T11:51:59
1131,4164,personal,22725.17,9.73,58,9767.88,defaulted,2025-07-05T09:11:39,2030-05-05T09:11:39
1132,1274,auto,37514.09,5.73,36,36358.4,active,2026-04-01T22:40:19,2029-04-01T22:40:19
1133,3557,personal,107953.11,13.86,12,56664.47,defaulted,2025-12-09T23:12:18,2026-12-09T23:12:18
1134,3168,auto,42086.79,7.09,41,15209.86,active,2023-11-30T20:28:27,2027-04-30T20:28:27
1135,4974,personal,16721.31,8.45,28,16310.91,active,2026-04-25T17:04:04,2028-08-25T17:04:04
1136,624,personal,8862.11,7.63,12,0,paid_off,2024-02-18T10:46:24,2025-02-18T10:46:24
1137,4159,personal,1072756.74,14.93,29,448990.17,defaulted,2025-11-28T23:53:10,2028-04-28T23:53:10
1138,1188,auto,42512844.56,8.73,41,41896852.71,active,2026-04-27T13:30:55,2029-09-27T13:30:55
1139,4496,auto,27668.16,7.32,37,26301.41,active,2026-03-21T17:57:56,2029-04-21T17:57:56
1140,2655,business,172017.53,10.97,90,131798.66,active,2024-08-11T03:02:30,2032-02-11T03:02:30
1141,2393,auto,146298.66,6.42,46,129004.85,defaulted,2024-10-20T07:14:39,2028-08-20T07:14:39
1142,1606,business,312020.86,6.5,36,0,paid_off,2025-03-28T20:40:47,2028-03-28T20:40:47
1143,3969,auto,135089.6,5.88,78,120714.21,defaulted,2026-05-04T00:06:53,2032-11-04T00:06:53
1144,270,personal,22816.23,8.75,19,16151.49,defaulted,2025-02-24T13:00:04,2026-09-24T13:00:04
1145,1750,mortgage,197169.7,3.31,141,196893.69,active,2026-05-10T17:41:33,2038-02-10T17:41:33
1146,2639,personal,80806.38,16.17,27,42075.23,defaulted,2026-05-10T04:31:44,2028-08-10T04:31:44
1147,4314,mortgage,327919.7,3.91,261,324889.79,active,2026-02-21T02:45:17,2047-11-21T02:45:17
1148,3561,personal,16798.34,16.74,24,8182.06,active,2025-02-24T06:26:06,2027-02-24T06:26:06
1149,3273,personal,20371.31,17.17,18,0,paid_off,2023-04-21T03:24:16,2024-10-21T03:24:16
1150,3891,mortgage,324625.48,4.49,310,320874.86,active,2026-01-04T10:02:10,2051-11-04T10:02:10
1151,3284,auto,45640.81,4.21,82,45406.88,active,2026-04-30T00:21:40,2033-03-02T00:21:40
1152,4687,mortgage,25759261.29,5.34,358,11974701.62,defaulted,2025-04-01T16:03:18,2055-02-01T16:03:18
1153,1142,credit_line,40412.61,15.52,20,20583.81,defaulted,2026-03-22T10:46:35,2027-11-22T10:46:35
1154,795,mortgage,187228.09,5.37,134,138017.02,active,2022-12-11T09:33:43,2034-02-11T09:33:43
1155,4605,personal,1104913.88,12.3,41,379520.63,active,2024-01-23T23:52:50,2027-06-23T23:52:50
1156,2182,auto,238134.85,9.39,30,81392.86,active,2024-05-12T00:06:49,2026-11-12T00:06:49
1157,2759,auto,171433.94,6.84,65,126896.09,late,2024-10-18T22:44:29,2030-03-18T22:44:29
1158,2348,personal,4299.72,6.56,53,3367.92,active,2025-02-22T02:38:30,2029-07-22T02:38:30
1159,1319,personal,3038.91,6.5,15,0,paid_off,2024-08-07T10:20:18,2025-11-07T10:20:18
1160,2493,auto,147730.22,6.23,81,123782.52,active,2025-02-04T16:03:07,2031-11-04T16:03:07
1161,2091,business,1606650.45,10.04,102,1279751.61,active,2024-08-21T14:58:01,2033-02-21T14:58:01
1162,2101,personal,67308.55,11.24,19,1180.6,active,2023-02-13T00:15:16,2024-09-13T00:15:16
1163,796,auto,22705.29,6.48,48,19327.84,active,2025-08-27T00:56:04,2029-08-27T00:56:04
1164,276,business,879189.07,12.57,43,764982.57,active,2025-11-25T10:07:38,2029-06-25T10:07:38
1165,4915,auto,48409.55,7.46,32,36328.65,defaulted,2026-05-14T18:39:57,2029-01-14T18:39:57
1166,1271,mortgage,75606421.73,2.75,327,75020185.51,active,2026-02-24T04:08:28,2053-05-24T04:08:28
1167,1002,mortgage,497256.33,4.48,186,404805.76,active,2022-10-21T13:07:52,2038-04-21T13:07:52
1168,3205,mortgage,860796.48,3.97,341,857340.1,active,2026-03-28T03:16:40,2054-08-28T03:16:40
1169,2914,business,1669379.8,13.91,90,1609839.28,active,2026-02-05T01:29:16,2033-08-05T01:29:16
1170,710,mortgage,306164.24,6,275,297556.32,late,2025-07-19T09:03:04,2048-06-19T09:03:04
1171,1032,mortgage,3153464.21,6.1,341,3030531.64,active,2025-03-21T06:44:47,2053-08-21T06:44:47
1172,4270,auto,40849.9,5.42,73,36172.59,active,2025-07-09T09:18:16,2031-08-09T09:18:16
1173,3814,auto,293855.69,8.47,30,266545.72,active,2026-02-03T02:57:16,2028-08-03T02:57:16
1174,4368,personal,4314.12,13.12,57,2495.59,active,2023-08-17T22:14:53,2028-05-17T22:14:53
1175,2145,auto,24603.28,9.89,26,0,paid_off,2024-03-11T18:47:24,2026-05-11T18:47:24
1176,1111,student,75795.24,6.68,123,37225.13,defaulted,2021-11-04T23:16:32,2032-02-04T23:16:32
1177,437,personal,442391.37,11.09,48,399794.13,active,2025-12-03T20:57:59,2029-12-03T20:57:59
1178,238,personal,19800.82,10.35,50,3500.34,active,2021-11-13T16:30:11,2026-01-13T16:30:11
1179,3609,personal,121533.01,10.57,48,64527,active,2024-03-17T18:58:46,2028-03-17T18:58:46
1180,4938,auto,825048.57,6.3,36,634302.23,defaulted,2023-09-22T16:24:19,2026-09-22T16:24:19
1181,629,mortgage,29950438.77,6.73,220,29184817.76,active,2025-10-08T02:29:34,2044-02-08T02:29:34
1182,4169,mortgage,8805800.61,5.65,305,8804098.93,late,2026-05-14T20:43:12,2051-10-14T20:43:12
1183,2923,mortgage,320362.51,4.99,139,240110.71,active,2023-03-31T19:13:09,2034-10-31T19:13:09
1184,490,auto,93632.05,4.79,78,70874.7,active,2024-09-13T21:38:37,2031-03-13T21:38:37
1185,3168,student,51534.17,5.54,217,48038.12,active,2024-08-16T21:02:58,2042-09-16T21:02:58
1186,3247,auto,86888.52,9.92,43,78510.75,active,2025-12-19T18:59:31,2029-07-19T18:59:31
1187,3058,auto,42849.21,7.03,50,27881.47,late,2024-06-04T08:28:12,2028-08-04T08:28:12
1188,3244,personal,8050.94,16.48,20,779.22,late,2024-05-23T00:29:12,2026-01-23T00:29:12
1189,4906,auto,48092.81,4.51,27,29239.93,active,2025-04-04T08:24:38,2027-07-04T08:24:38
1190,3409,personal,9954.32,13.79,44,6020.36,defaulted,2023-08-25T04:21:42,2027-04-25T04:21:42
1191,3299,auto,16791,7.76,43,15269.79,active,2025-12-01T20:30:53,2029-07-01T20:30:53
1192,1124,mortgage,146113.94,6.94,258,141038.76,active,2025-07-08T23:18:39,2047-01-08T23:18:39
1193,4345,auto,51363.14,9.41,78,29037.19,defaulted,2024-10-07T05:34:18,2031-04-07T05:34:18
1194,1977,auto,22023.33,7,62,21938.79,active,2026-05-08T03:47:55,2031-07-08T03:47:55
1195,2693,auto,19143.55,6.14,40,10250.11,active,2024-10-10T03:03:58,2028-02-10T03:03:58
1196,3621,auto,86288.44,6.58,82,75606.74,late,2025-03-11T11:54:32,2032-01-11T11:54:32
1197,82,personal,20150.23,7.52,40,19734.36,late,2026-04-20T03:11:55,2029-08-20T03:11:55
1198,3946,auto,497452.38,5.15,81,412263.53,defaulted,2024-03-27T19:06:33,2030-12-27T19:06:33
1199,2586,auto,52257.32,9.89,69,44038.3,late,2025-06-19T11:16:17,2031-03-19T11:16:17
1200,4724,mortgage,90232.39,3.96,339,82068.09,active,2023-01-21T20:45:11,2051-04-21T20:45:11
1201,3132,auto,29751.69,9.33,52,26681.03,defaulted,2025-10-29T18:44:35,2030-03-01T18:44:35
1202,4189,student,789527.58,3.59,86,576301.88,active,2024-03-16T10:22:25,2031-05-16T10:22:25
1203,4672,personal,24430.7,6.34,48,16856.41,active,2024-09-28T19:38:05,2028-09-28T19:38:05
1204,1520,mortgage,17977369.63,3.94,281,17137967.83,active,2025-02-19T02:42:14,2048-07-19T02:42:14
1205,861,business,195738526.4,12.39,90,179348867.97,late,2025-08-06T16:40:27,2033-02-06T16:40:27
1206,2211,auto,44370.49,4.82,57,36633.49,defaulted,2025-03-02T17:42:59,2029-12-02T17:42:59
1207,859,auto,8279.04,8.19,59,2680.03,active,2022-10-25T03:26:58,2027-09-25T03:26:58
1208,3792,personal,410176.86,9.8,43,398854.65,active,2026-03-31T05:55:56,2029-10-31T05:55:56
1209,4390,personal,22118.15,8.02,12,0,paid_off,2024-06-16T20:12:39,2025-06-16T20:12:39
1210,3591,auto,11530.19,7.36,35,4462.84,active,2024-04-04T06:39:19,2027-03-04T06:39:19
1211,4493,auto,31190.86,7.3,62,30304.08,late,2026-03-10T20:53:22,2031-05-10T20:53:22
1212,3651,auto,276449.88,9.23,32,76400.74,late,2024-04-20T06:35:51,2026-12-20T06:35:51
1213,1927,mortgage,359409.21,3.51,176,311975.64,active,2023-12-31T16:13:46,2038-08-31T16:13:46
1214,2439,personal,3374.95,15.76,18,2552.41,active,2025-12-28T20:10:28,2027-06-28T20:10:28
1215,4457,personal,10555.75,16.82,20,0,paid_off,2023-12-17T08:44:32,2025-08-17T08:44:32
1216,1341,student,2813015.63,4.48,165,2682912.68,active,2025-09-03T06:20:19,2039-06-03T06:20:19
1217,3464,business,130068.13,9.61,55,108625.78,active,2025-06-19T13:23:54,2030-01-19T13:23:54
1218,2812,auto,369861.44,5.98,79,363255.75,active,2026-03-28T11:58:32,2032-10-28T11:58:32
1219,2966,student,343764.7,5.01,167,253148.4,defaulted,2025-11-13T23:19:12,2039-10-13T23:19:12
1220,2633,student,55221.09,4.89,175,52516.91,active,2025-08-09T11:54:53,2040-03-09T11:54:53
1221,582,business,74190.03,8.5,97,64658.96,active,2025-02-03T00:22:02,2033-03-03T00:22:02
1222,1845,mortgage,38103529.66,3.96,169,37666474.97,active,2026-02-27T22:04:55,2040-03-27T22:04:55
1223,2267,auto,26277.47,8.42,47,21155.19,defaulted,2025-02-21T16:22:29,2029-01-21T16:22:29
1224,4607,auto,1338308.31,8.91,55,1190297,active,2025-09-18T06:48:13,2030-04-18T06:48:13
1225,3600,personal,2237136.87,7.14,51,2202890.06,active,2026-04-22T23:35:30,2030-07-22T23:35:30
1226,806,mortgage,6326449.21,4.29,309,6276567.51,late,2026-02-13T11:07:37,2051-11-13T11:07:37
1227,3964,auto,9627.74,8.08,34,9285.65,active,2026-03-31T03:56:19,2029-01-31T03:56:19
1228,4992,student,12543.87,6.6,105,11674.1,active,2025-09-24T11:59:36,2034-06-24T11:59:36
1229,3705,business,198626.82,8.75,114,192697.8,active,2026-01-23T00:00:03,2035-07-23T00:00:03
1230,3372,auto,594016.27,6.9,37,418878.68,active,2025-06-06T13:09:29,2028-07-06T13:09:29
1231,249,business,573577.14,10.8,111,501422.29,active,2024-10-09T21:39:04,2034-01-09T21:39:04
1232,1415,personal,1452.92,17.62,35,0,paid_off,2021-10-10T19:26:46,2024-09-10T19:26:46
1233,903,personal,27472.91,15.58,26,5511.37,late,2024-01-08T06:30:39,2026-03-08T06:30:39
1234,3078,personal,26265,14.02,13,21192.24,active,2026-02-27T03:15:31,2027-03-27T03:15:31
1235,1887,student,39955.22,3.87,61,28521.59,active,2024-11-17T20:48:19,2029-12-17T20:48:19
1236,791,personal,26511.94,10.15,30,18822.03,active,2025-05-05T03:34:03,2027-11-05T03:34:03
1237,1205,personal,37211.26,9.75,48,10695.46,active,2023-04-24T09:15:45,2027-04-24T09:15:45
1238,4592,personal,13240.75,6.61,32,9578.33,defaulted,2024-10-10T15:38:27,2027-06-10T15:38:27
1239,4397,personal,12355.11,12,49,12245.51,late,2026-04-29T18:00:27,2030-05-29T18:00:27
1240,4187,personal,110690.39,17.3,59,93429.22,active,2025-05-01T07:48:55,2030-04-01T07:48:55
1241,3656,mortgage,255310.59,5.53,359,254369.14,active,2026-04-04T02:44:05,2056-03-04T02:44:05
1242,4844,auto,50245.71,7.81,46,0,paid_off,2022-05-20T02:15:05,2026-03-20T02:15:05
1243,3636,personal,17358.77,8.2,27,14578.99,defaulted,2026-04-24T23:47:23,2028-07-24T23:47:23
1244,410,personal,1024588.57,13.26,24,924339.4,active,2026-02-23T12:16:58,2028-02-23T12:16:58
1245,2075,personal,1872450.25,17.89,28,965856.48,active,2025-03-28T09:32:26,2027-07-28T09:32:26
1246,2573,personal,4003.23,15.15,25,2976.42,active,2025-10-15T20:44:44,2027-11-15T20:44:44
1247,839,personal,15918.1,17.16,38,11517.02,active,2025-04-11T10:35:49,2028-06-11T10:35:49
1248,2707,mortgage,513271.01,6.84,223,462926.24,active,2024-06-29T13:29:28,2043-01-29T13:29:28
1249,2387,auto,11003.48,8.98,33,700.35,late,2023-03-19T19:04:41,2025-12-19T19:04:41
1250,1569,auto,36692.19,8.26,53,35384.27,active,2026-03-04T06:37:36,2030-08-04T06:37:36
1251,3778,mortgage,387714.92,5.91,223,387206.2,active,2026-05-07T05:33:36,2044-12-07T05:33:36
1252,4533,auto,216109.92,4.19,49,117245.56,defaulted,2025-08-18T05:11:25,2029-09-18T05:11:25
1253,405,auto,220051.33,7.81,26,213725.41,active,2026-04-23T05:42:42,2028-06-23T05:42:42
1254,1079,auto,41648.49,9.49,75,39538.07,active,2026-01-17T04:47:02,2032-04-17T04:47:02
1255,1308,auto,78148.23,4.57,41,50669.45,active,2024-12-15T15:53:50,2028-05-15T15:53:50
1256,4468,auto,46325.21,4.58,73,39387.44,active,2025-05-11T20:38:59,2031-06-11T20:38:59
1257,2929,personal,283510,8.88,25,251515.58,active,2026-02-08T14:18:52,2028-03-08T14:18:52
1258,4593,mortgage,126382.67,3.27,146,122123.27,late,2025-11-02T00:05:30,2038-01-02T00:05:30
1259,1681,student,53560.75,7.63,202,44535.26,defaulted,2021-11-23T15:23:06,2038-09-23T15:23:06
1260,757,personal,17271.72,17.67,49,6633.79,active,2023-11-07T21:40:18,2027-12-07T21:40:18
1261,2829,auto,48544.3,8.68,34,46188.11,active,2026-03-08T04:07:16,2029-01-08T04:07:16
1262,542,auto,40687.97,7.48,40,33527.87,active,2025-07-18T16:31:22,2028-11-18T16:31:22
1263,46,business,178573.34,8.81,93,100256.01,active,2022-08-17T01:13:21,2030-05-17T01:13:21
1264,1068,auto,62318.48,6.5,63,49413.19,active,2024-12-07T07:57:52,2030-03-07T07:57:52
1265,2916,mortgage,79098.46,2.95,134,77088.54,active,2026-01-30T13:19:45,2037-03-30T13:19:45
1266,3788,auto,61608.84,7.76,31,57054.88,active,2026-02-17T22:08:40,2028-09-17T22:08:40
1267,3016,credit_line,308093.34,20.7,33,227156.72,active,2025-08-11T18:35:57,2028-05-11T18:35:57
1268,2147,personal,94316.96,16.49,27,78697.55,active,2025-12-29T13:42:53,2028-03-29T13:42:53
1269,4385,mortgage,490412.98,5.47,183,475407.85,active,2025-10-31T23:25:53,2041-01-31T23:25:53
1270,1566,auto,765188.48,4.12,34,411007.17,active,2024-09-24T17:43:31,2027-07-24T17:43:31
1271,2491,auto,19856.55,6.19,72,15879.38,active,2025-02-06T05:33:28,2031-02-06T05:33:28
1272,1472,auto,36940.9,4.11,64,32114.93,active,2025-05-31T05:38:45,2030-10-01T05:38:45
1273,2669,auto,1901464.23,8.99,73,1833375.84,active,2026-02-24T16:40:39,2032-03-24T16:40:39
1274,2297,personal,5256.75,8.1,34,2494.5,active,2024-10-17T03:52:40,2027-08-17T03:52:40
1275,4359,auto,21483.64,8.9,26,17873.23,active,2025-12-15T11:17:19,2028-02-15T11:17:19
1276,4759,personal,39044.74,8.07,57,38432.37,active,2026-04-14T10:07:42,2031-01-14T10:07:42
1277,3766,business,41789.3,10.27,91,36045.37,defaulted,2024-07-12T09:25:10,2032-02-12T09:25:10
1278,554,mortgage,168218.67,4.75,240,164161.45,late,2025-11-13T21:10:23,2045-11-13T21:10:23
1279,2944,auto,44559.18,9.34,29,40786.99,active,2026-02-13T13:38:22,2028-07-13T13:38:22
1280,1046,auto,20618.91,4.93,29,15993.35,active,2025-08-27T19:58:33,2028-01-27T19:58:33
1281,1408,personal,17102.15,12.67,33,16422.69,active,2026-03-29T16:42:00,2028-12-29T16:42:00
1282,2614,mortgage,404560.07,3.28,196,370085.15,active,2024-11-13T23:02:10,2041-03-13T23:02:10
1283,3549,personal,11718.55,8.14,15,0,paid_off,2023-10-29T07:47:33,2025-01-29T07:47:33
1284,1244,credit_line,30282.38,16.81,35,28542.96,active,2026-02-27T20:36:57,2029-01-27T20:36:57
1285,1477,mortgage,496633.87,6.14,302,486509.4,active,2025-11-09T02:39:16,2051-01-09T02:39:16
1286,4598,business,189537.73,11.31,80,188548.71,late,2026-04-30T02:46:27,2032-12-30T02:46:27
1287,230,business,238706.68,13.47,102,237214.82,active,2026-04-19T08:45:50,2034-10-19T08:45:50
1288,2568,personal,2185771.86,15.48,25,2157412.46,active,2026-05-03T04:55:51,2028-06-03T04:55:51
1289,497,auto,943397.92,5.02,57,800764.45,active,2025-08-07T01:19:16,2030-05-07T01:19:16
1290,1519,mortgage,6946854.82,5.22,355,5911574.37,defaulted,2025-03-03T13:11:36,2054-10-03T13:11:36
1291,2760,personal,10602.76,10.33,40,9616.05,active,2025-12-30T02:49:15,2029-04-30T02:49:15
1292,1078,auto,54213.82,5.82,31,26237.41,active,2025-01-01T08:22:09,2027-08-01T08:22:09
1293,404,business,166825.46,13.36,66,155756.77,active,2025-12-29T06:16:22,2031-06-29T06:16:22
1294,1296,auto,19663.24,4.21,61,15107.62,active,2024-09-30T14:03:37,2029-10-30T14:03:37
1295,4226,personal,1743721.42,9.23,58,1733781.28,active,2026-05-06T07:44:16,2031-03-06T07:44:16
1296,28,personal,21008.74,7.33,57,17077.86,active,2025-06-25T20:50:41,2030-03-25T20:50:41
1297,4833,personal,82841.18,8.9,26,0,paid_off,2025-02-18T23:29:08,2027-04-18T23:29:08
1298,1477,personal,25314.87,9.52,37,15046.14,active,2025-01-10T08:07:39,2028-02-10T08:07:39
1299,1896,auto,29359.9,7.1,61,0,paid_off,2024-08-10T09:02:12,2029-09-10T09:02:12
1300,2299,mortgage,333203.48,2.93,186,226064.08,defaulted,2024-04-17T01:34:22,2039-10-17T01:34:22
1301,2559,personal,24977.92,13.44,31,0,paid_off,2023-08-24T11:52:17,2026-03-24T11:52:17
1302,3746,auto,23561.42,6.65,68,11079.62,defaulted,2025-07-25T19:31:09,2031-03-25T19:31:09
1303,3165,auto,46289.37,6.35,70,41446.94,active,2025-07-08T12:15:24,2031-05-08T12:15:24
1304,3121,auto,22608.14,7.27,42,0,paid_off,2024-12-17T08:29:57,2028-06-17T08:29:57
1305,1801,mortgage,48535494.69,4.78,137,35561445.68,defaulted,2023-05-15T01:39:16,2034-10-15T01:39:16
1306,2489,business,487924.08,5.16,54,0,paid_off,2021-09-25T03:37:42,2026-03-25T03:37:42
1307,4550,auto,240143,5.02,45,186385.14,active,2025-04-10T19:53:03,2029-01-10T19:53:03
1308,1590,mortgage,109593.95,4.42,215,86964.04,defaulted,2023-03-27T02:07:00,2041-02-27T02:07:00
1309,1602,student,62510.01,5.25,124,56661.24,active,2025-02-08T19:10:56,2035-06-08T19:10:56
1310,358,mortgage,16154383.37,5.53,206,16092062.57,active,2026-04-16T06:52:00,2043-06-16T06:52:00
1311,2851,personal,11719.47,17.38,51,10133.98,active,2025-08-12T23:30:04,2029-11-12T23:30:04
1312,699,student,49571.06,5.79,135,44533.46,active,2025-03-08T05:41:32,2036-06-08T05:41:32
1313,470,personal,12236.68,13.47,49,9446.41,active,2025-06-06T03:58:40,2029-07-06T03:58:40
1314,3242,personal,10705.16,12.07,33,10494.39,active,2026-04-18T13:18:26,2029-01-18T13:18:26
1315,4038,auto,20285.64,8.53,69,15372.56,late,2024-07-11T21:50:55,2030-04-11T21:50:55
1316,2157,personal,346461.86,6.71,43,0,paid_off,2022-10-21T00:30:24,2026-05-21T00:30:24
1317,1590,personal,28579.05,16.25,43,0,paid_off,2022-08-05T19:25:07,2026-03-05T19:25:07
1318,2100,personal,4004817.99,12.85,14,15756.63,active,2024-04-19T04:47:06,2025-06-19T04:47:06
1319,1135,mortgage,15407808.68,5.16,183,8879265.13,defaulted,2026-05-05T15:36:44,2041-08-05T15:36:44
1320,3432,business,226604.15,11.82,52,0,paid_off,2023-03-11T18:18:57,2027-07-11T18:18:57
1321,527,personal,22895.73,12.99,12,4653.31,active,2025-06-23T23:55:14,2026-06-23T23:55:14
1322,3432,auto,26035.5,6.49,83,15191.67,active,2022-10-02T09:02:11,2029-09-02T09:02:11
1323,4851,business,204170.98,5.74,29,50845.14,active,2024-06-27T09:36:26,2026-11-27T09:36:26
1324,3863,personal,18867.95,10.09,38,7527.03,active,2024-01-27T10:09:12,2027-03-27T10:09:12
1325,4142,auto,54167.84,4.54,78,51996.52,active,2026-01-16T08:53:15,2032-07-16T08:53:15
1326,4952,mortgage,99159.04,3.52,348,65629.63,defaulted,2024-06-11T07:53:19,2053-06-11T07:53:19
1327,2000,student,808996.46,3.87,105,730446.42,late,2025-04-08T00:15:15,2034-01-08T00:15:15
1328,2143,personal,11549.76,17.14,12,0,paid_off,2024-11-10T00:05:32,2025-11-10T00:05:32
1329,4533,business,348093.25,9.75,38,194210.5,active,2024-06-16T20:36:21,2027-08-16T20:36:21
1330,3049,student,54242.52,7.92,84,26051.61,defaulted,2025-01-07T06:32:35,2032-01-07T06:32:35
1331,1073,auto,25867.11,6.29,38,18994.4,active,2025-07-04T07:46:09,2028-09-04T07:46:09
1332,3646,personal,3901.48,11.81,24,0,paid_off,2024-04-30T16:24:33,2026-04-30T16:24:33
1333,4337,mortgage,181435.95,3.71,139,82756.81,defaulted,2026-03-08T05:43:53,2037-10-08T05:43:53
1334,817,mortgage,14369899,3.15,300,13171500.02,active,2024-04-05T00:33:41,2049-04-05T00:33:41
1335,4651,auto,20995.06,6.49,79,17602.62,active,2024-12-14T12:48:53,2031-07-14T12:48:53
1336,913,mortgage,202032.32,6.77,159,184949.07,active,2025-02-21T22:59:37,2038-05-21T22:59:37
1337,4152,personal,27110.42,17.13,37,14130.06,late,2024-11-20T20:27:28,2027-12-20T20:27:28
1338,1813,mortgage,5479769.18,3.11,238,5472572.7,active,2026-05-06T13:20:51,2046-03-06T13:20:51
1339,3038,auto,269247.25,7.82,50,164377.66,active,2024-07-16T21:57:29,2028-09-16T21:57:29
1340,1857,auto,19229.59,5.76,44,18157.67,late,2026-02-27T06:30:07,2029-10-27T06:30:07
1341,4105,personal,2961.67,11.42,42,2955.9,active,2026-05-14T04:48:00,2029-11-14T04:48:00
1342,1425,mortgage,132884.11,2.97,353,122394.89,active,2024-01-12T09:37:04,2053-06-12T09:37:04
1343,3259,auto,1910409.22,4.32,79,1696903.26,active,2025-05-21T10:57:28,2031-12-21T10:57:28
1344,4658,auto,45124.77,8.75,44,31666.8,active,2025-03-08T05:55:42,2028-11-08T05:55:42
1345,4663,business,239281.33,6.85,78,208128.8,active,2025-05-02T00:16:57,2031-11-02T00:16:57
1346,321,auto,27061.26,6.47,65,25851.32,active,2026-02-08T01:26:01,2031-07-08T01:26:01
1347,3143,student,60986.41,3.49,230,57281.68,active,2024-09-23T17:27:54,2043-11-23T17:27:54
1348,1362,auto,10391.79,7.93,80,10110.38,active,2026-03-06T12:50:57,2032-11-06T12:50:57
1349,982,mortgage,169682.69,4.57,238,163527.08,active,2025-06-15T22:15:17,2045-04-15T22:15:17
1350,1478,personal,83746.81,16.81,52,83745.55,active,2026-05-16T18:10:43,2030-09-16T18:10:43
1351,3882,student,40687.42,4.07,166,40541.59,active,2026-04-24T21:25:08,2040-02-24T21:25:08
1352,2379,mortgage,236356.97,4.38,148,222277.6,active,2025-06-28T18:09:43,2037-10-28T18:09:43
1353,3117,auto,312757.03,8.87,30,246322.36,active,2025-08-29T23:30:46,2028-02-29T23:30:46
1354,4465,personal,16865.84,15.1,33,9553.15,active,2024-10-08T06:05:28,2027-07-08T06:05:28
1355,1743,student,68657.71,7.28,179,68337.88,late,2026-04-18T16:08:09,2041-03-18T16:08:09
1356,4480,personal,19027.09,7.51,47,15783.52,late,2025-07-22T05:09:38,2029-06-22T05:09:38
1357,989,auto,10840.65,7.15,34,8023.37,active,2025-06-03T04:30:51,2028-04-03T04:30:51
1358,2034,personal,25724.71,9.45,30,0,paid_off,2022-06-25T00:16:41,2024-12-25T00:16:41
1359,3761,personal,2406.57,12.3,59,0,paid_off,2023-07-17T03:48:12,2028-06-17T03:48:12
1360,2273,mortgage,159296.03,4.27,270,156999.56,active,2026-01-05T09:31:38,2048-07-05T09:31:38
1361,1996,student,177714.74,3.89,167,165702.36,active,2025-04-29T22:12:22,2039-03-29T22:12:22
1362,4753,mortgage,127832.59,5.03,206,126935.69,active,2026-03-16T23:01:03,2043-05-16T23:01:03
1363,2938,personal,86795.49,11.4,47,0,paid_off,2022-11-03T05:20:49,2026-10-03T05:20:49
1364,1186,student,61328.47,6.69,182,59059.66,active,2025-09-10T09:29:14,2040-11-10T09:29:14
1365,431,auto,3209201.2,7.91,52,3208922.04,active,2026-05-16T14:54:33,2030-09-16T14:54:33
1366,1934,mortgage,357158.81,5.46,143,348084.73,active,2026-01-11T20:52:29,2037-12-11T20:52:29
1367,3181,auto,6802.3,6.91,72,4109.85,active,2023-08-23T03:07:26,2029-08-23T03:07:26
1368,891,personal,23234.27,15.07,49,2783.38,active,2022-08-23T21:00:13,2026-09-23T21:00:13
1369,55,mortgage,6069501.97,6.31,313,5691702.86,active,2024-05-11T08:13:43,2050-06-11T08:13:43
1370,4319,auto,114871.29,5.53,64,79614.92,defaulted,2024-10-04T11:53:19,2030-02-04T11:53:19
1371,2898,personal,8735.96,14.07,31,5585.16,defaulted,2024-11-03T11:19:11,2027-06-03T11:19:11
1372,1872,business,39579.93,10.76,73,35671.57,active,2025-10-03T02:18:44,2031-11-03T02:18:44
1373,166,auto,26467.51,6.53,37,19819.96,defaulted,2025-06-13T11:05:23,2028-07-13T11:05:23
1374,1886,business,161907.69,5.7,111,123597.67,active,2023-10-24T12:34:34,2033-01-24T12:34:34
1375,1378,mortgage,287619.69,5.75,333,260759.34,active,2023-08-13T20:16:20,2051-05-13T20:16:20
1376,1654,student,7877.23,5.15,182,7769.81,active,2026-02-27T18:56:51,2041-04-27T18:56:51
1377,979,personal,17546.83,17.81,35,12639.35,active,2025-06-26T02:24:16,2028-05-26T02:24:16
1378,35,student,65384.73,5.98,236,56943.34,active,2023-07-25T16:54:13,2043-03-25T16:54:13
1379,574,auto,45554.12,4.13,53,18317.21,defaulted,2025-07-25T23:29:33,2029-12-25T23:29:33
1380,1410,mortgage,123266,5.77,167,123085,late,2026-05-08T08:27:42,2040-04-08T08:27:42
1381,3247,auto,14929.02,8.85,43,8318.54,active,2024-07-06T14:50:56,2028-02-06T14:50:56
1382,3488,personal,1479822.66,15.29,40,1439635.6,late,2026-04-11T05:49:06,2029-08-11T05:49:06
1383,1231,mortgage,3906314.24,3.08,264,3724650.51,late,2024-12-12T12:25:47,2046-12-12T12:25:47
1384,4210,auto,4137711.04,4.11,44,3862857.18,late,2026-02-08T21:29:53,2029-10-08T21:29:53
1385,1520,personal,233735.62,13.09,39,0,paid_off,2021-12-31T10:57:18,2025-03-31T10:57:18
1386,4332,mortgage,463410.77,4.63,281,416220.36,defaulted,2026-01-01T04:07:39,2049-06-01T04:07:39
1387,4206,personal,11721.03,6.76,31,5530.85,defaulted,2026-05-15T17:21:51,2028-12-15T17:21:51
1388,4345,personal,9651.22,14.36,44,0,paid_off,2024-12-07T10:43:57,2028-08-07T10:43:57
1389,4774,personal,21437.19,7.57,41,0,paid_off,2025-04-18T18:01:47,2028-09-18T18:01:47
1390,4289,mortgage,799166.29,3.95,208,542043.7,defaulted,2022-04-03T05:53:24,2039-08-03T05:53:24
1391,971,personal,11083.44,10.19,43,9777.88,active,2025-11-27T21:41:33,2029-06-27T21:41:33
1392,4876,personal,2125147.8,15.73,54,0,paid_off,2023-05-14T15:32:17,2027-11-14T15:32:17
1393,1799,personal,119022.07,7.73,14,0,paid_off,2023-02-18T23:54:25,2024-04-18T23:54:25
1394,3750,personal,730082.79,7.2,53,722438.31,active,2026-04-24T01:28:11,2030-09-24T01:28:11
1395,2585,business,107733.24,13.79,100,102249.79,active,2025-10-25T11:37:05,2034-02-25T11:37:05
1396,1183,auto,286815.73,4.52,49,274218.4,late,2026-02-13T19:57:47,2030-03-13T19:57:47
1397,2080,credit_line,7047569.27,8.93,21,2884895.1,active,2024-12-22T12:00:04,2026-09-22T12:00:04
1398,4069,personal,4760.19,7.25,31,2400.83,active,2025-01-31T07:29:12,2027-08-31T07:29:12
1399,347,personal,11686.02,14.09,37,9522.12,active,2025-10-17T04:19:35,2028-11-17T04:19:35
1400,461,business,316126.24,8.85,78,284641.27,active,2025-08-18T12:16:24,2032-02-18T12:16:24
1401,2423,auto,288434.9,7.86,55,251988.44,active,2025-09-12T06:39:36,2030-04-12T06:39:36
1402,31,auto,42145.35,4.48,61,21410.53,active,2023-04-06T22:14:41,2028-05-06T22:14:41
1403,125,personal,16539.6,9.44,29,4563.47,active,2024-06-01T04:34:14,2026-11-01T04:34:14
1404,1933,personal,6651.49,6.02,18,6506.39,active,2026-05-04T12:46:42,2027-11-04T12:46:42
1405,2609,personal,29158.64,13.94,46,17961.87,active,2024-05-10T23:15:12,2028-03-10T23:15:12
1406,1423,mortgage,2004799.2,6.47,233,1964335.89,active,2025-11-22T06:45:17,2045-04-22T06:45:17
1407,4807,business,110471.5,10.11,77,59761.07,defaulted,2025-04-17T00:40:58,2031-09-17T00:40:58
1408,3538,auto,138757.08,7.44,65,136726.46,active,2026-04-08T09:27:13,2031-09-08T09:27:13
1409,2556,personal,3405732.2,8.72,58,2097678.77,defaulted,2025-05-28T04:56:24,2030-03-28T04:56:24
1410,1980,mortgage,152001.93,3.97,305,139312.82,active,2024-02-24T02:30:22,2049-07-24T02:30:22
1411,2720,business,37409.24,9.77,88,35431.36,active,2025-11-14T21:16:29,2033-03-14T21:16:29
1412,855,auto,1995377.34,6.53,63,1786807.69,late,2025-10-07T23:50:14,2031-01-07T23:50:14
1413,3701,personal,1878378.1,9.73,48,1486851.2,active,2025-06-26T11:24:10,2029-06-26T11:24:10
1414,538,mortgage,439996.85,4.09,260,422513.06,active,2025-03-21T09:26:03,2046-11-21T09:26:03
1415,3089,personal,223052.27,12.27,49,106244.25,active,2023-09-14T19:19:41,2027-10-14T19:19:41
1416,3834,auto,116654.92,5.58,29,69446.59,defaulted,2026-05-14T22:08:29,2028-10-14T22:08:29
1417,2432,personal,3904.87,14.78,24,3879.01,active,2026-05-10T20:27:16,2028-05-10T20:27:16
1418,2951,mortgage,41536204.29,3.03,136,36827247.47,active,2024-12-20T03:47:34,2036-04-20T03:47:34
1419,1871,personal,24763.96,8.7,34,23300.24,active,2026-03-02T12:15:04,2029-01-02T12:15:04
1420,2082,auto,270108.93,5.98,24,184307.23,active,2025-09-20T12:25:58,2027-09-20T12:25:58
1421,4790,business,133238.89,7.58,109,54034.8,defaulted,2025-04-14T19:48:05,2034-05-14T19:48:05
1422,3105,credit_line,25769.51,14.51,18,11455.35,active,2025-04-19T05:32:25,2026-10-19T05:32:25
1423,621,auto,43966.66,7.55,45,2761.43,late,2022-04-22T01:49:15,2026-01-22T01:49:15
1424,740,business,163761.67,11.49,73,143496.4,active,2025-07-20T06:04:36,2031-08-20T06:04:36
1425,4340,personal,1353.1,9.51,48,1092.22,late,2025-06-15T01:06:07,2029-06-15T01:06:07
1426,3790,business,2389582.63,9.09,68,2386476.53,active,2026-05-13T23:19:41,2032-01-13T23:19:41
1427,2267,mortgage,247056.2,5.84,315,232023.59,active,2024-09-25T14:49:45,2050-12-25T14:49:45
1428,4130,student,60862.1,6.55,141,57118.27,active,2025-08-24T09:25:53,2037-05-24T09:25:53
1429,2107,personal,10205.62,14.67,45,9669.43,active,2026-02-19T19:32:19,2029-11-19T19:32:19
1430,1881,mortgage,17401999.6,5.18,351,17401876.93,active,2026-05-16T16:56:19,2055-08-16T16:56:19
1431,2027,mortgage,743683.23,4.78,262,699709.06,active,2024-08-19T14:26:57,2046-06-19T14:26:57
1432,4128,auto,20075.89,9.9,50,14788.23,late,2024-11-08T05:34:08,2029-01-08T05:34:08
1433,1554,auto,98636.57,9.13,49,82257.49,active,2025-05-31T02:56:18,2029-07-01T02:56:18
1434,43,personal,4886.34,14.03,47,1911.58,late,2023-09-13T18:05:28,2027-08-13T18:05:28
1435,3346,personal,9151.21,6.15,55,0,paid_off,2021-09-07T08:49:06,2026-04-07T08:49:06
1436,726,personal,38292.73,8.36,41,35953.9,active,2026-02-28T13:00:19,2029-07-28T13:00:19
1437,4934,personal,41679.79,11.68,33,35708.07,active,2025-10-23T04:36:53,2028-07-23T04:36:53
1438,4129,business,129714.95,6.74,92,120326.31,active,2025-10-01T12:16:47,2033-06-01T12:16:47
1439,1367,student,59004.58,7.92,188,58064.62,active,2026-01-31T06:18:34,2041-10-01T06:18:34
1440,4966,mortgage,2544440.46,2.58,307,2534578.48,active,2026-04-07T15:39:54,2051-11-07T15:39:54
1441,382,business,194449.63,12.41,74,135721.22,active,2024-03-10T11:03:10,2030-05-10T11:03:10
1442,4015,student,67810.7,7.78,156,60318.34,active,2024-06-23T18:44:01,2037-06-23T18:44:01
1443,3483,personal,34365.17,10.08,51,28279.39,defaulted,2025-04-30T19:20:54,2029-07-30T19:20:54
1444,4955,student,57485.44,5.28,132,51531.32,active,2024-11-19T05:36:21,2035-11-19T05:36:21
1445,4261,personal,1289520.27,11.43,14,0,paid_off,2023-12-05T01:25:23,2025-02-05T01:25:23
1446,3908,mortgage,5357189.09,5.71,342,5239630.36,active,2025-09-06T21:41:36,2054-03-06T21:41:36
1447,4446,mortgage,441437.75,3.09,123,439134.94,active,2026-04-23T23:16:56,2036-07-23T23:16:56
1448,1948,personal,14399.34,15.47,35,14059.02,active,2026-04-17T11:55:14,2029-03-17T11:55:14
1449,4320,student,51637.66,5.97,109,32171.55,defaulted,2024-10-04T06:10:01,2033-11-04T06:10:01
1450,1578,mortgage,149559.08,3.97,192,123122.01,active,2023-06-06T07:47:22,2039-06-06T07:47:22
1451,2882,auto,11282.13,8.44,35,10547.15,late,2026-02-18T02:31:28,2029-01-18T02:31:28
1452,2617,mortgage,752429.1,2.99,314,713787.99,active,2024-08-14T05:22:17,2050-10-14T05:22:17
1453,3622,personal,24049.49,12.69,51,20625.11,active,2025-07-27T11:44:13,2029-10-27T11:44:13
1454,535,auto,4274763,8.26,67,3433300.97,active,2025-01-10T22:41:00,2030-08-10T22:41:00
1455,1801,business,6519192.98,10.84,80,4026319.53,defaulted,2023-12-11T12:00:19,2030-08-11T12:00:19
1456,909,credit_line,29177.24,14.03,19,8858.21,active,2025-02-17T11:48:07,2026-09-17T11:48:07
1457,2939,personal,5290,9.3,17,610.29,late,2023-06-24T11:29:11,2024-11-24T11:29:11
1458,3795,personal,27184.01,15.91,57,15091.84,defaulted,2025-12-29T05:59:55,2030-09-29T05:59:55
1459,1889,credit_line,76178.41,21.26,14,15524.58,active,2024-11-28T02:50:06,2026-01-28T02:50:06
1460,3296,mortgage,522508.49,5.81,188,483275.37,active,2024-11-14T15:01:30,2040-07-14T15:01:30
1461,1220,business,65897.05,8.42,57,58470.41,defaulted,2026-05-04T11:22:05,2031-02-04T11:22:05
1462,4282,personal,167629.71,14.24,51,164122.01,active,2026-04-09T02:27:52,2030-07-09T02:27:52
1463,3639,auto,614682.19,5.4,58,606788.12,active,2026-04-23T04:51:00,2031-02-23T04:51:00
1464,2289,mortgage,406010.54,5.97,313,401304.56,active,2025-12-10T04:50:34,2052-01-10T04:50:34
1465,2366,mortgage,1093131.87,4.58,322,1089343.99,late,2026-04-04T01:21:34,2053-02-04T01:21:34
1466,1406,auto,123096.65,4.26,63,115536.55,active,2026-01-09T00:22:38,2031-04-09T00:22:38
1467,4103,auto,1297020.23,7.09,36,519699.54,active,2024-04-04T08:53:22,2027-04-04T08:53:22
1468,3660,business,11156.31,10.31,89,9448,defaulted,2025-04-22T06:17:47,2032-09-22T06:17:47
1469,4011,mortgage,498014.52,6.06,218,492625.28,active,2026-02-06T20:00:21,2044-04-06T20:00:21
1470,2587,mortgage,314488.49,2.92,345,300938.39,active,2024-08-17T10:32:06,2053-05-17T10:32:06
1471,3202,personal,22838.14,15.59,43,10883.18,active,2024-01-01T08:51:23,2027-08-01T08:51:23
1472,2786,personal,23575.43,13.52,25,12114.53,late,2025-03-08T15:17:09,2027-04-08T15:17:09
1473,3748,auto,7284640.68,7.34,38,5700131.49,active,2025-06-08T09:27:49,2028-08-08T09:27:49
1474,2423,auto,122014.64,4.34,62,94940.82,active,2024-10-19T23:44:24,2029-12-19T23:44:24
1475,3351,mortgage,16680439.39,2.82,169,12412049.52,active,2022-04-30T10:53:00,2036-05-30T10:53:00
1476,555,mortgage,366943.88,4.11,296,337227.2,active,2024-03-28T11:09:47,2048-11-28T11:09:47
1477,1912,auto,20158.19,9.96,29,14752.34,active,2025-08-25T08:07:19,2028-01-25T08:07:19
1478,2572,personal,13734.26,15.6,40,7581.39,late,2024-07-30T13:20:01,2027-11-30T13:20:01
1479,3362,personal,14423.79,8.36,34,12941.49,active,2026-01-09T01:16:36,2028-11-09T01:16:36
1480,3269,personal,5541.81,9.75,43,5226.9,active,2026-03-01T17:52:43,2029-10-01T17:52:43
1481,45,mortgage,1712304.65,5.09,208,1377211.01,active,2022-05-23T19:34:48,2039-09-23T19:34:48
1482,1106,personal,1307458.05,7.32,48,1202143.63,late,2026-01-08T00:44:08,2030-01-08T00:44:08
1483,3139,personal,1403.13,10.51,14,0,paid_off,2025-11-05T15:41:27,2027-01-05T15:41:27
1484,4191,personal,2519.88,6.94,57,1303.6,active,2023-04-23T07:24:49,2028-01-23T07:24:49
1485,3573,credit_line,17339.18,13.83,15,14547.85,active,2026-02-27T18:50:45,2027-05-27T18:50:45
1486,391,mortgage,5268558.26,6.86,318,5252994.31,active,2026-04-09T22:49:34,2052-10-09T22:49:34
1487,1815,mortgage,3664210.18,3.69,179,2944398.92,active,2023-01-27T06:41:25,2037-12-27T06:41:25
1488,3102,mortgage,35312802.73,3.14,274,34746005.87,active,2025-12-01T15:15:01,2048-10-01T15:15:01
1489,4315,auto,14612.45,7.64,83,9540.88,late,2023-09-24T15:13:30,2030-08-24T15:13:30
1490,3135,business,104936.63,5.56,60,96047.66,active,2025-12-10T20:40:16,2030-12-10T20:40:16
1491,2292,mortgage,11804207.93,6.45,141,11469010.77,active,2026-01-05T23:54:37,2037-10-05T23:54:37
1492,548,auto,1720457.01,8.9,51,1483065.21,active,2025-08-01T09:50:59,2029-11-01T09:50:59
1493,4278,personal,16731.04,17.62,24,12916.87,active,2025-11-13T18:31:37,2027-11-13T18:31:37
1494,607,mortgage,848297.66,5.98,141,812361.43,active,2025-11-07T03:52:42,2037-08-07T03:52:42
1495,174,personal,445709.31,12.36,59,440692.57,active,2026-04-19T10:06:47,2031-03-19T10:06:47
1496,3418,auto,7318.92,4.99,68,4857.68,late,2024-05-19T23:25:11,2030-01-19T23:25:11
1497,3690,personal,89855.98,9.23,30,83254.18,late,2026-03-04T23:09:06,2028-09-04T23:09:06
1498,3094,business,65589.2,7.95,93,60739.44,active,2025-10-17T21:33:29,2033-07-17T21:33:29
1499,303,personal,6639.65,16.5,16,0,paid_off,2023-02-02T21:40:09,2024-06-02T21:40:09
1500,1537,personal,25659.78,14.09,19,20999.36,active,2025-12-28T12:00:46,2027-07-28T12:00:46
1501,1840,mortgage,309116.82,4.04,218,283119.45,late,2024-06-19T07:39:07,2042-08-19T07:39:07
1502,2543,student,91489.93,7.87,225,89636.1,active,2025-11-08T04:20:25,2044-08-08T04:20:25
1503,2474,business,1725990.54,11.8,56,1565480.15,active,2025-10-24T22:52:01,2030-06-24T22:52:01
1504,2899,business,15815.68,7.76,59,11024.34,late,2024-07-24T09:58:06,2029-06-24T09:58:06
1505,1254,personal,32351.75,11.71,23,13751.09,defaulted,2025-01-08T00:52:49,2026-12-08T00:52:49
1506,1977,auto,43027.1,8.61,72,32357.66,active,2024-10-18T08:23:24,2030-10-18T08:23:24
1507,2032,personal,23109.16,14.33,39,0,paid_off,2024-07-30T17:20:20,2027-10-30T17:20:20
1508,3111,personal,2142.19,16.92,40,1741.19,defaulted,2025-11-30T09:48:43,2029-03-30T09:48:43
1509,3190,auto,3541660.81,5.13,45,3529758.47,active,2026-05-11T01:50:45,2030-02-11T01:50:45
1510,2078,auto,4723289.98,4.62,54,4088510.53,active,2025-09-29T17:42:58,2030-03-29T17:42:58
1511,4201,personal,51226.24,14.74,28,24581.27,defaulted,2025-07-31T09:22:42,2027-12-01T09:22:42
1512,2873,mortgage,4535473.99,4.93,326,3843537.37,defaulted,2026-01-31T03:42:22,2053-03-31T03:42:22
1513,1663,personal,5550.21,8.73,56,3617.48,defaulted,2022-11-27T07:36:54,2027-07-27T07:36:54
1514,1697,personal,95936.93,9.68,24,79667.51,active,2025-12-11T18:14:03,2027-12-11T18:14:03
1515,3499,mortgage,434031.96,4.53,209,430202.48,active,2026-03-02T20:30:55,2043-08-02T20:30:55
1516,3065,personal,497085.42,14.75,15,445555.42,active,2026-03-23T04:11:51,2027-06-23T04:11:51
1517,343,personal,113392.54,9.29,51,72369.93,active,2024-03-09T22:50:44,2028-06-09T22:50:44
1518,383,personal,24131.22,10.41,21,22970.95,active,2026-04-11T18:04:15,2028-01-11T18:04:15
1519,66,personal,1302085.16,16.08,46,1048503.51,active,2025-06-16T11:40:13,2029-04-16T11:40:13
1520,1219,auto,40926.78,9.02,59,27092.39,active,2024-01-22T04:55:50,2028-12-22T04:55:50
1521,4478,mortgage,158345.45,2.82,178,142103.19,active,2024-08-16T18:37:25,2039-06-16T18:37:25
1522,2618,mortgage,333747.21,6.32,296,328364.69,active,2025-11-04T00:25:35,2050-07-04T00:25:35
1523,1427,auto,39068.46,8.93,45,32979.16,active,2025-09-23T21:12:41,2029-06-23T21:12:41
1524,2850,personal,671838.83,7.68,50,496675.76,active,2025-02-05T21:44:44,2029-04-05T21:44:44
1525,3716,mortgage,78242977.79,3.49,232,37932230.25,defaulted,2024-03-11T11:26:10,2043-07-11T11:26:10
1526,990,business,31313200.07,10.49,44,26324790.65,active,2025-10-08T21:53:31,2029-06-08T21:53:31
1527,1390,auto,53940.86,7.48,25,34689.89,late,2025-08-02T09:41:48,2027-09-02T09:41:48
1528,2121,credit_line,16549,17.06,26,0,paid_off,2021-08-09T17:03:50,2023-10-09T17:03:50
1529,2004,personal,18829.79,12.76,16,8042.63,late,2025-04-27T02:37:34,2026-08-27T02:37:34
1530,2051,mortgage,5625495.45,4.26,245,5362983.96,late,2025-03-31T15:22:16,2045-08-31T15:22:16
1531,1079,personal,27373.74,6.78,20,20869.69,active,2025-11-16T08:43:58,2027-07-16T08:43:58
1532,685,personal,14436.73,8.07,59,13866.34,active,2026-03-02T05:43:10,2031-02-02T05:43:10
1533,1179,personal,5902.4,17.98,36,4604.88,late,2025-06-27T10:40:57,2028-06-27T10:40:57
1534,3712,mortgage,151323.84,4.66,282,149471.6,active,2026-01-21T22:13:17,2049-07-21T22:13:17
1535,4835,mortgage,185279446.52,6.5,271,183766615.69,active,2026-03-02T03:55:34,2048-10-02T03:55:34
1536,972,personal,53191.41,10.61,36,37571.45,active,2025-05-31T00:23:03,2028-05-31T00:23:03
1537,879,personal,9250.1,16.42,30,6872.22,active,2025-08-10T13:07:35,2028-02-10T13:07:35
1538,1102,personal,3727.7,14.23,12,0,paid_off,2024-11-14T12:29:30,2025-11-14T12:29:30
1539,918,business,29142.57,12.82,77,24078.23,active,2025-04-02T14:08:32,2031-09-02T14:08:32
1540,1238,business,438725.01,9.75,57,364513.88,active,2025-07-10T07:08:52,2030-04-10T07:08:52
1541,3882,business,33404.83,5.57,96,32977.06,late,2026-04-08T23:54:06,2034-04-08T23:54:06
1542,1232,personal,9085.76,17.16,29,3769.89,active,2024-08-16T01:41:13,2027-01-16T01:41:13
1543,1867,auto,30310.91,7.7,57,26227.29,active,2025-06-30T08:26:53,2030-03-30T08:26:53
1544,861,mortgage,222040287.23,3.13,271,207718106.45,active,2024-09-08T01:10:08,2047-04-08T01:10:08
1545,118,mortgage,161822.62,5.17,342,156724.33,active,2025-04-20T12:09:45,2053-10-20T12:09:45
1546,3014,business,73592.25,5.33,93,70306.68,late,2025-12-07T23:22:27,2033-09-07T23:22:27
1547,3995,auto,988942.86,5.19,64,624996.45,defaulted,2025-01-23T16:17:03,2030-05-23T16:17:03
1548,4755,auto,17086.67,7.58,31,14731.51,active,2025-12-31T18:49:33,2028-07-31T18:49:33
1549,4308,personal,76926.32,9.66,52,76053.13,active,2026-04-23T10:11:21,2030-08-23T10:11:21
1550,3124,personal,24660.46,14.04,30,21011.61,active,2025-12-09T18:05:50,2028-06-09T18:05:50
1551,1903,mortgage,59790794.57,5.67,262,57073854.7,active,2025-05-01T00:24:36,2047-03-01T00:24:36
1552,4846,personal,4827.59,16.33,24,3093.49,defaulted,2024-03-25T02:16:19,2026-03-25T02:16:19
1553,1430,auto,21520.41,5.87,38,19499.38,active,2026-01-27T22:27:16,2029-03-27T22:27:16
1554,694,auto,34945.22,6.63,75,31240.44,active,2025-06-13T10:06:32,2031-09-13T10:06:32
1555,2223,mortgage,214852.02,6.72,357,175486.54,defaulted,2023-02-09T02:27:27,2052-11-09T02:27:27
1556,2103,personal,163179.29,8.39,39,162354.21,active,2026-05-09T19:21:55,2029-08-09T19:21:55
1557,1170,auto,14991.72,5.09,82,13002.06,active,2025-06-04T14:08:13,2032-04-04T14:08:13
1558,91,business,190066.5,10.1,101,182497.22,active,2026-01-05T21:57:46,2034-06-05T21:57:46
1559,3038,personal,267611.61,11.95,48,168640.35,active,2024-04-10T02:02:08,2028-04-10T02:02:08
1560,2796,mortgage,9748609.19,5.27,339,9156190.53,active,2024-05-01T03:44:22,2052-08-01T03:44:22
1561,4837,mortgage,315654.67,4.99,278,302230.4,active,2025-05-04T15:27:10,2048-07-04T15:27:10
1562,370,auto,790903.6,8.58,45,300123.27,active,2024-01-03T02:46:27,2027-10-03T02:46:27
1563,159,mortgage,298983.79,5.75,175,298943.19,active,2026-05-16T00:00:52,2040-12-16T00:00:52
1564,3286,personal,494289.81,17.38,23,377733.65,defaulted,2025-04-19T09:11:10,2027-03-19T09:11:10
1565,1778,personal,1380.19,9.5,50,1101.6,active,2025-04-22T00:06:26,2029-06-22T00:06:26
1566,1718,auto,40538.05,7.81,68,28258,defaulted,2026-02-15T16:09:02,2031-10-15T16:09:02
1567,2319,student,53741.8,3.27,182,50992.35,active,2025-05-19T09:01:22,2040-07-19T09:01:22
1568,1777,personal,12349.6,6.72,13,0,paid_off,2023-12-18T04:26:18,2025-01-18T04:26:18
1569,2017,personal,338004.14,8.06,49,120508.53,active,2023-04-18T15:31:55,2027-05-18T15:31:55
1570,4939,credit_line,71500.64,18.83,33,39157.64,active,2024-09-29T13:01:50,2027-06-29T13:01:50
1571,841,auto,7481553.35,6.37,58,6828114.25,active,2025-11-15T17:15:12,2030-09-15T17:15:12
1572,4913,business,206471.74,13.58,61,186536.77,active,2025-10-30T18:08:51,2030-11-30T18:08:51
1573,767,personal,241373.41,11.85,48,136576.56,active,2024-08-12T16:23:49,2028-08-12T16:23:49
1574,141,auto,40764.34,7.11,30,10548.55,active,2022-09-17T17:51:46,2025-03-17T17:51:46
1575,2916,student,27070.76,7.14,182,27042.29,active,2026-05-09T21:47:57,2041-07-09T21:47:57
1576,1801,personal,629793.6,16.54,38,246653.66,active,2024-05-30T13:46:28,2027-07-30T13:46:28
1577,769,personal,522930.38,9.95,44,306228.07,active,2024-08-09T11:52:28,2028-04-09T11:52:28
1578,1255,auto,58073.72,6.9,50,18152.66,late,2023-05-18T19:28:07,2027-07-18T19:28:07
1579,51,personal,717961.66,9.95,38,0,paid_off,2022-10-09T17:45:58,2025-12-09T17:45:58
1580,1636,mortgage,365041.89,3.23,256,307256.66,active,2022-10-29T07:53:08,2044-02-29T07:53:08
1581,1034,personal,2905.49,14.87,48,1752.91,active,2024-07-17T10:32:22,2028-07-17T10:32:22
1582,4800,personal,1561874.44,7.39,25,837674.99,late,2025-05-04T06:26:55,2027-06-04T06:26:55
1583,1858,student,79998.33,3.51,137,74966.12,active,2025-06-24T08:16:09,2036-11-24T08:16:09
1584,3265,business,140696.87,10.04,75,135685.37,active,2026-02-23T22:33:00,2032-05-23T22:33:00
1585,3647,personal,13473.79,8.37,36,13213.51,active,2026-04-16T13:49:54,2029-04-16T13:49:54
1586,1046,mortgage,119252.9,3.73,222,111276.01,active,2024-08-23T12:51:02,2043-02-23T12:51:02
1587,419,student,38410.62,3.62,85,36648.31,active,2025-12-21T18:34:35,2033-01-21T18:34:35
1588,4219,business,33689.53,10.07,68,20811.61,active,2023-05-16T07:21:52,2029-01-16T07:21:52
1589,3614,personal,20626.6,13.57,57,16022.53,active,2025-02-20T09:10:12,2029-11-20T09:10:12
1590,2780,auto,58256.52,8.76,36,9643.09,active,2023-11-13T15:25:51,2026-11-13T15:25:51
1591,4811,personal,705948.93,8.86,56,297180.16,late,2023-06-28T16:39:02,2028-02-28T16:39:02
1592,3448,auto,303430.36,7.62,24,237988.7,defaulted,2025-04-03T01:26:40,2027-04-03T01:26:40
1593,3063,personal,16800.2,13.3,55,15235.03,late,2025-11-11T02:14:43,2030-06-11T02:14:43
1594,2160,personal,3658.85,8.13,58,2440.83,active,2024-09-27T06:49:17,2029-07-27T06:49:17
1595,984,auto,55100.59,5.49,29,33944.29,active,2025-04-03T11:31:17,2027-09-03T11:31:17
1596,4480,student,37747.2,4.71,185,37172.58,active,2026-02-01T14:33:31,2041-07-01T14:33:31
1597,4565,auto,34722.56,5.05,38,24096.86,active,2025-02-19T21:57:15,2028-04-19T21:57:15
1598,3028,mortgage,4987232.56,5.93,179,3590604.63,defaulted,2026-01-15T01:21:10,2040-12-15T01:21:10
1599,3881,personal,303348.76,13.05,48,105320.71,active,2023-09-30T13:26:46,2027-09-30T13:26:46
1600,4662,personal,16206.42,15.04,49,10059.82,late,2024-08-27T02:20:07,2028-09-27T02:20:07
1601,564,student,42408.62,6.37,176,42327.03,active,2026-05-05T22:04:13,2041-01-05T22:04:13
1602,2555,student,69738.69,4.96,70,68703,active,2026-04-11T23:03:15,2032-02-11T23:03:15
1603,1457,personal,16504.36,7.97,50,12405.32,defaulted,2026-05-04T21:00:10,2030-07-04T21:00:10
1604,3835,auto,35781.5,5.34,38,10333.38,active,2023-11-20T12:12:25,2027-01-20T12:12:25
1605,3445,mortgage,373288.44,4.72,270,330578.8,late,2023-09-17T02:36:43,2046-03-17T02:36:43
1606,1111,auto,24170.27,6.36,70,16275.65,active,2023-12-21T05:54:34,2029-10-21T05:54:34
1607,359,auto,162548.6,8.08,76,150016.44,active,2025-09-07T07:55:49,2032-01-07T07:55:49
1608,1830,business,79112.45,7.06,119,33075.67,defaulted,2025-10-15T03:48:14,2035-09-15T03:48:14
1609,3025,personal,24101.73,11.74,16,0,paid_off,2023-09-14T12:24:21,2025-01-14T12:24:21
1610,2113,personal,171776.26,17.19,33,163849.2,late,2026-03-13T05:43:05,2028-12-13T05:43:05
1611,2998,personal,2189057.71,14.56,24,560602.48,late,2023-09-22T22:50:11,2025-09-22T22:50:11
1612,958,mortgage,40052271.58,2.62,309,39006982.95,active,2025-06-29T04:19:42,2051-03-29T04:19:42
1613,4612,personal,8808.91,7.24,36,3933.43,defaulted,2025-10-16T01:19:52,2028-10-16T01:19:52
1614,294,student,535749.63,7.52,77,535090.42,active,2026-05-13T09:55:25,2032-10-13T09:55:25
1615,64,personal,55598.19,15.44,33,49518.58,active,2026-01-05T19:44:37,2028-10-05T19:44:37
1616,2793,personal,17708.22,14.07,54,13756.42,active,2025-04-02T02:49:55,2029-10-02T02:49:55
1617,222,personal,1301399.84,7.87,55,1238257.76,active,2026-02-05T13:54:14,2030-09-05T13:54:14
1618,2063,mortgage,123615.21,4.43,336,122723.71,active,2026-02-17T20:48:42,2054-02-17T20:48:42
1619,276,personal,83037.53,7.63,13,0,paid_off,2025-05-18T11:29:28,2026-06-18T11:29:28
1620,4974,auto,19691.36,5.88,38,19224.77,late,2026-04-15T20:58:44,2029-06-15T20:58:44
1621,1068,auto,56894.49,7.46,80,51203.75,active,2025-07-02T11:08:12,2032-03-02T11:08:12
1622,1121,auto,24296.76,9.19,51,23740.25,active,2026-04-11T04:11:06,2030-07-11T04:11:06
1623,4035,mortgage,1048150.42,6.81,294,1043534.66,late,2026-03-22T13:30:52,2050-09-22T13:30:52
1624,2971,personal,20848.76,9.69,55,12568.85,active,2024-01-21T15:49:20,2028-08-21T15:49:20
1625,1185,auto,32922.4,9.43,71,21085,defaulted,2025-11-06T22:50:48,2031-10-06T22:50:48
1626,944,personal,25567.81,15.08,34,19220.73,active,2025-07-28T20:05:40,2028-05-28T20:05:40
1627,4054,student,47101.4,6.81,66,42259.09,active,2025-08-16T09:27:43,2031-02-16T09:27:43
1628,4982,mortgage,42177782.09,2.79,219,36586124.72,active,2022-12-24T12:44:11,2041-03-24T12:44:11
1629,462,auto,55945.57,5.66,75,45107.33,defaulted,2025-02-21T19:00:24,2031-05-21T19:00:24
1630,1727,personal,8592.92,16.89,19,7371.57,active,2026-02-18T20:10:45,2027-09-18T20:10:45
1631,625,personal,483487.02,12.78,16,0,paid_off,2025-07-28T12:46:36,2026-11-28T12:46:36
1632,1747,mortgage,351644.14,3.57,183,323587.95,active,2025-02-10T20:29:31,2040-05-10T20:29:31
1633,2693,personal,7326.74,16.16,55,3897.3,late,2024-01-07T11:23:23,2028-08-07T11:23:23
1634,3864,auto,59750.81,5.26,59,23175.14,active,2023-03-14T01:11:48,2028-02-14T01:11:48
1635,241,personal,3158.39,14.62,20,0,paid_off,2024-06-01T21:22:54,2026-02-01T21:22:54
1636,2721,personal,476491.17,9.92,35,353733.45,late,2025-08-08T16:39:51,2028-07-08T16:39:51
1637,2896,mortgage,111436.49,6.12,330,100483.04,active,2023-05-19T20:53:14,2050-11-19T20:53:14
1638,2834,mortgage,268071.37,5.75,254,216020.53,active,2021-11-15T04:55:03,2043-01-15T04:55:03
1639,2201,mortgage,483951.02,6.46,237,463916.78,active,2025-04-29T08:36:27,2045-01-29T08:36:27
1640,3927,credit_line,2107.62,15.28,31,1990.34,active,2026-03-14T20:47:38,2028-10-14T20:47:38
1641,4479,auto,50644.85,5.42,50,25446.26,active,2023-12-22T11:11:06,2028-02-22T11:11:06
1642,382,personal,20688.52,12.59,46,13189.69,active,2024-07-20T04:54:47,2028-05-20T04:54:47
1643,3922,mortgage,1583715.95,2.71,324,1436772.11,active,2023-08-16T00:33:47,2050-08-16T00:33:47
1644,2978,business,104415.64,7.2,55,82361.03,active,2025-05-12T03:53:37,2029-12-12T03:53:37
1645,852,mortgage,2930306.24,4.02,249,1867444.48,defaulted,2026-04-29T03:37:00,2047-01-29T03:37:00
1646,3794,personal,17758.9,13.09,54,11946.22,active,2024-07-02T20:53:25,2029-01-02T20:53:25
1647,4460,mortgage,106830.92,5.1,272,64769.93,defaulted,2022-09-11T23:47:46,2045-05-11T23:47:46
1648,4776,personal,12739.43,17.49,55,11347.9,active,2025-09-09T17:06:11,2030-04-09T17:06:11
1649,921,auto,38142.89,7.49,43,31921.15,defaulted,2023-05-21T06:25:02,2026-12-21T06:25:02
1650,1710,auto,51782.56,5.66,57,49794.06,active,2026-03-10T14:36:00,2030-12-10T14:36:00
1651,416,mortgage,208272.88,6.02,217,180017.29,active,2023-02-16T01:37:24,2041-03-16T01:37:24
1652,4258,mortgage,388155.87,5.8,175,376271.85,active,2025-10-24T12:58:40,2040-05-24T12:58:40
1653,4535,business,1445283.42,13.55,35,1078728.13,active,2025-07-19T10:35:14,2028-06-19T10:35:14
1654,3948,auto,34746.28,8.08,46,29363.58,defaulted,2026-01-07T13:20:38,2029-11-07T13:20:38
1655,468,personal,46417.23,11.87,45,27774.4,late,2024-03-24T17:35:58,2027-12-24T17:35:58
1656,802,personal,9424.45,6.15,23,469.87,active,2024-06-26T04:58:14,2026-05-26T04:58:14
1657,4286,student,72344.21,3.52,220,72333.82,active,2026-05-15T16:20:23,2044-09-15T16:20:23
1658,1278,student,45080.94,6.12,144,39145.97,defaulted,2025-10-20T19:32:42,2037-10-20T19:32:42
1659,4924,auto,846930.22,9.76,49,811341.81,active,2026-03-02T10:16:27,2030-04-02T10:16:27
1660,2380,mortgage,26718453.42,6.64,312,26120940.5,active,2025-07-22T17:25:50,2051-07-22T17:25:50
1661,4806,auto,2150429.35,8.55,39,2097485.67,active,2026-04-06T22:28:47,2029-07-06T22:28:47
1662,3173,auto,133450.69,4.55,51,65885.15,defaulted,2026-02-27T00:13:56,2030-05-27T00:13:56
1663,4313,personal,2911.04,13.69,32,1769.48,late,2025-04-15T08:36:14,2027-12-15T08:36:14
1664,212,business,2382702.2,12.38,40,2333978.86,active,2026-04-15T05:55:45,2029-08-15T05:55:45
1665,2109,business,145351.71,7.7,35,143516.15,active,2026-05-02T08:06:24,2029-04-02T08:06:24
1666,2704,auto,2525054.27,7.66,32,1766896,defaulted,2024-10-24T05:53:38,2027-06-24T05:53:38
1667,926,auto,28910.37,6.27,64,21010.66,defaulted,2025-11-14T15:55:06,2031-03-14T15:55:06
1668,1252,auto,7982.11,4.15,81,3805.02,active,2022-07-16T11:08:17,2029-04-16T11:08:17
1669,2613,auto,39575.45,7,40,0,paid_off,2021-12-24T01:09:53,2025-04-24T01:09:53
1670,3867,business,33887495.57,12.14,104,26131625.81,active,2024-05-02T21:04:56,2033-01-02T21:04:56
1671,3814,mortgage,1298746.34,3.44,143,1152109.85,active,2024-08-14T10:31:40,2036-07-14T10:31:40
1672,2961,student,5168141.52,4.59,216,5050684.47,active,2025-10-18T05:24:54,2043-10-18T05:24:54
1673,4462,student,58408.91,5.96,99,44954.39,active,2024-01-16T04:56:46,2032-04-16T04:56:46
1674,2702,business,116289.93,5.49,67,48405.61,defaulted,2023-12-07T16:02:55,2029-07-07T16:02:55
1675,1677,mortgage,219299.86,5.95,318,217871.67,active,2026-02-19T08:30:33,2052-08-19T08:30:33
1676,2097,mortgage,644819.04,6.61,167,537093.93,defaulted,2025-03-09T07:57:24,2039-02-09T07:57:24
1677,72,personal,11582.69,8.13,18,0,paid_off,2021-11-11T23:30:50,2023-05-11T23:30:50
1678,3482,business,18739.57,9.67,82,13756.47,active,2023-12-16T07:11:10,2030-10-16T07:11:10
1679,4293,personal,16227.17,10.26,46,13182.7,active,2025-08-26T17:56:04,2029-06-26T17:56:04
1680,1785,mortgage,158611.92,3.61,251,137457.61,defaulted,2024-11-27T18:24:47,2045-10-27T18:24:47
1681,3922,student,87427.21,7.77,121,71479.03,active,2024-04-05T02:57:16,2034-05-05T02:57:16
1682,4495,personal,18098.23,12.58,43,0,paid_off,2022-03-23T08:29:12,2025-10-23T08:29:12
1683,880,auto,13150.12,9.37,81,12656.72,late,2026-01-14T18:16:33,2032-10-14T18:16:33
1684,218,personal,27554.71,8.45,59,26296.01,active,2026-02-20T04:09:56,2031-01-20T04:09:56
1685,3540,personal,6545.54,7.18,47,0,paid_off,2021-07-07T03:31:59,2025-06-07T03:31:59
1686,153,personal,34943.53,16.03,48,26220.46,active,2025-03-27T20:50:24,2029-03-27T20:50:24
1687,1618,business,89208.72,9.9,24,0,paid_off,2023-04-16T20:44:33,2025-04-16T20:44:33
1688,779,mortgage,369116.8,6.85,318,363565.27,active,2025-11-05T22:17:33,2052-05-05T22:17:33
1689,848,credit_line,19872.32,13.41,24,0,paid_off,2023-03-26T07:35:42,2025-03-26T07:35:42
1690,2243,student,1817667.89,4,85,1760092.35,active,2026-02-02T01:43:00,2033-03-02T01:43:00
1691,2280,personal,10333.08,11.65,41,6871.82,active,2024-12-09T19:36:40,2028-05-09T19:36:40
1692,1526,student,54529.8,7.45,129,52585.83,active,2025-11-04T17:02:19,2036-08-04T17:02:19
1693,460,personal,18664.07,7.1,39,0,paid_off,2025-01-16T19:34:11,2028-04-16T19:34:11
1694,1938,personal,118741.75,14.86,51,109557.27,active,2025-12-22T00:36:35,2030-03-22T00:36:35
1695,4176,mortgage,2085419.97,6.48,272,1947574.07,active,2024-11-03T16:39:43,2047-07-03T16:39:43
1696,901,personal,468519.46,15.68,42,117932.17,active,2023-06-21T03:34:12,2026-12-21T03:34:12
1697,1756,auto,223646.08,9.46,36,73008.63,late,2023-12-09T20:50:45,2026-12-09T20:50:45
1698,4111,mortgage,249600.73,4.71,223,246391.92,active,2026-02-14T02:56:29,2044-09-14T02:56:29
1699,3011,personal,3158.08,10.86,54,2093.98,defaulted,2024-01-02T22:32:52,2028-07-02T22:32:52
1700,4338,auto,134825.7,8.81,50,73226.86,late,2023-09-25T20:45:47,2027-11-25T20:45:47
1701,641,mortgage,214232.58,2.71,313,199449.15,active,2024-03-12T10:37:26,2050-04-12T10:37:26
1702,4595,personal,333098.9,15.61,35,0,paid_off,2024-12-18T02:29:28,2027-11-18T02:29:28
1703,4846,personal,18493.73,10.93,40,10113.21,active,2024-06-10T18:26:03,2027-10-10T18:26:03
1704,3653,auto,210299.87,9.98,62,197915.68,active,2026-01-19T04:56:03,2031-03-19T04:56:03
1705,4097,auto,21567.47,6.39,29,17614.92,active,2025-11-05T05:54:15,2028-04-05T05:54:15
1706,4581,mortgage,739212.93,6.4,289,725621.84,active,2025-11-26T22:43:51,2049-12-26T22:43:51
1707,3522,student,4570773.13,3.57,190,4523672.85,active,2026-03-16T05:04:33,2042-01-16T05:04:33
1708,583,mortgage,97878.38,5.21,297,65585.27,defaulted,2026-01-04T15:46:21,2050-10-04T15:46:21
1709,1391,personal,1128023.73,13.77,52,1025899.44,active,2025-11-27T16:43:25,2030-03-27T16:43:25
1710,2384,business,60862.92,10,87,50686.6,active,2025-01-28T06:40:18,2032-04-28T06:40:18
1711,2075,personal,1027624,9.25,27,0,paid_off,2025-07-28T02:55:52,2027-10-28T02:55:52
1712,4099,personal,655726.24,17.44,13,557838.8,defaulted,2025-11-08T13:22:40,2026-12-08T13:22:40
1713,1839,personal,2947496.48,7.86,37,2682167.86,active,2025-12-25T05:28:40,2029-01-25T05:28:40
1714,3688,auto,253239.66,9.34,67,218817.75,late,2025-05-27T02:40:46,2030-12-27T02:40:46
1715,1366,mortgage,6938352.63,6.14,258,4376064.23,defaulted,2025-10-20T13:10:10,2047-04-20T13:10:10
1716,3589,personal,8804.76,16.93,14,6495.94,active,2025-12-13T05:36:47,2027-02-13T05:36:47
1717,1397,mortgage,60378315.34,3.08,290,58050983.5,active,2025-05-10T20:54:45,2049-07-10T20:54:45
1718,776,mortgage,244950.46,4.99,130,209494.64,active,2024-02-25T12:13:35,2034-12-25T12:13:35
1719,701,personal,10972.6,10.91,59,8237.64,defaulted,2026-01-19T14:49:07,2030-12-19T14:49:07
1720,3850,business,151388.2,5.86,49,0,paid_off,2021-12-23T18:01:20,2026-01-23T18:01:20
1721,3579,personal,21233.3,8.08,23,14494.25,defaulted,2025-03-07T01:51:23,2027-02-07T01:51:23
1722,1304,business,73600.82,8.79,110,63985.26,active,2025-02-09T22:26:32,2034-04-09T22:26:32
1723,3714,mortgage,351722.19,5.3,310,236754.04,defaulted,2026-04-24T14:42:33,2052-02-24T14:42:33
1724,34,student,59932.63,4.96,66,58677.72,active,2026-03-25T18:08:18,2031-09-25T18:08:18
1725,4403,student,6200491.91,5.83,159,6088793.98,active,2026-02-03T12:50:48,2039-05-03T12:50:48
1726,4344,mortgage,10689816.74,3.26,220,9141654.51,active,2023-03-18T11:50:24,2041-07-18T11:50:24
1727,2922,mortgage,400395.98,6.88,281,395912.21,active,2026-02-07T18:01:57,2049-07-07T18:01:57
1728,3030,auto,92589.82,7.01,38,20301.5,active,2023-05-13T22:48:57,2026-07-13T22:48:57
1729,2787,auto,49583.77,7.37,76,33156.96,active,2023-05-27T19:56:08,2029-09-27T19:56:08
1730,163,mortgage,17739539.68,6.08,262,17126907.98,active,2025-06-04T09:40:38,2047-04-04T09:40:38
1731,580,student,44985.28,5.37,129,43169.11,late,2025-10-16T07:32:38,2036-07-16T07:32:38
1732,4876,personal,2471349.23,16.35,51,759298.73,late,2022-03-31T13:07:35,2026-07-01T13:07:35
1733,341,mortgage,459124.88,6.42,264,205789.55,defaulted,2025-05-31T22:46:47,2047-05-31T22:46:47
1734,3246,auto,34475.25,7.19,65,29174.62,active,2025-03-29T01:06:40,2030-08-29T01:06:40
1735,2175,personal,577686.61,14.68,33,576900.17,active,2026-05-15T03:34:38,2029-02-15T03:34:38
1736,4033,mortgage,1707175.98,5.81,347,1295421.45,defaulted,2024-12-19T21:29:06,2053-11-19T21:29:06
1737,4457,auto,53663.81,5.19,61,53217.5,active,2026-04-30T03:49:11,2031-05-30T03:49:11
1738,4681,business,600646.52,11.39,118,482481.79,active,2024-02-14T17:43:55,2033-12-14T17:43:55
1739,2026,student,275149.27,7.69,80,162454.17,active,2022-09-19T16:33:41,2029-05-19T16:33:41
1740,24,personal,69068.77,15,57,29684.82,active,2023-06-19T13:27:16,2028-03-19T13:27:16
1741,2643,personal,11598.44,12.26,18,0,paid_off,2023-02-13T12:09:57,2024-08-13T12:09:57
1742,4239,mortgage,5118322.5,3.82,171,4980264.98,active,2025-11-25T16:54:15,2040-02-25T16:54:15
1743,245,personal,1155.04,9.57,43,763.33,defaulted,2025-02-07T04:14:46,2028-09-07T04:14:46
1744,1166,personal,304849.87,13.82,27,122215.13,defaulted,2025-01-16T20:06:50,2027-04-16T20:06:50
1745,4094,auto,30856.69,9.32,44,23293.71,active,2025-02-12T04:47:16,2028-10-12T04:47:16
1746,735,credit_line,1961.5,14.29,14,1277.46,defaulted,2025-05-16T22:17:46,2026-07-16T22:17:46
1747,2184,personal,143328.89,16.66,26,6726.25,active,2022-07-21T21:09:42,2024-09-21T21:09:42
1748,3932,auto,42580.23,9.59,46,36508.73,active,2025-08-14T21:07:27,2029-06-14T21:07:27
1749,4159,business,7335077.8,11.72,65,7104368.54,active,2026-03-06T18:04:23,2031-08-06T18:04:23
1750,224,personal,19933.23,10.49,59,16505.83,active,2025-05-24T16:03:41,2030-04-24T16:03:41
1751,3197,personal,27613.84,9.09,14,27027.36,active,2026-05-05T21:30:05,2027-07-05T21:30:05
1752,4900,personal,2826569.31,8.93,20,0,paid_off,2024-08-04T00:03:22,2026-04-04T00:03:22
1753,508,personal,18321.52,8.02,12,6885.24,active,2025-09-01T02:39:01,2026-09-01T02:39:01
1754,1427,student,50988.68,7.89,75,33676.01,defaulted,2024-11-02T01:04:38,2031-02-02T01:04:38
1755,4568,mortgage,503393.21,4.5,145,462223.48,active,2025-02-13T11:48:09,2037-03-13T11:48:09
1756,1861,personal,8722.21,7.39,59,6811.2,active,2025-03-10T19:42:57,2030-02-10T19:42:57
1757,1157,personal,150524.75,16.89,44,127367.83,active,2025-09-30T11:44:13,2029-05-30T11:44:13
1758,3141,mortgage,340530.1,2.53,276,309585.06,active,2024-04-12T19:58:07,2047-04-12T19:58:07
1759,4756,mortgage,113194.75,3.76,342,108662.84,active,2025-02-08T03:25:07,2053-08-08T03:25:07
1760,3039,personal,20220.12,12.37,41,4921.59,active,2023-04-07T04:57:50,2026-09-07T04:57:50
1761,1892,mortgage,150890.77,4.33,243,141332.57,active,2024-11-29T21:18:10,2045-03-01T21:18:10
1762,1602,student,39537.38,7.9,82,33778.14,active,2025-04-02T03:22:01,2032-02-02T03:22:01
1763,740,personal,21995.91,8.4,50,12725.39,active,2024-07-17T21:23:07,2028-09-17T21:23:07
1764,2576,mortgage,196923.77,5.42,162,153050.08,defaulted,2025-12-12T22:04:38,2039-06-12T22:04:38
1765,617,personal,18670.93,9.95,30,13397.84,active,2025-08-26T22:53:53,2028-02-26T22:53:53
1766,2645,personal,503434.93,6.59,22,0,paid_off,2024-10-17T17:04:28,2026-08-17T17:04:28
1767,3788,personal,9209.6,10.42,53,9187.87,active,2026-05-12T07:40:53,2030-10-12T07:40:53
1768,2142,personal,10559.3,8.99,50,10522.21,active,2026-05-10T10:40:35,2030-07-10T10:40:35
1769,1631,auto,45795.34,7.69,70,45705,active,2026-05-12T07:32:14,2032-03-12T07:32:14
1770,310,auto,43630.4,8.53,75,36583.81,defaulted,2025-08-30T20:45:06,2031-11-30T20:45:06
1771,3092,mortgage,1528490.05,6.39,227,1448641.23,active,2025-01-13T14:37:32,2043-12-13T14:37:32
1772,4240,auto,21043.58,8.2,63,19022.47,active,2025-11-13T07:56:39,2031-02-13T07:56:39
1773,4037,personal,10740.63,17.79,43,7881.02,active,2025-01-24T23:42:23,2028-08-24T23:42:23
1774,1021,student,73879.64,6.05,173,72680.29,active,2026-01-30T14:19:21,2040-06-30T14:19:21
1775,4180,auto,36203.34,7.38,44,16052.4,defaulted,2023-07-13T00:03:20,2027-03-13T00:03:20
1776,92,auto,1489462.46,7.1,73,1098120.23,defaulted,2024-12-31T08:27:22,2031-01-31T08:27:22
1777,1273,mortgage,404139.33,4.57,182,400834.56,active,2026-03-25T06:24:35,2041-05-25T06:24:35
1778,514,business,175544.25,8.24,79,175179.84,late,2026-05-10T05:56:57,2032-12-10T05:56:57
1779,45,business,416193.17,12.67,115,367446.38,active,2025-03-30T01:58:48,2034-10-30T01:58:48
1780,1732,personal,368847.23,16.67,18,0,paid_off,2025-09-18T19:05:46,2027-03-18T19:05:46
1781,4754,personal,11697.18,17.05,39,11659.63,active,2026-05-11T08:32:26,2029-08-11T08:32:26
1782,436,mortgage,188903.86,5.1,189,172414.25,active,2024-12-04T03:37:08,2040-09-04T03:37:08
1783,2402,auto,54618.46,6.92,68,52186.84,active,2026-02-12T12:02:16,2031-10-12T12:02:16
1784,936,student,23637.09,3.51,159,19411.2,active,2023-12-22T22:16:35,2037-03-22T22:16:35
1785,1895,mortgage,261522.52,5.33,346,251855.74,active,2025-01-26T18:11:01,2053-11-26T18:11:01
1786,2003,student,9676.96,6.66,152,9393.05,active,2025-12-30T21:20:34,2038-08-30T21:20:34
1787,1316,personal,174134.97,7.11,55,64755.89,late,2023-03-01T02:26:47,2027-10-01T02:26:47
1788,3501,personal,21451.74,12.83,40,11459.35,defaulted,2023-07-11T05:40:33,2026-11-11T05:40:33
1789,222,personal,1696789.69,11.27,55,1165591.95,active,2024-12-06T11:57:44,2029-07-06T11:57:44
1790,296,personal,22827.7,12.33,28,0,paid_off,2022-10-03T23:51:31,2025-02-03T23:51:31
1791,581,personal,6697.08,17.42,56,6431.63,late,2026-03-07T19:15:38,2030-11-07T19:15:38
1792,2646,personal,170427.9,6.06,23,147059.33,active,2026-01-09T20:05:59,2027-12-09T20:05:59
1793,2826,mortgage,1255270.95,5.72,145,1232676.49,active,2026-02-13T03:06:00,2038-03-13T03:06:00
1794,2948,personal,4956.14,9.71,32,3804.5,defaulted,2024-11-18T19:27:48,2027-07-18T19:27:48
1795,4798,auto,15617.46,5.21,78,13996.92,active,2025-06-27T23:49:54,2031-12-27T23:49:54
1796,3814,personal,73254.17,8.64,41,35026.62,defaulted,2026-03-27T18:30:06,2029-08-27T18:30:06
1797,4690,personal,8134.76,6.97,53,6123.54,active,2025-02-09T11:04:39,2029-07-09T11:04:39
1798,1080,personal,19851.5,17.17,14,19706.75,active,2026-05-12T23:37:22,2027-07-12T23:37:22
1799,4568,student,13399.88,7.31,70,11154.66,active,2025-04-27T06:31:49,2031-02-27T06:31:49
1800,2221,auto,19646.79,5.17,26,0,paid_off,2022-09-17T01:08:31,2024-11-17T01:08:31
1801,677,auto,4008719.84,8.57,53,2866968.29,active,2025-01-31T12:09:00,2029-07-01T12:09:00
1802,4554,mortgage,434415.71,5.1,321,416291.15,active,2024-12-12T04:31:07,2051-09-12T04:31:07
1803,2668,personal,82403.77,13.5,53,72074.23,active,2025-09-22T20:05:13,2030-02-22T20:05:13
1804,154,business,50836.28,8.76,96,41562.12,active,2024-06-12T03:54:55,2032-06-12T03:54:55
1805,3242,mortgage,579919.43,6.14,330,565373.49,active,2025-08-26T10:49:33,2053-02-26T10:49:33
1806,3537,mortgage,189667.24,5.71,128,174765.73,active,2025-06-10T01:47:28,2036-02-10T01:47:28
1807,4249,personal,26628.5,7.65,12,0,paid_off,2024-06-10T15:02:51,2025-06-10T15:02:51
1808,2382,student,61854.51,6.68,174,50997.63,active,2023-02-11T11:29:52,2037-08-11T11:29:52
1809,4659,personal,2616840.07,12.59,51,1589664.93,active,2024-06-23T18:44:03,2028-09-23T18:44:03
1810,1652,mortgage,493628,3.51,146,407720.51,active,2023-11-15T03:04:54,2036-01-15T03:04:54
1811,3521,auto,11432.53,4.41,69,10191.02,active,2025-08-25T17:14:03,2031-05-25T17:14:03
1812,4643,personal,1985270.17,15.58,20,1682073.64,defaulted,2025-12-28T11:35:50,2027-08-28T11:35:50
1813,3019,mortgage,80538.24,4.8,336,77620.07,late,2025-02-23T17:09:59,2053-02-23T17:09:59
1814,2304,personal,5757.82,13.49,31,5163.66,late,2026-01-02T12:49:57,2028-08-02T12:49:57
1815,4521,personal,39325.14,11.89,31,30638.64,active,2025-09-26T20:42:46,2028-04-26T20:42:46
1816,4330,auto,11368590.24,6.39,26,8897986.57,late,2025-11-24T10:11:23,2028-01-24T10:11:23
1817,1670,business,105227.93,9.14,37,39502.02,active,2024-03-22T06:12:03,2027-04-22T06:12:03
1818,1507,personal,19824.3,17.35,41,10453.14,defaulted,2026-04-05T22:35:47,2029-09-05T22:35:47
1819,3384,auto,46760.69,5.64,59,43533.79,active,2026-01-08T00:27:14,2030-12-08T00:27:14
1820,1760,mortgage,10184187.01,4.29,308,8906970.53,active,2022-07-18T03:10:54,2048-03-18T03:10:54
1821,2595,personal,2007057.62,8.57,29,1989358.94,active,2026-05-07T11:26:16,2028-10-07T11:26:16
1822,1681,student,5941.32,4.85,203,4932.2,active,2022-09-10T12:38:48,2039-08-10T12:38:48
1823,2874,personal,28922.1,10.04,47,25059.53,active,2025-09-10T16:20:31,2029-08-10T16:20:31
1824,636,mortgage,245684.66,3.21,336,212781.61,defaulted,2024-07-27T09:21:15,2052-07-27T09:21:15
1825,4755,mortgage,308177.68,6.14,264,157342.78,defaulted,2025-08-08T04:33:59,2047-08-08T04:33:59
1826,4687,auto,5508167.88,7.01,55,4222266.04,active,2025-01-29T13:48:29,2029-08-29T13:48:29
1827,774,personal,3069.34,13.96,25,0,paid_off,2023-08-11T15:37:21,2025-09-11T15:37:21
1828,2335,personal,26507.54,15.08,24,0,paid_off,2025-09-30T09:58:56,2027-09-30T09:58:56
1829,2289,personal,7761.02,10.35,35,6077.68,active,2025-06-23T13:02:12,2028-05-23T13:02:12
1830,3918,personal,4207140.13,16.85,23,888938.1,active,2024-10-02T03:22:47,2026-09-02T03:22:47
1831,2673,personal,12758.67,17.85,29,9208.39,active,2025-06-10T09:06:34,2027-11-10T09:06:34
1832,2481,auto,151600.27,4.59,38,144341.44,active,2026-02-28T15:45:25,2029-04-28T15:45:25
1833,1710,personal,15912.69,11.21,46,15572.62,active,2026-04-14T20:36:19,2030-02-14T20:36:19
1834,2815,auto,16481.8,5.89,32,14935.62,active,2026-01-09T14:01:04,2028-09-09T14:01:04
1835,4898,mortgage,787652.75,5.86,350,785291.64,active,2026-04-09T00:09:42,2055-06-09T00:09:42
1836,1269,mortgage,351710.93,3.82,218,283068.42,active,2022-05-16T12:30:08,2040-07-16T12:30:08
1837,1098,student,101901.15,3.96,224,96876.95,active,2025-04-09T03:22:23,2043-12-09T03:22:23
1838,337,student,51941.85,6.64,70,50665.58,active,2026-03-15T02:52:33,2032-01-15T02:52:33
1839,2402,mortgage,314010.24,5.55,248,299410.68,active,2025-04-30T09:24:03,2045-12-30T09:24:03
1840,1702,business,3983704.79,10.46,80,3638756.61,active,2025-09-24T04:46:42,2032-05-24T04:46:42
1841,3629,auto,26255.16,4.88,50,25556.02,active,2026-03-27T16:02:37,2030-05-27T16:02:37
1842,1333,mortgage,288677.64,3.26,310,273004.84,active,2024-10-24T04:19:39,2050-08-24T04:19:39
1843,2512,credit_line,31264.39,21.84,33,15306.66,active,2024-11-06T18:06:20,2027-08-06T18:06:20
1844,2413,personal,21830.31,16.85,35,16547.19,active,2025-05-26T04:04:57,2028-04-26T04:04:57
1845,3804,mortgage,102249.73,3.76,243,84913.46,active,2021-11-06T01:09:17,2042-02-06T01:09:17
1846,2743,mortgage,2263771.24,5.75,272,1574686.08,defaulted,2025-11-15T02:25:37,2048-07-15T02:25:37
1847,1867,student,31615.75,6.07,183,30878.63,active,2026-01-01T19:26:55,2041-04-01T19:26:55
1848,4224,auto,31565.77,9.73,45,14698.23,defaulted,2026-05-02T04:12:40,2030-02-02T04:12:40
1849,126,personal,13686.15,10.37,24,12203.75,active,2026-02-23T11:11:27,2028-02-23T11:11:27
1850,3769,personal,25525.65,9.75,25,20816.8,active,2025-11-10T23:09:11,2027-12-10T23:09:11
1851,283,personal,41594.65,17.94,20,0,paid_off,2023-05-30T13:08:00,2025-01-30T13:08:00
1852,848,mortgage,543924.48,6.4,134,479428.02,active,2024-08-21T04:47:17,2035-10-21T04:47:17
1853,3178,auto,29144.69,6.27,37,20104.97,defaulted,2025-06-30T08:39:50,2028-07-30T08:39:50
1854,1410,auto,10552.05,7.94,69,10465.15,late,2026-04-28T05:15:55,2032-01-28T05:15:55
1855,4486,personal,15026.15,15.73,26,14591.35,active,2026-04-22T17:32:43,2028-06-22T17:32:43
1856,2603,business,242673.99,7.39,74,164974.77,active,2024-02-15T04:05:17,2030-04-15T04:05:17
1857,77,auto,9745.32,7.71,25,0,paid_off,2023-04-15T13:55:56,2025-05-15T13:55:56
1858,784,mortgage,452753.69,4.09,220,451384.31,active,2026-04-19T16:03:30,2044-08-19T16:03:30
1859,965,mortgage,408262.05,4.81,313,392220.13,active,2024-11-29T05:33:02,2050-12-29T05:33:02
1860,830,personal,6724.54,6.72,57,5837.75,active,2025-08-05T01:14:02,2030-05-05T01:14:02
1861,1796,personal,20270.12,16.9,52,17414.73,late,2025-08-14T23:18:02,2029-12-14T23:18:02
1862,3385,mortgage,2981686.33,4.87,183,1193308.55,defaulted,2025-09-03T02:06:10,2040-12-03T02:06:10
1863,2386,personal,50052.98,8.56,50,0,paid_off,2022-11-26T17:52:23,2027-01-26T17:52:23
1864,3025,personal,23358.65,16.14,26,0,paid_off,2023-07-16T09:48:44,2025-09-16T09:48:44
1865,3370,personal,3543.43,8.9,28,1249.46,active,2024-05-21T19:45:33,2026-09-21T19:45:33
1866,4538,personal,109088.65,9.41,46,99363.83,active,2026-01-11T04:01:45,2029-11-11T04:01:45
1867,620,personal,23271.55,6.38,17,0,paid_off,2023-09-14T12:39:10,2025-02-14T12:39:10
1868,1785,personal,15855.95,12.44,24,13152.58,active,2025-12-02T01:23:52,2027-12-02T01:23:52
1869,226,personal,16038.21,11.45,41,15803.42,active,2026-04-22T00:22:30,2029-09-22T00:22:30
1870,4035,business,111421.34,8.19,85,104764.64,active,2025-11-24T18:22:39,2032-12-24T18:22:39
1871,1271,business,12334041.24,5.1,60,4615453.03,active,2023-03-26T07:06:13,2028-03-26T07:06:13
1872,4532,personal,7293.75,10.81,32,3951.95,defaulted,2025-07-02T03:31:02,2028-03-02T03:31:02
1873,4004,personal,17420.61,10.17,18,0,paid_off,2024-06-23T10:29:56,2025-12-23T10:29:56
1874,514,personal,22694.38,9.11,51,22205.35,active,2026-04-04T04:10:30,2030-07-04T04:10:30
1875,3660,personal,10253.66,15.42,51,7951.33,late,2025-05-22T15:15:52,2029-08-22T15:15:52
1876,2510,mortgage,571323010.7,6.89,136,509160299.46,active,2024-09-03T19:00:23,2036-01-03T19:00:23
1877,4610,personal,24811.99,16.5,47,22155.53,active,2025-11-04T18:08:39,2029-10-04T18:08:39
1878,1505,student,36493.01,5.58,181,35579.64,active,2025-12-05T02:49:41,2041-01-05T02:49:41
1879,3395,mortgage,516041.45,6.56,334,493442.02,late,2024-11-09T03:33:34,2052-09-09T03:33:34
1880,2517,personal,1036.84,17.71,25,1034.95,active,2026-05-15T01:16:28,2028-06-15T01:16:28
1881,3304,student,6672.22,6.79,238,5761.99,defaulted,2026-04-03T20:28:23,2046-02-03T20:28:23
1882,2407,mortgage,292324.71,6.23,234,274931.75,active,2024-12-15T12:20:13,2044-06-15T12:20:13
1883,3777,auto,11852.64,4.34,40,10935.96,active,2026-01-04T20:45:07,2029-05-04T20:45:07
1884,1784,auto,59577.61,4.7,71,0,paid_off,2024-06-03T03:16:38,2030-05-03T03:16:38
1885,4562,auto,54155.64,8.59,26,7062.82,active,2024-05-30T17:21:29,2026-07-30T17:21:29
1886,1008,student,58571.05,7.69,170,51207.17,late,2024-04-15T02:10:23,2038-06-15T02:10:23
1887,4101,auto,254371.05,7.37,79,209583.3,defaulted,2025-11-10T12:15:44,2032-06-10T12:15:44
1888,2162,personal,146165.26,8.31,58,133606.73,active,2025-11-15T06:48:10,2030-09-15T06:48:10
1889,388,mortgage,84994493.6,4.5,122,84598782.99,active,2026-04-22T03:15:45,2036-06-22T03:15:45
1890,3811,auto,43316.36,6.43,73,11722.42,active,2021-11-15T00:33:56,2027-12-15T00:33:56
1891,4671,personal,23089.71,15.23,41,0,paid_off,2025-05-02T04:34:12,2028-10-02T04:34:12
1892,208,mortgage,23626353.5,3.97,194,20601620.45,late,2023-10-11T17:02:02,2039-12-11T17:02:02
1893,4694,personal,12213.62,16.15,31,0,paid_off,2025-07-07T22:24:22,2028-02-07T22:24:22
1894,4315,personal,3852.79,17.15,40,1407.05,active,2024-03-26T19:15:19,2027-07-26T19:15:19
1895,4307,mortgage,460420.98,3.4,318,404085.63,active,2023-02-02T13:39:07,2049-08-02T13:39:07
1896,3374,personal,3260.22,7.08,34,2170.58,defaulted,2026-04-27T17:51:00,2029-02-27T17:51:00
1897,1914,business,247697.84,5.88,118,0,paid_off,2022-08-02T09:32:53,2032-06-02T09:32:53
1898,665,mortgage,746067.15,3.29,123,702830.36,active,2025-07-21T08:16:53,2035-10-21T08:16:53
1899,3763,auto,193530.41,4.7,35,0,paid_off,2023-10-08T14:23:42,2026-09-08T14:23:42
1900,3006,business,10722146.75,8.02,82,9386440.13,late,2025-07-04T01:20:36,2032-05-04T01:20:36
1901,72,personal,7728.73,17.81,46,6558.19,active,2025-08-22T18:33:24,2029-06-22T18:33:24
1902,4777,personal,12834.06,16.25,42,12766.17,active,2026-05-09T07:32:28,2029-11-09T07:32:28
1903,543,personal,65324.48,17.33,47,40820.31,active,2024-10-26T06:05:46,2028-09-26T06:05:46
1904,333,personal,21034.46,15.26,59,16882.86,active,2025-05-26T05:17:08,2030-04-26T05:17:08
1905,4571,mortgage,347897.45,2.53,275,339542.81,active,2025-10-04T05:51:49,2048-09-04T05:51:49
1906,4267,mortgage,392995.97,3.08,176,392830.97,active,2026-05-14T07:15:38,2041-01-14T07:15:38
1907,1087,business,51352.25,11.34,28,21147.29,active,2024-10-26T20:44:19,2027-02-26T20:44:19
1908,3738,auto,2134637.17,6.01,65,1933421.21,active,2025-09-17T06:15:18,2031-02-17T06:15:18
1909,3937,personal,2071875.71,11.4,50,1865253.49,active,2025-11-29T17:57:51,2030-01-29T17:57:51
1910,1736,personal,278083.33,9.12,17,0,paid_off,2024-10-29T23:14:10,2026-03-29T23:14:10
1911,539,auto,36271.96,7.01,46,18610.53,active,2024-01-21T11:07:52,2027-11-21T11:07:52
1912,2418,auto,39676.91,9.88,56,24277.03,active,2024-01-09T22:38:04,2028-09-09T22:38:04
1913,446,auto,38810.52,9.84,36,35045.23,active,2026-01-28T10:34:23,2029-01-28T10:34:23
1914,960,personal,23623.66,7.91,39,23136.89,active,2026-04-19T16:56:03,2029-07-19T16:56:03
1915,154,personal,2476.55,8.93,55,2424.9,active,2026-04-02T08:05:16,2030-11-02T08:05:16
1916,783,auto,2836312.54,6.98,48,962727.42,active,2022-09-18T16:15:13,2026-09-18T16:15:13
1917,2361,personal,26624.57,8.33,14,0,paid_off,2025-05-12T06:17:20,2026-07-12T06:17:20
1918,1718,mortgage,480735.34,5.93,252,460861.27,active,2025-04-18T07:26:56,2046-04-18T07:26:56
1919,536,personal,22445.84,12.59,23,17261.08,active,2025-09-30T12:38:37,2027-08-30T12:38:37
1920,1140,student,541228.8,7.33,205,528975.94,active,2025-11-27T07:52:03,2042-12-27T07:52:03
1921,4904,business,243262.61,6.47,48,203615.11,defaulted,2024-07-05T05:18:00,2028-07-05T05:18:00
1922,3202,mortgage,532318.29,6.47,143,447327.67,active,2024-04-28T23:41:45,2036-03-28T23:41:45
1923,1079,mortgage,468946.49,6.76,281,465265.06,active,2026-02-15T23:12:20,2049-07-15T23:12:20
1924,3584,personal,9102.34,11.78,46,8815.11,late,2026-03-20T17:27:48,2030-01-20T17:27:48
1925,3929,mortgage,330070.47,4.56,162,295939.26,active,2024-09-14T12:47:16,2038-03-14T12:47:16
1926,37,auto,32558.27,6.36,73,31141.82,late,2026-01-08T15:36:15,2032-02-08T15:36:15
1927,3772,business,3851273.78,6.28,74,0,paid_off,2023-08-17T21:46:41,2029-10-17T21:46:41
1928,782,business,84206.95,13.36,100,57249.71,active,2023-06-12T09:51:18,2031-10-12T09:51:18
1929,4439,auto,49381.79,5.06,53,37609.84,active,2025-01-27T07:34:32,2029-06-27T07:34:32
1930,2043,personal,28767.74,6.54,51,22050.19,defaulted,2024-08-31T14:58:26,2028-12-01T14:58:26
1931,2845,mortgage,564904.99,3.74,163,490302.06,active,2024-04-05T06:20:32,2037-11-05T06:20:32
1932,2995,personal,4183.24,14.97,53,3399.32,defaulted,2026-01-17T01:09:41,2030-06-17T01:09:41
1933,375,auto,764212.82,7.39,43,743210.96,late,2026-04-06T20:56:16,2029-11-06T20:56:16
1934,3287,auto,66542.07,5.71,62,63861.38,late,2026-02-24T08:39:34,2031-04-24T08:39:34
1935,1634,auto,44021.19,8.92,68,22108.78,active,2022-06-24T18:37:15,2028-02-24T18:37:15
1936,4289,auto,200809.32,6.88,25,5133.56,active,2023-07-21T02:37:44,2025-08-21T02:37:44
1937,2337,student,105509.22,4.01,90,96341.61,active,2025-07-29T21:33:53,2033-01-29T21:33:53
1938,3053,personal,8544.15,7.3,39,2534.83,active,2023-09-20T13:05:02,2026-12-20T13:05:02
1939,2437,mortgage,708356.56,2.78,163,681484.47,active,2025-10-27T08:02:55,2039-05-27T08:02:55
1940,220,mortgage,179838.19,6.8,216,178257.39,active,2026-03-11T01:39:27,2044-03-11T01:39:27
1941,556,auto,12155.54,7.67,61,9036.91,active,2024-10-24T04:38:09,2029-11-24T04:38:09
1942,4284,personal,277641.22,13.43,29,84515.76,active,2024-06-11T16:30:24,2026-11-11T16:30:24
1943,2128,student,105271.15,4.49,63,72905.39,active,2024-05-06T18:02:11,2029-08-06T18:02:11
1944,1746,auto,21446.01,6.55,38,9113.32,defaulted,2026-04-06T02:00:07,2029-06-06T02:00:07
1945,1681,mortgage,65101.68,3.83,334,41356.56,defaulted,2026-02-17T07:54:12,2053-12-17T07:54:12
1946,919,personal,3601.49,15.87,48,3091.44,active,2025-10-06T10:16:30,2029-10-06T10:16:30
1947,2924,personal,36689.14,15.52,35,32356.69,late,2025-12-27T18:15:39,2028-11-27T18:15:39
1948,3643,auto,31935.43,8.09,36,31401.16,late,2026-04-25T14:23:24,2029-04-25T14:23:24
1949,2193,auto,20774.71,4.18,25,17966.22,active,2025-12-31T22:33:17,2028-01-31T22:33:17
1950,4831,personal,953971.03,14.72,40,482997.62,defaulted,2024-07-28T13:03:49,2027-11-28T13:03:49
1951,1265,mortgage,165055.23,3.73,258,127860.38,defaulted,2025-10-02T08:20:56,2047-04-02T08:20:56
1952,2667,student,11933.17,3.04,129,9896.61,active,2024-03-06T11:51:40,2034-12-06T11:51:40
1953,893,personal,462003.16,14.03,23,197273.97,active,2024-10-27T16:57:56,2026-09-27T16:57:56
1954,2156,auto,376254.5,9.22,62,356945.17,active,2026-01-10T07:02:41,2031-03-10T07:02:41
1955,2911,auto,929189.77,4.14,40,719578.19,active,2025-07-10T12:39:19,2028-11-10T12:39:19
1956,2370,personal,11406.29,11.16,47,7954.37,late,2025-02-04T19:47:30,2029-01-04T19:47:30
1957,3385,business,797888.53,5.08,81,754105.17,active,2025-12-26T19:39:49,2032-09-26T19:39:49
1958,2811,personal,122451.97,7.58,25,107764.93,active,2026-02-06T08:31:07,2028-03-06T08:31:07
1959,2490,personal,24671.17,17.49,15,4861.13,active,2024-10-28T09:23:31,2026-01-28T09:23:31
1960,2731,auto,23281.03,8.21,42,23242.03,active,2026-05-14T04:28:00,2029-11-14T04:28:00
1961,2752,business,336307.4,6.35,103,182923.09,active,2022-06-01T16:11:31,2031-01-01T16:11:31
1962,620,mortgage,376827.56,4.6,194,337982.94,late,2024-06-25T21:36:34,2040-08-25T21:36:34
1963,3285,personal,20387.81,14.3,55,11152.05,active,2024-01-11T07:59:21,2028-08-11T07:59:21
1964,2317,mortgage,884341.43,6.93,122,843164.47,active,2025-09-19T08:40:04,2035-11-19T08:40:04
1965,3863,mortgage,150275.62,4.33,167,137745.34,active,2024-10-15T13:15:34,2038-09-15T13:15:34
1966,4033,personal,29710.91,11.27,20,26031.23,active,2026-02-10T19:07:41,2027-10-10T19:07:41
1967,88,personal,387247.91,11.29,25,289349.9,late,2025-09-15T00:24:09,2027-10-15T00:24:09
1968,2439,mortgage,464154.23,3.18,124,460068.6,active,2026-04-06T22:23:04,2036-08-06T22:23:04
1969,2026,auto,802339.07,4.99,82,0,paid_off,2023-03-26T06:05:46,2030-01-26T06:05:46
1970,2074,mortgage,134462.08,6,281,130190.94,active,2025-07-13T16:08:54,2048-12-13T16:08:54
1971,3151,business,160289.89,5.76,102,141373.15,active,2025-03-12T23:22:21,2033-09-12T23:22:21
1972,2476,auto,32749.15,7.22,37,23406.88,active,2025-03-03T18:24:48,2028-04-03T18:24:48
1973,3272,auto,1808841.78,9.19,31,0,paid_off,2024-09-03T07:42:28,2027-04-03T07:42:28
1974,4387,personal,24743.24,10.89,30,10784.19,active,2024-08-15T20:20:55,2027-02-15T20:20:55
1975,1320,mortgage,5363876.73,4.48,212,5170100.08,active,2025-07-26T14:18:34,2043-03-26T14:18:34
1976,3231,personal,12426.91,9.85,31,2771.76,active,2023-09-14T22:40:13,2026-04-14T22:40:13
1977,4935,personal,1683.51,16.53,49,1650.96,active,2026-04-06T03:19:30,2030-05-06T03:19:30
1978,2840,credit_line,39262.61,11.88,35,19098.01,defaulted,2026-01-14T18:09:35,2028-12-14T18:09:35
1979,3038,student,659961.58,3.38,106,397175.72,defaulted,2024-02-18T02:19:11,2032-12-18T02:19:11
1980,4492,auto,47372.69,9.44,54,41939.67,active,2025-10-05T06:12:56,2030-04-05T06:12:56
1981,3352,student,61034.65,4.56,66,45919.83,active,2024-12-01T16:32:07,2030-06-01T16:32:07
1982,3146,auto,40356.06,7.9,24,0,paid_off,2023-10-15T11:12:51,2025-10-15T11:12:51
1983,4240,personal,1998.45,14.53,48,0,paid_off,2025-02-20T09:23:26,2029-02-20T09:23:26
1984,249,student,230370.92,3.84,70,0,paid_off,2023-09-10T21:15:39,2029-07-10T21:15:39
1985,4644,auto,34788.37,5.91,68,34777.01,late,2026-05-16T00:51:09,2032-01-16T00:51:09
1986,2766,mortgage,411487.18,2.87,274,369345.14,active,2023-02-07T12:22:43,2045-12-07T12:22:43
1987,2873,auto,1159784.61,9.89,59,921596.51,active,2025-03-03T07:22:58,2030-02-03T07:22:58
1988,867,student,38141.71,6.07,226,38119.03,active,2026-05-11T16:42:23,2045-03-11T16:42:23
1989,2832,personal,91462.79,17.55,51,67101.04,active,2024-10-07T06:51:33,2029-01-07T06:51:33
1990,2337,student,241524.82,6.26,95,107061.38,defaulted,2025-12-20T19:18:19,2033-11-20T19:18:19
1991,2698,personal,20063.46,16.84,42,14380.73,defaulted,2025-10-01T03:16:49,2029-04-01T03:16:49
1992,320,mortgage,142643.8,5.08,140,127630.57,late,2024-10-26T10:11:31,2036-06-26T10:11:31
1993,813,auto,515862.64,6.77,37,365908.86,active,2025-05-25T11:48:20,2028-06-25T11:48:20
1994,797,personal,25064.49,13.53,20,8571.65,active,2024-12-09T02:52:39,2026-08-09T02:52:39
1995,1397,personal,4127520.41,6.06,45,3772826.35,active,2026-01-03T08:02:12,2029-10-03T08:02:12
1996,1427,business,75753.46,6.41,31,63679.44,defaulted,2024-10-22T12:41:43,2027-05-22T12:41:43
1997,683,personal,3125.95,14.19,52,1621.29,defaulted,2025-08-20T16:57:12,2029-12-20T16:57:12
1998,4749,auto,82692.85,8.08,33,12275.12,active,2022-01-26T07:18:38,2024-10-26T07:18:38
1999,591,personal,17141.4,11.36,31,15411.46,defaulted,2025-11-13T04:33:20,2028-06-13T04:33:20
2000,3466,personal,412019.96,16.38,29,297448.69,active,2025-06-30T15:55:35,2027-11-30T15:55:35
